author,true_narrative,predicted_narrative,correct,text_length,entity_count,soft_topic_max_prob,soft_topic_entropy,classifier_confidence,classifier_margin
abualiexpress,Zionist,Western,0,531,2,0.0,0.0,0.6178908944129944,0.4232650101184845
abualiexpress,Zionist,Resistance,0,174,8,0.0,0.0,0.9556198716163635,0.9283717274665833
abualiexpress,Zionist,Western,0,19,0,0.0,0.0,0.7780124545097351,0.6642862558364868
abualiexpress,Zionist,Russian,0,97,2,1.0,-0.0,0.690803587436676,0.5061027407646179
abualiexpress,Zionist,Resistance,0,778,10,0.0,0.0,0.8024118542671204,0.7050206661224365
abualiexpress,Zionist,Resistance,0,147,5,0.0,0.0,0.8573039770126343,0.7216256260871887
abualiexpress,Zionist,Resistance,0,401,12,0.0,0.0,0.5351276397705078,0.1016961932182312
abualiexpress,Zionist,Zionist,1,127,2,0.0,0.0,0.29194384813308716,0.03619718551635742
abualiexpress,Zionist,Left-wing,0,271,8,0.0,0.0,0.4138104319572449,0.07865715026855469
abualiexpress,Zionist,Zionist,1,382,5,1.0,-0.0,0.5612393021583557,0.2644643187522888
abualiexpress,Zionist,Zionist,1,511,7,0.0,0.0,0.5780784487724304,0.296285480260849
abualiexpress,Zionist,Russian,0,112,2,0.0,0.0,0.41640704870224,0.19743448495864868
abualiexpress,Zionist,Resistance,0,654,9,0.0,0.0,0.9570368528366089,0.9169342517852783
abualiexpress,Zionist,Russian,0,672,1,1.0,-0.0,0.8134671449661255,0.690045177936554
abualiexpress,Zionist,Western,0,157,2,1.0,-0.0,0.5293552279472351,0.34143775701522827
abualiexpress,Zionist,Resistance,0,356,7,1.0,-0.0,0.3211754262447357,0.07757878303527832
abualiexpress,Zionist,Zionist,1,457,7,1.0,-0.0,0.8731726408004761,0.809648334980011
abualiexpress,Zionist,Resistance,0,96,2,1.0,-0.0,0.7926813960075378,0.6757304668426514
abualiexpress,Zionist,Right-wing,0,170,1,0.8998246192932129,0.32546812295913696,0.6896425485610962,0.465096116065979
abualiexpress,Zionist,Zionist,1,626,8,0.0,0.0,0.5479132533073425,0.11133906245231628
abualiexpress,Zionist,Resistance,0,320,3,0.0,0.0,0.7228581309318542,0.5960071682929993
abualiexpress,Zionist,Right-wing,0,64,0,0.0,0.0,0.6447767019271851,0.37612098455429077
abualiexpress,Zionist,Resistance,0,479,6,1.0,-0.0,0.5102288126945496,0.2583618760108948
abualiexpress,Zionist,Zionist,1,403,7,0.7267751097679138,0.7754287123680115,0.6839920878410339,0.5050910115242004
abualiexpress,Zionist,Russian,0,672,1,1.0,-0.0,0.8134671449661255,0.690045177936554
abualiexpress,Zionist,Russian,0,168,3,1.0,-0.0,0.9022004008293152,0.8641427755355835
abualiexpress,Zionist,Zionist,1,110,3,0.0,0.0,0.681938886642456,0.435275673866272
abualiexpress,Zionist,Zionist,1,147,2,0.0,0.0,0.6910426616668701,0.41290804743766785
abualiexpress,Zionist,Left-wing,0,339,8,0.0,0.0,0.796928882598877,0.6380596160888672
abualiexpress,Zionist,Resistance,0,339,4,0.0,0.0,0.9530390501022339,0.9291648864746094
abualiexpress,Zionist,Russian,0,60,2,1.0,-0.0,0.8428351283073425,0.7768784761428833
abualiexpress,Zionist,Western,0,19,0,0.0,0.0,0.7780120372772217,0.6642856001853943
abualiexpress,Zionist,Right-wing,0,169,3,0.0,0.0,0.5004991292953491,0.31857362389564514
abualiexpress,Zionist,Resistance,0,107,4,0.0,0.0,0.6444299221038818,0.305453360080719
abualiexpress,Zionist,Left-wing,0,244,3,0.0,0.0,0.31252267956733704,0.043496519327163696
abualiexpress,Zionist,Resistance,0,154,5,1.0,-0.0,0.9405249357223511,0.9024038314819336
abualiexpress,Zionist,Resistance,0,279,5,0.0,0.0,0.47711053490638733,0.13632312417030334
abualiexpress,Zionist,Zionist,1,142,2,0.0,0.0,0.8701907396316528,0.7802542448043823
abualiexpress,Zionist,Russian,0,58,3,1.0,-0.0,0.943428099155426,0.8966546058654785
abualiexpress,Zionist,Zionist,1,542,4,0.0,0.0,0.8276458382606506,0.7508051991462708
abualiexpress,Zionist,Resistance,0,85,3,0.0,0.0,0.8773292303085327,0.7648347020149231
abualiexpress,Zionist,Resistance,0,147,4,0.0,0.0,0.7888112664222717,0.6093424558639526
abualiexpress,Zionist,Resistance,0,954,9,1.0,-0.0,0.9313929080963135,0.8869746923446655
abualiexpress,Zionist,Right-wing,0,192,4,1.0,-0.0,0.6483907103538513,0.46562737226486206
abualiexpress,Zionist,Russian,0,245,2,1.0,-0.0,0.6186434030532837,0.5215075612068176
abualiexpress,Zionist,Resistance,0,140,4,0.0,0.0,0.5609084963798523,0.234887957572937
abualiexpress,Zionist,Left-wing,0,977,12,1.0,-0.0,0.32952892780303955,0.008182287216186523
abualiexpress,Zionist,Zionist,1,281,6,0.0,0.0,0.5948781967163086,0.3964484930038452
abualiexpress,Zionist,Zionist,1,367,2,0.0,0.0,0.4259554445743561,0.2360183298587799
abualiexpress,Zionist,Left-wing,0,516,10,0.0,0.0,0.5486345291137695,0.2881923019886017
abualiexpress,Zionist,Zionist,1,138,4,0.0,0.0,0.6531350612640381,0.3437938988208771
abualiexpress,Zionist,Resistance,0,175,4,1.0,-0.0,0.5478535294532776,0.2126483917236328
abualiexpress,Zionist,Ukrainian,0,200,3,0.0,0.0,0.8094514012336731,0.6582621335983276
abualiexpress,Zionist,Russian,0,158,2,0.0,0.0,0.767370343208313,0.5812765955924988
abualiexpress,Zionist,Russian,0,683,14,0.0,0.0,0.5267167091369629,0.3612377643585205
abualiexpress,Zionist,Resistance,0,165,6,1.0,-0.0,0.8434245586395264,0.7238342761993408
abualiexpress,Zionist,Resistance,0,195,6,0.0,0.0,0.9723730683326721,0.9646307826042175
abualiexpress,Zionist,Western,0,19,0,0.0,0.0,0.7780120372772217,0.6642856001853943
abualiexpress,Zionist,Russian,0,171,2,0.0,0.0,0.37423577904701233,0.0258045494556427
abualiexpress,Zionist,Western,0,19,0,0.0,0.0,0.7780120372772217,0.6642856001853943
abualiexpress,Zionist,Zionist,1,238,5,0.0,0.0,0.5330350399017334,0.3243909776210785
abualiexpress,Zionist,Resistance,0,334,9,1.0,-0.0,0.8066481947898865,0.7322065830230713
abualiexpress,Zionist,Ukrainian,0,640,6,0.5103960037231445,0.692931056022644,0.7001953125,0.44844892621040344
abualiexpress,Zionist,Zionist,1,231,5,0.0,0.0,0.4253696799278259,0.0973811149597168
abualiexpress,Zionist,Zionist,1,364,7,1.0,-0.0,0.2779545485973358,0.06167903542518616
abualiexpress,Zionist,Zionist,1,440,6,1.0,-0.0,0.9770458340644836,0.9646770358085632
abualiexpress,Zionist,Zionist,1,517,12,0.0,0.0,0.7276959419250488,0.5612871050834656
abualiexpress,Zionist,Resistance,0,657,8,1.0,-0.0,0.6882222890853882,0.39457064867019653
abualiexpress,Zionist,Resistance,0,232,5,0.0,0.0,0.9145889282226562,0.8711035251617432
abualiexpress,Zionist,Resistance,0,395,6,0.6183199882507324,0.8927974700927734,0.6537757515907288,0.353401780128479
abualiexpress,Zionist,Left-wing,0,443,13,1.0,-0.0,0.6359752416610718,0.5518453121185303
abualiexpress,Zionist,Zionist,1,391,6,0.0,0.0,0.7505084872245789,0.5283108949661255
abualiexpress,Zionist,Zionist,1,730,9,0.7356164455413818,0.5775921940803528,0.8509276509284973,0.7640559673309326
abualiexpress,Zionist,Western,0,19,0,0.0,0.0,0.7780124545097351,0.6642862558364868
abualiexpress,Zionist,Zionist,1,641,7,0.0,0.0,0.3891453444957733,0.06229075789451599
abualiexpress,Zionist,Resistance,0,192,3,0.0,0.0,0.4174274206161499,0.15544676780700684
abualiexpress,Zionist,Resistance,0,119,3,0.0,0.0,0.7307486534118652,0.46343177556991577
abualiexpress,Zionist,Resistance,0,230,4,1.0,-0.0,0.768510639667511,0.7033575773239136
abualiexpress,Zionist,Zionist,1,270,5,0.0,0.0,0.850936770439148,0.7525850534439087
abualiexpress,Zionist,Resistance,0,301,7,0.6704803109169006,0.6338379383087158,0.774625301361084,0.62502521276474
abualiexpress,Zionist,Russian,0,76,1,0.0,0.0,0.41957178711891174,0.1361914575099945
abualiexpress,Zionist,Resistance,0,483,12,0.0,0.0,0.9762409329414368,0.9682766795158386
abualiexpress,Zionist,Zionist,1,141,2,0.0,0.0,0.8085705637931824,0.7318156957626343
abualiexpress,Zionist,Zionist,1,155,4,1.0,-0.0,0.5969959497451782,0.3572065532207489
abualiexpress,Zionist,Resistance,0,318,9,1.0,-0.0,0.37212833762168884,0.09625869989395142
abualiexpress,Zionist,Ukrainian,0,261,4,0.0,0.0,0.640447735786438,0.3987347483634949
abualiexpress,Zionist,Resistance,0,336,6,0.0,0.0,0.7924608588218689,0.6838949918746948
abualiexpress,Zionist,Western,0,1243,6,0.8077811002731323,0.489424467086792,0.5282315611839294,0.25143006443977356
abualiexpress,Zionist,Resistance,0,523,12,0.0,0.0,0.9302536845207214,0.8704690337181091
abualiexpress,Zionist,Ukrainian,0,993,21,0.6290081739425659,0.900516152381897,0.7950350642204285,0.6259485483169556
abualiexpress,Zionist,Resistance,0,225,3,0.0,0.0,0.31789007782936096,0.015622198581695557
abualiexpress,Zionist,Resistance,0,1494,29,0.0,0.0,0.8185597658157349,0.6525287628173828
abualiexpress,Zionist,Resistance,0,86,3,0.0,0.0,0.7047967910766602,0.5451900959014893
abualiexpress,Zionist,Resistance,0,1065,15,0.5385378003120422,0.9879958629608154,0.9844469428062439,0.9780911803245544
abualiexpress,Zionist,Right-wing,0,50,0,0.0,0.0,0.6151036024093628,0.44672948122024536
abualiexpress,Zionist,Western,0,19,0,0.0,0.0,0.7780124545097351,0.6642862558364868
abualiexpress,Zionist,Resistance,0,259,4,1.0,-0.0,0.45093196630477905,0.2857656478881836
abualiexpress,Zionist,Western,0,19,0,0.0,0.0,0.7780124545097351,0.6642862558364868
abualiexpress,Zionist,Zionist,1,534,6,0.0,0.0,0.9320318102836609,0.8653516173362732
abualiexpress,Zionist,Resistance,0,262,7,1.0,-0.0,0.8250404000282288,0.6897903084754944
abualiexpress,Zionist,Resistance,0,519,10,0.0,0.0,0.6979707479476929,0.4396136999130249
abualiexpress,Zionist,Russian,0,461,13,1.0,-0.0,0.48716074228286743,0.30023807287216187
abualiexpress,Zionist,Resistance,0,101,3,0.0,0.0,0.6656960844993591,0.33838409185409546
abualiexpress,Zionist,Resistance,0,1168,24,0.6388240456581116,0.8744663000106812,0.6301669478416443,0.3518913984298706
abualiexpress,Zionist,Resistance,0,477,9,0.0,0.0,0.7953196167945862,0.6968010067939758
abualiexpress,Zionist,Zionist,1,150,5,0.0,0.0,0.8112521767616272,0.6601495146751404
abualiexpress,Zionist,Right-wing,0,159,3,1.0,-0.0,0.8007559180259705,0.7141351699829102
abualiexpress,Zionist,Western,0,19,0,0.0,0.0,0.7780124545097351,0.6642862558364868
abualiexpress,Zionist,Resistance,0,313,4,1.0,-0.0,0.447876900434494,0.001429527997970581
abualiexpress,Zionist,Ukrainian,0,535,1,1.0,-0.0,0.3243958353996277,0.03168538212776184
abualiexpress,Zionist,Resistance,0,95,4,0.0,0.0,0.7402161359786987,0.5626192688941956
abualiexpress,Zionist,Resistance,0,113,2,0.0,0.0,0.9011437892913818,0.8426729440689087
abualiexpress,Zionist,Zionist,1,495,12,1.0,-0.0,0.7723034620285034,0.6291288137435913
abualiexpress,Zionist,Western,0,19,0,0.0,0.0,0.7780124545097351,0.6642862558364868
abualiexpress,Zionist,Zionist,1,203,5,0.0,0.0,0.7056320905685425,0.4525381326675415
abualiexpress,Zionist,Resistance,0,106,2,1.0,-0.0,0.9081501364707947,0.8347623348236084
abualiexpress,Zionist,Resistance,0,423,10,1.0,-0.0,0.7689996957778931,0.6569997072219849
abualiexpress,Zionist,Resistance,0,168,4,0.0,0.0,0.8004855513572693,0.6524845361709595
abualiexpress,Zionist,Zionist,1,305,4,1.0,-0.0,0.41092661023139954,0.20954157412052155
abualiexpress,Zionist,Left-wing,0,415,9,1.0,-0.0,0.6113463044166565,0.27088987827301025
abualiexpress,Zionist,Russian,0,591,3,1.0,-0.0,0.7331908345222473,0.6141349077224731
abualiexpress,Zionist,Resistance,0,214,5,1.0,-0.0,0.8539232611656189,0.7914538979530334
abualiexpress,Zionist,Zionist,1,148,1,1.0,-0.0,0.4821747839450836,0.23927365243434906
abualiexpress,Zionist,Russian,0,155,4,1.0,-0.0,0.6375889778137207,0.35792991518974304
abualiexpress,Zionist,Zionist,1,155,5,1.0,-0.0,0.6057236194610596,0.3584468960762024
abualiexpress,Zionist,Resistance,0,253,5,0.0,0.0,0.6832326054573059,0.5258792638778687
abualiexpress,Zionist,Resistance,0,523,9,0.0,0.0,0.49598169326782227,0.18442514538764954
abualiexpress,Zionist,Resistance,0,83,2,1.0,-0.0,0.9281049370765686,0.8572328686714172
abualiexpress,Zionist,Resistance,0,176,5,0.0,0.0,0.9337201118469238,0.9011797904968262
abualiexpress,Zionist,Resistance,0,57,3,0.0,0.0,0.6239492893218994,0.31339356303215027
abualiexpress,Zionist,Resistance,0,165,1,0.0,0.0,0.8901781439781189,0.8148027658462524
abualiexpress,Zionist,Western,0,19,0,0.0,0.0,0.7780124545097351,0.6642862558364868
abualiexpress,Zionist,Left-wing,0,229,6,0.7820919156074524,0.5242475271224976,0.7074482440948486,0.552603006362915
abualiexpress,Zionist,Resistance,0,694,19,0.0,0.0,0.6376776695251465,0.38406938314437866
abualiexpress,Zionist,Resistance,0,203,5,0.0,0.0,0.8401215672492981,0.7320285439491272
abualiexpress,Zionist,Zionist,1,166,4,1.0,-0.0,0.6163356304168701,0.24483373761177063
abualiexpress,Zionist,Ukrainian,0,422,12,0.0,0.0,0.4126126766204834,0.049502789974212646
abualiexpress,Zionist,Right-wing,0,228,4,0.0,0.0,0.5507931709289551,0.3466479182243347
abualiexpress,Zionist,Russian,0,61,0,0.0,0.0,0.4300385117530823,0.0382249653339386
abualiexpress,Zionist,Resistance,0,157,4,0.0,0.0,0.9589536190032959,0.932549238204956
abualiexpress,Zionist,Resistance,0,139,5,0.0,0.0,0.7772923111915588,0.6032577753067017
abualiexpress,Zionist,Zionist,1,366,8,0.0,0.0,0.9306820631027222,0.8772562146186829
abualiexpress,Zionist,Zionist,1,359,1,0.0,0.0,0.4476166367530823,0.10390079021453857
abualiexpress,Zionist,Resistance,0,279,5,0.511930525302887,0.6928624510765076,0.4144183397293091,0.13501515984535217
abualiexpress,Zionist,Zionist,1,1227,21,0.7908989787101746,0.5127631425857544,0.9072175621986389,0.8540427684783936
abualiexpress,Zionist,Zionist,1,303,8,0.522264301776886,0.6921554803848267,0.4345906674861908,0.15978732705116272
abualiexpress,Zionist,Zionist,1,254,2,1.0,-0.0,0.546656608581543,0.28837519884109497
abualiexpress,Zionist,Resistance,0,62,1,1.0,-0.0,0.6794184446334839,0.36243149638175964
abualiexpress,Zionist,Russian,0,203,4,1.0,-0.0,0.5219115614891052,0.351615309715271
abualiexpress,Zionist,Resistance,0,272,6,1.0,-0.0,0.5743788480758667,0.44158458709716797
abualiexpress,Zionist,Right-wing,0,546,7,0.9299853444099426,0.2536768913269043,0.8189298510551453,0.7207087278366089
abualiexpress,Zionist,Left-wing,0,290,7,0.0,0.0,0.47520169615745544,0.31798815727233887
abualiexpress,Zionist,Left-wing,0,239,8,0.6829476356506348,0.6246275901794434,0.5169667601585388,0.3761671781539917
abualiexpress,Zionist,Western,0,335,12,1.0,-0.0,0.8037440776824951,0.7225654721260071
abualiexpress,Zionist,Resistance,0,175,5,0.0,0.0,0.952157199382782,0.9168004989624023
abualiexpress,Zionist,Resistance,0,82,2,0.0,0.0,0.8659278750419617,0.7417595982551575
abualiexpress,Zionist,Zionist,1,837,11,0.0,0.0,0.888604998588562,0.8241896033287048
abualiexpress,Zionist,Resistance,0,125,7,0.0,0.0,0.705481767654419,0.5392937660217285
abualiexpress,Zionist,Zionist,1,201,2,1.0,-0.0,0.8077898621559143,0.6318433880805969
abualiexpress,Zionist,Resistance,0,191,5,1.0,-0.0,0.700818657875061,0.48106443881988525
abualiexpress,Zionist,Zionist,1,91,3,0.0,0.0,0.8689318299293518,0.7778082489967346
abualiexpress,Zionist,Resistance,0,169,3,0.0,0.0,0.6727380752563477,0.46211671829223633
abualiexpress,Zionist,Zionist,1,167,4,1.0,-0.0,0.6532638669013977,0.3167634904384613
abualiexpress,Zionist,Zionist,1,568,2,0.0,0.0,0.6128102540969849,0.38528671860694885
abualiexpress,Zionist,Resistance,0,661,12,1.0,-0.0,0.7201306223869324,0.5011156797409058
abualiexpress,Zionist,Resistance,0,70,2,0.0,0.0,0.8629185557365417,0.7542135119438171
abualiexpress,Zionist,Resistance,0,269,7,1.0,-0.0,0.6648903489112854,0.5301069617271423
abualiexpress,Zionist,Right-wing,0,304,6,0.6531936526298523,0.6454471945762634,0.38024234771728516,0.08526366949081421
abualiexpress,Zionist,Resistance,0,190,4,0.0,0.0,0.9536831974983215,0.9325666427612305
abualiexpress,Zionist,Resistance,0,143,5,0.0,0.0,0.6218417882919312,0.3189857304096222
abualiexpress,Zionist,Zionist,1,55,0,0.0,0.0,0.6030640602111816,0.3195508122444153
abualiexpress,Zionist,Resistance,0,309,8,1.0,-0.0,0.5819799900054932,0.40746456384658813
abualiexpress,Zionist,Resistance,0,197,6,0.0,0.0,0.9961695075035095,0.9930720329284668
abualiexpress,Zionist,Resistance,0,514,7,0.0,0.0,0.7702850103378296,0.6090105772018433
abualiexpress,Zionist,Russian,0,291,7,0.0,0.0,0.2665005922317505,0.08871996402740479
abualiexpress,Zionist,Resistance,0,136,4,1.0,-0.0,0.9308527112007141,0.8664827346801758
abualiexpress,Zionist,Resistance,0,120,3,1.0,-0.0,0.8836907744407654,0.7765032649040222
abualiexpress,Zionist,Zionist,1,486,11,0.6697052121162415,0.634387195110321,0.582676351070404,0.26178231835365295
abualiexpress,Zionist,Russian,0,490,1,0.0,0.0,0.6902077198028564,0.42487072944641113
abualiexpress,Zionist,Zionist,1,1271,12,0.7781146168708801,0.5292839407920837,0.45447230339050293,0.1578233540058136
abualiexpress,Zionist,Resistance,0,96,2,0.0,0.0,0.4916384220123291,0.00023236870765686035
abualiexpress,Zionist,Right-wing,0,317,5,0.0,0.0,0.8033274412155151,0.6626138091087341
abualiexpress,Zionist,Resistance,0,72,2,0.0,0.0,0.7266940474510193,0.47075262665748596
abualiexpress,Zionist,Russian,0,128,1,0.0,0.0,0.45998695492744446,0.14847126603126526
abualiexpress,Zionist,Russian,0,780,11,1.0,-0.0,0.5139275789260864,0.23728948831558228
abualiexpress,Zionist,Russian,0,160,3,0.0,0.0,0.4076099097728729,0.03648251295089722
abualiexpress,Zionist,Russian,0,580,1,1.0,-0.0,0.6182617545127869,0.4800284504890442
abualiexpress,Zionist,Resistance,0,216,5,0.0,0.0,0.8473970293998718,0.7299566268920898
abualiexpress,Zionist,Resistance,0,103,3,0.0,0.0,0.9135335087776184,0.8339412808418274
abualiexpress,Zionist,Resistance,0,167,6,0.0,0.0,0.921253502368927,0.868992030620575
abualiexpress,Zionist,Resistance,0,173,5,0.0,0.0,0.7845797538757324,0.5801805257797241
abualiexpress,Zionist,Resistance,0,152,2,1.0,-0.0,0.8146116733551025,0.6377193927764893
abualiexpress,Zionist,Zionist,1,137,4,0.0,0.0,0.6164379715919495,0.3815954923629761
abualiexpress,Zionist,Resistance,0,194,4,0.0,0.0,0.4170641005039215,0.14403477311134338
abualiexpress,Zionist,Resistance,0,135,2,1.0,-0.0,0.7399821877479553,0.5947136878967285
abualiexpress,Zionist,Resistance,0,183,3,0.0,0.0,0.9499914646148682,0.9123560190200806
abualiexpress,Zionist,Western,0,19,0,0.0,0.0,0.7780124545097351,0.6642862558364868
abualiexpress,Zionist,Right-wing,0,67,1,0.0,0.0,0.4783232808113098,0.1757352650165558
abualiexpress,Zionist,Zionist,1,412,1,0.0,0.0,0.9453383088111877,0.9119181632995605
abualiexpress,Zionist,Zionist,1,267,7,0.0,0.0,0.4653547704219818,0.06015956401824951
BringThemHomeNow,Zionist,Zionist,1,371,4,0.0,0.0,0.660401463508606,0.47553813457489014
BringThemHomeNow,Zionist,Zionist,1,615,14,0.0,0.0,0.4800528585910797,0.25784510374069214
BringThemHomeNow,Zionist,Zionist,1,774,7,0.0,0.0,0.8172665238380432,0.7407737970352173
BringThemHomeNow,Zionist,Zionist,1,797,11,0.0,0.0,0.8501914143562317,0.8072131276130676
BringThemHomeNow,Zionist,Zionist,1,1996,12,1.0,-0.0,0.46891751885414124,0.0812784731388092
BringThemHomeNow,Zionist,Zionist,1,1132,8,1.0,-0.0,0.9160699248313904,0.8509072661399841
BringThemHomeNow,Zionist,Resistance,0,1884,10,0.3895489275455475,1.2273457050323486,0.34423828125,0.06525933742523193
BringThemHomeNow,Zionist,Right-wing,0,169,3,0.0,0.0,0.4229559004306793,0.001802206039428711
BringThemHomeNow,Zionist,Left-wing,0,770,6,0.0,0.0,0.6899511218070984,0.4553646445274353
BringThemHomeNow,Zionist,Zionist,1,1982,12,0.31029632687568665,1.490883708000183,0.8591945767402649,0.7924400568008423
BringThemHomeNow,Zionist,Resistance,0,3000,16,0.41358181834220886,1.3218437433242798,0.5167003870010376,0.08851474523544312
BringThemHomeNow,Zionist,Zionist,1,472,6,0.0,0.0,0.5240074992179871,0.29329830408096313
BringThemHomeNow,Zionist,Right-wing,0,314,4,0.0,0.0,0.7632157206535339,0.6237595677375793
BringThemHomeNow,Zionist,Zionist,1,1061,5,1.0,-0.0,0.4733118414878845,0.22392550110816956
BringThemHomeNow,Zionist,Zionist,1,460,4,0.0,0.0,0.6271454691886902,0.27068889141082764
BringThemHomeNow,Zionist,Right-wing,0,363,2,0.0,0.0,0.460491806268692,0.12142613530158997
BringThemHomeNow,Zionist,Resistance,0,1810,9,0.753861129283905,0.5580533742904663,0.4607850909233093,0.19172358512878418
BringThemHomeNow,Zionist,Zionist,1,692,10,1.0,-0.0,0.5486376285552979,0.3601521849632263
BringThemHomeNow,Zionist,Left-wing,0,618,5,0.0,0.0,0.4654993712902069,0.06479161977767944
BringThemHomeNow,Zionist,Zionist,1,1724,29,0.6226362586021423,0.8884759545326233,0.34762704372406006,0.011814624071121216
BringThemHomeNow,Zionist,Zionist,1,307,7,1.0,-0.0,0.8751565217971802,0.8208752870559692
BringThemHomeNow,Zionist,Russian,0,2181,1,1.0,-0.0,0.4682127833366394,0.2352646440267563
BringThemHomeNow,Zionist,Zionist,1,1695,19,0.7918860912322998,0.6531292796134949,0.9142462611198425,0.8394140005111694
BringThemHomeNow,Zionist,Resistance,0,1727,8,0.5560317635536194,0.6868548393249512,0.4550160765647888,0.21651510894298553
BringThemHomeNow,Zionist,Zionist,1,484,6,0.0,0.0,0.6575192809104919,0.5114334225654602
BringThemHomeNow,Zionist,Zionist,1,1144,10,0.0,0.0,0.6853278875350952,0.5261065363883972
BringThemHomeNow,Zionist,Zionist,1,792,15,0.0,0.0,0.9275879263877869,0.8696117997169495
BringThemHomeNow,Zionist,Zionist,1,1510,5,1.0,-0.0,0.693581223487854,0.44797253608703613
BringThemHomeNow,Zionist,Russian,0,2331,26,1.0,-0.0,0.3237769305706024,0.09269015491008759
BringThemHomeNow,Zionist,Western,0,133,3,0.0,0.0,0.4829559624195099,0.23473292589187622
BringThemHomeNow,Zionist,Zionist,1,777,11,0.0,0.0,0.8856217861175537,0.8185241222381592
BringThemHomeNow,Zionist,Zionist,1,1342,25,0.7869961857795715,0.5179094076156616,0.48732733726501465,0.08404895663261414
BringThemHomeNow,Zionist,Russian,0,2157,7,0.753861129283905,0.5580533742904663,0.2881758511066437,0.022321850061416626
BringThemHomeNow,Zionist,Right-wing,0,446,6,1.0,-0.0,0.3931156396865845,0.1748611479997635
BringThemHomeNow,Zionist,Ukrainian,0,210,0,0.0,0.0,0.7830480337142944,0.7048369646072388
BringThemHomeNow,Zionist,Zionist,1,1813,1,1.0,-0.0,0.5956867337226868,0.335199773311615
BringThemHomeNow,Zionist,Zionist,1,3000,8,0.5491547584533691,1.172654628753662,0.28463757038116455,0.0032028257846832275
BringThemHomeNow,Zionist,Ukrainian,0,2508,28,0.2620491683483124,1.5610243082046509,0.37483808398246765,0.06977653503417969
BringThemHomeNow,Zionist,Zionist,1,1198,17,0.698284924030304,0.612310528755188,0.4412520229816437,0.009695827960968018
BringThemHomeNow,Zionist,Ukrainian,0,153,2,0.0,0.0,0.3812602162361145,0.17536918818950653
BringThemHomeNow,Zionist,Zionist,1,173,2,0.0,0.0,0.6702688932418823,0.5690671801567078
BringThemHomeNow,Zionist,Zionist,1,346,5,0.0,0.0,0.7091460824012756,0.5289559960365295
BringThemHomeNow,Zionist,Zionist,1,1073,3,0.0,0.0,0.6987944841384888,0.587134599685669
BringThemHomeNow,Zionist,Zionist,1,610,5,0.0,0.0,0.3907410204410553,0.006190299987792969
BringThemHomeNow,Zionist,Western,0,254,3,0.0,0.0,0.4222460985183716,0.051816195249557495
BringThemHomeNow,Zionist,Zionist,1,806,12,0.0,0.0,0.7758660912513733,0.6720054149627686
BringThemHomeNow,Zionist,Left-wing,0,498,5,0.0,0.0,0.49270448088645935,0.08394089341163635
BringThemHomeNow,Zionist,Ukrainian,0,153,2,0.0,0.0,0.3315974473953247,0.01881226897239685
BringThemHomeNow,Zionist,Zionist,1,1000,14,0.0,0.0,0.7961463332176208,0.6486473083496094
BringThemHomeNow,Zionist,Left-wing,0,1053,15,1.0,-0.0,0.31405210494995117,0.07072357833385468
BringThemHomeNow,Zionist,Ukrainian,0,168,0,0.0,0.0,0.46395668387413025,0.08626142144203186
BringThemHomeNow,Zionist,Zionist,1,685,3,0.7770018577575684,0.7601320147514343,0.6646203994750977,0.4915216565132141
BringThemHomeNow,Zionist,Ukrainian,0,354,5,0.0,0.0,0.6006459593772888,0.40728485584259033
BringThemHomeNow,Zionist,Ukrainian,0,208,2,0.0,0.0,0.5918405055999756,0.35098376870155334
BringThemHomeNow,Zionist,Western,0,276,0,0.0,0.0,0.33395954966545105,0.10535292327404022
BringThemHomeNow,Zionist,Ukrainian,0,2151,25,0.6884737014770508,0.6203164458274841,0.29144367575645447,0.026729702949523926
BringThemHomeNow,Zionist,Right-wing,0,206,4,0.0,0.0,0.9179065823554993,0.8674465417861938
BringThemHomeNow,Zionist,Zionist,1,1219,7,1.0,-0.0,0.5217837691307068,0.19964340329170227
BringThemHomeNow,Zionist,Zionist,1,799,18,0.0,0.0,0.6196221113204956,0.39030686020851135
BringThemHomeNow,Zionist,Ukrainian,0,194,0,0.0,0.0,0.7639998197555542,0.6772080659866333
BringThemHomeNow,Zionist,Resistance,0,3000,33,0.31403300166130066,1.3727035522460938,0.5882837176322937,0.285045325756073
BringThemHomeNow,Zionist,Zionist,1,666,9,0.0,0.0,0.8641195297241211,0.7639480829238892
BringThemHomeNow,Zionist,Zionist,1,1159,18,0.698284924030304,0.612310528755188,0.44861841201782227,0.009382367134094238
BringThemHomeNow,Zionist,Right-wing,0,496,12,0.0,0.0,0.6060010194778442,0.3797173500061035
BringThemHomeNow,Zionist,Resistance,0,1146,8,0.0,0.0,0.5145646333694458,0.20745551586151123
BringThemHomeNow,Zionist,Zionist,1,687,7,0.8085169792175293,0.7186116576194763,0.6573737859725952,0.495414674282074
BringThemHomeNow,Zionist,Resistance,0,977,8,1.0,-0.0,0.3618055284023285,0.1125393956899643
BringThemHomeNow,Zionist,Zionist,1,1281,1,0.6975598931312561,0.6129176616668701,0.4642093777656555,0.24897576868534088
BringThemHomeNow,Zionist,Zionist,1,376,3,0.0,0.0,0.39898037910461426,0.07573235034942627
BringThemHomeNow,Zionist,Ukrainian,0,2035,33,0.7641502618789673,0.5462486147880554,0.5283194184303284,0.3705518841743469
BringThemHomeNow,Zionist,Ukrainian,0,143,1,0.0,0.0,0.8795145750045776,0.8427973389625549
BringThemHomeNow,Zionist,Zionist,1,549,4,0.3213426470756531,1.3550424575805664,0.5292670130729675,0.26235198974609375
BringThemHomeNow,Zionist,Zionist,1,365,3,0.0,0.0,0.5840632915496826,0.3638477325439453
BringThemHomeNow,Zionist,Zionist,1,456,15,1.0,-0.0,0.49235931038856506,0.16410893201828003
BringThemHomeNow,Zionist,Zionist,1,1035,13,1.0,-0.0,0.9200272560119629,0.880928635597229
BringThemHomeNow,Zionist,Zionist,1,1755,29,0.716198742389679,0.596507728099823,0.8222590684890747,0.7435762882232666
BringThemHomeNow,Zionist,Zionist,1,580,6,0.0,0.0,0.8589781522750854,0.7844953536987305
BringThemHomeNow,Zionist,Resistance,0,3000,2,0.6738671064376831,1.079916000366211,0.574592649936676,0.21648451685905457
BringThemHomeNow,Zionist,Resistance,0,2215,22,0.43750834465026855,1.0267090797424316,0.30705806612968445,0.022612929344177246
BringThemHomeNow,Zionist,Zionist,1,1733,15,0.4096538722515106,1.3252158164978027,0.6871315240859985,0.563784122467041
BringThemHomeNow,Zionist,Zionist,1,797,11,0.0,0.0,0.8501914143562317,0.8072131276130676
BringThemHomeNow,Zionist,Zionist,1,927,8,0.0,0.0,0.4855564832687378,0.1844598352909088
BringThemHomeNow,Zionist,Right-wing,0,389,9,0.0,0.0,0.47173187136650085,0.21474063396453857
BringThemHomeNow,Zionist,Ukrainian,0,167,4,0.0,0.0,0.7587884068489075,0.6268079280853271
BringThemHomeNow,Zionist,Zionist,1,774,7,0.0,0.0,0.8172665238380432,0.7407737970352173
BringThemHomeNow,Zionist,Resistance,0,2082,25,0.5452213287353516,0.689051628112793,0.5670605301856995,0.3798764646053314
BringThemHomeNow,Zionist,Zionist,1,897,16,0.0,0.0,0.44603273272514343,0.10004803538322449
BringThemHomeNow,Zionist,Zionist,1,306,5,1.0,-0.0,0.46151021122932434,0.03612178564071655
BringThemHomeNow,Zionist,Zionist,1,297,4,0.0,0.0,0.3726130723953247,0.11996057629585266
BringThemHomeNow,Zionist,Zionist,1,794,1,0.0,0.0,0.866117000579834,0.7374638319015503
BringThemHomeNow,Zionist,Zionist,1,690,12,0.0,0.0,0.8929622769355774,0.8146538138389587
BringThemHomeNow,Zionist,Resistance,0,3000,13,1.0,-0.0,0.5107214450836182,0.2726210355758667
BringThemHomeNow,Zionist,Ukrainian,0,143,1,0.0,0.0,0.7177799344062805,0.5576379299163818
BringThemHomeNow,Zionist,Zionist,1,329,1,0.0,0.0,0.5891069173812866,0.35663217306137085
BringThemHomeNow,Zionist,Zionist,1,1840,21,0.7747197151184082,0.6868792772293091,0.923710823059082,0.8711588382720947
BringThemHomeNow,Zionist,Zionist,1,1718,13,1.0,-0.0,0.7931201457977295,0.7072343826293945
BringThemHomeNow,Zionist,Zionist,1,1050,11,0.0,0.0,0.6927573680877686,0.4107382893562317
BringThemHomeNow,Zionist,Right-wing,0,1022,10,0.8477229475975037,0.426638662815094,0.5260186791419983,0.3030986487865448
BringThemHomeNow,Zionist,Zionist,1,905,16,0.5150638818740845,0.692693293094635,0.8148386478424072,0.6505106687545776
BringThemHomeNow,Zionist,Russian,0,336,5,0.0,0.0,0.40071484446525574,0.06510081887245178
BringThemHomeNow,Zionist,Right-wing,0,636,3,0.0,0.0,0.8032169938087463,0.6441078782081604
BringThemHomeNow,Zionist,Zionist,1,764,6,0.0,0.0,0.5150957703590393,0.23080235719680786
BringThemHomeNow,Zionist,Zionist,1,954,18,0.0,0.0,0.9153750538825989,0.8688409328460693
BringThemHomeNow,Zionist,Zionist,1,377,5,0.0,0.0,0.9278985857963562,0.8917971253395081
BringThemHomeNow,Zionist,Zionist,1,381,3,0.0,0.0,0.4097975492477417,0.1514376401901245
BringThemHomeNow,Zionist,Zionist,1,1344,11,0.6467174887657166,1.037278652191162,0.5555975437164307,0.34139734506607056
BringThemHomeNow,Zionist,Zionist,1,834,5,0.0,0.0,0.6588308811187744,0.5448741316795349
BringThemHomeNow,Zionist,Zionist,1,2316,16,0.47177034616470337,1.3989059925079346,0.5719857215881348,0.14652040600776672
BringThemHomeNow,Zionist,Western,0,273,2,0.0,0.0,0.555293619632721,0.220142662525177
BringThemHomeNow,Zionist,Resistance,0,500,6,1.0,-0.0,0.49337080121040344,0.33073922991752625
BringThemHomeNow,Zionist,Zionist,1,897,13,1.0,-0.0,0.9103196859359741,0.8407730460166931
BringThemHomeNow,Zionist,Right-wing,0,293,2,0.0,0.0,0.92130446434021,0.8861084580421448
BringThemHomeNow,Zionist,Zionist,1,232,1,0.0,0.0,0.6302776336669922,0.486164391040802
BringThemHomeNow,Zionist,Zionist,1,318,5,0.0,0.0,0.5698580741882324,0.33834296464920044
BringThemHomeNow,Zionist,Russian,0,387,4,0.0,0.0,0.36390575766563416,0.051907241344451904
BringThemHomeNow,Zionist,Zionist,1,843,15,0.0,0.0,0.977863609790802,0.9578957557678223
BringThemHomeNow,Zionist,Zionist,1,1826,19,1.0,-0.0,0.657139003276825,0.39632993936538696
BringThemHomeNow,Zionist,Ukrainian,0,2497,6,0.436149537563324,1.0036184787750244,0.3451544940471649,0.11382216215133667
BringThemHomeNow,Zionist,Zionist,1,750,12,1.0,-0.0,0.7108197808265686,0.5551863312721252
BringThemHomeNow,Zionist,Zionist,1,496,15,0.6518577337265015,0.6462889909744263,0.4646480977535248,0.17365378141403198
BringThemHomeNow,Zionist,Zionist,1,1833,20,1.0,-0.0,0.657139003276825,0.39632993936538696
BringThemHomeNow,Zionist,Zionist,1,312,1,0.0,0.0,0.6872190833091736,0.5122755169868469
BringThemHomeNow,Zionist,Zionist,1,817,14,1.0,-0.0,0.665199875831604,0.5690863728523254
BringThemHomeNow,Zionist,Right-wing,0,1101,11,0.5530786514282227,0.687501847743988,0.5379518866539001,0.34972596168518066
BringThemHomeNow,Zionist,Ukrainian,0,3000,0,1.0,-0.0,0.43659842014312744,0.04199111461639404
BringThemHomeNow,Zionist,Zionist,1,456,8,0.0,0.0,0.8128911852836609,0.6581467986106873
BringThemHomeNow,Zionist,Right-wing,0,347,3,0.0,0.0,0.7344315648078918,0.629449725151062
BringThemHomeNow,Zionist,Right-wing,0,209,5,0.0,0.0,0.5768364071846008,0.18276670575141907
BringThemHomeNow,Zionist,Zionist,1,725,4,0.0,0.0,0.4021419286727905,0.2155773788690567
BringThemHomeNow,Zionist,Western,0,2853,29,0.4931716024875641,1.2010325193405151,0.38059180974960327,0.12954464554786682
BringThemHomeNow,Zionist,Zionist,1,1975,10,0.688156247138977,0.8034031391143799,0.4191306233406067,0.20534510910511017
BringThemHomeNow,Zionist,Zionist,1,940,15,1.0,-0.0,0.9010320901870728,0.8429365754127502
BringThemHomeNow,Zionist,Zionist,1,1135,8,1.0,-0.0,0.9171037077903748,0.8480295538902283
BringThemHomeNow,Zionist,Zionist,1,1569,29,1.0,-0.0,0.9116931557655334,0.8760873079299927
BringThemHomeNow,Zionist,Zionist,1,1608,25,0.0,0.0,0.9653028249740601,0.9543797969818115
BringThemHomeNow,Zionist,Zionist,1,1036,13,1.0,-0.0,0.9170812368392944,0.8755918145179749
BringThemHomeNow,Zionist,Zionist,1,993,19,0.0,0.0,0.6039968729019165,0.4327034056186676
BringThemHomeNow,Zionist,Zionist,1,406,6,0.0,0.0,0.9169590473175049,0.8707119226455688
BringThemHomeNow,Zionist,Russian,0,710,5,0.0,0.0,0.45315060019493103,0.14046457409858704
BringThemHomeNow,Zionist,Russian,0,2884,32,0.5427347421646118,1.1846667528152466,0.8538333773612976,0.7787709832191467
BringThemHomeNow,Zionist,Zionist,1,685,13,0.0,0.0,0.8368543386459351,0.7488844394683838
BringThemHomeNow,Zionist,Resistance,0,2255,28,0.3964973986148834,1.223550796508789,0.6004946231842041,0.37765634059906006
BringThemHomeNow,Zionist,Ukrainian,0,153,2,0.0,0.0,0.35257333517074585,0.08762016892433167
BringThemHomeNow,Zionist,Zionist,1,319,6,0.0,0.0,0.56852787733078,0.20648649334907532
BringThemHomeNow,Zionist,Zionist,1,1261,6,0.7108608484268188,0.6013790965080261,0.3541296124458313,0.04447007179260254
BringThemHomeNow,Zionist,Zionist,1,848,2,1.0,-0.0,0.5782637596130371,0.3470045030117035
BringThemHomeNow,Zionist,Right-wing,0,384,5,0.0,0.0,0.7306495904922485,0.6045641303062439
BringThemHomeNow,Zionist,Ukrainian,0,198,0,0.0,0.0,0.9757032990455627,0.9606022834777832
BringThemHomeNow,Zionist,Zionist,1,1341,25,0.7869961857795715,0.5179094076156616,0.5549433827400208,0.19262126088142395
BringThemHomeNow,Zionist,Resistance,0,2459,9,0.7600918412208557,0.5509740114212036,0.7712416648864746,0.5787893533706665
BringThemHomeNow,Zionist,Zionist,1,1445,30,0.6372173428535461,0.6550024747848511,0.4902779161930084,0.1912810206413269
BringThemHomeNow,Zionist,Zionist,1,616,5,0.0,0.0,0.7363181114196777,0.6147254109382629
BringThemHomeNow,Zionist,Zionist,1,164,2,0.0,0.0,0.5163474082946777,0.12343502044677734
BringThemHomeNow,Zionist,Resistance,0,389,4,0.0,0.0,0.45334309339523315,0.06631132960319519
BringThemHomeNow,Zionist,Zionist,1,1034,7,0.8493072986602783,0.4239087700843811,0.8424752950668335,0.7844870090484619
BringThemHomeNow,Zionist,Right-wing,0,245,4,0.0,0.0,0.7101783156394958,0.527941882610321
BringThemHomeNow,Zionist,Zionist,1,1823,18,0.5636679530143738,0.9785512685775757,0.6568038463592529,0.4690815806388855
BringThemHomeNow,Zionist,Western,0,203,3,1.0,-0.0,0.46066606044769287,0.22904177010059357
BringThemHomeNow,Zionist,Zionist,1,914,5,0.0,0.0,0.4725952446460724,0.34132707118988037
BringThemHomeNow,Zionist,Zionist,1,961,18,1.0,-0.0,0.8031827211380005,0.7083683013916016
BringThemHomeNow,Zionist,Zionist,1,1764,13,1.0,-0.0,0.43136975169181824,0.06387984752655029
BringThemHomeNow,Zionist,Zionist,1,365,7,0.0,0.0,0.5977029800415039,0.3997046947479248
BringThemHomeNow,Zionist,Zionist,1,707,11,0.0,0.0,0.8115212321281433,0.735607385635376
BringThemHomeNow,Zionist,Right-wing,0,280,4,1.0,-0.0,0.8813691735267639,0.8307546377182007
BringThemHomeNow,Zionist,Zionist,1,1129,12,0.7143131494522095,0.5982444286346436,0.4646982252597809,0.1339310109615326
BringThemHomeNow,Zionist,Resistance,0,2202,20,0.5600652098655701,1.08040452003479,0.5016834735870361,0.27723971009254456
BringThemHomeNow,Zionist,Zionist,1,529,2,0.0,0.0,0.9326677918434143,0.8788745999336243
BringThemHomeNow,Zionist,Zionist,1,454,1,0.0,0.0,0.5280455350875854,0.2595635950565338
BringThemHomeNow,Zionist,Right-wing,0,503,6,0.0,0.0,0.4327649772167206,0.08436620235443115
BringThemHomeNow,Zionist,Resistance,0,743,11,0.0,0.0,0.3467589318752289,0.06807443499565125
BringThemHomeNow,Zionist,Zionist,1,2453,22,0.7212633490562439,0.5917562246322632,0.5610244274139404,0.3399266004562378
BringThemHomeNow,Zionist,Western,0,266,4,0.0,0.0,0.3676071763038635,0.005200982093811035
BringThemHomeNow,Zionist,Zionist,1,260,3,0.0,0.0,0.45218613743782043,0.12835699319839478
BringThemHomeNow,Zionist,Zionist,1,711,19,0.0,0.0,0.8386065363883972,0.7466789484024048
BringThemHomeNow,Zionist,Zionist,1,774,6,0.0,0.0,0.5455600619316101,0.38368135690689087
BringThemHomeNow,Zionist,Zionist,1,420,5,0.0,0.0,0.9323722124099731,0.8912463784217834
BringThemHomeNow,Zionist,Zionist,1,438,9,0.0,0.0,0.6139001250267029,0.3522354066371918
BringThemHomeNow,Zionist,Zionist,1,740,19,1.0,-0.0,0.4719718098640442,0.1314891278743744
BringThemHomeNow,Zionist,Zionist,1,635,5,0.0,0.0,0.9122516512870789,0.8699929714202881
BringThemHomeNow,Zionist,Russian,0,563,6,0.0,0.0,0.510498046875,0.05883210897445679
BringThemHomeNow,Zionist,Zionist,1,885,15,1.0,-0.0,0.8630845546722412,0.7345474362373352
BringThemHomeNow,Zionist,Zionist,1,1236,6,0.0,0.0,0.4048813581466675,0.03675726056098938
BringThemHomeNow,Zionist,Zionist,1,1300,4,1.0,-0.0,0.6356279253959656,0.46630287170410156
BringThemHomeNow,Zionist,Zionist,1,1374,17,0.80548095703125,0.4927096962928772,0.9424334764480591,0.9215329885482788
BringThemHomeNow,Zionist,Western,0,2149,1,0.0,0.0,0.30827972292900085,0.013540416955947876
BringThemHomeNow,Zionist,Zionist,1,1041,21,0.6293831467628479,0.6592831611633301,0.5615780353546143,0.3776228129863739
BringThemHomeNow,Zionist,Zionist,1,712,20,0.0,0.0,0.9218863248825073,0.8932415246963501
BringThemHomeNow,Zionist,Zionist,1,401,5,1.0,-0.0,0.37376391887664795,0.11048713326454163
BringThemHomeNow,Zionist,Right-wing,0,227,2,1.0,-0.0,0.48336365818977356,0.33157551288604736
BringThemHomeNow,Zionist,Zionist,1,508,9,0.0,0.0,0.5781719088554382,0.19119027256965637
BringThemHomeNow,Zionist,Ukrainian,0,2157,25,0.8259648084640503,0.582859218120575,0.6642951965332031,0.49855631589889526
BringThemHomeNow,Zionist,Zionist,1,193,2,0.0,0.0,0.6268467307090759,0.33179765939712524
BringThemHomeNow,Zionist,Zionist,1,379,3,0.0,0.0,0.8713296055793762,0.8089999556541443
BringThemHomeNow,Zionist,Ukrainian,0,143,1,0.0,0.0,0.7645681500434875,0.6714483499526978
BringThemHomeNow,Zionist,Zionist,1,337,0,0.0,0.0,0.8662547469139099,0.817087709903717
BringThemHomeNow,Zionist,Zionist,1,635,5,0.0,0.0,0.5395243167877197,0.30358415842056274
BringThemHomeNow,Zionist,Right-wing,0,377,5,0.0,0.0,0.4035300314426422,0.10545450448989868
BringThemHomeNow,Zionist,Russian,0,315,1,0.0,0.0,0.572458028793335,0.33335280418395996
BringThemHomeNow,Zionist,Zionist,1,367,8,0.0,0.0,0.6607431173324585,0.49164554476737976
BringThemHomeNow,Zionist,Zionist,1,373,7,0.0,0.0,0.9732506275177002,0.9551972150802612
AlJazeeraEnglish,Resistance,Ukrainian,0,93,3,0.0,0.0,0.5566888451576233,0.1369013488292694
AlJazeeraEnglish,Resistance,Resistance,1,90,1,0.0,0.0,0.6806976795196533,0.4141734540462494
AlJazeeraEnglish,Resistance,Left-wing,0,87,3,0.0,0.0,0.493181437253952,0.20578283071517944
AlJazeeraEnglish,Resistance,Zionist,0,81,2,0.0,0.0,0.8601329326629639,0.7760485410690308
AlJazeeraEnglish,Resistance,Zionist,0,70,5,0.0,0.0,0.5234402418136597,0.048320770263671875
AlJazeeraEnglish,Resistance,Right-wing,0,108,2,0.0,0.0,0.698479413986206,0.5468655228614807
AlJazeeraEnglish,Resistance,Russian,0,95,2,1.0,-0.0,0.8606022596359253,0.7789121866226196
AlJazeeraEnglish,Resistance,Russian,0,83,1,1.0,-0.0,0.38546329736709595,0.04503336548805237
AlJazeeraEnglish,Resistance,Zionist,0,104,2,0.0,0.0,0.5197137594223022,0.28687912225723267
AlJazeeraEnglish,Resistance,Right-wing,0,88,1,0.0,0.0,0.3519713282585144,0.0012064576148986816
AlJazeeraEnglish,Resistance,Left-wing,0,111,3,0.0,0.0,0.6033726334571838,0.34080538153648376
AlJazeeraEnglish,Resistance,Resistance,1,101,2,0.0,0.0,0.3241911828517914,0.051824092864990234
AlJazeeraEnglish,Resistance,Left-wing,0,90,1,0.0,0.0,0.373066246509552,0.12228617072105408
AlJazeeraEnglish,Resistance,Ukrainian,0,89,3,0.0,0.0,0.44122180342674255,0.25227585434913635
AlJazeeraEnglish,Resistance,Zionist,0,87,1,0.0,0.0,0.6877782940864563,0.42363089323043823
AlJazeeraEnglish,Resistance,Resistance,1,95,5,0.0,0.0,0.8894861936569214,0.8284994959831238
AlJazeeraEnglish,Resistance,Zionist,0,95,4,0.0,0.0,0.5461363792419434,0.2890241742134094
AlJazeeraEnglish,Resistance,Right-wing,0,76,1,0.0,0.0,0.9495675563812256,0.9295732378959656
AlJazeeraEnglish,Resistance,Resistance,1,90,2,0.0,0.0,0.3963148295879364,0.011776387691497803
AlJazeeraEnglish,Resistance,Resistance,1,84,2,0.0,0.0,0.4878331422805786,0.09655457735061646
AlJazeeraEnglish,Resistance,Resistance,1,114,2,0.0,0.0,0.8774313926696777,0.8328548073768616
AlJazeeraEnglish,Resistance,Right-wing,0,91,2,0.0,0.0,0.5966029763221741,0.4610632359981537
AlJazeeraEnglish,Resistance,Zionist,0,96,2,0.0,0.0,0.7021812200546265,0.5360667109489441
AlJazeeraEnglish,Resistance,Russian,0,95,1,0.0,0.0,0.6611515879631042,0.47494736313819885
AlJazeeraEnglish,Resistance,Left-wing,0,109,4,0.0,0.0,0.553216814994812,0.27374985814094543
AlJazeeraEnglish,Resistance,Left-wing,0,100,2,0.0,0.0,0.9076835513114929,0.8547889590263367
AlJazeeraEnglish,Resistance,Zionist,0,90,1,0.0,0.0,0.5068297982215881,0.18355074524879456
AlJazeeraEnglish,Resistance,Resistance,1,104,4,0.0,0.0,0.714723527431488,0.5589755773544312
AlJazeeraEnglish,Resistance,Resistance,1,69,2,0.0,0.0,0.2652479112148285,0.016770437359809875
AlJazeeraEnglish,Resistance,Western,0,67,3,0.0,0.0,0.2770712971687317,0.02323201298713684
AlJazeeraEnglish,Resistance,Left-wing,0,105,3,1.0,-0.0,0.696084201335907,0.5639621019363403
AlJazeeraEnglish,Resistance,Resistance,1,81,3,0.0,0.0,0.8307175040245056,0.7050458192825317
AlJazeeraEnglish,Resistance,Russian,0,80,1,0.0,0.0,0.9124455451965332,0.8708974123001099
AlJazeeraEnglish,Resistance,Right-wing,0,88,1,1.0,-0.0,0.7101173996925354,0.5641556978225708
AlJazeeraEnglish,Resistance,Right-wing,0,85,1,0.0,0.0,0.3447261154651642,0.023103535175323486
AlJazeeraEnglish,Resistance,Right-wing,0,100,3,0.0,0.0,0.5311517715454102,0.2929531931877136
AlJazeeraEnglish,Resistance,Russian,0,116,3,0.0,0.0,0.8868803977966309,0.8125022053718567
AlJazeeraEnglish,Resistance,Zionist,0,96,3,1.0,-0.0,0.7166177034378052,0.5403656959533691
AlJazeeraEnglish,Resistance,Russian,0,53,1,0.0,0.0,0.6276876926422119,0.3867744207382202
AlJazeeraEnglish,Resistance,Ukrainian,0,78,4,0.0,0.0,0.9243766665458679,0.896145761013031
AlJazeeraEnglish,Resistance,Resistance,1,87,1,1.0,-0.0,0.5944158434867859,0.36730045080184937
AlJazeeraEnglish,Resistance,Zionist,0,101,3,0.0,0.0,0.604716956615448,0.3675965368747711
AlJazeeraEnglish,Resistance,Left-wing,0,76,2,0.0,0.0,0.4701719284057617,0.13791704177856445
AlJazeeraEnglish,Resistance,Resistance,1,81,1,0.0,0.0,0.49831369519233704,0.2393304407596588
AlJazeeraEnglish,Resistance,Resistance,1,80,2,0.0,0.0,0.6451048254966736,0.4474667012691498
AlJazeeraEnglish,Resistance,Western,0,93,1,0.0,0.0,0.6328302621841431,0.444952130317688
AlJazeeraEnglish,Resistance,Right-wing,0,110,3,0.0,0.0,0.4013602137565613,0.06879949569702148
AlJazeeraEnglish,Resistance,Ukrainian,0,95,2,0.0,0.0,0.39745163917541504,0.09730193018913269
AlJazeeraEnglish,Resistance,Resistance,1,82,3,0.0,0.0,0.9673824906349182,0.9372303485870361
AlJazeeraEnglish,Resistance,Russian,0,93,2,0.0,0.0,0.38101089000701904,0.11924833059310913
AlJazeeraEnglish,Resistance,Right-wing,0,81,3,0.0,0.0,0.43944358825683594,0.14295881986618042
AlJazeeraEnglish,Resistance,Left-wing,0,91,3,0.0,0.0,0.7176993489265442,0.6068918704986572
AlJazeeraEnglish,Resistance,Left-wing,0,81,2,0.0,0.0,0.542500376701355,0.32349029183387756
AlJazeeraEnglish,Resistance,Resistance,1,75,2,1.0,-0.0,0.7350409030914307,0.5372933745384216
AlJazeeraEnglish,Resistance,Ukrainian,0,85,3,0.0,0.0,0.3850363790988922,0.04691582918167114
AlJazeeraEnglish,Resistance,Resistance,1,74,1,0.0,0.0,0.9527384638786316,0.9233130812644958
AlJazeeraEnglish,Resistance,Left-wing,0,102,1,0.0,0.0,0.3970344662666321,0.013698607683181763
AlJazeeraEnglish,Resistance,Zionist,0,85,2,0.0,0.0,0.4650186002254486,0.20949718356132507
AlJazeeraEnglish,Resistance,Russian,0,93,1,1.0,-0.0,0.6190503835678101,0.3028716444969177
AlJazeeraEnglish,Resistance,Left-wing,0,74,5,0.0,0.0,0.6879749298095703,0.42914366722106934
AlJazeeraEnglish,Resistance,Right-wing,0,99,1,0.0,0.0,0.4423754811286926,0.21089869737625122
AlJazeeraEnglish,Resistance,Western,0,115,3,0.0,0.0,0.729808509349823,0.5414323806762695
AlJazeeraEnglish,Resistance,Zionist,0,81,2,1.0,-0.0,0.5398013591766357,0.365266352891922
AlJazeeraEnglish,Resistance,Zionist,0,92,3,0.0,0.0,0.44163933396339417,0.24028995633125305
AlJazeeraEnglish,Resistance,Zionist,0,116,4,0.0,0.0,0.3069056570529938,0.019713371992111206
AlJazeeraEnglish,Resistance,Left-wing,0,114,1,1.0,-0.0,0.4456669092178345,0.19437450170516968
AlJazeeraEnglish,Resistance,Resistance,1,46,1,0.0,0.0,0.6245077848434448,0.36420172452926636
AlJazeeraEnglish,Resistance,Resistance,1,78,2,0.0,0.0,0.7872939705848694,0.6289767026901245
AlJazeeraEnglish,Resistance,Resistance,1,89,1,0.0,0.0,0.8806581497192383,0.8126934766769409
AlJazeeraEnglish,Resistance,Resistance,1,88,2,0.0,0.0,0.39885759353637695,0.1375112235546112
AlJazeeraEnglish,Resistance,Western,0,112,2,1.0,-0.0,0.5855796933174133,0.23423731327056885
AlJazeeraEnglish,Resistance,Zionist,0,93,1,0.0,0.0,0.703734815120697,0.49596965312957764
AlJazeeraEnglish,Resistance,Right-wing,0,101,3,0.0,0.0,0.8799811005592346,0.7915347814559937
AlJazeeraEnglish,Resistance,Right-wing,0,82,2,0.0,0.0,0.7576582431793213,0.6515026092529297
AlJazeeraEnglish,Resistance,Russian,0,87,3,0.0,0.0,0.5092635750770569,0.06634488701820374
AlJazeeraEnglish,Resistance,Russian,0,112,4,0.0,0.0,0.9437268972396851,0.9097576141357422
AlJazeeraEnglish,Resistance,Western,0,82,1,0.0,0.0,0.4758571684360504,0.20757311582565308
AlJazeeraEnglish,Resistance,Russian,0,91,1,0.0,0.0,0.6817416548728943,0.40421438217163086
AlJazeeraEnglish,Resistance,Zionist,0,92,2,0.0,0.0,0.4108005464076996,0.08963578939437866
AlJazeeraEnglish,Resistance,Right-wing,0,107,2,0.0,0.0,0.467359721660614,0.08691933751106262
AlJazeeraEnglish,Resistance,Resistance,1,99,3,0.0,0.0,0.8470984697341919,0.7982373833656311
AlJazeeraEnglish,Resistance,Resistance,1,97,1,0.0,0.0,0.9871527552604675,0.980097770690918
AlJazeeraEnglish,Resistance,Right-wing,0,113,3,1.0,-0.0,0.7554009556770325,0.6312524676322937
AlJazeeraEnglish,Resistance,Right-wing,0,74,1,0.0,0.0,0.8957669138908386,0.8166708946228027
AlJazeeraEnglish,Resistance,Left-wing,0,114,3,1.0,-0.0,0.4466651380062103,0.15393230319023132
AlJazeeraEnglish,Resistance,Zionist,0,102,1,0.0,0.0,0.53163081407547,0.33218351006507874
AlJazeeraEnglish,Resistance,Zionist,0,90,3,0.0,0.0,0.7402501106262207,0.598208487033844
AlJazeeraEnglish,Resistance,Resistance,1,93,3,0.0,0.0,0.7400935292243958,0.5211658477783203
AlJazeeraEnglish,Resistance,Resistance,1,95,3,1.0,-0.0,0.929438591003418,0.875472366809845
AlJazeeraEnglish,Resistance,Ukrainian,0,91,1,0.0,0.0,0.49294334650039673,0.23864996433258057
AlJazeeraEnglish,Resistance,Zionist,0,93,1,0.0,0.0,0.811822772026062,0.6692777872085571
AlJazeeraEnglish,Resistance,Zionist,0,108,2,0.0,0.0,0.5675548911094666,0.4060254693031311
AlJazeeraEnglish,Resistance,Resistance,1,91,2,0.0,0.0,0.5309826731681824,0.38467592000961304
AlJazeeraEnglish,Resistance,Zionist,0,95,4,0.0,0.0,0.9835500717163086,0.9770269393920898
AlJazeeraEnglish,Resistance,Zionist,0,93,3,0.0,0.0,0.44211673736572266,0.1241326630115509
AlJazeeraEnglish,Resistance,Zionist,0,70,1,0.0,0.0,0.38625919818878174,0.04040101170539856
AlJazeeraEnglish,Resistance,Zionist,0,82,2,0.0,0.0,0.4390707314014435,0.18347084522247314
AlJazeeraEnglish,Resistance,Western,0,86,1,0.0,0.0,0.34765005111694336,0.05489623546600342
AlJazeeraEnglish,Resistance,Resistance,1,109,3,0.0,0.0,0.5306382179260254,0.17664024233818054
AlJazeeraEnglish,Resistance,Right-wing,0,76,0,0.0,0.0,0.5210170745849609,0.3491317629814148
AlJazeeraEnglish,Resistance,Resistance,1,89,3,0.0,0.0,0.7509711384773254,0.6080501079559326
AlJazeeraEnglish,Resistance,Resistance,1,93,3,0.0,0.0,0.7562053799629211,0.5400748252868652
AlJazeeraEnglish,Resistance,Zionist,0,61,3,0.0,0.0,0.5428344011306763,0.28557106852531433
AlJazeeraEnglish,Resistance,Ukrainian,0,98,3,0.0,0.0,0.8154272437095642,0.6462194919586182
AlJazeeraEnglish,Resistance,Left-wing,0,77,2,0.0,0.0,0.4219911992549896,0.07229375839233398
AlJazeeraEnglish,Resistance,Resistance,1,83,2,0.0,0.0,0.7997063994407654,0.6764266490936279
AlJazeeraEnglish,Resistance,Resistance,1,103,3,0.0,0.0,0.7530654072761536,0.6033189296722412
AlJazeeraEnglish,Resistance,Russian,0,85,4,0.0,0.0,0.8314756155014038,0.7714263200759888
AlJazeeraEnglish,Resistance,Zionist,0,88,2,0.0,0.0,0.5667679905891418,0.32110482454299927
AlJazeeraEnglish,Resistance,Zionist,0,84,2,0.0,0.0,0.4207346439361572,0.06333783268928528
AlJazeeraEnglish,Resistance,Ukrainian,0,88,2,0.0,0.0,0.8156642913818359,0.7132474184036255
AlJazeeraEnglish,Resistance,Resistance,1,102,3,0.0,0.0,0.3790048360824585,0.07567939162254333
AlJazeeraEnglish,Resistance,Resistance,1,95,3,0.0,0.0,0.3851641118526459,0.13007837533950806
AlJazeeraEnglish,Resistance,Zionist,0,112,1,0.0,0.0,0.5962163209915161,0.2687512934207916
AlJazeeraEnglish,Resistance,Resistance,1,95,3,0.0,0.0,0.5802126526832581,0.18039780855178833
AlJazeeraEnglish,Resistance,Russian,0,96,2,0.0,0.0,0.6124271154403687,0.3404620885848999
AlJazeeraEnglish,Resistance,Resistance,1,87,2,0.0,0.0,0.8767902851104736,0.7709068655967712
AlJazeeraEnglish,Resistance,Russian,0,67,1,0.0,0.0,0.6241967082023621,0.39320141077041626
AlJazeeraEnglish,Resistance,Resistance,1,97,2,0.0,0.0,0.9911933541297913,0.9839293956756592
AlJazeeraEnglish,Resistance,Ukrainian,0,89,1,0.0,0.0,0.431454598903656,0.2390027791261673
AlJazeeraEnglish,Resistance,Resistance,1,81,1,0.0,0.0,0.49822792410850525,0.14070919156074524
AlJazeeraEnglish,Resistance,Right-wing,0,85,1,1.0,-0.0,0.574849009513855,0.2781878411769867
AlJazeeraEnglish,Resistance,Resistance,1,107,2,0.0,0.0,0.5372365713119507,0.22380977869033813
AlJazeeraEnglish,Resistance,Zionist,0,92,3,0.0,0.0,0.8683822154998779,0.7802846431732178
AlJazeeraEnglish,Resistance,Resistance,1,103,1,1.0,-0.0,0.4822671711444855,0.05176335573196411
AlJazeeraEnglish,Resistance,Left-wing,0,76,1,1.0,-0.0,0.771552324295044,0.662638783454895
AlJazeeraEnglish,Resistance,Russian,0,85,2,0.0,0.0,0.4731052815914154,0.24173665046691895
AlJazeeraEnglish,Resistance,Ukrainian,0,91,3,0.0,0.0,0.7211416959762573,0.4558008015155792
AlJazeeraEnglish,Resistance,Ukrainian,0,81,3,0.0,0.0,0.8142606019973755,0.6306857466697693
AlJazeeraEnglish,Resistance,Russian,0,86,4,0.0,0.0,0.43629080057144165,0.15599948167800903
AlJazeeraEnglish,Resistance,Western,0,76,1,1.0,-0.0,0.5967176556587219,0.3183915317058563
AlJazeeraEnglish,Resistance,Right-wing,0,91,2,1.0,-0.0,0.8454761505126953,0.7132518887519836
AlJazeeraEnglish,Resistance,Zionist,0,95,3,0.0,0.0,0.7058092355728149,0.47706496715545654
AlJazeeraEnglish,Resistance,Western,0,80,2,1.0,-0.0,0.8089687824249268,0.6852393746376038
AlJazeeraEnglish,Resistance,Ukrainian,0,95,3,0.0,0.0,0.6367502808570862,0.35034438967704773
AlJazeeraEnglish,Resistance,Western,0,95,2,1.0,-0.0,0.5741965174674988,0.3540060520172119
AlJazeeraEnglish,Resistance,Russian,0,91,2,1.0,-0.0,0.47885075211524963,0.16712281107902527
AlJazeeraEnglish,Resistance,Russian,0,87,3,1.0,-0.0,0.33760565519332886,0.0629151463508606
AlJazeeraEnglish,Resistance,Western,0,81,2,0.0,0.0,0.8860198259353638,0.8129281401634216
AlJazeeraEnglish,Resistance,Zionist,0,91,2,0.0,0.0,0.2877947688102722,0.04729178547859192
AlJazeeraEnglish,Resistance,Right-wing,0,84,2,0.0,0.0,0.45841556787490845,0.24528084695339203
AlJazeeraEnglish,Resistance,Resistance,1,108,4,0.0,0.0,0.3049847483634949,0.005255907773971558
AlJazeeraEnglish,Resistance,Zionist,0,69,2,0.0,0.0,0.7996397018432617,0.6611905097961426
AlJazeeraEnglish,Resistance,Zionist,0,73,2,0.0,0.0,0.5809932947158813,0.40450000762939453
AlJazeeraEnglish,Resistance,Ukrainian,0,93,5,0.0,0.0,0.36295434832572937,0.1565464735031128
AlJazeeraEnglish,Resistance,Resistance,1,103,2,0.0,0.0,0.8061734437942505,0.7449207305908203
AlJazeeraEnglish,Resistance,Resistance,1,93,1,0.0,0.0,0.5839573740959167,0.1744440495967865
AlJazeeraEnglish,Resistance,Russian,0,96,3,0.0,0.0,0.5221379995346069,0.31025153398513794
AlJazeeraEnglish,Resistance,Right-wing,0,88,4,1.0,-0.0,0.9379158020019531,0.910901665687561
AlJazeeraEnglish,Resistance,Ukrainian,0,92,3,0.0,0.0,0.8378878235816956,0.7008418440818787
AlJazeeraEnglish,Resistance,Russian,0,107,2,0.0,0.0,0.6075688004493713,0.4297603368759155
AlJazeeraEnglish,Resistance,Right-wing,0,69,1,0.0,0.0,0.5031245946884155,0.2718368470668793
AlJazeeraEnglish,Resistance,Zionist,0,104,2,0.0,0.0,0.6909658908843994,0.5489243268966675
AlJazeeraEnglish,Resistance,Resistance,1,92,3,0.0,0.0,0.47153741121292114,0.005602896213531494
AlJazeeraEnglish,Resistance,Resistance,1,84,3,0.0,0.0,0.6613077521324158,0.34827756881713867
AlJazeeraEnglish,Resistance,Right-wing,0,92,2,1.0,-0.0,0.7612259387969971,0.565092921257019
AlJazeeraEnglish,Resistance,Resistance,1,98,2,0.0,0.0,0.9220941662788391,0.8715115785598755
AlJazeeraEnglish,Resistance,Right-wing,0,92,3,0.0,0.0,0.5159143209457397,0.32865893840789795
AlJazeeraEnglish,Resistance,Left-wing,0,90,2,0.0,0.0,0.8167931437492371,0.6681698560714722
AlJazeeraEnglish,Resistance,Right-wing,0,110,2,0.0,0.0,0.6654233336448669,0.426639586687088
AlJazeeraEnglish,Resistance,Resistance,1,65,3,0.0,0.0,0.8920478224754333,0.8288356065750122
AlJazeeraEnglish,Resistance,Resistance,1,92,2,0.0,0.0,0.8249342441558838,0.7545251846313477
AlJazeeraEnglish,Resistance,Right-wing,0,101,1,0.0,0.0,0.5281264781951904,0.13941824436187744
AlJazeeraEnglish,Resistance,Right-wing,0,84,2,0.0,0.0,0.6082743406295776,0.32076770067214966
AlJazeeraEnglish,Resistance,Russian,0,111,2,0.0,0.0,0.9628049731254578,0.9386602640151978
AlJazeeraEnglish,Resistance,Zionist,0,86,1,0.0,0.0,0.8437051773071289,0.7875427007675171
AlJazeeraEnglish,Resistance,Left-wing,0,92,1,0.0,0.0,0.4398390054702759,0.1319284737110138
AlJazeeraEnglish,Resistance,Zionist,0,110,3,1.0,-0.0,0.779388427734375,0.6327978372573853
AlJazeeraEnglish,Resistance,Resistance,1,85,4,0.0,0.0,0.523496687412262,0.2931075692176819
AlJazeeraEnglish,Resistance,Western,0,103,4,0.0,0.0,0.5027568340301514,0.3699468970298767
AlJazeeraEnglish,Resistance,Ukrainian,0,103,2,0.0,0.0,0.6904457807540894,0.3902233839035034
AlJazeeraEnglish,Resistance,Zionist,0,82,2,0.0,0.0,0.5721672773361206,0.416077196598053
AlJazeeraEnglish,Resistance,Zionist,0,110,5,0.0,0.0,0.48047706484794617,0.14131560921669006
AlJazeeraEnglish,Resistance,Resistance,1,97,2,0.0,0.0,0.5273065567016602,0.17902198433876038
AlJazeeraEnglish,Resistance,Zionist,0,76,4,0.0,0.0,0.4483245611190796,0.15921711921691895
AlJazeeraEnglish,Resistance,Resistance,1,85,3,0.0,0.0,0.7692868709564209,0.6386778354644775
AlJazeeraEnglish,Resistance,Right-wing,0,106,2,0.0,0.0,0.23974213004112244,0.02695956826210022
AlJazeeraEnglish,Resistance,Resistance,1,64,1,0.0,0.0,0.5345492959022522,0.2572183310985565
AlJazeeraEnglish,Resistance,Zionist,0,118,3,0.0,0.0,0.9601017832756042,0.9390464425086975
AlJazeeraEnglish,Resistance,Right-wing,0,102,1,0.0,0.0,0.834984302520752,0.7732819318771362
AlJazeeraEnglish,Resistance,Left-wing,0,92,1,0.0,0.0,0.5230163931846619,0.09200391173362732
AlJazeeraEnglish,Resistance,Right-wing,0,91,3,0.0,0.0,0.6723406314849854,0.5662521719932556
AlJazeeraEnglish,Resistance,Right-wing,0,94,1,0.0,0.0,0.4416964054107666,0.11119434237480164
AlJazeeraEnglish,Resistance,Zionist,0,83,3,0.0,0.0,0.7934334874153137,0.641981840133667
AlJazeeraEnglish,Resistance,Zionist,0,95,2,0.0,0.0,0.6165167689323425,0.2900233268737793
AlJazeeraEnglish,Resistance,Right-wing,0,90,2,1.0,-0.0,0.8572140336036682,0.7900183796882629
AlJazeeraEnglish,Resistance,Left-wing,0,92,1,1.0,-0.0,0.3566519618034363,0.08952897787094116
AlJazeeraEnglish,Resistance,Russian,0,114,4,0.0,0.0,0.5283722281455994,0.3062674403190613
AlJazeeraEnglish,Resistance,Zionist,0,99,1,0.0,0.0,0.7834664583206177,0.600784182548523
AlJazeeraEnglish,Resistance,Russian,0,63,0,0.0,0.0,0.7527920603752136,0.5683830976486206
AlJazeeraEnglish,Resistance,Resistance,1,101,2,0.0,0.0,0.8707912564277649,0.8234655857086182
AlJazeeraEnglish,Resistance,Resistance,1,93,1,0.0,0.0,0.5839573740959167,0.1744440495967865
AlJazeeraEnglish,Resistance,Zionist,0,91,2,0.0,0.0,0.49714794754981995,0.25990334153175354
AlJazeeraEnglish,Resistance,Ukrainian,0,85,1,0.0,0.0,0.4587409794330597,0.10020744800567627
AlJazeeraEnglish,Resistance,Left-wing,0,88,1,1.0,-0.0,0.3034112751483917,0.02949008345603943
AlJazeeraEnglish,Resistance,Resistance,1,102,2,1.0,-0.0,0.3854725658893585,0.005641162395477295
AlJazeeraEnglish,Resistance,Zionist,0,99,2,0.0,0.0,0.451282799243927,0.11146852374076843
AlJazeeraEnglish,Resistance,Resistance,1,101,2,0.0,0.0,0.5019519329071045,0.17575931549072266
AlJazeeraEnglish,Resistance,Resistance,1,97,3,0.0,0.0,0.4205976128578186,0.24893517792224884
AlJazeeraEnglish,Resistance,Resistance,1,97,3,0.0,0.0,0.5948599576950073,0.3667934536933899
PressTV,Resistance,Resistance,1,199,6,0.8178544640541077,0.47463130950927734,0.8541755080223083,0.8011319637298584
PressTV,Resistance,Right-wing,0,135,5,1.0,-0.0,0.8951254487037659,0.823070228099823
PressTV,Resistance,Resistance,1,60,2,1.0,-0.0,0.38581910729408264,0.03777968883514404
PressTV,Resistance,Resistance,1,282,5,0.0,0.0,0.4499213397502899,0.2545102536678314
PressTV,Resistance,Zionist,0,269,8,0.0,0.0,0.6397849321365356,0.3207300007343292
PressTV,Resistance,Resistance,1,170,6,0.0,0.0,0.7719670534133911,0.6084833741188049
PressTV,Resistance,Resistance,1,61,3,0.0,0.0,0.8574517965316772,0.720566987991333
PressTV,Resistance,Resistance,1,91,3,0.36196255683898926,1.315927505493164,0.6669111251831055,0.45176947116851807
PressTV,Resistance,Zionist,0,61,2,0.0,0.0,0.871549129486084,0.7576929926872253
PressTV,Resistance,Resistance,1,104,4,1.0,-0.0,0.5788539052009583,0.30879926681518555
PressTV,Resistance,Resistance,1,185,2,0.0,0.0,0.5404233932495117,0.2877795994281769
PressTV,Resistance,Resistance,1,120,3,0.0,0.0,0.6646649241447449,0.4112239480018616
PressTV,Resistance,Resistance,1,89,3,0.0,0.0,0.439140647649765,0.12414556741714478
PressTV,Resistance,Resistance,1,93,1,0.6369339823722839,0.6551618576049805,0.9535871744155884,0.9121731519699097
PressTV,Resistance,Right-wing,0,278,5,0.0,0.0,0.6911652088165283,0.5721407532691956
PressTV,Resistance,Resistance,1,106,3,0.0,0.0,0.7149952054023743,0.6225535273551941
PressTV,Resistance,Resistance,1,90,3,0.0,0.0,0.4921620488166809,0.1831555962562561
PressTV,Resistance,Resistance,1,107,4,0.0,0.0,0.7577614784240723,0.5810186862945557
PressTV,Resistance,Resistance,1,237,6,1.0,-0.0,0.8100888133049011,0.6524956226348877
PressTV,Resistance,Zionist,0,211,6,0.0,0.0,0.8762075901031494,0.8188506960868835
PressTV,Resistance,Russian,0,203,6,0.2999708354473114,1.3792223930358887,0.3656211197376251,0.14939242601394653
PressTV,Resistance,Resistance,1,106,2,0.0,0.0,0.5926468372344971,0.38314735889434814
PressTV,Resistance,Resistance,1,102,2,0.0,0.0,0.7808412313461304,0.6738971471786499
PressTV,Resistance,Resistance,1,95,6,0.0,0.0,0.6243655681610107,0.359326034784317
PressTV,Resistance,Resistance,1,92,2,0.0,0.0,0.5908986330032349,0.2442963719367981
PressTV,Resistance,Zionist,0,244,8,1.0,-0.0,0.668219268321991,0.4648098647594452
PressTV,Resistance,Zionist,0,252,3,0.0,0.0,0.731310248374939,0.6402719616889954
PressTV,Resistance,Resistance,1,349,10,0.0,0.0,0.9382025599479675,0.8991124629974365
PressTV,Resistance,Russian,0,321,8,0.0,0.0,0.6126570105552673,0.3097842335700989
PressTV,Resistance,Ukrainian,0,128,3,0.0,0.0,0.883005678653717,0.8331435322761536
PressTV,Resistance,Resistance,1,74,3,0.0,0.0,0.7368793487548828,0.5511007308959961
PressTV,Resistance,Russian,0,345,8,0.0,0.0,0.760718047618866,0.6552103757858276
PressTV,Resistance,Russian,0,609,12,1.0,-0.0,0.8782589435577393,0.7684462070465088
PressTV,Resistance,Resistance,1,90,3,1.0,-0.0,0.8297631740570068,0.6861985921859741
PressTV,Resistance,Resistance,1,94,3,0.0,0.0,0.7898164391517639,0.6389182806015015
PressTV,Resistance,Resistance,1,120,4,1.0,-0.0,0.4811852276325226,0.1998687982559204
PressTV,Resistance,Resistance,1,103,6,1.0,-0.0,0.8430270552635193,0.7458646297454834
PressTV,Resistance,Resistance,1,111,3,0.0,0.0,0.725521981716156,0.5266127586364746
PressTV,Resistance,Zionist,0,230,6,0.0,0.0,0.32757967710494995,0.032345980405807495
PressTV,Resistance,Resistance,1,57,2,0.0,0.0,0.43406257033348083,0.17717483639717102
PressTV,Resistance,Resistance,1,161,8,0.0,0.0,0.49097561836242676,0.08172345161437988
PressTV,Resistance,Resistance,1,84,5,0.0,0.0,0.36853381991386414,0.10623878240585327
PressTV,Resistance,Resistance,1,84,1,0.0,0.0,0.8457520008087158,0.7647752165794373
PressTV,Resistance,Resistance,1,86,4,0.0,0.0,0.5391603708267212,0.1573655903339386
PressTV,Resistance,Zionist,0,104,3,0.0,0.0,0.4761982262134552,0.23277431726455688
PressTV,Resistance,Resistance,1,67,3,0.0,0.0,0.8349931836128235,0.7268248796463013
PressTV,Resistance,Resistance,1,126,4,0.0,0.0,0.45008596777915955,0.05982354283332825
PressTV,Resistance,Resistance,1,109,4,0.0,0.0,0.6622164249420166,0.47723573446273804
PressTV,Resistance,Zionist,0,246,9,0.0,0.0,0.7062470316886902,0.42685312032699585
PressTV,Resistance,Resistance,1,132,2,0.0,0.0,0.8936202526092529,0.8156823515892029
PressTV,Resistance,Left-wing,0,271,8,0.0,0.0,0.6562884449958801,0.5556517839431763
PressTV,Resistance,Resistance,1,116,5,0.0,0.0,0.974980890750885,0.9621578454971313
PressTV,Resistance,Resistance,1,227,5,0.0,0.0,0.4152076244354248,0.11025181412696838
PressTV,Resistance,Russian,0,115,5,0.0,0.0,0.5888569951057434,0.3525204062461853
PressTV,Resistance,Russian,0,170,3,0.0,0.0,0.48803436756134033,0.22222909331321716
PressTV,Resistance,Zionist,0,156,4,1.0,-0.0,0.27101829648017883,0.02798214554786682
PressTV,Resistance,Resistance,1,128,3,1.0,-0.0,0.5505937933921814,0.3628844618797302
PressTV,Resistance,Resistance,1,83,3,0.0,0.0,0.4202532172203064,0.15443000197410583
PressTV,Resistance,Western,0,194,4,1.0,-0.0,0.42103296518325806,0.13057413697242737
PressTV,Resistance,Resistance,1,86,3,0.0,0.0,0.6658167839050293,0.5374716520309448
PressTV,Resistance,Zionist,0,101,4,0.0,0.0,0.35776451230049133,0.04557761549949646
PressTV,Resistance,Resistance,1,202,8,1.0,-0.0,0.8055914044380188,0.7287854552268982
PressTV,Resistance,Resistance,1,278,6,0.0,0.0,0.3687014579772949,0.0788966715335846
PressTV,Resistance,Zionist,0,138,4,1.0,-0.0,0.5341640114784241,0.2526898682117462
PressTV,Resistance,Resistance,1,156,3,0.8216667771339417,0.4688566327095032,0.960541307926178,0.9406738877296448
PressTV,Resistance,Resistance,1,125,4,1.0,-0.0,0.6124848127365112,0.42223405838012695
PressTV,Resistance,Zionist,0,98,2,0.0,0.0,0.656951367855072,0.5049712657928467
PressTV,Resistance,Zionist,0,165,4,0.0,0.0,0.45361098647117615,0.06454229354858398
PressTV,Resistance,Zionist,0,148,7,0.0,0.0,0.7688252925872803,0.7079797387123108
PressTV,Resistance,Zionist,0,236,7,0.0,0.0,0.460486501455307,0.28189313411712646
PressTV,Resistance,Zionist,0,103,4,0.0,0.0,0.6921225190162659,0.5443906188011169
PressTV,Resistance,Resistance,1,208,7,0.0,0.0,0.3665047585964203,0.06078827381134033
PressTV,Resistance,Resistance,1,79,3,0.0,0.0,0.5487102270126343,0.1573353111743927
PressTV,Resistance,Russian,0,79,3,0.0,0.0,0.8138638138771057,0.7182776927947998
PressTV,Resistance,Zionist,0,160,4,1.0,-0.0,0.42054685950279236,0.14545506238937378
PressTV,Resistance,Resistance,1,58,2,0.0,0.0,0.7612037658691406,0.6842547655105591
PressTV,Resistance,Russian,0,334,11,1.0,-0.0,0.7043651342391968,0.5201404094696045
PressTV,Resistance,Resistance,1,77,1,0.0,0.0,0.5459356904029846,0.30863434076309204
PressTV,Resistance,Resistance,1,161,3,0.0,0.0,0.9362488389015198,0.8928422331809998
PressTV,Resistance,Russian,0,47,2,1.0,-0.0,0.5723048448562622,0.34038305282592773
PressTV,Resistance,Zionist,0,263,5,0.6754075884819031,0.6302827596664429,0.7706866264343262,0.5556999444961548
PressTV,Resistance,Russian,0,82,3,0.0,0.0,0.31776267290115356,0.03893435001373291
PressTV,Resistance,Russian,0,148,6,0.0,0.0,0.9553588032722473,0.9329944849014282
PressTV,Resistance,Right-wing,0,183,6,0.0,0.0,0.9184336066246033,0.8769609928131104
PressTV,Resistance,Zionist,0,181,7,0.0,0.0,0.6917149424552917,0.4748033285140991
PressTV,Resistance,Zionist,0,84,3,1.0,-0.0,0.9294039607048035,0.899307370185852
PressTV,Resistance,Ukrainian,0,280,8,0.0,0.0,0.3721156418323517,0.05866372585296631
PressTV,Resistance,Resistance,1,119,5,0.0,0.0,0.3874151110649109,0.02254459261894226
PressTV,Resistance,Resistance,1,107,2,0.0,0.0,0.8241506218910217,0.6983057856559753
PressTV,Resistance,Resistance,1,111,2,0.0,0.0,0.8133744597434998,0.7190441489219666
PressTV,Resistance,Russian,0,74,2,0.0,0.0,0.7108029127120972,0.5085442066192627
PressTV,Resistance,Resistance,1,66,1,0.0,0.0,0.5729981660842896,0.3082309067249298
PressTV,Resistance,Resistance,1,78,4,0.0,0.0,0.8785259127616882,0.8043689131736755
PressTV,Resistance,Resistance,1,81,2,0.6369339823722839,0.6551618576049805,0.9351198077201843,0.8772027492523193
PressTV,Resistance,Right-wing,0,203,2,0.0,0.0,0.40846964716911316,0.1881323605775833
PressTV,Resistance,Resistance,1,89,3,1.0,-0.0,0.8200066089630127,0.6706032752990723
PressTV,Resistance,Russian,0,260,5,0.0,0.0,0.8139268159866333,0.7260218262672424
PressTV,Resistance,Russian,0,143,4,1.0,-0.0,0.7713201642036438,0.595643937587738
PressTV,Resistance,Resistance,1,166,5,0.0,0.0,0.8329772353172302,0.7667392492294312
PressTV,Resistance,Zionist,0,94,3,0.0,0.0,0.38970792293548584,0.00881931185722351
PressTV,Resistance,Zionist,0,177,6,0.0,0.0,0.34201696515083313,0.04003414511680603
PressTV,Resistance,Resistance,1,167,4,0.0,0.0,0.5020766854286194,0.12721827626228333
PressTV,Resistance,Resistance,1,99,4,1.0,-0.0,0.8838515877723694,0.812436580657959
PressTV,Resistance,Zionist,0,154,3,0.0,0.0,0.7190148830413818,0.6095362901687622
PressTV,Resistance,Resistance,1,350,13,0.0,0.0,0.9106696248054504,0.8410353660583496
PressTV,Resistance,Right-wing,0,111,3,0.0,0.0,0.4375981092453003,0.20332731306552887
PressTV,Resistance,Resistance,1,268,7,0.0,0.0,0.8098667860031128,0.6798918843269348
PressTV,Resistance,Zionist,0,81,3,1.0,-0.0,0.49533388018608093,0.19780462980270386
PressTV,Resistance,Left-wing,0,195,6,0.0,0.0,0.4909589886665344,0.24217799305915833
PressTV,Resistance,Resistance,1,81,2,0.0,0.0,0.4126761555671692,0.1043480634689331
PressTV,Resistance,Left-wing,0,67,3,0.0,0.0,0.535297155380249,0.20841547846794128
PressTV,Resistance,Resistance,1,230,8,0.8178544640541077,0.47463130950927734,0.9818182587623596,0.9741334915161133
PressTV,Resistance,Resistance,1,339,7,0.0,0.0,0.5774583220481873,0.39803004264831543
PressTV,Resistance,Resistance,1,87,1,0.0,0.0,0.5917001962661743,0.35334351658821106
PressTV,Resistance,Resistance,1,101,3,0.0,0.0,0.5565626621246338,0.2521480321884155
PressTV,Resistance,Resistance,1,110,5,0.7027615308761597,0.6085062623023987,0.9717525243759155,0.9581297039985657
PressTV,Resistance,Resistance,1,93,4,1.0,-0.0,0.9724719524383545,0.9495306015014648
PressTV,Resistance,Zionist,0,207,5,0.5804663896560669,0.6801409721374512,0.5206803679466248,0.14173710346221924
PressTV,Resistance,Zionist,0,217,5,0.0,0.0,0.3360501825809479,0.1333387941122055
PressTV,Resistance,Russian,0,299,6,0.0,0.0,0.4428021013736725,0.13589391112327576
PressTV,Resistance,Resistance,1,76,3,0.0,0.0,0.851740300655365,0.7824211716651917
PressTV,Resistance,Zionist,0,90,3,0.0,0.0,0.7545441389083862,0.5650076866149902
PressTV,Resistance,Resistance,1,143,4,0.8216667771339417,0.4688566327095032,0.9664599895477295,0.9532381892204285
PressTV,Resistance,Zionist,0,81,4,0.0,0.0,0.5990097522735596,0.2153482735157013
PressTV,Resistance,Zionist,0,48,2,0.0,0.0,0.6073197722434998,0.25579142570495605
PressTV,Resistance,Resistance,1,58,1,1.0,-0.0,0.6759341955184937,0.4896380603313446
PressTV,Resistance,Resistance,1,170,7,0.0,0.0,0.5590400099754333,0.25375160574913025
PressTV,Resistance,Left-wing,0,243,5,1.0,-0.0,0.6471630930900574,0.5136502385139465
PressTV,Resistance,Resistance,1,176,6,1.0,-0.0,0.6160914897918701,0.4671899080276489
PressTV,Resistance,Resistance,1,341,8,0.5146909952163696,0.6927154660224915,0.8298255801200867,0.7369389533996582
PressTV,Resistance,Russian,0,195,4,0.0,0.0,0.5778627395629883,0.36582398414611816
PressTV,Resistance,Zionist,0,173,3,0.0,0.0,0.8772714138031006,0.8132117986679077
PressTV,Resistance,Resistance,1,141,3,0.0,0.0,0.4980846345424652,0.21913450956344604
PressTV,Resistance,Resistance,1,242,7,0.8883586525917053,0.4127720296382904,0.8032166957855225,0.7084952592849731
PressTV,Resistance,Zionist,0,420,11,1.0,-0.0,0.45249950885772705,0.21702592074871063
PressTV,Resistance,Zionist,0,110,6,0.0,0.0,0.5036057829856873,0.19211220741271973
PressTV,Resistance,Russian,0,37,3,0.0,0.0,0.8627093434333801,0.7379025816917419
PressTV,Resistance,Resistance,1,55,4,0.0,0.0,0.8970493674278259,0.8197891116142273
PressTV,Resistance,Resistance,1,103,3,0.0,0.0,0.9206933975219727,0.8417898416519165
PressTV,Resistance,Zionist,0,171,4,0.0,0.0,0.36348724365234375,0.030410796403884888
PressTV,Resistance,Zionist,0,89,4,0.0,0.0,0.45108142495155334,0.14197459816932678
PressTV,Resistance,Resistance,1,109,4,0.0,0.0,0.5538521409034729,0.38411158323287964
PressTV,Resistance,Russian,0,192,4,1.0,-0.0,0.811451256275177,0.6948055624961853
PressTV,Resistance,Zionist,0,164,4,0.0,0.0,0.8716943264007568,0.7782540321350098
PressTV,Resistance,Russian,0,511,7,0.0,0.0,0.7820176482200623,0.6351330280303955
PressTV,Resistance,Resistance,1,367,6,0.0,0.0,0.7763825058937073,0.6892758011817932
PressTV,Resistance,Zionist,0,162,2,0.0,0.0,0.4695458710193634,0.21141260862350464
PressTV,Resistance,Russian,0,131,6,0.0,0.0,0.5292341113090515,0.2787957787513733
PressTV,Resistance,Resistance,1,74,2,0.0,0.0,0.5662661790847778,0.19141903519630432
PressTV,Resistance,Zionist,0,113,4,0.0,0.0,0.6445538997650146,0.4465647041797638
PressTV,Resistance,Zionist,0,87,2,0.0,0.0,0.48179173469543457,0.17379632592201233
PressTV,Resistance,Resistance,1,370,7,1.0,-0.0,0.6961509585380554,0.5923728346824646
PressTV,Resistance,Resistance,1,74,2,0.0,0.0,0.6453762054443359,0.4593772292137146
PressTV,Resistance,Resistance,1,79,3,0.0,0.0,0.8469871282577515,0.7087342143058777
PressTV,Resistance,Resistance,1,98,3,0.0,0.0,0.6104353070259094,0.2898898124694824
PressTV,Resistance,Russian,0,101,3,1.0,-0.0,0.7868835926055908,0.6238960027694702
PressTV,Resistance,Resistance,1,88,3,0.0,0.0,0.41189688444137573,0.24602755904197693
PressTV,Resistance,Resistance,1,257,4,1.0,-0.0,0.9811375141143799,0.9654877185821533
PressTV,Resistance,Zionist,0,184,4,0.0,0.0,0.5469033718109131,0.23308518528938293
PressTV,Resistance,Resistance,1,70,3,0.0,0.0,0.9596543312072754,0.927115261554718
PressTV,Resistance,Zionist,0,143,4,0.0,0.0,0.5822749137878418,0.3213796615600586
PressTV,Resistance,Zionist,0,146,3,0.0,0.0,0.39051416516304016,0.02688497304916382
PressTV,Resistance,Resistance,1,362,8,1.0,-0.0,0.8765639066696167,0.7548432946205139
PressTV,Resistance,Resistance,1,163,3,1.0,-0.0,0.5620431303977966,0.32936936616897583
PressTV,Resistance,Zionist,0,231,8,0.0,0.0,0.39952343702316284,0.18191373348236084
PressTV,Resistance,Resistance,1,260,4,0.0,0.0,0.3672988712787628,0.0708213746547699
PressTV,Resistance,Resistance,1,169,6,0.0,0.0,0.8798399567604065,0.805808961391449
PressTV,Resistance,Resistance,1,240,10,0.0,0.0,0.7245462536811829,0.6289520859718323
PressTV,Resistance,Zionist,0,111,2,0.0,0.0,0.6577242612838745,0.3534803092479706
PressTV,Resistance,Zionist,0,224,6,0.0,0.0,0.33815592527389526,0.05750223994255066
PressTV,Resistance,Right-wing,0,191,9,0.0,0.0,0.4622151553630829,0.2195323258638382
PressTV,Resistance,Resistance,1,258,4,1.0,-0.0,0.5130271911621094,0.28062450885772705
PressTV,Resistance,Resistance,1,276,7,0.0,0.0,0.8159717321395874,0.722843587398529
PressTV,Resistance,Russian,0,155,7,1.0,-0.0,0.3949441909790039,0.09604260325431824
PressTV,Resistance,Zionist,0,344,8,0.5068703293800354,0.6930527687072754,0.32827743887901306,0.0294782817363739
PressTV,Resistance,Resistance,1,246,5,0.0,0.0,0.6820223331451416,0.4361855387687683
PressTV,Resistance,Zionist,0,105,4,0.0,0.0,0.3881705701351166,0.09894239902496338
PressTV,Resistance,Right-wing,0,263,2,0.0,0.0,0.476963073015213,0.32485833764076233
PressTV,Resistance,Resistance,1,275,6,0.0,0.0,0.4334466755390167,0.05951163172721863
PressTV,Resistance,Resistance,1,336,12,1.0,-0.0,0.6843340992927551,0.5675691366195679
PressTV,Resistance,Resistance,1,189,4,0.0,0.0,0.8606680035591125,0.7861295938491821
PressTV,Resistance,Resistance,1,303,8,1.0,-0.0,0.8521713614463806,0.7771247625350952
PressTV,Resistance,Resistance,1,196,5,1.0,-0.0,0.38193902373313904,0.14000463485717773
PressTV,Resistance,Left-wing,0,373,13,0.0,0.0,0.3699881434440613,0.03515857458114624
PressTV,Resistance,Resistance,1,314,8,0.0,0.0,0.8286139369010925,0.7698483467102051
PressTV,Resistance,Resistance,1,247,3,0.0,0.0,0.621491014957428,0.3134665787220001
PressTV,Resistance,Resistance,1,330,6,0.0,0.0,0.7698410749435425,0.619867742061615
PressTV,Resistance,Resistance,1,123,3,0.0,0.0,0.9152536392211914,0.8715988993644714
PressTV,Resistance,Western,0,259,4,0.0,0.0,0.4824824631214142,0.24810658395290375
PressTV,Resistance,Zionist,0,258,4,0.0,0.0,0.5508896708488464,0.41541799902915955
PressTV,Resistance,Resistance,1,109,3,0.0,0.0,0.9563984274864197,0.9244276285171509
PressTV,Resistance,Russian,0,238,6,1.0,-0.0,0.7827300429344177,0.681708812713623
PressTV,Resistance,Resistance,1,347,10,0.0,0.0,0.6812190413475037,0.5154809355735779
PressTV,Resistance,Resistance,1,95,4,0.0,0.0,0.9506591558456421,0.9168716073036194
PressTV,Resistance,Resistance,1,104,4,0.0,0.0,0.8935539126396179,0.8127726912498474
PressTV,Resistance,Resistance,1,125,5,0.0,0.0,0.5077973008155823,0.15347865223884583
PressTV,Resistance,Resistance,1,204,4,0.0,0.0,0.40290865302085876,0.025781452655792236
PressTV,Resistance,Resistance,1,86,3,0.0,0.0,0.5164023637771606,0.3176112473011017
PressTV,Resistance,Resistance,1,118,4,0.0,0.0,0.6810847520828247,0.5095129609107971
PressTV,Resistance,Resistance,1,114,4,1.0,-0.0,0.8317379355430603,0.6895281672477722
PressTV,Resistance,Zionist,0,276,10,0.0,0.0,0.5564276576042175,0.37735623121261597
PressTV,Resistance,Zionist,0,216,2,0.0,0.0,0.4509921371936798,0.14423620700836182
PressTV,Resistance,Zionist,0,252,3,0.0,0.0,0.7795594334602356,0.6370840668678284
PressTV,Resistance,Resistance,1,373,5,0.0,0.0,0.38326048851013184,0.028765857219696045
PressTV,Resistance,Resistance,1,114,4,0.0,0.0,0.6360645890235901,0.5283929109573364
PressTV,Resistance,Resistance,1,87,4,0.0,0.0,0.7572770714759827,0.6293079853057861
PressTV,Resistance,Zionist,0,144,5,1.0,-0.0,0.8617861866950989,0.7981188297271729
PressTV,Resistance,Resistance,1,176,5,0.0,0.0,0.8877647519111633,0.8232213854789734
PressTV,Resistance,Right-wing,0,66,5,0.0,0.0,0.31961241364479065,0.019139260053634644
PressTV,Resistance,Resistance,1,809,6,0.0,0.0,0.4512888789176941,0.12934967875480652
PressTV,Resistance,Zionist,0,232,4,1.0,-0.0,0.5071019530296326,0.2625885307788849
PressTV,Resistance,Resistance,1,144,5,0.0,0.0,0.5124582052230835,0.11141961812973022
PressTV,Resistance,Resistance,1,373,15,0.6119248867034912,0.6678792834281921,0.7693985104560852,0.6105732917785645
PressTV,Resistance,Zionist,0,180,6,0.0,0.0,0.7782636880874634,0.6734622716903687
PressTV,Resistance,Resistance,1,108,2,0.0,0.0,0.7061941623687744,0.45713019371032715
PressTV,Resistance,Resistance,1,334,8,0.5412074327468872,0.6897472143173218,0.2880811393260956,0.028583914041519165
PressTV,Resistance,Resistance,1,120,3,0.5999180674552917,0.6730448603630066,0.981433093547821,0.9644794464111328
PressTV,Resistance,Resistance,1,88,5,0.0,0.0,0.6981939673423767,0.5819658637046814
PressTV,Resistance,Resistance,1,130,2,0.0,0.0,0.6116239428520203,0.3876924514770508
PressTV,Resistance,Zionist,0,159,4,0.0,0.0,0.5578710436820984,0.2477772831916809
PressTV,Resistance,Resistance,1,176,2,1.0,-0.0,0.600907564163208,0.43574100732803345
PressTV,Resistance,Resistance,1,272,7,0.0,0.0,0.7519923448562622,0.597531259059906
PressTV,Resistance,Left-wing,0,177,7,0.0,0.0,0.8098931312561035,0.6993253231048584
PressTV,Resistance,Resistance,1,313,6,1.0,-0.0,0.9389347434043884,0.8909841775894165
PressTV,Resistance,Zionist,0,154,4,0.0,0.0,0.5248566269874573,0.23811814188957214
PressTV,Resistance,Resistance,1,275,9,0.0,0.0,0.44232019782066345,0.2024918794631958
PressTV,Resistance,Resistance,1,166,7,0.0,0.0,0.923913300037384,0.8821309804916382
PressTV,Resistance,Resistance,1,155,4,1.0,-0.0,0.7181335091590881,0.46348559856414795
PressTV,Resistance,Resistance,1,166,4,0.0,0.0,0.5545446872711182,0.3534533977508545
PressTV,Resistance,Russian,0,92,3,0.0,0.0,0.5838359594345093,0.4228907525539398
PressTV,Resistance,Resistance,1,136,2,0.0,0.0,0.6365745663642883,0.4262731671333313
PressTV,Resistance,Zionist,0,275,4,0.0,0.0,0.7135143280029297,0.5677084922790527
PressTV,Resistance,Resistance,1,141,4,0.0,0.0,0.7504281401634216,0.5920735001564026
PressTV,Resistance,Resistance,1,122,5,0.6094642281532288,0.9396703243255615,0.6554154753684998,0.35509738326072693
PressTV,Resistance,Resistance,1,271,7,0.0,0.0,0.6595163345336914,0.3485771119594574
PressTV,Resistance,Resistance,1,81,1,0.0,0.0,0.31669554114341736,0.0027634501457214355
PressTV,Resistance,Russian,0,93,3,0.0,0.0,0.5362526178359985,0.2753829061985016
PressTV,Resistance,Resistance,1,74,1,0.6953150033950806,0.7933319807052612,0.8692298531532288,0.7410712242126465
PressTV,Resistance,Zionist,0,282,6,0.0,0.0,0.6176923513412476,0.2882433831691742
PressTV,Resistance,Resistance,1,87,4,0.0,0.0,0.9039162993431091,0.8394910097122192
PressTV,Resistance,Zionist,0,114,3,0.0,0.0,0.8940183520317078,0.82200026512146
PressTV,Resistance,Resistance,1,113,3,1.0,-0.0,0.7506209015846252,0.6625705361366272
PressTV,Resistance,Zionist,0,85,3,1.0,-0.0,0.39861351251602173,0.14152613282203674
PressTV,Resistance,Russian,0,74,1,0.0,0.0,0.40495988726615906,0.10328564047813416
PressTV,Resistance,Russian,0,210,5,1.0,-0.0,0.29633599519729614,0.11003409326076508
PressTV,Resistance,Resistance,1,251,10,1.0,-0.0,0.6842222213745117,0.4732600152492523
PressTV,Resistance,Zionist,0,374,11,1.0,-0.0,0.6045828461647034,0.35542869567871094
PressTV,Resistance,Western,0,188,3,0.0,0.0,0.32468074560165405,0.12390512228012085
PressTV,Resistance,Resistance,1,340,8,0.0,0.0,0.3775434195995331,0.08033868670463562
PressTV,Resistance,Zionist,0,114,3,0.0,0.0,0.4892541468143463,0.13588136434555054
PressTV,Resistance,Russian,0,81,2,0.0,0.0,0.42736053466796875,0.04240730404853821
PressTV,Resistance,Right-wing,0,153,4,1.0,-0.0,0.383439302444458,0.1616346389055252
PressTV,Resistance,Right-wing,0,273,9,0.0,0.0,0.5436124205589294,0.3091793656349182
PressTV,Resistance,Zionist,0,109,3,0.0,0.0,0.5632874965667725,0.34481585025787354
PressTV,Resistance,Zionist,0,283,6,0.0,0.0,0.871407687664032,0.7822606563568115
PressTV,Resistance,Resistance,1,158,2,0.0,0.0,0.534367561340332,0.2755880653858185
PressTV,Resistance,Resistance,1,329,5,0.0,0.0,0.8736048340797424,0.8128606081008911
PressTV,Resistance,Resistance,1,60,3,1.0,-0.0,0.9321992993354797,0.8743634819984436
PressTV,Resistance,Resistance,1,277,5,0.6298060417175293,0.9152059555053711,0.5667759776115417,0.28570035099983215
PressTV,Resistance,Resistance,1,258,6,1.0,-0.0,0.7385095357894897,0.6042934656143188
PressTV,Resistance,Russian,0,84,3,0.0,0.0,0.5649765133857727,0.3801327645778656
PressTV,Resistance,Zionist,0,247,7,0.0,0.0,0.5065711140632629,0.21745514869689941
PressTV,Resistance,Zionist,0,207,2,1.0,-0.0,0.6881229281425476,0.45019447803497314
PressTV,Resistance,Resistance,1,105,2,0.0,0.0,0.9078544974327087,0.8760699033737183
PressTV,Resistance,Russian,0,89,1,0.0,0.0,0.4953605532646179,0.3187026083469391
PressTV,Resistance,Zionist,0,224,7,0.0,0.0,0.3768111765384674,0.0007057785987854004
PressTV,Resistance,Zionist,0,210,7,0.0,0.0,0.7527567148208618,0.5141218900680542
PressTV,Resistance,Resistance,1,204,6,0.0,0.0,0.32818740606307983,0.07689538598060608
PressTV,Resistance,Resistance,1,121,4,0.0,0.0,0.6260430216789246,0.31331396102905273
PressTV,Resistance,Left-wing,0,230,10,0.0,0.0,0.3294236958026886,0.09469547867774963
PressTV,Resistance,Resistance,1,258,6,0.0,0.0,0.4472935199737549,0.018099337816238403
PressTV,Resistance,Resistance,1,100,4,0.0,0.0,0.5336825251579285,0.3018302917480469
PressTV,Resistance,Zionist,0,267,3,0.0,0.0,0.45519474148750305,0.06234031915664673
PressTV,Resistance,Resistance,1,166,8,1.0,-0.0,0.5763396620750427,0.3535841107368469
PressTV,Resistance,Zionist,0,85,4,0.0,0.0,0.5942727327346802,0.3572046160697937
PressTV,Resistance,Resistance,1,166,6,0.0,0.0,0.8096580505371094,0.6645265221595764
PressTV,Resistance,Western,0,251,7,1.0,-0.0,0.5464039444923401,0.30049246549606323
PressTV,Resistance,Zionist,0,235,4,0.0,0.0,0.41575273871421814,0.14235803484916687
PressTV,Resistance,Resistance,1,123,5,0.0,0.0,0.9496508836746216,0.9003853797912598
PressTV,Resistance,Right-wing,0,124,2,0.0,0.0,0.5074167847633362,0.30590808391571045
PressTV,Resistance,Resistance,1,118,2,0.8149735927581787,0.4789302945137024,0.6405182480812073,0.35554102063179016
PressTV,Resistance,Zionist,0,177,5,1.0,-0.0,0.46688827872276306,0.12359759211540222
PressTV,Resistance,Resistance,1,373,6,0.0,0.0,0.41505488753318787,0.1691526621580124
PressTV,Resistance,Russian,0,1738,16,0.5733347535133362,0.9779436588287354,0.6241262555122375,0.27196717262268066
PressTV,Resistance,Russian,0,116,4,1.0,-0.0,0.8684802055358887,0.7925999164581299
PressTV,Resistance,Zionist,0,147,4,0.0,0.0,0.45435425639152527,0.20246121287345886
PressTV,Resistance,Zionist,0,274,6,1.0,-0.0,0.4125039577484131,0.12625354528427124
PressTV,Resistance,Zionist,0,217,9,0.0,0.0,0.4172801673412323,0.15888187289237976
PressTV,Resistance,Right-wing,0,277,4,1.0,-0.0,0.43080955743789673,0.23404283821582794
PressTV,Resistance,Russian,0,81,2,0.0,0.0,0.3145960569381714,0.00898626446723938
PressTV,Resistance,Resistance,1,343,14,0.0,0.0,0.8827283382415771,0.833544909954071
PressTV,Resistance,Zionist,0,70,4,1.0,-0.0,0.8599991202354431,0.7944666147232056
PressTV,Resistance,Left-wing,0,76,4,0.0,0.0,0.2919594943523407,0.02042025327682495
PressTV,Resistance,Resistance,1,111,2,1.0,-0.0,0.6613582372665405,0.503695547580719
PressTV,Resistance,Resistance,1,159,5,0.8192563056945801,0.4725193381309509,0.8660839796066284,0.776752233505249
PressTV,Resistance,Russian,0,198,4,0.0,0.0,0.6778069138526917,0.5186108350753784
PressTV,Resistance,Resistance,1,174,6,0.0,0.0,0.9367905259132385,0.9044591784477234
PressTV,Resistance,Resistance,1,107,4,0.0,0.0,0.7810901403427124,0.6989740133285522
PressTV,Resistance,Right-wing,0,320,11,1.0,-0.0,0.4121284782886505,0.03590989112854004
PressTV,Resistance,Resistance,1,175,5,1.0,-0.0,0.8147392868995667,0.6836238503456116
PressTV,Resistance,Resistance,1,88,2,0.0,0.0,0.5978266000747681,0.4439234733581543
PressTV,Resistance,Zionist,0,294,7,0.0,0.0,0.3948558270931244,0.11830192804336548
PressTV,Resistance,Left-wing,0,141,4,0.0,0.0,0.23744121193885803,0.008650094270706177
PressTV,Resistance,Russian,0,471,16,1.0,-0.0,0.9616115689277649,0.9413461685180664
PressTV,Resistance,Resistance,1,124,4,0.0,0.0,0.9208568334579468,0.8463781476020813
PressTV,Resistance,Resistance,1,160,5,0.0,0.0,0.5836366415023804,0.23850032687187195
PressTV,Resistance,Resistance,1,231,3,0.0,0.0,0.9268761277198792,0.8807662129402161
PressTV,Resistance,Resistance,1,93,3,0.0,0.0,0.8214437365531921,0.7611901760101318
PressTV,Resistance,Russian,0,225,6,1.0,-0.0,0.4053727984428406,0.13172996044158936
PressTV,Resistance,Ukrainian,0,121,4,1.0,-0.0,0.5806697010993958,0.329845130443573
PressTV,Resistance,Resistance,1,192,5,0.0,0.0,0.4085121750831604,0.010476142168045044
PressTV,Resistance,Resistance,1,239,6,1.0,-0.0,0.9403138160705566,0.9053868055343628
PressTV,Resistance,Zionist,0,157,4,0.0,0.0,0.5574875473976135,0.3234673738479614
PressTV,Resistance,Zionist,0,188,7,1.0,-0.0,0.40580564737319946,0.1825243979692459
PressTV,Resistance,Resistance,1,89,2,0.0,0.0,0.8705971240997314,0.8048834800720215
PressTV,Resistance,Resistance,1,130,5,0.0,0.0,0.7319101095199585,0.5835891366004944
PressTV,Resistance,Zionist,0,124,5,0.0,0.0,0.5065980553627014,0.09184503555297852
PressTV,Resistance,Resistance,1,95,2,1.0,-0.0,0.7356643080711365,0.5383350253105164
PressTV,Resistance,Resistance,1,263,9,0.0,0.0,0.656296968460083,0.46791553497314453
PressTV,Resistance,Right-wing,0,98,3,0.0,0.0,0.2889227271080017,0.022477954626083374
PressTV,Resistance,Resistance,1,75,3,0.5164893865585327,0.6926032304763794,0.7226458787918091,0.5836896896362305
PressTV,Resistance,Ukrainian,0,215,6,0.0,0.0,0.40844598412513733,0.2116362452507019
PressTV,Resistance,Western,0,205,6,0.7459840178489685,0.5667043328285217,0.4791110157966614,0.28528666496276855
PressTV,Resistance,Resistance,1,123,4,0.7027615308761597,0.6085062623023987,0.9717714190483093,0.9588447213172913
PressTV,Resistance,Resistance,1,74,3,0.0,0.0,0.40925899147987366,0.017947763204574585
PressTV,Resistance,Resistance,1,158,6,1.0,-0.0,0.6335154175758362,0.4241611957550049
PressTV,Resistance,Resistance,1,59,2,1.0,-0.0,0.5480355024337769,0.2924381196498871
PressTV,Resistance,Resistance,1,93,4,0.0,0.0,0.5533254146575928,0.32114359736442566
PressTV,Resistance,Zionist,0,170,5,0.0,0.0,0.8144853115081787,0.7425087690353394
PressTV,Resistance,Right-wing,0,196,5,0.0,0.0,0.9303457140922546,0.8987388014793396
PressTV,Resistance,Resistance,1,76,3,0.0,0.0,0.7259335517883301,0.5911770462989807
PressTV,Resistance,Zionist,0,273,7,0.0,0.0,0.6739377379417419,0.41734179854393005
PressTV,Resistance,Resistance,1,296,8,0.0,0.0,0.46900832653045654,0.21981771290302277
PressTV,Resistance,Russian,0,147,2,0.0,0.0,0.5073562860488892,0.2942194938659668
PressTV,Resistance,Resistance,1,158,2,0.0,0.0,0.2780173718929291,0.0011856257915496826
PressTV,Resistance,Zionist,0,193,4,0.0,0.0,0.40244752168655396,0.15338151156902313
PressTV,Resistance,Left-wing,0,184,8,1.0,-0.0,0.3136070668697357,0.011355161666870117
PressTV,Resistance,Resistance,1,63,2,0.6687843799591064,0.8291336894035339,0.8065675497055054,0.6197147369384766
PressTV,Resistance,Resistance,1,117,3,0.0,0.0,0.6530967354774475,0.4821764826774597
PressTV,Resistance,Resistance,1,120,6,0.0,0.0,0.6401690244674683,0.4474529027938843
PressTV,Resistance,Zionist,0,174,3,0.0,0.0,0.5796964168548584,0.2957637310028076
PressTV,Resistance,Resistance,1,76,2,0.0,0.0,0.727897584438324,0.5866943001747131
PressTV,Resistance,Western,0,166,6,0.0,0.0,0.39171266555786133,0.11463361978530884
PressTV,Resistance,Russian,0,256,8,0.8883586525917053,0.4127720296382904,0.459034264087677,0.07044875621795654
PressTV,Resistance,Resistance,1,147,6,0.0,0.0,0.3671550154685974,0.13102993369102478
PressTV,Resistance,Resistance,1,203,2,0.0,0.0,0.8970531821250916,0.8174233436584473
PressTV,Resistance,Resistance,1,101,4,0.0,0.0,0.5860781669616699,0.4234650731086731
PressTV,Resistance,Left-wing,0,248,8,0.0,0.0,0.3672027885913849,0.05008020997047424
PressTV,Resistance,Resistance,1,232,9,1.0,-0.0,0.9709258675575256,0.9560776948928833
PressTV,Resistance,Russian,0,82,5,0.0,0.0,0.652527391910553,0.33388960361480713
PressTV,Resistance,Zionist,0,101,5,0.0,0.0,0.7953871488571167,0.6799383163452148
PressTV,Resistance,Resistance,1,101,3,0.0,0.0,0.6538768410682678,0.4228862226009369
PressTV,Resistance,Zionist,0,442,5,1.0,-0.0,0.7279416918754578,0.593899130821228
PressTV,Resistance,Zionist,0,80,1,0.0,0.0,0.6677383780479431,0.4307035207748413
PressTV,Resistance,Zionist,0,88,4,1.0,-0.0,0.33014243841171265,0.054553985595703125
PressTV,Resistance,Resistance,1,105,1,0.0,0.0,0.501846432685852,0.14714428782463074
PressTV,Resistance,Resistance,1,219,6,0.0,0.0,0.6963103413581848,0.5490360260009766
PressTV,Resistance,Resistance,1,98,3,1.0,-0.0,0.6626741290092468,0.518370509147644
PressTV,Resistance,Zionist,0,106,3,0.0,0.0,0.6336261034011841,0.5254172682762146
PressTV,Resistance,Resistance,1,119,3,0.0,0.0,0.8519355654716492,0.7896169424057007
PressTV,Resistance,Resistance,1,79,2,0.0,0.0,0.7987185716629028,0.6467591524124146
PressTV,Resistance,Zionist,0,123,5,0.0,0.0,0.48883894085884094,0.1929977536201477
PressTV,Resistance,Resistance,1,79,0,0.0,0.0,0.5653020143508911,0.35870009660720825
PressTV,Resistance,Resistance,1,83,3,0.8183021545410156,0.47395825386047363,0.8948832750320435,0.7940458655357361
PressTV,Resistance,Resistance,1,138,3,0.0,0.0,0.8981050848960876,0.8043057322502136
PressTV,Resistance,Russian,0,279,5,0.0,0.0,0.6291291117668152,0.4609619975090027
PressTV,Resistance,Resistance,1,73,3,0.0,0.0,0.5722936987876892,0.3623535633087158
PressTV,Resistance,Resistance,1,264,8,0.0,0.0,0.48326045274734497,0.22676989436149597
PressTV,Resistance,Resistance,1,102,4,0.0,0.0,0.6503957509994507,0.4680132269859314
PressTV,Resistance,Resistance,1,111,4,0.0,0.0,0.4924091696739197,0.03564479947090149
PressTV,Resistance,Russian,0,76,2,1.0,-0.0,0.46344542503356934,0.18724647164344788
PressTV,Resistance,Resistance,1,399,6,0.7129970788955688,0.5994462966918945,0.9885699152946472,0.9817127585411072
PressTV,Resistance,Resistance,1,98,4,1.0,-0.0,0.9481686353683472,0.9027298092842102
PressTV,Resistance,Resistance,1,263,4,0.6298060417175293,0.9152059555053711,0.9007899165153503,0.8241543769836426
PressTV,Resistance,Resistance,1,300,9,0.0,0.0,0.9013969302177429,0.8584296107292175
PressTV,Resistance,Resistance,1,113,2,1.0,-0.0,0.8127637505531311,0.7144814729690552
PressTV,Resistance,Resistance,1,121,4,0.0,0.0,0.8356684446334839,0.7016475200653076
PressTV,Resistance,Zionist,0,93,3,0.0,0.0,0.6563112139701843,0.3994576632976532
PressTV,Resistance,Western,0,74,2,0.0,0.0,0.35593825578689575,0.03858932852745056
PressTV,Resistance,Resistance,1,49,2,1.0,-0.0,0.3727186322212219,0.06127268075942993
PressTV,Resistance,Resistance,1,97,3,0.5164893865585327,0.6926032304763794,0.7962929010391235,0.7013837695121765
PressTV,Resistance,Resistance,1,70,3,0.0,0.0,0.5294798612594604,0.2589661180973053
PressTV,Resistance,Resistance,1,93,4,0.0,0.0,0.8033270835876465,0.7346113324165344
PressTV,Resistance,Resistance,1,277,4,1.0,-0.0,0.43819335103034973,0.07049354910850525
PressTV,Resistance,Resistance,1,365,8,0.0,0.0,0.5306586027145386,0.30454039573669434
PressTV,Resistance,Resistance,1,73,3,0.0,0.0,0.4322657883167267,0.13762935996055603
PressTV,Resistance,Resistance,1,108,2,1.0,-0.0,0.7300055623054504,0.5250747203826904
PressTV,Resistance,Resistance,1,139,5,0.0,0.0,0.585928201675415,0.22205320000648499
PressTV,Resistance,Russian,0,145,3,0.0,0.0,0.3509174883365631,0.07423248887062073
PressTV,Resistance,Resistance,1,210,3,1.0,-0.0,0.6852647066116333,0.48493829369544983
PressTV,Resistance,Resistance,1,91,3,0.0,0.0,0.60285484790802,0.32831040024757385
PressTV,Resistance,Resistance,1,243,7,0.0,0.0,0.8005353808403015,0.7272756099700928
PressTV,Resistance,Resistance,1,106,3,1.0,-0.0,0.875583291053772,0.7611552476882935
PressTV,Resistance,Resistance,1,121,4,0.6529681086540222,0.6455899477005005,0.879875659942627,0.7934098839759827
PressTV,Resistance,Resistance,1,188,5,0.0,0.0,0.49139684438705444,0.34940028190612793
PressTV,Resistance,Zionist,0,417,6,1.0,-0.0,0.7319705486297607,0.5955196619033813
PressTV,Resistance,Zionist,0,75,3,1.0,-0.0,0.647629976272583,0.3514212667942047
PressTV,Resistance,Resistance,1,96,4,0.0,0.0,0.8915690183639526,0.8190599679946899
PressTV,Resistance,Right-wing,0,131,3,0.0,0.0,0.4286375045776367,0.12700232863426208
PressTV,Resistance,Resistance,1,93,2,0.0,0.0,0.8428322076797485,0.7601363658905029
NATO,Western,Western,1,268,6,0.0,0.0,0.46936869621276855,0.09236228466033936
NATO,Western,Russian,0,186,2,1.0,-0.0,0.9851312041282654,0.9758073091506958
NATO,Western,Western,1,271,8,0.8643828630447388,0.3969268500804901,0.5946903824806213,0.3865886926651001
NATO,Western,Ukrainian,0,248,7,0.0,0.0,0.8805421590805054,0.7628128528594971
NATO,Western,Ukrainian,0,191,2,1.0,-0.0,0.9226664900779724,0.8838137984275818
NATO,Western,Russian,0,38,0,1.0,-0.0,0.6148143410682678,0.4685365557670593
NATO,Western,Western,1,171,3,0.0,0.0,0.5779983401298523,0.25234904885292053
NATO,Western,Western,1,239,5,0.8802362680435181,0.36645400524139404,0.6733892560005188,0.4637807607650757
NATO,Western,Western,1,228,5,0.0,0.0,0.8905385732650757,0.8173187971115112
NATO,Western,Ukrainian,0,121,6,1.0,-0.0,0.6870287656784058,0.3998201787471771
NATO,Western,Russian,0,87,3,1.0,-0.0,0.5261204838752747,0.15104979276657104
NATO,Western,Russian,0,246,7,1.0,-0.0,0.6485580205917358,0.34610363841056824
NATO,Western,Western,1,183,2,0.0,0.0,0.49501848220825195,0.10926103591918945
NATO,Western,Russian,0,106,3,1.0,-0.0,0.5025877356529236,0.07322773337364197
NATO,Western,Russian,0,65,1,1.0,-0.0,0.995798647403717,0.993868887424469
NATO,Western,Western,1,179,2,0.0,0.0,0.5318277478218079,0.2501685321331024
NATO,Western,Russian,0,225,4,0.0,0.0,0.5168430209159851,0.2465481162071228
NATO,Western,Western,1,175,3,0.5703803300857544,0.6832073926925659,0.3601432740688324,0.054718017578125
NATO,Western,Ukrainian,0,248,7,0.0,0.0,0.9233250021934509,0.8988944292068481
NATO,Western,Right-wing,0,9,0,0.0,0.0,0.5143427848815918,0.23081240057945251
NATO,Western,Ukrainian,0,234,2,1.0,-0.0,0.7900509238243103,0.6281302571296692
NATO,Western,Russian,0,230,5,1.0,-0.0,0.8647207021713257,0.7711774706840515
NATO,Western,Western,1,267,4,0.0,0.0,0.8765474557876587,0.7647691965103149
NATO,Western,Ukrainian,0,234,6,1.0,-0.0,0.5845497250556946,0.3672625422477722
NATO,Western,Western,1,201,3,0.0,0.0,0.589151918888092,0.2780604362487793
NATO,Western,Russian,0,31,0,0.0,0.0,0.9931005239486694,0.9873780012130737
NATO,Western,Russian,0,80,3,1.0,-0.0,0.7307819724082947,0.5641314387321472
NATO,Western,Russian,0,158,4,1.0,-0.0,0.9856626391410828,0.9779722690582275
NATO,Western,Russian,0,275,6,0.0,0.0,0.6912931203842163,0.4499248266220093
NATO,Western,Right-wing,0,93,4,1.0,-0.0,0.5173461437225342,0.23998332023620605
NATO,Western,Ukrainian,0,196,4,0.0,0.0,0.8050236701965332,0.6122843623161316
NATO,Western,Western,1,277,3,0.0,0.0,0.6248448491096497,0.37459442019462585
NATO,Western,Ukrainian,0,279,3,0.5841800570487976,0.6789069175720215,0.7625784277915955,0.5259693264961243
NATO,Western,Ukrainian,0,247,6,0.0,0.0,0.7513027787208557,0.5907819271087646
NATO,Western,Western,1,142,4,0.0,0.0,0.8798788785934448,0.781988799571991
NATO,Western,Ukrainian,0,268,2,0.0,0.0,0.6814332604408264,0.3863075077533722
NATO,Western,Western,1,150,3,0.0,0.0,0.628657341003418,0.3402059078216553
NATO,Western,Western,1,173,4,0.0,0.0,0.8627839684486389,0.727734386920929
NATO,Western,Western,1,257,5,0.0,0.0,0.8762603998184204,0.8072494268417358
NATO,Western,Ukrainian,0,205,3,1.0,-0.0,0.5508517026901245,0.14704179763793945
NATO,Western,Russian,0,215,7,1.0,-0.0,0.724469006061554,0.4798899292945862
NATO,Western,Western,1,264,7,1.0,-0.0,0.8545284271240234,0.7810459733009338
NATO,Western,Russian,0,127,2,0.0,0.0,0.7505008578300476,0.6113983988761902
NATO,Western,Ukrainian,0,87,3,1.0,-0.0,0.7161514163017273,0.5239646434783936
NATO,Western,Ukrainian,0,147,1,1.0,-0.0,0.6237832903862,0.38582897186279297
NATO,Western,Western,1,185,5,0.0,0.0,0.4091123044490814,0.25566619634628296
NATO,Western,Western,1,235,6,1.0,-0.0,0.7391690611839294,0.5427082777023315
NATO,Western,Western,1,268,4,0.0,0.0,0.5770481824874878,0.33390605449676514
NATO,Western,Russian,0,193,6,0.8768961429595947,0.37306395173072815,0.937106192111969,0.8914701342582703
NATO,Western,Russian,0,81,3,1.0,-0.0,0.4544239640235901,0.2054041177034378
NATO,Western,Ukrainian,0,138,4,0.0,0.0,0.7396371364593506,0.5364257097244263
NATO,Western,Ukrainian,0,149,4,0.5077003836631775,0.6930285692214966,0.7922281622886658,0.6462465524673462
NATO,Western,Ukrainian,0,208,5,0.0,0.0,0.6056435704231262,0.2780991196632385
NATO,Western,Ukrainian,0,170,1,1.0,-0.0,0.6933684349060059,0.5580962300300598
NATO,Western,Ukrainian,0,223,8,1.0,-0.0,0.7794515490531921,0.698925256729126
NATO,Western,Ukrainian,0,282,4,0.0,0.0,0.714004397392273,0.482035756111145
NATO,Western,Ukrainian,0,208,3,0.0,0.0,0.539817214012146,0.1598488986492157
NATO,Western,Western,1,254,4,1.0,-0.0,0.8842573165893555,0.7843420505523682
NATO,Western,Ukrainian,0,264,7,1.0,-0.0,0.9923007488250732,0.9855013489723206
NATO,Western,Zionist,0,25,0,0.0,0.0,0.968377947807312,0.9569985270500183
NATO,Western,Western,1,236,3,0.0,0.0,0.5053414106369019,0.02950093150138855
NATO,Western,Ukrainian,0,107,4,1.0,-0.0,0.9597851037979126,0.9273688793182373
NATO,Western,Ukrainian,0,272,4,1.0,-0.0,0.7193880677223206,0.6043406128883362
NATO,Western,Russian,0,261,6,1.0,-0.0,0.8486466407775879,0.7801585793495178
NATO,Western,Ukrainian,0,281,4,0.604706883430481,0.6710569858551025,0.5124271512031555,0.17334970831871033
NATO,Western,Ukrainian,0,222,3,1.0,-0.0,0.864379346370697,0.7920700311660767
NATO,Western,Western,1,280,6,0.0,0.0,0.9440262913703918,0.9098412394523621
NATO,Western,Russian,0,154,2,0.0,0.0,0.4936543405056,0.0687151551246643
NATO,Western,Ukrainian,0,166,2,0.0,0.0,0.6612421870231628,0.3253247141838074
NATO,Western,Ukrainian,0,262,4,0.0,0.0,0.8055537939071655,0.7317034006118774
NATO,Western,Ukrainian,0,277,6,1.0,-0.0,0.963643491268158,0.9406372904777527
NATO,Western,Ukrainian,0,216,3,0.0,0.0,0.9857683777809143,0.9796146154403687
NATO,Western,Russian,0,250,7,0.0,0.0,0.7923706769943237,0.6795623302459717
NATO,Western,Russian,0,222,4,0.0,0.0,0.7691120505332947,0.6433876156806946
NATO,Western,Russian,0,229,5,1.0,-0.0,0.852457582950592,0.7747882008552551
NATO,Western,Western,1,251,5,0.0,0.0,0.800876796245575,0.7063063979148865
NATO,Western,Russian,0,168,1,0.0,0.0,0.4485001266002655,0.034334272146224976
NATO,Western,Russian,0,252,8,0.7221994996070862,0.5908639430999756,0.543474018573761,0.2447902262210846
NATO,Western,Ukrainian,0,267,2,0.0,0.0,0.9231822490692139,0.8720976114273071
NATO,Western,Ukrainian,0,230,6,0.0,0.0,0.9496460556983948,0.9226962327957153
NATO,Western,Russian,0,100,3,1.0,-0.0,0.7395156025886536,0.6404998302459717
NATO,Western,Russian,0,276,5,1.0,-0.0,0.5657449960708618,0.21109867095947266
NATO,Western,Western,1,262,7,1.0,-0.0,0.7342084050178528,0.4899863004684448
NATO,Western,Western,1,280,6,1.0,-0.0,0.8919851183891296,0.8159615397453308
NATO,Western,Ukrainian,0,91,1,0.0,0.0,0.6888617873191833,0.4199604094028473
NATO,Western,Western,1,130,4,0.0,0.0,0.9204142689704895,0.8739573359489441
NATO,Western,Ukrainian,0,194,6,0.0,0.0,0.8697513341903687,0.7440053224563599
NATO,Western,Ukrainian,0,152,7,0.0,0.0,0.9044474363327026,0.8531910181045532
NATO,Western,Russian,0,248,5,0.0,0.0,0.6745285987854004,0.4528098702430725
NATO,Western,Ukrainian,0,204,8,1.0,-0.0,0.6140773892402649,0.28436022996902466
NATO,Western,Ukrainian,0,110,4,1.0,-0.0,0.9771556854248047,0.9676908850669861
NATO,Western,Zionist,0,12,0,0.0,0.0,0.4609030485153198,0.01635080575942993
NATO,Western,Russian,0,79,3,1.0,-0.0,0.8451427221298218,0.7724292874336243
NATO,Western,Ukrainian,0,100,4,1.0,-0.0,0.8900495171546936,0.8488330245018005
NATO,Western,Russian,0,169,3,0.0,0.0,0.6593761444091797,0.503501296043396
NATO,Western,Western,1,252,10,0.6136599183082581,0.6670827865600586,0.5063949227333069,0.193789541721344
NATO,Western,Western,1,264,4,1.0,-0.0,0.48642560839653015,0.19628652930259705
NATO,Western,Ukrainian,0,230,6,1.0,-0.0,0.4770674407482147,0.06037577986717224
NATO,Western,Russian,0,108,4,1.0,-0.0,0.8761399388313293,0.7859953045845032
NATO,Western,Russian,0,200,2,1.0,-0.0,0.758561372756958,0.5444167256355286
NATO,Western,Russian,0,262,1,0.0,0.0,0.6943942904472351,0.4689745008945465
NATO,Western,Ukrainian,0,269,12,1.0,-0.0,0.7902553081512451,0.6184961199760437
NATO,Western,Ukrainian,0,262,6,0.0,0.0,0.8938115239143372,0.7972496747970581
NATO,Western,Western,1,280,2,0.0,0.0,0.7843701839447021,0.5809032917022705
NATO,Western,Ukrainian,0,149,1,0.0,0.0,0.526772141456604,0.13246580958366394
NATO,Western,Ukrainian,0,275,4,1.0,-0.0,0.43599802255630493,0.06397345662117004
NATO,Western,Russian,0,126,4,1.0,-0.0,0.780526340007782,0.6581145524978638
NATO,Western,Russian,0,204,7,0.0,0.0,0.6321569085121155,0.4421606659889221
NATO,Western,Western,1,228,5,0.0,0.0,0.4298577308654785,0.022573262453079224
NATO,Western,Western,1,269,4,0.0,0.0,0.909663736820221,0.8264470100402832
NATO,Western,Western,1,147,0,0.0,0.0,0.7597166895866394,0.6969783306121826
NATO,Western,Russian,0,171,5,1.0,-0.0,0.7555755972862244,0.5975932478904724
NATO,Western,Western,1,170,5,0.0,0.0,0.8707363605499268,0.8064913749694824
NATO,Western,Ukrainian,0,101,5,1.0,-0.0,0.620882511138916,0.2478160858154297
NATO,Western,Ukrainian,0,204,6,1.0,-0.0,0.841266930103302,0.7089568376541138
NATO,Western,Ukrainian,0,104,5,1.0,-0.0,0.7234574556350708,0.44837647676467896
NATO,Western,Western,1,133,1,0.0,0.0,0.8942049145698547,0.827854573726654
NATO,Western,Ukrainian,0,268,3,0.0,0.0,0.9819599390029907,0.9740085005760193
NATO,Western,Western,1,265,2,1.0,-0.0,0.8685087561607361,0.7976087331771851
NATO,Western,Ukrainian,0,273,3,0.0,0.0,0.7364032864570618,0.4753382205963135
NATO,Western,Western,1,69,2,0.0,0.0,0.3411562144756317,0.03639531135559082
NATO,Western,Ukrainian,0,280,4,0.0,0.0,0.5118246078491211,0.0897696316242218
NATO,Western,Ukrainian,0,275,5,1.0,-0.0,0.8978558778762817,0.8442535996437073
NATO,Western,Russian,0,205,6,0.8403551578521729,0.43908047676086426,0.4475688636302948,0.14638984203338623
NATO,Western,Western,1,139,5,0.0,0.0,0.7128021717071533,0.5633484721183777
NATO,Western,Russian,0,47,2,0.0,0.0,0.8600109815597534,0.7631806135177612
NATO,Western,Ukrainian,0,245,10,0.0,0.0,0.424983412027359,0.21804100275039673
NATO,Western,Western,1,282,5,0.0,0.0,0.9454720616340637,0.9034312963485718
NATO,Western,Zionist,0,143,5,1.0,-0.0,0.364454448223114,0.06150573492050171
NATO,Western,Western,1,272,4,0.0,0.0,0.8360087275505066,0.7478853464126587
NATO,Western,Ukrainian,0,227,2,0.0,0.0,0.7241049408912659,0.45529013872146606
NATO,Western,Ukrainian,0,238,5,0.0,0.0,0.61787348985672,0.24161970615386963
NATO,Western,Russian,0,279,6,0.0,0.0,0.5843726396560669,0.3380658030509949
NATO,Western,Western,1,92,2,0.0,0.0,0.4695345163345337,0.16090941429138184
NATO,Western,Russian,0,103,3,0.8698104023933411,0.38674694299697876,0.9118279218673706,0.8472232222557068
NATO,Western,Russian,0,223,5,1.0,-0.0,0.6546404957771301,0.3622363805770874
NATO,Western,Russian,0,272,4,1.0,-0.0,0.9175450801849365,0.8561868667602539
NATO,Western,Zionist,0,26,0,0.0,0.0,0.3026421070098877,0.11946649849414825
NATO,Western,Ukrainian,0,150,1,0.0,0.0,0.743175745010376,0.534130334854126
NATO,Western,Russian,0,154,5,1.0,-0.0,0.8173023462295532,0.7072043418884277
NATO,Western,Ukrainian,0,38,1,0.0,0.0,0.8973657488822937,0.8367290496826172
NATO,Western,Zionist,0,13,0,0.0,0.0,0.9955741167068481,0.992271363735199
NATO,Western,Western,1,194,5,0.0,0.0,0.8294475674629211,0.6798207759857178
NATO,Western,Russian,0,180,4,1.0,-0.0,0.6696739196777344,0.39984825253486633
NATO,Western,Ukrainian,0,189,4,0.0,0.0,0.8521866202354431,0.7301291823387146
NATO,Western,Russian,0,145,2,1.0,-0.0,0.6345058679580688,0.45044219493865967
NATO,Western,Russian,0,179,5,1.0,-0.0,0.64583420753479,0.30867043137550354
NATO,Western,Russian,0,85,4,1.0,-0.0,0.7298263907432556,0.5097154974937439
NATO,Western,Western,1,277,3,0.0,0.0,0.7025777101516724,0.5218514204025269
NATO,Western,Ukrainian,0,275,2,1.0,-0.0,0.6334818005561829,0.4087701141834259
NATO,Western,Ukrainian,0,270,7,0.0,0.0,0.7649774551391602,0.634249746799469
NATO,Western,Russian,0,262,2,1.0,-0.0,0.5703492760658264,0.21236437559127808
NATO,Western,Western,1,225,7,0.0,0.0,0.8084017038345337,0.690693199634552
NATO,Western,Zionist,0,254,4,1.0,-0.0,0.34747105836868286,0.07326996326446533
NATO,Western,Left-wing,0,222,5,0.0,0.0,0.5020390748977661,0.3007083237171173
NATO,Western,Western,1,121,2,0.0,0.0,0.6533179879188538,0.5130436420440674
NATO,Western,Russian,0,160,3,0.0,0.0,0.4619711935520172,0.049337565898895264
NATO,Western,Russian,0,251,5,0.0,0.0,0.7814655303955078,0.5767362713813782
NATO,Western,Ukrainian,0,145,5,1.0,-0.0,0.8219549059867859,0.666654109954834
NATO,Western,Western,1,237,3,0.0,0.0,0.8372880220413208,0.7563474774360657
NATO,Western,Russian,0,64,2,1.0,-0.0,0.9120507836341858,0.872067391872406
NATO,Western,Russian,0,218,3,1.0,-0.0,0.7886709570884705,0.5907415747642517
NATO,Western,Western,1,214,5,0.0,0.0,0.9654418230056763,0.9380159378051758
NATO,Western,Zionist,0,267,7,1.0,-0.0,0.358318030834198,0.10197892785072327
NATO,Western,Ukrainian,0,260,10,0.0,0.0,0.7741292119026184,0.6750980019569397
NATO,Western,Ukrainian,0,239,2,1.0,-0.0,0.9832257628440857,0.9727894067764282
NATO,Western,Russian,0,86,1,1.0,-0.0,0.9932501316070557,0.9868890643119812
NATO,Western,Ukrainian,0,222,5,0.0,0.0,0.8707355260848999,0.7697285413742065
NATO,Western,Ukrainian,0,224,5,0.0,0.0,0.7570635080337524,0.6023597717285156
NATO,Western,Russian,0,278,2,0.0,0.0,0.5072419047355652,0.1825038194656372
NATO,Western,Russian,0,232,4,1.0,-0.0,0.5333091020584106,0.2929116487503052
NATO,Western,Western,1,278,3,0.0,0.0,0.5014357566833496,0.12397322058677673
NATO,Western,Russian,0,273,7,1.0,-0.0,0.48815858364105225,0.19660863280296326
NATO,Western,Russian,0,105,4,0.0,0.0,0.8116810917854309,0.7401308417320251
NATO,Western,Ukrainian,0,65,1,0.0,0.0,0.6090474724769592,0.3971477150917053
NATO,Western,Ukrainian,0,98,0,0.6676991581916809,0.635796070098877,0.9352824091911316,0.8999133706092834
NATO,Western,Ukrainian,0,269,5,1.0,-0.0,0.7592368721961975,0.6119523048400879
NATO,Western,Russian,0,266,7,0.0,0.0,0.6704481244087219,0.4255664348602295
NATO,Western,Russian,0,147,2,1.0,-0.0,0.7818760871887207,0.6796987652778625
NATO,Western,Russian,0,25,0,1.0,-0.0,0.8434105515480042,0.7110380530357361
NATO,Western,Russian,0,59,2,1.0,-0.0,0.9991199374198914,0.9983330368995667
NATO,Western,Zionist,0,21,0,0.0,0.0,0.9982727766036987,0.9973453283309937
NATO,Western,Western,1,280,7,0.0,0.0,0.5716613531112671,0.14982500672340393
NATO,Western,Western,1,270,4,0.0,0.0,0.775913655757904,0.665075421333313
NATO,Western,Ukrainian,0,223,4,0.0,0.0,0.8586366772651672,0.7485138177871704
NATO,Western,Russian,0,241,3,1.0,-0.0,0.9344512224197388,0.902916431427002
NATO,Western,Ukrainian,0,208,3,1.0,-0.0,0.5282785296440125,0.06238558888435364
NATO,Western,Russian,0,128,3,1.0,-0.0,0.5629540681838989,0.3822579085826874
NATO,Western,Western,1,267,8,1.0,-0.0,0.9198029041290283,0.868833065032959
NATO,Western,Russian,0,229,6,1.0,-0.0,0.9135909676551819,0.8656125664710999
NATO,Western,Russian,0,138,3,1.0,-0.0,0.6741601824760437,0.4340415596961975
NATO,Western,Russian,0,74,4,1.0,-0.0,0.6903408765792847,0.38183480501174927
NATO,Western,Ukrainian,0,116,3,0.0,0.0,0.8620395064353943,0.7351882457733154
NATO,Western,Ukrainian,0,236,6,1.0,-0.0,0.95161372423172,0.9285973906517029
NATO,Western,Western,1,243,3,0.0,0.0,0.5931172370910645,0.26286473870277405
NATO,Western,Ukrainian,0,266,7,0.0,0.0,0.49916425347328186,0.1394573450088501
NATO,Western,Russian,0,225,6,1.0,-0.0,0.8701437711715698,0.7799420356750488
NATO,Western,Russian,0,240,6,1.0,-0.0,0.8867110013961792,0.8349484205245972
NATO,Western,Western,1,203,4,0.0,0.0,0.42634469270706177,0.11765512824058533
NATO,Western,Western,1,229,3,1.0,-0.0,0.48573756217956543,0.12546131014823914
NATO,Western,Ukrainian,0,252,4,0.0,0.0,0.5574870109558105,0.33073690533638
NATO,Western,Russian,0,283,9,1.0,-0.0,0.7924941778182983,0.6439352631568909
NATO,Western,Russian,0,257,4,1.0,-0.0,0.8839002847671509,0.7686469554901123
NATO,Western,Ukrainian,0,98,5,1.0,-0.0,0.9110750555992126,0.8734430074691772
NATO,Western,Zionist,0,22,0,0.0,0.0,0.9384693503379822,0.9061106443405151
NATO,Western,Ukrainian,0,204,2,0.0,0.0,0.9507126212120056,0.9278571009635925
NATO,Western,Russian,0,238,4,0.8593848347663879,0.406078577041626,0.7521984577178955,0.6190168261528015
NATO,Western,Ukrainian,0,268,3,0.0,0.0,0.9887142777442932,0.9831060171127319
NATO,Western,Western,1,281,6,1.0,-0.0,0.6759077906608582,0.3586828112602234
Bloomberg,Western,Left-wing,0,274,3,1.0,-0.0,0.9103965759277344,0.8287229537963867
Bloomberg,Western,Right-wing,0,158,2,0.0,0.0,0.8862715363502502,0.8368299603462219
Bloomberg,Western,Western,1,318,4,0.0,0.0,0.8232067823410034,0.7043460011482239
Bloomberg,Western,Left-wing,0,254,3,1.0,-0.0,0.6136292219161987,0.3930744528770447
Bloomberg,Western,Zionist,0,245,3,0.0,0.0,0.5912596583366394,0.45296767354011536
Bloomberg,Western,Right-wing,0,223,2,1.0,-0.0,0.9973100423812866,0.9959110021591187
Bloomberg,Western,Right-wing,0,279,4,0.0,0.0,0.5550503730773926,0.3406687080860138
Bloomberg,Western,Right-wing,0,212,2,0.0,0.0,0.8868055939674377,0.8359673023223877
Bloomberg,Western,Russian,0,147,4,0.0,0.0,0.6213980913162231,0.38570472598075867
Bloomberg,Western,Right-wing,0,177,4,1.0,-0.0,0.9259605407714844,0.8870372176170349
Bloomberg,Western,Resistance,0,290,8,0.0,0.0,0.4346054196357727,0.019772648811340332
Bloomberg,Western,Right-wing,0,363,5,0.0,0.0,0.7394543290138245,0.5438172817230225
Bloomberg,Western,Resistance,0,419,6,0.0,0.0,0.38581255078315735,0.003349810838699341
Bloomberg,Western,Right-wing,0,300,5,1.0,-0.0,0.9193833470344543,0.8884097337722778
Bloomberg,Western,Right-wing,0,249,3,0.0,0.0,0.4596235752105713,0.06882116198539734
Bloomberg,Western,Right-wing,0,170,1,0.0,0.0,0.6701052188873291,0.4080154597759247
Bloomberg,Western,Right-wing,0,184,2,0.0,0.0,0.834394097328186,0.7660962343215942
Bloomberg,Western,Right-wing,0,136,3,1.0,-0.0,0.6144366264343262,0.44826313853263855
Bloomberg,Western,Right-wing,0,395,9,0.0,0.0,0.6366834044456482,0.35361582040786743
Bloomberg,Western,Left-wing,0,179,1,0.0,0.0,0.4275650680065155,0.06534698605537415
Bloomberg,Western,Western,1,331,5,0.0,0.0,0.9537015557289124,0.9192179441452026
Bloomberg,Western,Right-wing,0,431,8,0.0,0.0,0.7100290656089783,0.5279823541641235
Bloomberg,Western,Right-wing,0,270,2,1.0,-0.0,0.893065869808197,0.7921034097671509
Bloomberg,Western,Zionist,0,497,5,0.0,0.0,0.509250819683075,0.32467082142829895
Bloomberg,Western,Zionist,0,208,2,1.0,-0.0,0.3684026002883911,0.14335523545742035
Bloomberg,Western,Right-wing,0,283,7,1.0,-0.0,0.7810522317886353,0.673416256904602
Bloomberg,Western,Right-wing,0,284,4,0.0,0.0,0.708460807800293,0.5968419313430786
Bloomberg,Western,Right-wing,0,208,5,1.0,-0.0,0.34339767694473267,0.04934975504875183
Bloomberg,Western,Left-wing,0,199,5,1.0,-0.0,0.5321760177612305,0.06966188549995422
Bloomberg,Western,Zionist,0,330,5,0.0,0.0,0.9492031931877136,0.9230775833129883
Bloomberg,Western,Right-wing,0,146,3,0.0,0.0,0.6903898119926453,0.3978595733642578
Bloomberg,Western,Zionist,0,153,2,0.0,0.0,0.48008665442466736,0.2635866403579712
Bloomberg,Western,Right-wing,0,166,1,0.0,0.0,0.9720068573951721,0.9459872245788574
Bloomberg,Western,Left-wing,0,189,3,0.0,0.0,0.5174665451049805,0.2621665596961975
Bloomberg,Western,Right-wing,0,226,4,1.0,-0.0,0.8519080281257629,0.7368048429489136
Bloomberg,Western,Zionist,0,261,5,0.0,0.0,0.5849794745445251,0.37444186210632324
Bloomberg,Western,Zionist,0,225,4,0.0,0.0,0.8506989479064941,0.7719711065292358
Bloomberg,Western,Right-wing,0,253,4,0.0,0.0,0.5644664168357849,0.4338444769382477
Bloomberg,Western,Right-wing,0,518,9,1.0,-0.0,0.4565511643886566,0.055440276861190796
Bloomberg,Western,Zionist,0,308,4,1.0,-0.0,0.8597297668457031,0.8112251162528992
Bloomberg,Western,Right-wing,0,244,3,0.0,0.0,0.48485660552978516,0.048040539026260376
Bloomberg,Western,Western,1,169,3,0.0,0.0,0.3851233124732971,0.044688522815704346
Bloomberg,Western,Left-wing,0,250,2,0.0,0.0,0.9911640882492065,0.9840193390846252
Bloomberg,Western,Left-wing,0,265,2,0.0,0.0,0.5827144384384155,0.23888039588928223
Bloomberg,Western,Right-wing,0,251,6,0.0,0.0,0.39209794998168945,0.22720302641391754
Bloomberg,Western,Russian,0,244,6,0.0,0.0,0.9287494421005249,0.8825750350952148
Bloomberg,Western,Zionist,0,390,10,0.0,0.0,0.6275618672370911,0.3765334188938141
Bloomberg,Western,Left-wing,0,289,4,0.0,0.0,0.7807125449180603,0.6187958717346191
Bloomberg,Western,Resistance,0,281,6,1.0,-0.0,0.3162511885166168,0.03757545351982117
Bloomberg,Western,Left-wing,0,218,4,0.0,0.0,0.510510265827179,0.22870606184005737
Bloomberg,Western,Right-wing,0,171,3,1.0,-0.0,0.6690467000007629,0.5319726467132568
Bloomberg,Western,Right-wing,0,147,3,1.0,-0.0,0.6764111518859863,0.3637559711933136
Bloomberg,Western,Left-wing,0,174,2,0.0,0.0,0.5866724252700806,0.3649201989173889
Bloomberg,Western,Zionist,0,118,1,0.0,0.0,0.8872719407081604,0.8390436768531799
Bloomberg,Western,Left-wing,0,355,4,0.0,0.0,0.43989798426628113,0.19108770787715912
Bloomberg,Western,Left-wing,0,265,3,0.0,0.0,0.48129984736442566,0.1878962218761444
Bloomberg,Western,Left-wing,0,157,4,0.0,0.0,0.6791035532951355,0.42811429500579834
Bloomberg,Western,Russian,0,293,9,0.0,0.0,0.31501513719558716,0.05762523412704468
Bloomberg,Western,Zionist,0,281,3,1.0,-0.0,0.7898203134536743,0.6493340730667114
Bloomberg,Western,Left-wing,0,201,3,0.0,0.0,0.5854241251945496,0.24596163630485535
Bloomberg,Western,Zionist,0,218,3,0.0,0.0,0.766838788986206,0.6992559432983398
Bloomberg,Western,Russian,0,258,4,1.0,-0.0,0.289535254240036,0.04865504801273346
Bloomberg,Western,Zionist,0,289,1,1.0,-0.0,0.3773442208766937,0.013687372207641602
Bloomberg,Western,Western,1,269,6,0.0,0.0,0.7664774060249329,0.6202958226203918
Bloomberg,Western,Right-wing,0,247,2,0.0,0.0,0.53486567735672,0.4157164990901947
Bloomberg,Western,Russian,0,217,4,0.0,0.0,0.5394667387008667,0.3191505968570709
Bloomberg,Western,Right-wing,0,135,2,0.0,0.0,0.7756875157356262,0.5652437806129456
Bloomberg,Western,Resistance,0,305,6,1.0,-0.0,0.5648499727249146,0.33463889360427856
Bloomberg,Western,Left-wing,0,202,2,0.0,0.0,0.8662492632865906,0.7666253447532654
Bloomberg,Western,Left-wing,0,261,3,0.0,0.0,0.5788299441337585,0.3931441307067871
Bloomberg,Western,Left-wing,0,170,2,0.0,0.0,0.9238815307617188,0.888198971748352
Bloomberg,Western,Right-wing,0,144,4,0.0,0.0,0.8001652359962463,0.6153719425201416
Bloomberg,Western,Zionist,0,181,4,0.0,0.0,0.29707610607147217,0.02595272660255432
Bloomberg,Western,Right-wing,0,303,6,0.0,0.0,0.6853027939796448,0.44800156354904175
Bloomberg,Western,Right-wing,0,253,4,0.0,0.0,0.7361474633216858,0.48358088731765747
Bloomberg,Western,Left-wing,0,187,4,0.0,0.0,0.5273616909980774,0.1409371793270111
Bloomberg,Western,Right-wing,0,269,3,0.0,0.0,0.6684052348136902,0.5241103172302246
Bloomberg,Western,Left-wing,0,176,4,1.0,-0.0,0.7921379208564758,0.6766842603683472
Bloomberg,Western,Right-wing,0,187,3,0.0,0.0,0.6146063804626465,0.2865057587623596
Bloomberg,Western,Ukrainian,0,209,2,0.0,0.0,0.635469913482666,0.43225914239883423
Bloomberg,Western,Russian,0,192,2,0.0,0.0,0.6256858706474304,0.2969614863395691
Bloomberg,Western,Zionist,0,209,3,0.0,0.0,0.39470142126083374,0.12158387899398804
Bloomberg,Western,Right-wing,0,224,7,1.0,-0.0,0.7787907123565674,0.6240658164024353
Bloomberg,Western,Russian,0,282,5,0.0,0.0,0.7905848622322083,0.6660815477371216
Bloomberg,Western,Russian,0,475,3,0.0,0.0,0.4080045223236084,0.03943365812301636
Bloomberg,Western,Russian,0,254,9,0.0,0.0,0.5600778460502625,0.2978588938713074
Bloomberg,Western,Right-wing,0,175,4,1.0,-0.0,0.39478105306625366,0.010144531726837158
Bloomberg,Western,Ukrainian,0,199,3,0.0,0.0,0.45983222126960754,0.13717728853225708
Bloomberg,Western,Resistance,0,275,8,0.0,0.0,0.3859165608882904,0.14357219636440277
Bloomberg,Western,Right-wing,0,181,3,0.0,0.0,0.6872906684875488,0.5301820635795593
Bloomberg,Western,Right-wing,0,192,3,0.0,0.0,0.3480534255504608,0.01784336566925049
Bloomberg,Western,Right-wing,0,219,4,0.0,0.0,0.28260624408721924,0.0773659348487854
Bloomberg,Western,Right-wing,0,299,2,0.0,0.0,0.8751338720321655,0.7535024881362915
Bloomberg,Western,Ukrainian,0,167,5,0.0,0.0,0.23429904878139496,0.001799076795578003
Bloomberg,Western,Resistance,0,288,7,1.0,-0.0,0.3550211489200592,0.04651534557342529
Bloomberg,Western,Right-wing,0,236,2,0.0,0.0,0.9137340188026428,0.8392821550369263
Bloomberg,Western,Left-wing,0,257,4,1.0,-0.0,0.9491686224937439,0.9010550379753113
Bloomberg,Western,Zionist,0,181,1,0.0,0.0,0.8585216999053955,0.780379056930542
Bloomberg,Western,Right-wing,0,288,3,1.0,-0.0,0.3582095503807068,0.12171199917793274
Bloomberg,Western,Resistance,0,296,2,0.0,0.0,0.7005002498626709,0.42671507596969604
Bloomberg,Western,Russian,0,256,3,0.0,0.0,0.32430824637413025,0.02673456072807312
Bloomberg,Western,Right-wing,0,184,3,0.0,0.0,0.8320468068122864,0.7354927062988281
Bloomberg,Western,Zionist,0,183,3,0.0,0.0,0.62222820520401,0.4059307873249054
Bloomberg,Western,Left-wing,0,212,4,1.0,-0.0,0.42809557914733887,0.16759896278381348
Bloomberg,Western,Left-wing,0,231,4,0.0,0.0,0.821900486946106,0.7374502420425415
Bloomberg,Western,Right-wing,0,346,7,0.0,0.0,0.6611819267272949,0.3377835750579834
Bloomberg,Western,Ukrainian,0,192,3,0.0,0.0,0.4568510353565216,0.18947064876556396
Bloomberg,Western,Left-wing,0,573,4,1.0,-0.0,0.8633188009262085,0.7627516388893127
Bloomberg,Western,Right-wing,0,165,2,0.0,0.0,0.6952672004699707,0.45192018151283264
Bloomberg,Western,Western,1,249,5,0.0,0.0,0.6240231990814209,0.48786985874176025
Bloomberg,Western,Russian,0,294,7,1.0,-0.0,0.3318004310131073,0.12909935414791107
Bloomberg,Western,Zionist,0,206,5,0.0,0.0,0.2824227511882782,0.06487859785556793
Bloomberg,Western,Zionist,0,224,3,0.0,0.0,0.5757520198822021,0.3026792109012604
Bloomberg,Western,Western,1,195,4,0.0,0.0,0.3479180634021759,0.08859974145889282
Bloomberg,Western,Right-wing,0,193,1,0.0,0.0,0.8064237236976624,0.6480991840362549
Bloomberg,Western,Western,1,195,4,0.0,0.0,0.652617871761322,0.469207227230072
Bloomberg,Western,Right-wing,0,242,5,0.0,0.0,0.5733030438423157,0.2108129858970642
Bloomberg,Western,Right-wing,0,184,4,0.0,0.0,0.6643450856208801,0.40512412786483765
Bloomberg,Western,Left-wing,0,218,2,0.0,0.0,0.48606860637664795,0.18623033165931702
Bloomberg,Western,Zionist,0,308,4,0.0,0.0,0.9173062443733215,0.8768820762634277
Bloomberg,Western,Zionist,0,283,3,1.0,-0.0,0.9382427334785461,0.9048750996589661
Bloomberg,Western,Ukrainian,0,255,5,1.0,-0.0,0.5984522104263306,0.24821022152900696
Bloomberg,Western,Russian,0,249,6,1.0,-0.0,0.552579939365387,0.2969571650028229
Bloomberg,Western,Western,1,235,4,0.0,0.0,0.8186270594596863,0.6641199588775635
Bloomberg,Western,Right-wing,0,394,3,0.0,0.0,0.8730897307395935,0.7991166114807129
Bloomberg,Western,Right-wing,0,270,3,0.0,0.0,0.8128604888916016,0.7294372320175171
Bloomberg,Western,Russian,0,221,3,0.0,0.0,0.6769538521766663,0.47846168279647827
Bloomberg,Western,Right-wing,0,278,3,0.0,0.0,0.43342670798301697,0.07934534549713135
Bloomberg,Western,Ukrainian,0,222,3,0.0,0.0,0.5349397659301758,0.3432753086090088
Bloomberg,Western,Russian,0,288,5,0.0,0.0,0.626013457775116,0.45505666732788086
Bloomberg,Western,Left-wing,0,263,4,0.0,0.0,0.748766303062439,0.5800877809524536
Bloomberg,Western,Right-wing,0,230,5,0.0,0.0,0.5247373580932617,0.09851783514022827
Bloomberg,Western,Left-wing,0,224,3,0.0,0.0,0.5841960906982422,0.4331163167953491
Bloomberg,Western,Zionist,0,161,3,0.0,0.0,0.6151984930038452,0.3460313677787781
Bloomberg,Western,Left-wing,0,222,2,0.0,0.0,0.7866045236587524,0.6073251962661743
Bloomberg,Western,Resistance,0,223,3,0.0,0.0,0.6708654761314392,0.5754633545875549
Bloomberg,Western,Zionist,0,167,4,1.0,-0.0,0.4021133780479431,0.08423233032226562
Bloomberg,Western,Resistance,0,326,13,1.0,-0.0,0.4054429531097412,0.19188864529132843
Bloomberg,Western,Right-wing,0,244,1,0.0,0.0,0.398152619600296,0.19918577373027802
Bloomberg,Western,Zionist,0,402,6,1.0,-0.0,0.32513388991355896,0.02818921208381653
Bloomberg,Western,Left-wing,0,161,1,0.0,0.0,0.7379257082939148,0.590242862701416
Bloomberg,Western,Right-wing,0,272,4,0.0,0.0,0.8623088598251343,0.7322140336036682
Bloomberg,Western,Zionist,0,209,1,0.0,0.0,0.5610607862472534,0.3172955811023712
Bloomberg,Western,Right-wing,0,205,4,0.0,0.0,0.39985060691833496,0.10688057541847229
Bloomberg,Western,Western,1,216,1,0.0,0.0,0.4210669994354248,0.15199410915374756
Bloomberg,Western,Right-wing,0,261,2,0.6138650178909302,0.6669877767562866,0.39279651641845703,0.041258811950683594
Bloomberg,Western,Western,1,184,6,0.0,0.0,0.5075417757034302,0.016925156116485596
Bloomberg,Western,Left-wing,0,347,2,0.0,0.0,0.7317787408828735,0.5541506409645081
Bloomberg,Western,Zionist,0,267,3,0.0,0.0,0.5576431751251221,0.38332056999206543
Bloomberg,Western,Right-wing,0,258,9,1.0,-0.0,0.9877560138702393,0.9780873656272888
Bloomberg,Western,Russian,0,189,3,0.0,0.0,0.5575612783432007,0.4007069170475006
Bloomberg,Western,Left-wing,0,156,1,0.0,0.0,0.5357323288917542,0.11145129799842834
Bloomberg,Western,Right-wing,0,319,7,0.0,0.0,0.6596018075942993,0.49728816747665405
Bloomberg,Western,Right-wing,0,255,5,0.0,0.0,0.5119516253471375,0.366508424282074
Bloomberg,Western,Left-wing,0,175,2,0.0,0.0,0.6584959030151367,0.5548204183578491
Bloomberg,Western,Right-wing,0,200,3,0.0,0.0,0.9582584500312805,0.9439553022384644
Bloomberg,Western,Left-wing,0,309,6,1.0,-0.0,0.36766403913497925,0.11244755983352661
Bloomberg,Western,Resistance,0,341,9,0.0,0.0,0.5178232789039612,0.17554530501365662
Bloomberg,Western,Right-wing,0,267,4,0.0,0.0,0.42522308230400085,0.12532392144203186
Bloomberg,Western,Zionist,0,215,4,0.0,0.0,0.7176588177680969,0.5972431898117065
Bloomberg,Western,Left-wing,0,299,4,1.0,-0.0,0.6375626921653748,0.4587691128253937
Bloomberg,Western,Left-wing,0,209,2,0.0,0.0,0.5189922451972961,0.0925004780292511
Bloomberg,Western,Right-wing,0,217,5,0.0,0.0,0.3315976858139038,0.05910107493400574
Bloomberg,Western,Right-wing,0,201,3,0.0,0.0,0.7440163493156433,0.5000270009040833
Bloomberg,Western,Right-wing,0,248,5,1.0,-0.0,0.4944755733013153,0.28036385774612427
Bloomberg,Western,Left-wing,0,295,4,0.0,0.0,0.5085968375205994,0.07345274090766907
Bloomberg,Western,Left-wing,0,273,3,0.0,0.0,0.5011953711509705,0.17946085333824158
Bloomberg,Western,Right-wing,0,234,2,1.0,-0.0,0.6826351881027222,0.3794800341129303
Bloomberg,Western,Left-wing,0,310,8,0.0,0.0,0.27922898530960083,0.0003425180912017822
Bloomberg,Western,Left-wing,0,259,6,0.0,0.0,0.7368549108505249,0.5856017470359802
Bloomberg,Western,Right-wing,0,307,6,0.0,0.0,0.37861037254333496,0.10545939207077026
Bloomberg,Western,Right-wing,0,260,6,0.0,0.0,0.5033833980560303,0.1372239589691162
Bloomberg,Western,Right-wing,0,253,6,0.0,0.0,0.5975601077079773,0.3867524564266205
Bloomberg,Western,Right-wing,0,268,9,0.0,0.0,0.46450603008270264,0.11993002891540527
Bloomberg,Western,Right-wing,0,154,4,0.0,0.0,0.9865962862968445,0.9740073680877686
Bloomberg,Western,Right-wing,0,305,9,0.0,0.0,0.42387571930885315,0.0822812020778656
Bloomberg,Western,Right-wing,0,230,8,0.0,0.0,0.8008301854133606,0.726706326007843
Bloomberg,Western,Right-wing,0,328,6,0.0,0.0,0.9508601427078247,0.9045194983482361
Bloomberg,Western,Left-wing,0,217,3,0.0,0.0,0.5337558388710022,0.06794747710227966
Bloomberg,Western,Right-wing,0,200,4,0.0,0.0,0.7041604518890381,0.5405906438827515
Bloomberg,Western,Right-wing,0,329,2,1.0,-0.0,0.6989015936851501,0.5699931383132935
Bloomberg,Western,Left-wing,0,202,3,1.0,-0.0,0.48461106419563293,0.17769119143486023
Bloomberg,Western,Left-wing,0,265,7,0.0,0.0,0.4104856848716736,0.023539483547210693
Bloomberg,Western,Right-wing,0,353,7,0.0,0.0,0.7423771023750305,0.4905547797679901
Bloomberg,Western,Right-wing,0,280,4,0.0,0.0,0.47115200757980347,0.2131940722465515
Bloomberg,Western,Russian,0,222,6,0.0,0.0,0.3747568428516388,0.13468168675899506
Bloomberg,Western,Russian,0,218,3,0.0,0.0,0.5828426480293274,0.39478108286857605
Bloomberg,Western,Resistance,0,226,4,0.0,0.0,0.8451107144355774,0.7494805455207825
Bloomberg,Western,Right-wing,0,217,6,0.0,0.0,0.9821244478225708,0.9753038287162781
Bloomberg,Western,Left-wing,0,373,8,0.0,0.0,0.6101034879684448,0.4251960515975952
Bloomberg,Western,Russian,0,276,6,0.0,0.0,0.36468395590782166,0.12758390605449677
Bloomberg,Western,Right-wing,0,231,3,1.0,-0.0,0.6863868236541748,0.595696210861206
Bloomberg,Western,Western,1,298,1,0.0,0.0,0.5135693550109863,0.1842685043811798
Bloomberg,Western,Russian,0,214,3,0.0,0.0,0.4460269808769226,0.14069142937660217
Bloomberg,Western,Right-wing,0,280,3,1.0,-0.0,0.6413447260856628,0.33203190565109253
Bloomberg,Western,Right-wing,0,220,2,1.0,-0.0,0.3577396273612976,0.045394957065582275
Bloomberg,Western,Zionist,0,377,7,1.0,-0.0,0.8871738910675049,0.7988847494125366
Bloomberg,Western,Right-wing,0,232,3,0.0,0.0,0.8218551278114319,0.6833076477050781
Bloomberg,Western,Right-wing,0,208,3,0.0,0.0,0.6449505090713501,0.3771663308143616
Bloomberg,Western,Zionist,0,212,4,0.0,0.0,0.37162062525749207,0.11925932765007019
KremlinRussia_E,Russian,Russian,1,133,5,0.0,0.0,0.764632523059845,0.5485527515411377
KremlinRussia_E,Russian,Zionist,0,116,2,1.0,-0.0,0.9193280935287476,0.8511795997619629
KremlinRussia_E,Russian,Russian,1,98,3,0.0,0.0,0.9898617267608643,0.9831787943840027
KremlinRussia_E,Russian,Russian,1,137,3,0.0,0.0,0.46129631996154785,0.12955701351165771
KremlinRussia_E,Russian,Russian,1,115,2,0.0,0.0,0.6372143030166626,0.384874552488327
KremlinRussia_E,Russian,Russian,1,81,1,0.0,0.0,0.7973491549491882,0.6384159326553345
KremlinRussia_E,Russian,Russian,1,133,3,0.0,0.0,0.48174598813056946,0.056432902812957764
KremlinRussia_E,Russian,Russian,1,129,3,1.0,-0.0,0.8241612315177917,0.703273355960846
KremlinRussia_E,Russian,Russian,1,113,2,0.0,0.0,0.897359311580658,0.8443541526794434
KremlinRussia_E,Russian,Russian,1,156,5,1.0,-0.0,0.7857966423034668,0.6091082692146301
KremlinRussia_E,Russian,Russian,1,142,3,1.0,-0.0,0.827742874622345,0.7052247524261475
KremlinRussia_E,Russian,Russian,1,145,3,0.0,0.0,0.9320400953292847,0.8933212161064148
KremlinRussia_E,Russian,Ukrainian,0,93,3,1.0,-0.0,0.5421067476272583,0.3132684826850891
KremlinRussia_E,Russian,Russian,1,143,4,1.0,-0.0,0.831025242805481,0.6905189752578735
KremlinRussia_E,Russian,Russian,1,122,4,0.0,0.0,0.8809377551078796,0.7696844339370728
KremlinRussia_E,Russian,Russian,1,131,2,0.0,0.0,0.3872760236263275,0.03705841302871704
KremlinRussia_E,Russian,Russian,1,73,3,0.0,0.0,0.8405168056488037,0.7484583258628845
KremlinRussia_E,Russian,Western,0,111,2,0.0,0.0,0.5877292156219482,0.3653423488140106
KremlinRussia_E,Russian,Left-wing,0,64,2,1.0,-0.0,0.4941982328891754,0.21588578820228577
KremlinRussia_E,Russian,Zionist,0,147,2,1.0,-0.0,0.7925300002098083,0.6558432579040527
KremlinRussia_E,Russian,Russian,1,80,3,1.0,-0.0,0.925795316696167,0.8716983199119568
KremlinRussia_E,Russian,Resistance,0,65,3,0.0,0.0,0.4369480013847351,0.2890157699584961
KremlinRussia_E,Russian,Russian,1,82,2,0.0,0.0,0.9917576909065247,0.9851899147033691
KremlinRussia_E,Russian,Russian,1,117,1,0.0,0.0,0.9283646941184998,0.8659593462944031
KremlinRussia_E,Russian,Zionist,0,122,1,0.0,0.0,0.42818978428840637,0.021231025457382202
KremlinRussia_E,Russian,Ukrainian,0,85,2,1.0,-0.0,0.5719356536865234,0.157237708568573
KremlinRussia_E,Russian,Ukrainian,0,90,2,1.0,-0.0,0.40697798132896423,0.11833736300468445
KremlinRussia_E,Russian,Right-wing,0,119,0,0.0,0.0,0.45123550295829773,0.21016940474510193
KremlinRussia_E,Russian,Western,0,129,2,0.0,0.0,0.42079558968544006,0.03159800171852112
KremlinRussia_E,Russian,Ukrainian,0,140,4,0.0,0.0,0.6096615195274353,0.2738458514213562
KremlinRussia_E,Russian,Ukrainian,0,103,2,0.0,0.0,0.512135922908783,0.06112900376319885
KremlinRussia_E,Russian,Russian,1,81,2,1.0,-0.0,0.347211092710495,0.043984442949295044
KremlinRussia_E,Russian,Russian,1,52,0,0.0,0.0,0.9950932264328003,0.9937512874603271
KremlinRussia_E,Russian,Russian,1,129,4,1.0,-0.0,0.556049108505249,0.36390507221221924
KremlinRussia_E,Russian,Zionist,0,67,2,1.0,-0.0,0.2929915487766266,0.015434086322784424
KremlinRussia_E,Russian,Russian,1,133,5,1.0,-0.0,0.5430822968482971,0.21448788046836853
KremlinRussia_E,Russian,Resistance,0,85,2,1.0,-0.0,0.5308441519737244,0.13114318251609802
KremlinRussia_E,Russian,Zionist,0,113,2,0.0,0.0,0.5978597402572632,0.2513236403465271
KremlinRussia_E,Russian,Zionist,0,147,3,0.0,0.0,0.35691264271736145,0.07300972938537598
KremlinRussia_E,Russian,Russian,1,98,4,0.0,0.0,0.9943751096725464,0.9900861978530884
KremlinRussia_E,Russian,Russian,1,132,3,1.0,-0.0,0.5620372891426086,0.13106417655944824
KremlinRussia_E,Russian,Right-wing,0,99,1,0.0,0.0,0.6950730085372925,0.5806107521057129
KremlinRussia_E,Russian,Russian,1,93,3,0.0,0.0,0.551588237285614,0.3467922806739807
KremlinRussia_E,Russian,Russian,1,84,2,0.0,0.0,0.44845038652420044,0.0029980242252349854
KremlinRussia_E,Russian,Ukrainian,0,80,2,1.0,-0.0,0.45521512627601624,0.10603731870651245
KremlinRussia_E,Russian,Russian,1,144,1,1.0,-0.0,0.5155928730964661,0.1783847212791443
KremlinRussia_E,Russian,Zionist,0,79,2,1.0,-0.0,0.324481725692749,0.16232219338417053
KremlinRussia_E,Russian,Russian,1,129,5,0.0,0.0,0.91996169090271,0.8479622006416321
KremlinRussia_E,Russian,Russian,1,155,2,0.0,0.0,0.7227064967155457,0.5579597353935242
KremlinRussia_E,Russian,Ukrainian,0,150,4,0.0,0.0,0.31292182207107544,0.08921697735786438
KremlinRussia_E,Russian,Russian,1,155,3,1.0,-0.0,0.7061572074890137,0.4498165547847748
KremlinRussia_E,Russian,Russian,1,67,3,0.0,0.0,0.9793045520782471,0.9654179811477661
KremlinRussia_E,Russian,Russian,1,77,3,1.0,-0.0,0.7957248687744141,0.6875345706939697
KremlinRussia_E,Russian,Left-wing,0,69,1,0.0,0.0,0.3717368543148041,0.07555016875267029
KremlinRussia_E,Russian,Russian,1,135,4,0.0,0.0,0.7734494209289551,0.6780737042427063
KremlinRussia_E,Russian,Zionist,0,117,0,0.0,0.0,0.7820689082145691,0.6163577437400818
KremlinRussia_E,Russian,Ukrainian,0,114,2,0.0,0.0,0.8999291658401489,0.8128122091293335
KremlinRussia_E,Russian,Zionist,0,63,2,1.0,-0.0,0.32956287264823914,0.18862996995449066
KremlinRussia_E,Russian,Ukrainian,0,124,1,0.0,0.0,0.5387641191482544,0.29137855768203735
KremlinRussia_E,Russian,Russian,1,89,3,1.0,-0.0,0.7444850206375122,0.5220347046852112
KremlinRussia_E,Russian,Zionist,0,83,2,1.0,-0.0,0.49293696880340576,0.3570372462272644
KremlinRussia_E,Russian,Right-wing,0,90,2,0.0,0.0,0.3238990306854248,0.11806206405162811
KremlinRussia_E,Russian,Russian,1,148,4,1.0,-0.0,0.4930504262447357,0.22127315402030945
KremlinRussia_E,Russian,Zionist,0,81,2,1.0,-0.0,0.4299934506416321,0.028580039739608765
KremlinRussia_E,Russian,Russian,1,142,2,0.0,0.0,0.6551334857940674,0.44542843103408813
KremlinRussia_E,Russian,Resistance,0,82,2,1.0,-0.0,0.5104939341545105,0.28417137265205383
KremlinRussia_E,Russian,Western,0,96,2,0.0,0.0,0.744926393032074,0.595120906829834
KremlinRussia_E,Russian,Russian,1,72,2,0.0,0.0,0.9960518479347229,0.9922565817832947
KremlinRussia_E,Russian,Russian,1,53,2,1.0,-0.0,0.9984519481658936,0.9975884556770325
KremlinRussia_E,Russian,Zionist,0,137,1,1.0,-0.0,0.40919575095176697,0.016711264848709106
KremlinRussia_E,Russian,Western,0,134,2,0.0,0.0,0.8076096773147583,0.7269071340560913
KremlinRussia_E,Russian,Zionist,0,79,2,1.0,-0.0,0.2686458230018616,0.05962620675563812
KremlinRussia_E,Russian,Zionist,0,149,5,0.0,0.0,0.6688499450683594,0.414282888174057
KremlinRussia_E,Russian,Russian,1,151,3,0.0,0.0,0.9816235303878784,0.9673196077346802
KremlinRussia_E,Russian,Ukrainian,0,62,2,1.0,-0.0,0.4672083854675293,0.3140798807144165
KremlinRussia_E,Russian,Ukrainian,0,92,2,0.0,0.0,0.7629656195640564,0.5323331356048584
KremlinRussia_E,Russian,Right-wing,0,45,0,0.0,0.0,0.5946944952011108,0.3886095881462097
KremlinRussia_E,Russian,Russian,1,104,1,0.0,0.0,0.9721453189849854,0.9473652839660645
KremlinRussia_E,Russian,Russian,1,73,2,0.0,0.0,0.3565007150173187,0.10245507955551147
KremlinRussia_E,Russian,Right-wing,0,118,0,0.0,0.0,0.3797627389431,0.028564155101776123
KremlinRussia_E,Russian,Russian,1,137,3,0.0,0.0,0.6756213903427124,0.5461810231208801
KremlinRussia_E,Russian,Russian,1,89,3,1.0,-0.0,0.6869744062423706,0.3894934356212616
KremlinRussia_E,Russian,Russian,1,153,3,1.0,-0.0,0.5214794874191284,0.0665597915649414
KremlinRussia_E,Russian,Russian,1,141,3,0.0,0.0,0.5113790035247803,0.05305635929107666
KremlinRussia_E,Russian,Western,0,135,0,1.0,-0.0,0.5567687153816223,0.2323087453842163
KremlinRussia_E,Russian,Western,0,70,2,0.0,0.0,0.4877980947494507,0.2755032479763031
KremlinRussia_E,Russian,Resistance,0,81,3,0.0,0.0,0.712853193283081,0.6038472056388855
KremlinRussia_E,Russian,Russian,1,136,3,0.0,0.0,0.8634446859359741,0.7374626398086548
KremlinRussia_E,Russian,Zionist,0,84,2,1.0,-0.0,0.7369620203971863,0.607699453830719
KremlinRussia_E,Russian,Russian,1,79,2,1.0,-0.0,0.43400973081588745,0.17373931407928467
KremlinRussia_E,Russian,Western,0,29,0,0.0,0.0,0.7488088011741638,0.6490815281867981
KremlinRussia_E,Russian,Russian,1,59,1,0.0,0.0,0.8973820209503174,0.8189302086830139
KremlinRussia_E,Russian,Ukrainian,0,130,3,0.0,0.0,0.5512435436248779,0.35177314281463623
KremlinRussia_E,Russian,Russian,1,82,3,0.0,0.0,0.6635757088661194,0.44717925786972046
KremlinRussia_E,Russian,Russian,1,130,4,0.0,0.0,0.6458319425582886,0.49348556995391846
KremlinRussia_E,Russian,Russian,1,78,2,0.0,0.0,0.8805920481681824,0.8185862302780151
KremlinRussia_E,Russian,Russian,1,57,1,1.0,-0.0,0.4822861850261688,0.30240219831466675
KremlinRussia_E,Russian,Russian,1,79,1,0.0,0.0,0.9615347385406494,0.9380001425743103
KremlinRussia_E,Russian,Russian,1,78,3,0.0,0.0,0.7292568683624268,0.583100438117981
KremlinRussia_E,Russian,Russian,1,141,3,0.0,0.0,0.9536980390548706,0.9163209795951843
KremlinRussia_E,Russian,Russian,1,86,2,1.0,-0.0,0.7732943296432495,0.6826531887054443
KremlinRussia_E,Russian,Russian,1,143,4,0.0,0.0,0.9082511067390442,0.8182940483093262
KremlinRussia_E,Russian,Russian,1,136,2,0.0,0.0,0.9729831218719482,0.9563013315200806
KremlinRussia_E,Russian,Russian,1,124,2,1.0,-0.0,0.8195415139198303,0.7298483848571777
KremlinRussia_E,Russian,Ukrainian,0,156,2,1.0,-0.0,0.4907936751842499,0.18749535083770752
KremlinRussia_E,Russian,Western,0,124,1,0.0,0.0,0.9481855630874634,0.9120272994041443
KremlinRussia_E,Russian,Ukrainian,0,69,2,1.0,-0.0,0.5531715750694275,0.2690110206604004
KremlinRussia_E,Russian,Ukrainian,0,147,4,1.0,-0.0,0.7308921217918396,0.5991761684417725
KremlinRussia_E,Russian,Ukrainian,0,142,3,1.0,-0.0,0.9700123071670532,0.9470213055610657
KremlinRussia_E,Russian,Ukrainian,0,155,3,1.0,-0.0,0.8189223408699036,0.6420903205871582
KremlinRussia_E,Russian,Russian,1,128,2,0.0,0.0,0.9760138988494873,0.9589576125144958
KremlinRussia_E,Russian,Russian,1,132,5,0.0,0.0,0.9117428660392761,0.8309228420257568
KremlinRussia_E,Russian,Ukrainian,0,136,4,1.0,-0.0,0.5111063718795776,0.0765308141708374
KremlinRussia_E,Russian,Ukrainian,0,42,0,0.0,0.0,0.8403668403625488,0.7828854918479919
KremlinRussia_E,Russian,Russian,1,168,2,0.0,0.0,0.4882970154285431,0.22073987126350403
KremlinRussia_E,Russian,Ukrainian,0,91,3,1.0,-0.0,0.6502804756164551,0.31138449907302856
KremlinRussia_E,Russian,Russian,1,79,3,0.0,0.0,0.9770171642303467,0.9644541144371033
KremlinRussia_E,Russian,Ukrainian,0,66,1,0.0,0.0,0.5171314477920532,0.16208413243293762
KremlinRussia_E,Russian,Ukrainian,0,146,3,0.0,0.0,0.8508076071739197,0.7334710359573364
KremlinRussia_E,Russian,Russian,1,64,1,0.0,0.0,0.9622979164123535,0.9381570816040039
KremlinRussia_E,Russian,Russian,1,85,3,0.0,0.0,0.5878797769546509,0.3604421019554138
KremlinRussia_E,Russian,Ukrainian,0,91,1,0.0,0.0,0.5512498617172241,0.35955965518951416
KremlinRussia_E,Russian,Western,0,138,0,0.0,0.0,0.39908072352409363,0.1535581648349762
KremlinRussia_E,Russian,Resistance,0,95,2,0.0,0.0,0.3762964904308319,0.21690739691257477
KremlinRussia_E,Russian,Russian,1,151,1,0.0,0.0,0.8705936670303345,0.7934386730194092
KremlinRussia_E,Russian,Russian,1,86,1,0.0,0.0,0.6357942223548889,0.3188854455947876
KremlinRussia_E,Russian,Russian,1,143,3,0.0,0.0,0.9214463233947754,0.8860016465187073
KremlinRussia_E,Russian,Zionist,0,81,2,1.0,-0.0,0.6014655828475952,0.363800048828125
KremlinRussia_E,Russian,Russian,1,87,3,0.0,0.0,0.7963685393333435,0.6526414752006531
KremlinRussia_E,Russian,Resistance,0,86,3,1.0,-0.0,0.538871705532074,0.3239337205886841
KremlinRussia_E,Russian,Ukrainian,0,121,2,0.0,0.0,0.5841004252433777,0.1903773546218872
KremlinRussia_E,Russian,Right-wing,0,140,0,0.0,0.0,0.34383344650268555,0.04514402151107788
KremlinRussia_E,Russian,Russian,1,98,3,0.0,0.0,0.7543891072273254,0.6211837530136108
KremlinRussia_E,Russian,Russian,1,55,1,0.0,0.0,0.5800741910934448,0.37481504678726196
KremlinRussia_E,Russian,Ukrainian,0,111,3,1.0,-0.0,0.8407049775123596,0.7544566988945007
KremlinRussia_E,Russian,Russian,1,110,4,1.0,-0.0,0.6439718008041382,0.3286697566509247
KremlinRussia_E,Russian,Zionist,0,135,2,1.0,-0.0,0.7353193759918213,0.6219852566719055
KremlinRussia_E,Russian,Ukrainian,0,131,3,1.0,-0.0,0.4444240629673004,0.14299169182777405
KremlinRussia_E,Russian,Russian,1,100,2,1.0,-0.0,0.8569060564041138,0.724212646484375
KremlinRussia_E,Russian,Russian,1,130,2,0.0,0.0,0.7501811981201172,0.590345025062561
KremlinRussia_E,Russian,Russian,1,113,5,0.0,0.0,0.929226815700531,0.8629028797149658
KremlinRussia_E,Russian,Ukrainian,0,82,3,1.0,-0.0,0.7397517561912537,0.4949990212917328
KremlinRussia_E,Russian,Russian,1,111,4,0.0,0.0,0.8670163750648499,0.7432816624641418
KremlinRussia_E,Russian,Ukrainian,0,99,3,1.0,-0.0,0.6814531683921814,0.3764900267124176
KremlinRussia_E,Russian,Russian,1,78,2,0.0,0.0,0.46895191073417664,0.26542359590530396
KremlinRussia_E,Russian,Zionist,0,96,1,0.0,0.0,0.6308482885360718,0.5156870484352112
KremlinRussia_E,Russian,Right-wing,0,138,1,0.0,0.0,0.4107606112957001,0.19569723308086395
KremlinRussia_E,Russian,Right-wing,0,123,1,0.0,0.0,0.9540690183639526,0.9306065440177917
KremlinRussia_E,Russian,Ukrainian,0,36,0,0.0,0.0,0.9211682081222534,0.8883326053619385
KremlinRussia_E,Russian,Ukrainian,0,138,4,0.0,0.0,0.8818381428718567,0.7778461575508118
KremlinRussia_E,Russian,Russian,1,84,2,1.0,-0.0,0.7375620007514954,0.5086319446563721
KremlinRussia_E,Russian,Russian,1,59,1,0.0,0.0,0.7578694820404053,0.5791007280349731
KremlinRussia_E,Russian,Ukrainian,0,125,4,1.0,-0.0,0.5134508013725281,0.26410630345344543
KremlinRussia_E,Russian,Russian,1,72,1,0.0,0.0,0.7300158143043518,0.6062057018280029
KremlinRussia_E,Russian,Russian,1,111,3,1.0,-0.0,0.9058364629745483,0.8193461894989014
KremlinRussia_E,Russian,Resistance,0,101,2,0.0,0.0,0.2961376905441284,0.07546068727970123
KremlinRussia_E,Russian,Zionist,0,75,3,0.0,0.0,0.7709145545959473,0.647584080696106
KremlinRussia_E,Russian,Ukrainian,0,154,2,1.0,-0.0,0.5086802244186401,0.098212331533432
KremlinRussia_E,Russian,Ukrainian,0,115,3,0.0,0.0,0.49402758479118347,0.03871887922286987
KremlinRussia_E,Russian,Russian,1,117,3,0.0,0.0,0.5992159843444824,0.2326599359512329
KremlinRussia_E,Russian,Ukrainian,0,132,4,1.0,-0.0,0.3938917815685272,0.02507910132408142
KremlinRussia_E,Russian,Ukrainian,0,89,4,1.0,-0.0,0.8638495206832886,0.7838345170021057
KremlinRussia_E,Russian,Western,0,146,4,0.0,0.0,0.454140305519104,0.07969129085540771
KremlinRussia_E,Russian,Russian,1,149,5,1.0,-0.0,0.6058230400085449,0.24004125595092773
KremlinRussia_E,Russian,Russian,1,145,1,0.0,0.0,0.4520288109779358,0.15845999121665955
KremlinRussia_E,Russian,Russian,1,132,5,0.0,0.0,0.9287661910057068,0.8864760398864746
KremlinRussia_E,Russian,Russian,1,126,2,0.0,0.0,0.30766671895980835,0.031062424182891846
KremlinRussia_E,Russian,Left-wing,0,104,1,0.0,0.0,0.4860224723815918,0.2812708020210266
KremlinRussia_E,Russian,Russian,1,83,3,1.0,-0.0,0.5422407984733582,0.31947213411331177
KremlinRussia_E,Russian,Russian,1,128,2,0.0,0.0,0.5966786742210388,0.20008766651153564
KremlinRussia_E,Russian,Ukrainian,0,140,3,0.0,0.0,0.5907078981399536,0.36512577533721924
KremlinRussia_E,Russian,Right-wing,0,138,2,1.0,-0.0,0.7186789512634277,0.6394039392471313
KremlinRussia_E,Russian,Russian,1,138,3,0.0,0.0,0.7815887928009033,0.6253232955932617
KremlinRussia_E,Russian,Left-wing,0,67,2,0.0,0.0,0.8573593497276306,0.800631046295166
KremlinRussia_E,Russian,Right-wing,0,140,0,0.0,0.0,0.9736286401748657,0.9557074308395386
KremlinRussia_E,Russian,Zionist,0,69,2,1.0,-0.0,0.41832780838012695,0.19747847318649292
KremlinRussia_E,Russian,Ukrainian,0,131,3,1.0,-0.0,0.6309985518455505,0.3019568920135498
KremlinRussia_E,Russian,Russian,1,95,2,0.0,0.0,0.2933807373046875,0.048896968364715576
KremlinRussia_E,Russian,Ukrainian,0,105,3,1.0,-0.0,0.6977913975715637,0.46087104082107544
KremlinRussia_E,Russian,Ukrainian,0,154,3,0.0,0.0,0.3390721380710602,0.004985779523849487
KremlinRussia_E,Russian,Ukrainian,0,121,4,0.0,0.0,0.8146113157272339,0.7055130004882812
KremlinRussia_E,Russian,Western,0,81,0,1.0,-0.0,0.5498766303062439,0.3173689544200897
KremlinRussia_E,Russian,Russian,1,123,3,0.0,0.0,0.8582631349563599,0.7820419669151306
KremlinRussia_E,Russian,Russian,1,85,2,0.0,0.0,0.7644566297531128,0.5667529702186584
KremlinRussia_E,Russian,Russian,1,111,2,0.0,0.0,0.9247951507568359,0.8848440051078796
KremlinRussia_E,Russian,Resistance,0,134,4,0.0,0.0,0.9015682935714722,0.8354320526123047
KremlinRussia_E,Russian,Zionist,0,65,2,1.0,-0.0,0.6581249237060547,0.42113953828811646
KremlinRussia_E,Russian,Russian,1,69,2,1.0,-0.0,0.8180592060089111,0.7020238041877747
KremlinRussia_E,Russian,Russian,1,112,4,1.0,-0.0,0.5041910409927368,0.11222487688064575
KremlinRussia_E,Russian,Russian,1,109,4,0.0,0.0,0.6315563917160034,0.38856610655784607
KremlinRussia_E,Russian,Zionist,0,85,2,1.0,-0.0,0.4366976022720337,0.19893337786197662
KremlinRussia_E,Russian,Russian,1,100,3,1.0,-0.0,0.6625959873199463,0.4659246504306793
KremlinRussia_E,Russian,Ukrainian,0,70,1,0.0,0.0,0.40959325432777405,0.22366982698440552
KremlinRussia_E,Russian,Western,0,121,2,0.0,0.0,0.8859948515892029,0.8386697173118591
KremlinRussia_E,Russian,Russian,1,81,2,1.0,-0.0,0.6654549837112427,0.3786281943321228
KremlinRussia_E,Russian,Resistance,0,80,2,1.0,-0.0,0.5013241171836853,0.25322073698043823
KremlinRussia_E,Russian,Ukrainian,0,79,2,1.0,-0.0,0.3830239474773407,0.12568575143814087
KremlinRussia_E,Russian,Russian,1,140,5,1.0,-0.0,0.8048235774040222,0.6302152872085571
KremlinRussia_E,Russian,Russian,1,101,3,0.0,0.0,0.7320552468299866,0.6279658079147339
KremlinRussia_E,Russian,Ukrainian,0,126,3,1.0,-0.0,0.664203405380249,0.5162942409515381
Slavyangrad,Russian,Russian,1,269,8,1.0,-0.0,0.4951818287372589,0.21417266130447388
Slavyangrad,Russian,Ukrainian,0,150,5,0.0,0.0,0.8588188886642456,0.7259458899497986
Slavyangrad,Russian,Resistance,0,231,8,0.0,0.0,0.5366430878639221,0.23982280492782593
Slavyangrad,Russian,Zionist,0,124,3,0.0,0.0,0.8833156228065491,0.8404233455657959
Slavyangrad,Russian,Zionist,0,186,5,0.0,0.0,0.4334917962551117,0.05684483051300049
Slavyangrad,Russian,Russian,1,26,0,0.0,0.0,0.36876508593559265,0.03706410527229309
Slavyangrad,Russian,Ukrainian,0,178,6,0.0,0.0,0.9888778328895569,0.9805300831794739
Slavyangrad,Russian,Resistance,0,361,7,0.0,0.0,0.3018552362918854,0.054343655705451965
Slavyangrad,Russian,Ukrainian,0,411,8,1.0,-0.0,0.7857533097267151,0.6834333539009094
Slavyangrad,Russian,Ukrainian,0,29,3,0.0,0.0,0.6890472769737244,0.4256150722503662
Slavyangrad,Russian,Resistance,0,447,7,1.0,-0.0,0.975159764289856,0.962704598903656
Slavyangrad,Russian,Zionist,0,27,1,0.0,0.0,0.6959180235862732,0.41494351625442505
Slavyangrad,Russian,Zionist,0,119,4,1.0,-0.0,0.5678086876869202,0.22616177797317505
Slavyangrad,Russian,Zionist,0,136,3,0.0,0.0,0.7302004098892212,0.4887179136276245
Slavyangrad,Russian,Russian,1,66,1,0.0,0.0,0.687142014503479,0.38582879304885864
Slavyangrad,Russian,Russian,1,22,1,0.0,0.0,0.671482264995575,0.47948145866394043
Slavyangrad,Russian,Resistance,0,405,7,1.0,-0.0,0.6944829821586609,0.5989032983779907
Slavyangrad,Russian,Resistance,0,460,9,1.0,-0.0,0.4379667341709137,0.2039412260055542
Slavyangrad,Russian,Ukrainian,0,283,4,1.0,-0.0,0.8143442869186401,0.6941084265708923
Slavyangrad,Russian,Ukrainian,0,523,10,0.0,0.0,0.872929573059082,0.8090487122535706
Slavyangrad,Russian,Resistance,0,2286,27,0.4298382103443146,1.0475815534591675,0.5733118057250977,0.35531699657440186
Slavyangrad,Russian,Zionist,0,83,4,0.0,0.0,0.42659908533096313,0.10868090391159058
Slavyangrad,Russian,Zionist,0,28,1,0.0,0.0,0.6543628573417664,0.5192641615867615
Slavyangrad,Russian,Right-wing,0,133,3,0.0,0.0,0.5601150989532471,0.18560579419136047
Slavyangrad,Russian,Resistance,0,621,11,1.0,-0.0,0.8060033321380615,0.7147735953330994
Slavyangrad,Russian,Russian,1,105,4,0.0,0.0,0.8020654320716858,0.7391588687896729
Slavyangrad,Russian,Russian,1,49,3,0.0,0.0,0.6362057328224182,0.3076670169830322
Slavyangrad,Russian,Resistance,0,35,1,0.6818915009498596,0.625435471534729,0.5146444439888,0.033652037382125854
Slavyangrad,Russian,Russian,1,38,0,0.0,0.0,0.9996185302734375,0.9993630051612854
Slavyangrad,Russian,Zionist,0,391,8,0.7539452910423279,0.5579591989517212,0.7025790214538574,0.42052337527275085
Slavyangrad,Russian,Left-wing,0,146,3,0.0,0.0,0.25739970803260803,0.020536944270133972
Slavyangrad,Russian,Western,0,100,1,0.0,0.0,0.8975157737731934,0.8469333052635193
Slavyangrad,Russian,Russian,1,797,9,0.0,0.0,0.39011186361312866,0.04949191212654114
Slavyangrad,Russian,Ukrainian,0,106,2,0.0,0.0,0.4365184009075165,0.1575755774974823
Slavyangrad,Russian,Ukrainian,0,453,9,0.0,0.0,0.4619010388851166,0.24022091925144196
Slavyangrad,Russian,Resistance,0,231,7,1.0,-0.0,0.4067768454551697,0.011795103549957275
Slavyangrad,Russian,Zionist,0,23,1,0.0,0.0,0.9621908664703369,0.9465850591659546
Slavyangrad,Russian,Zionist,0,181,7,1.0,-0.0,0.6685783267021179,0.34329256415367126
Slavyangrad,Russian,Resistance,0,608,6,0.0,0.0,0.6006723046302795,0.34357979893684387
Slavyangrad,Russian,Zionist,0,179,2,0.0,0.0,0.5994823575019836,0.2074815034866333
Slavyangrad,Russian,Russian,1,68,1,0.0,0.0,0.9011811017990112,0.8613613247871399
Slavyangrad,Russian,Zionist,0,90,2,0.0,0.0,0.300260454416275,0.010899066925048828
Slavyangrad,Russian,Russian,1,68,0,0.0,0.0,0.6149938106536865,0.4176503121852875
Slavyangrad,Russian,Ukrainian,0,66,1,0.0,0.0,0.9640178084373474,0.9390982985496521
Slavyangrad,Russian,Left-wing,0,189,4,1.0,-0.0,0.5786609053611755,0.2342199981212616
Slavyangrad,Russian,Russian,1,127,4,1.0,-0.0,0.9080537557601929,0.8814263343811035
Slavyangrad,Russian,Zionist,0,69,0,0.0,0.0,0.7206147909164429,0.4953649342060089
Slavyangrad,Russian,Zionist,0,85,1,0.0,0.0,0.9231660962104797,0.8474555015563965
Slavyangrad,Russian,Western,0,47,1,0.0,0.0,0.4555871784687042,0.20353156328201294
Slavyangrad,Russian,Western,0,340,9,1.0,-0.0,0.6481314301490784,0.30287235975265503
Slavyangrad,Russian,Zionist,0,73,0,0.0,0.0,0.5522316694259644,0.3025946021080017
Slavyangrad,Russian,Resistance,0,696,10,1.0,-0.0,0.576374351978302,0.4196438193321228
Slavyangrad,Russian,Left-wing,0,333,9,0.0,0.0,0.4084642827510834,0.021841198205947876
Slavyangrad,Russian,Left-wing,0,627,7,0.0,0.0,0.5016201138496399,0.2347719371318817
Slavyangrad,Russian,Resistance,0,80,3,0.0,0.0,0.6984421610832214,0.3974405825138092
Slavyangrad,Russian,Right-wing,0,265,9,0.0,0.0,0.8853229284286499,0.8097678422927856
Slavyangrad,Russian,Ukrainian,0,440,8,0.0,0.0,0.9778028726577759,0.9652177691459656
Slavyangrad,Russian,Right-wing,0,818,6,0.9637314081192017,0.1558985710144043,0.44078361988067627,0.1402944028377533
Slavyangrad,Russian,Russian,1,215,4,1.0,-0.0,0.32453176379203796,0.040233343839645386
Slavyangrad,Russian,Zionist,0,115,5,0.0,0.0,0.6832534670829773,0.37128156423568726
Slavyangrad,Russian,Ukrainian,0,722,17,0.0,0.0,0.38662514090538025,0.029245048761367798
Slavyangrad,Russian,Resistance,0,514,13,0.0,0.0,0.9877169728279114,0.9789620041847229
Slavyangrad,Russian,Resistance,0,668,13,0.0,0.0,0.7651543021202087,0.5807587504386902
Slavyangrad,Russian,Left-wing,0,461,13,0.0,0.0,0.5373030304908752,0.3710336685180664
Slavyangrad,Russian,Right-wing,0,323,8,0.798413097858429,0.5025944709777832,0.5260056257247925,0.11548018455505371
Slavyangrad,Russian,Resistance,0,235,6,0.0,0.0,0.6152627468109131,0.29046881198883057
Slavyangrad,Russian,Ukrainian,0,166,1,0.0,0.0,0.3379092514514923,0.03221586346626282
Slavyangrad,Russian,Zionist,0,426,8,0.5731151103973389,0.9724453687667847,0.436158150434494,0.170229971408844
Slavyangrad,Russian,Ukrainian,0,716,12,1.0,-0.0,0.5713338255882263,0.15229111909866333
Slavyangrad,Russian,Russian,1,507,17,1.0,-0.0,0.7323013544082642,0.5220654010772705
Slavyangrad,Russian,Zionist,0,399,9,1.0,-0.0,0.5709364414215088,0.14568108320236206
Slavyangrad,Russian,Right-wing,0,471,2,0.0,0.0,0.6826299428939819,0.4249534606933594
Slavyangrad,Russian,Ukrainian,0,451,3,0.0,0.0,0.8806215524673462,0.7693188190460205
Slavyangrad,Russian,Resistance,0,510,8,0.0,0.0,0.8230989575386047,0.7316112518310547
Slavyangrad,Russian,Zionist,0,623,11,0.0,0.0,0.5737065672874451,0.183383971452713
Slavyangrad,Russian,Resistance,0,912,14,1.0,-0.0,0.7397884726524353,0.6604006886482239
Slavyangrad,Russian,Ukrainian,0,357,5,0.5378894805908203,0.6902731657028198,0.8507112264633179,0.7038788795471191
Slavyangrad,Russian,Left-wing,0,334,3,0.0,0.0,0.9167770147323608,0.850437581539154
Slavyangrad,Russian,Ukrainian,0,326,9,1.0,-0.0,0.8594259023666382,0.7829983830451965
Slavyangrad,Russian,Ukrainian,0,390,8,0.0,0.0,0.8797320127487183,0.824173092842102
Slavyangrad,Russian,Western,0,125,2,0.0,0.0,0.5814963579177856,0.24399185180664062
Slavyangrad,Russian,Resistance,0,312,9,0.0,0.0,0.7771897315979004,0.6717137694358826
Slavyangrad,Russian,Zionist,0,151,2,0.0,0.0,0.260026752948761,0.06650073826313019
Slavyangrad,Russian,Resistance,0,565,8,1.0,-0.0,0.4327402412891388,0.22231633961200714
Slavyangrad,Russian,Zionist,0,126,2,0.0,0.0,0.4571479856967926,0.05666553974151611
Slavyangrad,Russian,Ukrainian,0,571,10,0.0,0.0,0.5055139660835266,0.05306228995323181
Slavyangrad,Russian,Ukrainian,0,92,3,0.0,0.0,0.9889872670173645,0.9801013469696045
Slavyangrad,Russian,Right-wing,0,3000,22,0.3555414080619812,1.4998129606246948,0.5913660526275635,0.3017127811908722
Slavyangrad,Russian,Russian,1,106,6,1.0,-0.0,0.9547603130340576,0.92801833152771
Slavyangrad,Russian,Resistance,0,89,4,0.0,0.0,0.6603874564170837,0.3334638178348541
Slavyangrad,Russian,Resistance,0,292,4,0.0,0.0,0.47980767488479614,0.10134124755859375
Slavyangrad,Russian,Ukrainian,0,361,8,0.0,0.0,0.98399817943573,0.9766135811805725
Slavyangrad,Russian,Russian,1,37,1,0.0,0.0,0.9990025162696838,0.9982849955558777
Slavyangrad,Russian,Western,0,228,5,0.0,0.0,0.36250871419906616,0.144271582365036
Slavyangrad,Russian,Russian,1,93,3,0.0,0.0,0.7459713220596313,0.5177303552627563
Slavyangrad,Russian,Russian,1,86,3,0.0,0.0,0.6382773518562317,0.38319966197013855
Slavyangrad,Russian,Russian,1,750,11,1.0,-0.0,0.7555711269378662,0.6299960613250732
Slavyangrad,Russian,Ukrainian,0,40,3,0.0,0.0,0.6399111747741699,0.2825567424297333
Slavyangrad,Russian,Zionist,0,494,5,1.0,-0.0,0.8676102161407471,0.7773270606994629
Slavyangrad,Russian,Russian,1,15,1,0.0,0.0,0.7848920226097107,0.5722125172615051
Slavyangrad,Russian,Zionist,0,230,7,0.0,0.0,0.6726855039596558,0.558447539806366
Slavyangrad,Russian,Zionist,0,154,4,1.0,-0.0,0.5696988701820374,0.2375493347644806
Slavyangrad,Russian,Zionist,0,79,4,0.0,0.0,0.721959114074707,0.4681590795516968
Slavyangrad,Russian,Russian,1,227,4,0.0,0.0,0.6731128692626953,0.36583104729652405
Slavyangrad,Russian,Russian,1,152,3,0.0,0.0,0.9127887487411499,0.831987202167511
Slavyangrad,Russian,Ukrainian,0,172,3,0.0,0.0,0.972496509552002,0.9595398306846619
Slavyangrad,Russian,Russian,1,53,2,0.0,0.0,0.5302613377571106,0.103447824716568
Slavyangrad,Russian,Zionist,0,1911,23,0.0,0.0,0.6709972620010376,0.48815345764160156
Slavyangrad,Russian,Resistance,0,153,3,0.0,0.0,0.6906651258468628,0.4311067461967468
Slavyangrad,Russian,Zionist,0,452,27,0.0,0.0,0.7394230365753174,0.6407414674758911
Slavyangrad,Russian,Ukrainian,0,180,1,0.0,0.0,0.27399754524230957,0.007816731929779053
Slavyangrad,Russian,Ukrainian,0,52,2,1.0,-0.0,0.7288127541542053,0.5805447101593018
Slavyangrad,Russian,Resistance,0,175,7,0.0,0.0,0.46195289492607117,0.1350243091583252
Slavyangrad,Russian,Ukrainian,0,539,6,1.0,-0.0,0.7146413922309875,0.5458678007125854
Slavyangrad,Russian,Russian,1,989,20,0.6157462000846863,0.666108250617981,0.5910981893539429,0.23234787583351135
Slavyangrad,Russian,Zionist,0,54,1,0.0,0.0,0.7923283576965332,0.6946876645088196
Slavyangrad,Russian,Zionist,0,79,2,0.0,0.0,0.894453227519989,0.8332726359367371
Slavyangrad,Russian,Zionist,0,123,5,0.6368064880371094,0.6552335023880005,0.6215872168540955,0.3025698959827423
Slavyangrad,Russian,Russian,1,39,2,0.0,0.0,0.7404412031173706,0.5743669271469116
Slavyangrad,Russian,Western,0,742,17,0.0,0.0,0.7075285315513611,0.4226256310939789
Slavyangrad,Russian,Western,0,52,0,0.0,0.0,0.9365115165710449,0.8895350098609924
Slavyangrad,Russian,Resistance,0,93,4,0.0,0.0,0.8894588351249695,0.7930571436882019
Slavyangrad,Russian,Russian,1,553,4,0.0,0.0,0.6849501729011536,0.5380582809448242
Slavyangrad,Russian,Resistance,0,125,4,0.0,0.0,0.7596049904823303,0.5417336225509644
Slavyangrad,Russian,Zionist,0,529,13,0.0,0.0,0.45332765579223633,0.08205273747444153
Slavyangrad,Russian,Western,0,2814,27,0.7261838912963867,0.5870175957679749,0.9647378921508789,0.9485158324241638
Slavyangrad,Russian,Russian,1,42,1,0.0,0.0,0.6186924576759338,0.2559565603733063
Slavyangrad,Russian,Russian,1,204,4,0.0,0.0,0.26365333795547485,0.0017496049404144287
Slavyangrad,Russian,Russian,1,89,5,0.0,0.0,0.5906053185462952,0.34656673669815063
Slavyangrad,Russian,Russian,1,153,2,0.0,0.0,0.6593177318572998,0.4143504202365875
Slavyangrad,Russian,Russian,1,247,6,0.0,0.0,0.8933526277542114,0.8178568482398987
Slavyangrad,Russian,Ukrainian,0,55,3,0.0,0.0,0.9902793765068054,0.9849206805229187
Slavyangrad,Russian,Ukrainian,0,215,6,0.0,0.0,0.8134399652481079,0.6740422248840332
Slavyangrad,Russian,Resistance,0,435,12,1.0,-0.0,0.7052863836288452,0.5342632532119751
Slavyangrad,Russian,Russian,1,135,5,0.0,0.0,0.6419860124588013,0.39357227087020874
Slavyangrad,Russian,Zionist,0,119,3,1.0,-0.0,0.33652862906455994,0.0691472589969635
Slavyangrad,Russian,Resistance,0,290,7,0.0,0.0,0.6457962393760681,0.5160113573074341
Slavyangrad,Russian,Resistance,0,216,5,0.0,0.0,0.3974095284938812,0.1204177737236023
Slavyangrad,Russian,Resistance,0,189,7,1.0,-0.0,0.9510244131088257,0.9114973545074463
Slavyangrad,Russian,Resistance,0,1064,19,1.0,-0.0,0.6772192120552063,0.401462197303772
Slavyangrad,Russian,Zionist,0,100,4,1.0,-0.0,0.9617456197738647,0.9314430356025696
Slavyangrad,Russian,Ukrainian,0,52,2,1.0,-0.0,0.7288127541542053,0.5805447101593018
Slavyangrad,Russian,Russian,1,345,9,0.0,0.0,0.9779210686683655,0.9571943879127502
Slavyangrad,Russian,Western,0,269,7,0.0,0.0,0.34748852252960205,0.08250316977500916
Slavyangrad,Russian,Resistance,0,106,3,0.0,0.0,0.4865948557853699,0.15101879835128784
Slavyangrad,Russian,Right-wing,0,191,6,0.0,0.0,0.8286308646202087,0.6867349147796631
Slavyangrad,Russian,Right-wing,0,586,7,0.0,0.0,0.728681743144989,0.647804856300354
Slavyangrad,Russian,Resistance,0,920,9,0.0,0.0,0.7072288990020752,0.46423572301864624
Slavyangrad,Russian,Russian,1,372,8,0.0,0.0,0.9752241373062134,0.9594448208808899
Slavyangrad,Russian,Left-wing,0,260,6,0.0,0.0,0.5193730592727661,0.21614772081375122
Slavyangrad,Russian,Resistance,0,185,10,0.0,0.0,0.9561029076576233,0.9126852750778198
Slavyangrad,Russian,Resistance,0,197,3,0.0,0.0,0.4358002245426178,0.11089485883712769
Slavyangrad,Russian,Zionist,0,110,3,1.0,-0.0,0.7869790196418762,0.5747836828231812
Slavyangrad,Russian,Resistance,0,145,6,1.0,-0.0,0.8671908974647522,0.7442063093185425
Slavyangrad,Russian,Russian,1,84,2,1.0,-0.0,0.9028270840644836,0.8198397755622864
Slavyangrad,Russian,Zionist,0,207,6,0.0,0.0,0.6539401412010193,0.36200806498527527
Slavyangrad,Russian,Russian,1,87,2,0.0,0.0,0.994082510471344,0.9887723326683044
Slavyangrad,Russian,Russian,1,174,5,0.0,0.0,0.5480046272277832,0.10630917549133301
Slavyangrad,Russian,Resistance,0,242,4,0.0,0.0,0.6965157389640808,0.39708513021469116
Slavyangrad,Russian,Ukrainian,0,374,17,0.0,0.0,0.9535744786262512,0.9074532389640808
Slavyangrad,Russian,Resistance,0,1958,26,0.5035679936408997,0.6931217312812805,0.7237399220466614,0.4828440248966217
Slavyangrad,Russian,Ukrainian,0,939,16,1.0,-0.0,0.41994908452033997,0.06326988339424133
Slavyangrad,Russian,Ukrainian,0,243,4,0.0,0.0,0.662250280380249,0.3271324634552002
Slavyangrad,Russian,Ukrainian,0,26,1,0.0,0.0,0.9402401447296143,0.9018258452415466
Slavyangrad,Russian,Zionist,0,1188,13,0.7495936155319214,0.5627811551094055,0.9223204851150513,0.8797925114631653
Slavyangrad,Russian,Ukrainian,0,91,1,0.0,0.0,0.34673011302948,0.03581351041793823
Slavyangrad,Russian,Zionist,0,63,0,0.0,0.0,0.7219293117523193,0.5987632274627686
Slavyangrad,Russian,Resistance,0,81,3,0.0,0.0,0.8478260636329651,0.7076164484024048
Slavyangrad,Russian,Western,0,786,12,1.0,-0.0,0.665793776512146,0.5621083974838257
Slavyangrad,Russian,Zionist,0,89,3,1.0,-0.0,0.29041457176208496,0.024750560522079468
Slavyangrad,Russian,Ukrainian,0,68,3,0.0,0.0,0.8343334794044495,0.7505275011062622
Slavyangrad,Russian,Zionist,0,306,5,0.0,0.0,0.39320045709609985,0.021860897541046143
Slavyangrad,Russian,Resistance,0,189,3,0.0,0.0,0.382535457611084,0.08547279238700867
Slavyangrad,Russian,Resistance,0,747,22,1.0,-0.0,0.7025870680809021,0.5789108276367188
Slavyangrad,Russian,Russian,1,114,4,0.0,0.0,0.46790841221809387,0.12440961599349976
Slavyangrad,Russian,Russian,1,34,1,0.0,0.0,0.7022439241409302,0.46776628494262695
Slavyangrad,Russian,Western,0,706,12,0.0,0.0,0.37233132123947144,0.006582051515579224
Slavyangrad,Russian,Right-wing,0,178,5,1.0,-0.0,0.6807148456573486,0.5102888345718384
Slavyangrad,Russian,Western,0,285,6,0.0,0.0,0.9719741344451904,0.9463083148002625
Slavyangrad,Russian,Resistance,0,332,3,0.0,0.0,0.5191500186920166,0.056154489517211914
Slavyangrad,Russian,Resistance,0,741,17,1.0,-0.0,0.6343424320220947,0.3211970329284668
Slavyangrad,Russian,Resistance,0,1507,28,1.0,-0.0,0.9127034544944763,0.8581000566482544
Slavyangrad,Russian,Resistance,0,290,2,1.0,-0.0,0.7433109283447266,0.5735373497009277
Slavyangrad,Russian,Zionist,0,166,4,0.0,0.0,0.649341344833374,0.3447662591934204
Slavyangrad,Russian,Ukrainian,0,779,11,1.0,-0.0,0.546825110912323,0.18971526622772217
Slavyangrad,Russian,Ukrainian,0,14,0,0.0,0.0,0.6917473673820496,0.49410343170166016
Slavyangrad,Russian,Russian,1,1023,16,1.0,-0.0,0.30429771542549133,0.07777297496795654
Slavyangrad,Russian,Western,0,260,2,0.0,0.0,0.34742018580436707,0.0554337203502655
Slavyangrad,Russian,Russian,1,607,7,1.0,-0.0,0.7542816996574402,0.5533912181854248
Slavyangrad,Russian,Ukrainian,0,441,8,1.0,-0.0,0.6305972337722778,0.2673715054988861
Slavyangrad,Russian,Russian,1,129,2,1.0,-0.0,0.608302652835846,0.416049987077713
Slavyangrad,Russian,Russian,1,15,1,0.0,0.0,0.7848920226097107,0.5722125172615051
Slavyangrad,Russian,Resistance,0,362,7,0.0,0.0,0.7235367894172668,0.5085093379020691
Slavyangrad,Russian,Russian,1,810,10,1.0,-0.0,0.8276978731155396,0.752677321434021
Slavyangrad,Russian,Western,0,431,8,0.5351797938346863,1.1106475591659546,0.5113508105278015,0.3578035831451416
Slavyangrad,Russian,Ukrainian,0,1108,9,0.0,0.0,0.41093501448631287,0.1520073413848877
Slavyangrad,Russian,Russian,1,139,4,0.0,0.0,0.8120076060295105,0.7140125036239624
Slavyangrad,Russian,Resistance,0,164,4,0.0,0.0,0.39074262976646423,0.022734761238098145
Slavyangrad,Russian,Ukrainian,0,81,1,0.0,0.0,0.8790111541748047,0.800399899482727
Slavyangrad,Russian,Western,0,958,16,0.7088003158569336,0.6032223701477051,0.7146405577659607,0.5618235468864441
Babel,Ukrainian,Ukrainian,1,769,18,0.0,0.0,0.8765061497688293,0.7697188258171082
Babel,Ukrainian,Western,0,824,12,0.7535352110862732,0.5584179162979126,0.9507671594619751,0.9168552756309509
Babel,Ukrainian,Ukrainian,1,1132,23,0.6065915822982788,0.6702483296394348,0.6919813752174377,0.3910089135169983
Babel,Ukrainian,Left-wing,0,533,7,0.0,0.0,0.5348954796791077,0.36367690563201904
Babel,Ukrainian,Right-wing,0,482,6,1.0,-0.0,0.413447767496109,0.017653048038482666
Babel,Ukrainian,Ukrainian,1,454,9,0.0,0.0,0.9391637444496155,0.8968297243118286
Babel,Ukrainian,Ukrainian,1,733,10,1.0,-0.0,0.9235865473747253,0.8890141844749451
Babel,Ukrainian,Ukrainian,1,480,4,0.0,0.0,0.9180120825767517,0.8677738308906555
Babel,Ukrainian,Ukrainian,1,3000,34,0.5089460611343384,0.6929871439933777,0.6524769067764282,0.36665162444114685
Babel,Ukrainian,Ukrainian,1,185,2,1.0,-0.0,0.7992073893547058,0.6121155023574829
Babel,Ukrainian,Ukrainian,1,587,13,1.0,-0.0,0.5650646686553955,0.3502124845981598
Babel,Ukrainian,Ukrainian,1,766,3,1.0,-0.0,0.6881970763206482,0.41707274317741394
Babel,Ukrainian,Ukrainian,1,826,10,1.0,-0.0,0.7835966944694519,0.6744818687438965
Babel,Ukrainian,Ukrainian,1,843,17,1.0,-0.0,0.9117175340652466,0.858098030090332
Babel,Ukrainian,Russian,0,1523,32,0.7778060436248779,0.529670774936676,0.708804190158844,0.4281974732875824
Babel,Ukrainian,Russian,0,739,13,1.0,-0.0,0.5639134049415588,0.3499513268470764
Babel,Ukrainian,Ukrainian,1,367,7,1.0,-0.0,0.5943297147750854,0.20384067296981812
Babel,Ukrainian,Zionist,0,704,16,0.8043020963668823,0.49438029527664185,0.7648378610610962,0.5870072245597839
Babel,Ukrainian,Ukrainian,1,470,6,0.0,0.0,0.9397656917572021,0.8963965177536011
Babel,Ukrainian,Ukrainian,1,687,13,0.0,0.0,0.5362519025802612,0.3966054916381836
Babel,Ukrainian,Ukrainian,1,881,15,0.5122669339179993,0.6928461790084839,0.933463990688324,0.9024406671524048
Babel,Ukrainian,Ukrainian,1,621,11,0.0,0.0,0.630290687084198,0.30642929673194885
Babel,Ukrainian,Ukrainian,1,244,3,0.7665179371833801,0.5434496402740479,0.9770445227622986,0.96049964427948
Babel,Ukrainian,Left-wing,0,1314,28,0.0,0.0,0.3064522445201874,0.0008183419704437256
Babel,Ukrainian,Ukrainian,1,604,8,1.0,-0.0,0.938362717628479,0.8937937021255493
Babel,Ukrainian,Russian,0,660,17,0.0,0.0,0.24328742921352386,0.03796014189720154
Babel,Ukrainian,Russian,0,742,7,0.0,0.0,0.42870110273361206,0.14075514674186707
Babel,Ukrainian,Ukrainian,1,739,16,0.0,0.0,0.9673830270767212,0.938901424407959
Babel,Ukrainian,Russian,0,469,10,0.0,0.0,0.542576014995575,0.16889885067939758
Babel,Ukrainian,Ukrainian,1,700,13,1.0,-0.0,0.8916673064231873,0.8026260733604431
Babel,Ukrainian,Russian,0,3000,31,0.2598250210285187,1.385584831237793,0.9730294942855835,0.9557284116744995
Babel,Ukrainian,Zionist,0,905,15,0.0,0.0,0.35782110691070557,0.10119929909706116
Babel,Ukrainian,Ukrainian,1,626,3,0.0,0.0,0.9422218799591064,0.8914943933486938
Babel,Ukrainian,Western,0,2078,32,0.7504929304122925,0.5617929697036743,0.6943451762199402,0.5647097826004028
Babel,Ukrainian,Ukrainian,1,326,6,0.0,0.0,0.7324567437171936,0.47113949060440063
Babel,Ukrainian,Western,0,583,2,0.7188772559165955,0.594010591506958,0.9493491053581238,0.9252627491950989
Babel,Ukrainian,Western,0,614,14,0.0,0.0,0.9109560251235962,0.8660939931869507
Babel,Ukrainian,Western,0,578,17,1.0,-0.0,0.634734570980072,0.3426099419593811
Babel,Ukrainian,Ukrainian,1,1054,16,0.6402299404144287,0.653285801410675,0.8809143304824829,0.7783634662628174
Babel,Ukrainian,Ukrainian,1,781,7,0.0,0.0,0.6278687715530396,0.2577357888221741
Babel,Ukrainian,Ukrainian,1,350,6,1.0,-0.0,0.8853271007537842,0.7802636027336121
Babel,Ukrainian,Russian,0,756,5,0.6094062328338623,0.9396474361419678,0.6669710874557495,0.3463771641254425
Babel,Ukrainian,Ukrainian,1,336,3,1.0,-0.0,0.45080751180648804,0.14571672677993774
Babel,Ukrainian,Left-wing,0,306,6,0.0,0.0,0.483764111995697,0.17308643460273743
Babel,Ukrainian,Left-wing,0,775,3,1.0,-0.0,0.657185971736908,0.5672756433486938
Babel,Ukrainian,Ukrainian,1,1195,16,0.0,0.0,0.8383076190948486,0.7402637600898743
Babel,Ukrainian,Zionist,0,790,14,1.0,-0.0,0.6462624669075012,0.5075638890266418
Babel,Ukrainian,Ukrainian,1,285,8,1.0,-0.0,0.8945172429084778,0.811730682849884
Babel,Ukrainian,Ukrainian,1,159,5,0.0,0.0,0.6760865449905396,0.5374839901924133
Babel,Ukrainian,Zionist,0,455,4,0.0,0.0,0.7534962296485901,0.5675862431526184
Babel,Ukrainian,Left-wing,0,490,13,1.0,-0.0,0.5797674655914307,0.16943711042404175
Babel,Ukrainian,Ukrainian,1,967,30,0.739867091178894,0.5731959342956543,0.5546969771385193,0.27495715022087097
Babel,Ukrainian,Ukrainian,1,800,19,0.757509708404541,0.5539335012435913,0.8160626888275146,0.7225528955459595
Babel,Ukrainian,Ukrainian,1,390,12,1.0,-0.0,0.9187823534011841,0.8850988149642944
Babel,Ukrainian,Ukrainian,1,590,9,0.909811794757843,0.30297303199768066,0.834775984287262,0.7236899137496948
Babel,Ukrainian,Ukrainian,1,625,17,1.0,-0.0,0.8165757656097412,0.6458272933959961
Babel,Ukrainian,Ukrainian,1,713,7,0.0,0.0,0.8971823453903198,0.8378973603248596
Babel,Ukrainian,Ukrainian,1,517,10,0.0,0.0,0.7385568618774414,0.5745044946670532
Babel,Ukrainian,Right-wing,0,657,7,0.5050060153007507,0.6930970549583435,0.6399015784263611,0.49997103214263916
Babel,Ukrainian,Ukrainian,1,636,17,1.0,-0.0,0.8520015478134155,0.7920449376106262
Babel,Ukrainian,Resistance,0,178,6,0.0,0.0,0.7045266032218933,0.5864500999450684
Babel,Ukrainian,Russian,0,795,11,0.7292783856391907,0.5839752554893494,0.7076754570007324,0.5219088196754456
Babel,Ukrainian,Ukrainian,1,754,9,0.0,0.0,0.7671495676040649,0.5544421672821045
Babel,Ukrainian,Ukrainian,1,1100,24,1.0,-0.0,0.6758953928947449,0.35553839802742004
Babel,Ukrainian,Ukrainian,1,597,10,0.0,0.0,0.8930486440658569,0.8101826906204224
Babel,Ukrainian,Western,0,743,7,1.0,-0.0,0.6389074325561523,0.429842472076416
Babel,Ukrainian,Ukrainian,1,621,10,0.0,0.0,0.9588903784751892,0.9250609874725342
Babel,Ukrainian,Left-wing,0,929,1,0.6112197637557983,0.6681993007659912,0.6452804207801819,0.45075759291648865
Babel,Ukrainian,Ukrainian,1,870,30,0.48522239923477173,1.405263900756836,0.2900106608867645,0.03341522812843323
Babel,Ukrainian,Western,0,621,5,0.5671135187149048,0.684111475944519,0.7339063882827759,0.5612237453460693
Babel,Ukrainian,Ukrainian,1,587,10,1.0,-0.0,0.8224723935127258,0.6912180781364441
Babel,Ukrainian,Ukrainian,1,764,9,0.0,0.0,0.9752569198608398,0.9616513252258301
Babel,Ukrainian,Resistance,0,536,12,0.8015363812446594,0.4982651472091675,0.47424736618995667,0.28657329082489014
Babel,Ukrainian,Left-wing,0,595,7,0.0,0.0,0.4085472822189331,0.1499730348587036
Babel,Ukrainian,Ukrainian,1,459,11,0.0,0.0,0.9802520871162415,0.9724586606025696
Babel,Ukrainian,Ukrainian,1,734,12,0.0,0.0,0.723595380783081,0.5542187690734863
Babel,Ukrainian,Russian,0,726,12,0.0,0.0,0.6959437131881714,0.39279523491859436
Babel,Ukrainian,Zionist,0,432,7,0.0,0.0,0.45584627985954285,0.12996047735214233
Babel,Ukrainian,Western,0,478,6,1.0,-0.0,0.7716841697692871,0.6583359241485596
Babel,Ukrainian,Ukrainian,1,389,13,0.0,0.0,0.797735333442688,0.7406320571899414
Babel,Ukrainian,Ukrainian,1,508,4,0.5205996036529541,0.6922982931137085,0.894662618637085,0.8395298719406128
Babel,Ukrainian,Ukrainian,1,837,15,1.0,-0.0,0.8882806301116943,0.8193095922470093
Babel,Ukrainian,Ukrainian,1,1710,33,0.909181535243988,0.3044273257255554,0.8131169676780701,0.668837308883667
Babel,Ukrainian,Western,0,1274,32,0.6811537146568298,0.6259967684745789,0.40184009075164795,0.2405415177345276
Babel,Ukrainian,Western,0,607,16,1.0,-0.0,0.5505498051643372,0.3269624412059784
Babel,Ukrainian,Ukrainian,1,760,8,0.0,0.0,0.7999585866928101,0.6129114627838135
Babel,Ukrainian,Russian,0,1005,14,1.0,-0.0,0.9700857400894165,0.9406352639198303
Babel,Ukrainian,Ukrainian,1,555,7,0.0,0.0,0.7498338222503662,0.525921642780304
Babel,Ukrainian,Ukrainian,1,697,13,0.0,0.0,0.9916028380393982,0.986991286277771
Babel,Ukrainian,Ukrainian,1,370,2,0.0,0.0,0.8878492116928101,0.7996180653572083
Babel,Ukrainian,Resistance,0,594,6,0.0,0.0,0.40967708826065063,0.1631300300359726
Babel,Ukrainian,Zionist,0,615,15,1.0,-0.0,0.761763334274292,0.6671278476715088
Babel,Ukrainian,Ukrainian,1,588,13,0.6658227443695068,0.8428422212600708,0.5886514186859131,0.3755921721458435
Babel,Ukrainian,Ukrainian,1,623,10,0.0,0.0,0.5813363790512085,0.16279533505439758
Babel,Ukrainian,Russian,0,787,15,0.0,0.0,0.6720540523529053,0.3562210202217102
Babel,Ukrainian,Zionist,0,1456,28,1.0,-0.0,0.28433316946029663,0.013099521398544312
Babel,Ukrainian,Ukrainian,1,842,13,1.0,-0.0,0.37688684463500977,0.03252783417701721
Babel,Ukrainian,Ukrainian,1,683,12,0.47878044843673706,1.0520989894866943,0.9806503653526306,0.9630454778671265
Babel,Ukrainian,Ukrainian,1,1089,15,0.5150945782661438,0.692691445350647,0.9344952702522278,0.888033926486969
Babel,Ukrainian,Ukrainian,1,2977,34,0.6082038283348083,0.9410165548324585,0.9222986698150635,0.8599773645401001
Babel,Ukrainian,Western,0,966,19,1.0,-0.0,0.8633264303207397,0.7486847639083862
Babel,Ukrainian,Left-wing,0,1314,23,1.0,-0.0,0.6855375170707703,0.5162306427955627
Babel,Ukrainian,Russian,0,2481,37,0.0,0.0,0.7156840562820435,0.43238887190818787
Babel,Ukrainian,Ukrainian,1,705,6,0.0,0.0,0.9857435822486877,0.9725269675254822
Babel,Ukrainian,Resistance,0,682,12,1.0,-0.0,0.6019942760467529,0.36385589838027954
Babel,Ukrainian,Ukrainian,1,948,21,1.0,-0.0,0.7954316735267639,0.6589577794075012
Babel,Ukrainian,Ukrainian,1,771,10,0.0,0.0,0.5258417129516602,0.060642629861831665
Babel,Ukrainian,Ukrainian,1,697,25,0.0,0.0,0.3560812175273895,0.12627755105495453
Babel,Ukrainian,Russian,0,840,22,0.0,0.0,0.9888989329338074,0.9779958128929138
Babel,Ukrainian,Left-wing,0,381,10,1.0,-0.0,0.6218598484992981,0.44656091928482056
Babel,Ukrainian,Ukrainian,1,663,13,0.0,0.0,0.9943095445632935,0.9893892407417297
Babel,Ukrainian,Zionist,0,1184,30,0.7201806306838989,0.5927826166152954,0.4463987648487091,0.1742495596408844
Babel,Ukrainian,Ukrainian,1,712,12,0.0,0.0,0.639177680015564,0.3160190284252167
Babel,Ukrainian,Ukrainian,1,544,12,0.9554643034934998,0.1821001172065735,0.611235499382019,0.33258894085884094
Babel,Ukrainian,Resistance,0,1542,43,1.0,-0.0,0.4872404932975769,0.25015950202941895
Babel,Ukrainian,Ukrainian,1,720,10,0.6199409365653992,0.926403820514679,0.9595174193382263,0.9457794427871704
Babel,Ukrainian,Western,0,763,8,1.0,-0.0,0.9262348413467407,0.8904862999916077
Babel,Ukrainian,Western,0,910,18,1.0,-0.0,0.7439359426498413,0.6551128625869751
Babel,Ukrainian,Russian,0,1085,18,1.0,-0.0,0.7051131129264832,0.6214746236801147
Babel,Ukrainian,Ukrainian,1,843,15,1.0,-0.0,0.7121021151542664,0.4367939531803131
Babel,Ukrainian,Russian,0,579,11,0.0,0.0,0.9509826898574829,0.9022864103317261
Babel,Ukrainian,Russian,0,610,11,1.0,-0.0,0.6072214841842651,0.3168445825576782
Babel,Ukrainian,Russian,0,578,9,0.0,0.0,0.9401343464851379,0.9018335938453674
Babel,Ukrainian,Zionist,0,1030,21,1.0,-0.0,0.9465062022209167,0.908635139465332
Babel,Ukrainian,Ukrainian,1,1089,26,0.9698389768600464,0.13530144095420837,0.9348990321159363,0.9010242819786072
Babel,Ukrainian,Ukrainian,1,497,13,0.47717714309692383,1.3589253425598145,0.8595603108406067,0.7507649064064026
Babel,Ukrainian,Ukrainian,1,294,7,0.0,0.0,0.9623000025749207,0.9290463328361511
Babel,Ukrainian,Ukrainian,1,453,3,0.0,0.0,0.5515836477279663,0.2017039656639099
Babel,Ukrainian,Ukrainian,1,463,3,0.729058027267456,0.5841934680938721,0.7953002452850342,0.6929927468299866
Babel,Ukrainian,Ukrainian,1,1059,8,0.0,0.0,0.4726244807243347,0.24523799121379852
Babel,Ukrainian,Right-wing,0,428,11,1.0,-0.0,0.345160573720932,0.10584671795368195
Babel,Ukrainian,Russian,0,868,5,0.6645076274871826,0.6380002498626709,0.36445096135139465,0.0659140944480896
Babel,Ukrainian,Ukrainian,1,417,6,0.0,0.0,0.5512445569038391,0.13076704740524292
Babel,Ukrainian,Ukrainian,1,695,17,0.0,0.0,0.7870556116104126,0.6625058650970459
Babel,Ukrainian,Ukrainian,1,663,12,0.0,0.0,0.7895887494087219,0.5940554738044739
Babel,Ukrainian,Ukrainian,1,2130,31,0.48368746042251587,1.229651927947998,0.6467561721801758,0.35202404856681824
Babel,Ukrainian,Ukrainian,1,836,16,1.0,-0.0,0.8495224714279175,0.7112219333648682
Babel,Ukrainian,Ukrainian,1,678,11,0.0,0.0,0.8556119799613953,0.7209081649780273
Babel,Ukrainian,Ukrainian,1,510,1,0.0,0.0,0.28576719760894775,0.031942129135131836
Babel,Ukrainian,Ukrainian,1,473,6,1.0,-0.0,0.8099546432495117,0.7014071345329285
Babel,Ukrainian,Russian,0,564,8,1.0,-0.0,0.3626076281070709,0.09834674000740051
Babel,Ukrainian,Ukrainian,1,440,6,0.8985628485679626,0.32822927832603455,0.8764908313751221,0.7749831676483154
Babel,Ukrainian,Western,0,858,26,0.0,0.0,0.6775099635124207,0.36207109689712524
Babel,Ukrainian,Russian,0,762,4,1.0,-0.0,0.9361319541931152,0.8725285530090332
Babel,Ukrainian,Russian,0,650,13,0.7234195470809937,0.589694619178772,0.5601131319999695,0.12221068143844604
Babel,Ukrainian,Russian,0,477,5,0.0,0.0,0.9714072942733765,0.9488383531570435
Babel,Ukrainian,Zionist,0,571,6,0.0,0.0,0.3996262550354004,0.1896432787179947
Babel,Ukrainian,Ukrainian,1,359,6,0.0,0.0,0.736552894115448,0.5670302510261536
Babel,Ukrainian,Ukrainian,1,608,7,0.0,0.0,0.6306226253509521,0.3144240379333496
Babel,Ukrainian,Russian,0,515,5,0.5598510503768921,0.6859656572341919,0.4385558068752289,0.07317450642585754
Babel,Ukrainian,Ukrainian,1,82,3,1.0,-0.0,0.7551046013832092,0.5160928964614868
Babel,Ukrainian,Ukrainian,1,1922,22,1.0,-0.0,0.9036552309989929,0.8307264447212219
Babel,Ukrainian,Ukrainian,1,643,14,0.0,0.0,0.8323643803596497,0.7416883111000061
Babel,Ukrainian,Ukrainian,1,570,12,0.8986821174621582,0.3279690742492676,0.941591203212738,0.9084680676460266
Babel,Ukrainian,Right-wing,0,596,9,0.0,0.0,0.40585142374038696,0.07865065336227417
Babel,Ukrainian,Ukrainian,1,393,6,1.0,-0.0,0.9053474068641663,0.8392004370689392
Babel,Ukrainian,Russian,0,1114,19,0.0,0.0,0.7953267693519592,0.6336259245872498
Babel,Ukrainian,Ukrainian,1,460,13,0.5702428817749023,0.683246374130249,0.6426582932472229,0.31592047214508057
Babel,Ukrainian,Ukrainian,1,774,10,1.0,-0.0,0.7824826240539551,0.6626636981964111
Babel,Ukrainian,Ukrainian,1,922,17,0.3449798822402954,1.0982825756072998,0.8576063513755798,0.7618124485015869
Babel,Ukrainian,Zionist,0,407,9,0.0,0.0,0.4756067991256714,0.05774569511413574
Babel,Ukrainian,Ukrainian,1,964,25,0.7811136245727539,0.5254948735237122,0.9657440185546875,0.9457237720489502
Babel,Ukrainian,Ukrainian,1,855,9,1.0,-0.0,0.5064971446990967,0.0673224925994873
Babel,Ukrainian,Ukrainian,1,332,2,0.0,0.0,0.6724346280097961,0.5117936134338379
Babel,Ukrainian,Ukrainian,1,424,6,0.0,0.0,0.9598540663719177,0.9391562938690186
Babel,Ukrainian,Ukrainian,1,586,15,0.0,0.0,0.9853890538215637,0.97514408826828
Babel,Ukrainian,Ukrainian,1,901,15,1.0,-0.0,0.9594184160232544,0.9363846182823181
Babel,Ukrainian,Ukrainian,1,194,1,1.0,-0.0,0.9565595388412476,0.9243080615997314
Babel,Ukrainian,Russian,0,527,10,0.0,0.0,0.8725047707557678,0.7530497312545776
Babel,Ukrainian,Western,0,535,8,1.0,-0.0,0.37461063265800476,0.04873174428939819
Babel,Ukrainian,Ukrainian,1,609,13,1.0,-0.0,0.9578830599784851,0.9183688759803772
Babel,Ukrainian,Ukrainian,1,779,18,0.0,0.0,0.8812838792800903,0.7743787169456482
Babel,Ukrainian,Ukrainian,1,169,3,0.0,0.0,0.5955530405044556,0.1926267445087433
Babel,Ukrainian,Western,0,1069,25,0.0,0.0,0.4196963608264923,0.16987256705760956
Babel,Ukrainian,Ukrainian,1,816,20,1.0,-0.0,0.5024811625480652,0.0721869170665741
Babel,Ukrainian,Ukrainian,1,256,4,1.0,-0.0,0.7593344449996948,0.6161829829216003
Babel,Ukrainian,Russian,0,243,2,0.0,0.0,0.9338069558143616,0.8685624599456787
Babel,Ukrainian,Russian,0,689,4,0.5083111524581909,0.6930090188980103,0.5331971645355225,0.29954543709754944
Babel,Ukrainian,Resistance,0,617,14,0.0,0.0,0.7174525856971741,0.47083839774131775
Babel,Ukrainian,Ukrainian,1,266,6,1.0,-0.0,0.7673598527908325,0.6209293603897095
Babel,Ukrainian,Western,0,574,16,1.0,-0.0,0.7249293923377991,0.5568005442619324
Babel,Ukrainian,Ukrainian,1,1323,32,1.0,-0.0,0.5908005237579346,0.18892061710357666
Babel,Ukrainian,Right-wing,0,277,4,0.0,0.0,0.8300374746322632,0.7620624899864197
Babel,Ukrainian,Western,0,420,7,0.0,0.0,0.7191256880760193,0.4753822684288025
Babel,Ukrainian,Ukrainian,1,598,13,0.0,0.0,0.8523401618003845,0.8078387379646301
Babel,Ukrainian,Ukrainian,1,508,10,0.6225568652153015,0.6627985239028931,0.6758564114570618,0.4299953579902649
Babel,Ukrainian,Ukrainian,1,270,4,0.7087038159370422,0.8051563501358032,0.9614750146865845,0.9304974675178528
Babel,Ukrainian,Ukrainian,1,857,4,0.6504858136177063,0.6471453905105591,0.4075981080532074,0.14817184209823608
Babel,Ukrainian,Russian,0,1069,24,0.0,0.0,0.522485077381134,0.18383702635765076
Babel,Ukrainian,Ukrainian,1,170,3,0.0,0.0,0.8743196129798889,0.7635343670845032
Babel,Ukrainian,Ukrainian,1,598,18,0.0,0.0,0.9445159435272217,0.9182987213134766
Babel,Ukrainian,Russian,0,972,21,0.8454761505126953,0.430476576089859,0.6931793689727783,0.4734477400779724
Babel,Ukrainian,Left-wing,0,677,16,1.0,-0.0,0.38955843448638916,0.09883907437324524
Babel,Ukrainian,Russian,0,571,9,0.0,0.0,0.6987941265106201,0.40516307950019836
Babel,Ukrainian,Ukrainian,1,808,14,1.0,-0.0,0.6564220786094666,0.343440979719162
Babel,Ukrainian,Ukrainian,1,444,7,1.0,-0.0,0.9340348243713379,0.8838253617286682
Babel,Ukrainian,Right-wing,0,812,15,1.0,-0.0,0.5030947327613831,0.3616028428077698
Babel,Ukrainian,Ukrainian,1,237,6,1.0,-0.0,0.5771670937538147,0.15791600942611694
Babel,Ukrainian,Western,0,503,13,1.0,-0.0,0.4496415853500366,0.12252560257911682
Babel,Ukrainian,Ukrainian,1,1087,15,0.0,0.0,0.8893023729324341,0.7884489893913269
United24Media,Ukrainian,Russian,0,369,6,0.7922857999801636,0.5109123587608337,0.39253008365631104,0.13876593112945557
United24Media,Ukrainian,Ukrainian,1,484,7,0.0,0.0,0.6738128066062927,0.4139590859413147
United24Media,Ukrainian,Ukrainian,1,110,1,0.7130298614501953,0.5994164943695068,0.8791676759719849,0.7618908286094666
United24Media,Ukrainian,Ukrainian,1,438,7,0.0,0.0,0.8274741172790527,0.6675693392753601
United24Media,Ukrainian,Ukrainian,1,173,3,1.0,-0.0,0.5947493314743042,0.24142888188362122
United24Media,Ukrainian,Ukrainian,1,644,15,0.0,0.0,0.9326192736625671,0.8672616481781006
United24Media,Ukrainian,Ukrainian,1,489,10,0.6523920893669128,0.6459532380104065,0.7907477617263794,0.5881977677345276
United24Media,Ukrainian,Ukrainian,1,301,5,0.0,0.0,0.8809654712677002,0.7638328671455383
United24Media,Ukrainian,Ukrainian,1,375,6,1.0,-0.0,0.9954250454902649,0.9927172660827637
United24Media,Ukrainian,Ukrainian,1,852,11,1.0,-0.0,0.6318591833114624,0.3754549026489258
United24Media,Ukrainian,Ukrainian,1,310,4,0.0,0.0,0.9355895519256592,0.8819206357002258
United24Media,Ukrainian,Ukrainian,1,623,8,1.0,-0.0,0.48810040950775146,0.1770593822002411
United24Media,Ukrainian,Zionist,0,87,1,0.0,0.0,0.8421614170074463,0.7617591023445129
United24Media,Ukrainian,Ukrainian,1,315,8,1.0,-0.0,0.9203592538833618,0.885155975818634
United24Media,Ukrainian,Ukrainian,1,129,2,0.0,0.0,0.8249744176864624,0.7182988524436951
United24Media,Ukrainian,Ukrainian,1,261,7,1.0,-0.0,0.837709367275238,0.756475031375885
United24Media,Ukrainian,Ukrainian,1,154,3,0.0,0.0,0.8388733863830566,0.7223415374755859
United24Media,Ukrainian,Ukrainian,1,229,4,0.0,0.0,0.9915157556533813,0.9851312637329102
United24Media,Ukrainian,Ukrainian,1,642,10,0.0,0.0,0.517268180847168,0.202276349067688
United24Media,Ukrainian,Ukrainian,1,126,2,0.0,0.0,0.8433403968811035,0.6892421245574951
United24Media,Ukrainian,Ukrainian,1,320,5,1.0,-0.0,0.9812419414520264,0.9676036834716797
United24Media,Ukrainian,Ukrainian,1,784,17,1.0,-0.0,0.8977159261703491,0.825529932975769
United24Media,Ukrainian,Ukrainian,1,339,4,1.0,-0.0,0.9569913148880005,0.9277293682098389
United24Media,Ukrainian,Ukrainian,1,347,6,0.0,0.0,0.5408599376678467,0.13324490189552307
United24Media,Ukrainian,Russian,0,468,11,0.8303042054176331,0.45540350675582886,0.5514034032821655,0.13001343607902527
United24Media,Ukrainian,Ukrainian,1,1161,30,0.6387278437614441,0.9016713500022888,0.6248441934585571,0.3432564437389374
United24Media,Ukrainian,Ukrainian,1,131,4,0.0,0.0,0.9861500859260559,0.9785154461860657
United24Media,Ukrainian,Ukrainian,1,526,12,0.0,0.0,0.8087261915206909,0.6228995323181152
United24Media,Ukrainian,Resistance,0,194,2,1.0,-0.0,0.4621090292930603,0.19991281628608704
United24Media,Ukrainian,Ukrainian,1,66,3,0.0,0.0,0.7323287725448608,0.47183993458747864
United24Media,Ukrainian,Ukrainian,1,273,3,1.0,-0.0,0.9747280478477478,0.9586607217788696
United24Media,Ukrainian,Ukrainian,1,588,12,1.0,-0.0,0.954913854598999,0.9253696799278259
United24Media,Ukrainian,Ukrainian,1,466,10,0.7182626724243164,0.5945867300033569,0.7380111813545227,0.5619386434555054
United24Media,Ukrainian,Ukrainian,1,323,9,0.0,0.0,0.9247342944145203,0.8742201328277588
United24Media,Ukrainian,Western,0,454,5,0.0,0.0,0.5153409838676453,0.26355358958244324
United24Media,Ukrainian,Western,0,1032,24,0.0,0.0,0.9043172597885132,0.8171185851097107
United24Media,Ukrainian,Ukrainian,1,792,15,1.0,-0.0,0.9782071709632874,0.9583483934402466
United24Media,Ukrainian,Ukrainian,1,222,4,0.0,0.0,0.6910699009895325,0.45847731828689575
United24Media,Ukrainian,Ukrainian,1,536,4,0.0,0.0,0.8379784822463989,0.7451836466789246
United24Media,Ukrainian,Ukrainian,1,518,12,0.8128113150596619,0.48212069272994995,0.5717189908027649,0.15484610199928284
United24Media,Ukrainian,Ukrainian,1,206,3,1.0,-0.0,0.9873368144035339,0.978726863861084
United24Media,Ukrainian,Russian,0,263,7,0.0,0.0,0.8118224143981934,0.7200878858566284
United24Media,Ukrainian,Ukrainian,1,371,4,0.7152358889579773,0.597396731376648,0.8604753613471985,0.7861776947975159
United24Media,Ukrainian,Ukrainian,1,339,8,1.0,-0.0,0.9412373900413513,0.8945902585983276
United24Media,Ukrainian,Left-wing,0,190,1,0.0,0.0,0.3864787518978119,0.04119706153869629
United24Media,Ukrainian,Ukrainian,1,565,12,0.0,0.0,0.9455490708351135,0.9133564233779907
United24Media,Ukrainian,Zionist,0,118,2,0.0,0.0,0.7639300227165222,0.5924603939056396
United24Media,Ukrainian,Ukrainian,1,517,13,0.0,0.0,0.9780346155166626,0.9565658569335938
United24Media,Ukrainian,Ukrainian,1,126,4,0.0,0.0,0.9674171805381775,0.9490602612495422
United24Media,Ukrainian,Ukrainian,1,446,8,0.0,0.0,0.6218627691268921,0.33313214778900146
United24Media,Ukrainian,Russian,0,446,8,1.0,-0.0,0.8658010363578796,0.7739040851593018
United24Media,Ukrainian,Ukrainian,1,316,13,0.7546772360801697,0.5571380853652954,0.9139273166656494,0.8751665949821472
United24Media,Ukrainian,Ukrainian,1,344,5,0.0,0.0,0.8220672607421875,0.659402072429657
United24Media,Ukrainian,Western,0,672,9,1.0,-0.0,0.5283018350601196,0.1472383439540863
United24Media,Ukrainian,Ukrainian,1,592,8,1.0,-0.0,0.6827841401100159,0.4364035129547119
United24Media,Ukrainian,Ukrainian,1,290,5,0.0,0.0,0.5955684185028076,0.40549436211586
United24Media,Ukrainian,Western,0,370,5,0.0,0.0,0.8026185035705566,0.6143624782562256
United24Media,Ukrainian,Ukrainian,1,1306,13,0.0,0.0,0.9741665720939636,0.9547681212425232
United24Media,Ukrainian,Ukrainian,1,137,3,0.0,0.0,0.8858153820037842,0.7848922610282898
United24Media,Ukrainian,Ukrainian,1,903,19,0.5942745804786682,1.0879571437835693,0.5755721926689148,0.19759976863861084
United24Media,Ukrainian,Right-wing,0,1113,4,0.6666564345359802,0.6365212798118591,0.25517579913139343,0.021694302558898926
United24Media,Ukrainian,Western,0,837,14,0.0,0.0,0.8360497355461121,0.6887121200561523
United24Media,Ukrainian,Ukrainian,1,1058,12,1.0,-0.0,0.9823578596115112,0.9649007320404053
United24Media,Ukrainian,Zionist,0,399,10,0.0,0.0,0.57854163646698,0.31835734844207764
United24Media,Ukrainian,Ukrainian,1,761,14,0.6999385356903076,0.6109163761138916,0.49871549010276794,0.1706797480583191
United24Media,Ukrainian,Western,0,514,12,0.7852140665054321,0.5202290415763855,0.6086664199829102,0.3896794617176056
United24Media,Ukrainian,Russian,0,668,10,1.0,-0.0,0.6067651510238647,0.2946314811706543
United24Media,Ukrainian,Ukrainian,1,1215,22,0.5029028058052063,1.2249348163604736,0.9469965100288391,0.9075821042060852
United24Media,Ukrainian,Ukrainian,1,118,3,1.0,-0.0,0.9738715291023254,0.9582896828651428
United24Media,Ukrainian,Ukrainian,1,271,6,0.0,0.0,0.5270353555679321,0.3003576397895813
United24Media,Ukrainian,Ukrainian,1,118,3,0.0,0.0,0.4493486285209656,0.2443276196718216
United24Media,Ukrainian,Ukrainian,1,451,14,0.0,0.0,0.8629175424575806,0.7403824329376221
United24Media,Ukrainian,Ukrainian,1,175,4,1.0,-0.0,0.7706227898597717,0.6830319166183472
United24Media,Ukrainian,Ukrainian,1,145,2,0.0,0.0,0.8144698143005371,0.7199455499649048
United24Media,Ukrainian,Russian,0,452,3,0.0,0.0,0.508590817451477,0.18196320533752441
United24Media,Ukrainian,Ukrainian,1,1091,28,0.0,0.0,0.7461410760879517,0.5735154747962952
United24Media,Ukrainian,Ukrainian,1,695,7,0.0,0.0,0.49140819907188416,0.10769489407539368
United24Media,Ukrainian,Ukrainian,1,398,5,1.0,-0.0,0.690273642539978,0.4790087640285492
United24Media,Ukrainian,Ukrainian,1,719,11,0.0,0.0,0.5993683934211731,0.27536484599113464
United24Media,Ukrainian,Ukrainian,1,228,4,0.0,0.0,0.8902461528778076,0.8125907778739929
United24Media,Ukrainian,Ukrainian,1,252,6,0.0,0.0,0.5915212035179138,0.18363335728645325
United24Media,Ukrainian,Ukrainian,1,891,15,0.7588819265365601,0.5523653030395508,0.7289777994155884,0.5150079131126404
United24Media,Ukrainian,Ukrainian,1,225,5,0.0,0.0,0.6778026819229126,0.42044273018836975
United24Media,Ukrainian,Ukrainian,1,1454,10,0.5282547473907471,0.6915496587753296,0.6076980233192444,0.32365116477012634
United24Media,Ukrainian,Ukrainian,1,337,4,1.0,-0.0,0.9101468920707703,0.8306280374526978
United24Media,Ukrainian,Ukrainian,1,136,0,0.0,0.0,0.968428373336792,0.952290415763855
United24Media,Ukrainian,Ukrainian,1,702,12,0.0,0.0,0.7750129103660583,0.6051348447799683
United24Media,Ukrainian,Ukrainian,1,981,12,1.0,-0.0,0.7585042715072632,0.6297209858894348
United24Media,Ukrainian,Ukrainian,1,322,3,1.0,-0.0,0.9785518050193787,0.9620237946510315
United24Media,Ukrainian,Ukrainian,1,172,6,0.0,0.0,0.6547754406929016,0.3804865777492523
United24Media,Ukrainian,Ukrainian,1,708,11,0.0,0.0,0.4144984781742096,0.1566902995109558
United24Media,Ukrainian,Ukrainian,1,442,10,0.0,0.0,0.8960890769958496,0.8034693598747253
United24Media,Ukrainian,Ukrainian,1,522,8,1.0,-0.0,0.6427886486053467,0.44739240407943726
United24Media,Ukrainian,Resistance,0,570,5,1.0,-0.0,0.5718659162521362,0.4303475022315979
United24Media,Ukrainian,Ukrainian,1,874,10,0.5109245777130127,0.6929084658622742,0.5765597820281982,0.2972610294818878
United24Media,Ukrainian,Ukrainian,1,246,6,0.0,0.0,0.5645235180854797,0.29016798734664917
United24Media,Ukrainian,Ukrainian,1,259,6,1.0,-0.0,0.8990432024002075,0.806531548500061
United24Media,Ukrainian,Ukrainian,1,513,7,0.0,0.0,0.6240818500518799,0.290244996547699
United24Media,Ukrainian,Ukrainian,1,597,5,1.0,-0.0,0.5509874224662781,0.10641449689865112
United24Media,Ukrainian,Ukrainian,1,277,4,0.0,0.0,0.735451877117157,0.5490624904632568
United24Media,Ukrainian,Ukrainian,1,656,10,0.0,0.0,0.47490108013153076,0.06279647350311279
United24Media,Ukrainian,Russian,0,913,22,0.5162794589996338,0.6926170587539673,0.8348754644393921,0.6748665571212769
United24Media,Ukrainian,Ukrainian,1,289,4,0.0,0.0,0.7909965515136719,0.6021004915237427
United24Media,Ukrainian,Ukrainian,1,104,3,0.0,0.0,0.9369966983795166,0.8884888291358948
United24Media,Ukrainian,Ukrainian,1,618,10,0.0,0.0,0.9452052712440491,0.9175853729248047
United24Media,Ukrainian,Ukrainian,1,189,4,1.0,-0.0,0.9885435104370117,0.981825590133667
United24Media,Ukrainian,Ukrainian,1,398,9,0.0,0.0,0.9241849780082703,0.8487052321434021
United24Media,Ukrainian,Ukrainian,1,290,4,0.0,0.0,0.9396490454673767,0.8812921643257141
United24Media,Ukrainian,Ukrainian,1,132,3,0.0,0.0,0.5245584845542908,0.10006609559059143
United24Media,Ukrainian,Ukrainian,1,537,11,0.937170684337616,0.2781302332878113,0.9117692708969116,0.8413247466087341
United24Media,Ukrainian,Russian,0,425,5,1.0,-0.0,0.48951756954193115,0.11177346110343933
United24Media,Ukrainian,Ukrainian,1,489,4,1.0,-0.0,0.9753431081771851,0.9600979685783386
United24Media,Ukrainian,Ukrainian,1,456,11,0.0,0.0,0.6280404329299927,0.4614108204841614
United24Media,Ukrainian,Ukrainian,1,279,4,0.0,0.0,0.9813570976257324,0.9724079966545105
United24Media,Ukrainian,Ukrainian,1,565,7,0.0,0.0,0.9183476567268372,0.8827236294746399
United24Media,Ukrainian,Ukrainian,1,242,4,1.0,-0.0,0.7667608261108398,0.5993043184280396
United24Media,Ukrainian,Western,0,620,15,0.0,0.0,0.7177611589431763,0.5617479085922241
United24Media,Ukrainian,Ukrainian,1,210,5,0.0,0.0,0.985736072063446,0.9803789258003235
United24Media,Ukrainian,Russian,0,799,18,0.0,0.0,0.43298226594924927,0.15609174966812134
United24Media,Ukrainian,Russian,0,77,2,0.0,0.0,0.9571082592010498,0.9148347973823547
United24Media,Ukrainian,Ukrainian,1,320,3,0.7006100416183472,0.6103465557098389,0.8491275906562805,0.7229104042053223
United24Media,Ukrainian,Ukrainian,1,698,13,0.7308375835418701,0.582423985004425,0.9640583395957947,0.9408853054046631
United24Media,Ukrainian,Resistance,0,331,10,0.0,0.0,0.46905505657196045,0.1805107295513153
United24Media,Ukrainian,Western,0,572,13,1.0,-0.0,0.976311981678009,0.954773485660553
United24Media,Ukrainian,Western,0,585,9,0.7039890885353088,0.6074463725090027,0.4309072196483612,0.03347986936569214
United24Media,Ukrainian,Ukrainian,1,1239,20,0.0,0.0,0.7335799336433411,0.48939138650894165
United24Media,Ukrainian,Ukrainian,1,268,10,1.0,-0.0,0.7515920996665955,0.5611564517021179
United24Media,Ukrainian,Ukrainian,1,132,3,0.0,0.0,0.6047018766403198,0.3514842092990875
United24Media,Ukrainian,Ukrainian,1,937,18,1.0,-0.0,0.5429553389549255,0.20803874731063843
United24Media,Ukrainian,Russian,0,171,4,0.0,0.0,0.5908796787261963,0.3374878764152527
United24Media,Ukrainian,Ukrainian,1,220,4,1.0,-0.0,0.9299871921539307,0.8681544661521912
United24Media,Ukrainian,Ukrainian,1,437,5,1.0,-0.0,0.8647575378417969,0.7845633625984192
United24Media,Ukrainian,Ukrainian,1,111,3,0.0,0.0,0.40222862362861633,0.04537501931190491
United24Media,Ukrainian,Ukrainian,1,159,2,1.0,-0.0,0.9805574417114258,0.962467610836029
United24Media,Ukrainian,Ukrainian,1,138,3,0.0,0.0,0.8684180974960327,0.7562085390090942
United24Media,Ukrainian,Ukrainian,1,293,5,0.0,0.0,0.8909624814987183,0.7965449690818787
United24Media,Ukrainian,Zionist,0,376,7,0.0,0.0,0.6541744470596313,0.5234308242797852
United24Media,Ukrainian,Russian,0,527,11,0.0,0.0,0.49299994111061096,0.2185019850730896
United24Media,Ukrainian,Ukrainian,1,347,5,0.0,0.0,0.9046165347099304,0.8353359699249268
United24Media,Ukrainian,Ukrainian,1,410,4,0.0,0.0,0.9484416842460632,0.9035114645957947
United24Media,Ukrainian,Ukrainian,1,291,6,0.0,0.0,0.2643682062625885,0.004044979810714722
United24Media,Ukrainian,Ukrainian,1,709,10,0.0,0.0,0.6121547818183899,0.2524718940258026
United24Media,Ukrainian,Resistance,0,1145,10,0.0,0.0,0.3882465958595276,0.07338711619377136
United24Media,Ukrainian,Ukrainian,1,1738,21,0.4538622796535492,1.0618027448654175,0.5513357520103455,0.16341441869735718
United24Media,Ukrainian,Ukrainian,1,477,8,1.0,-0.0,0.9113392233848572,0.8247115015983582
United24Media,Ukrainian,Russian,0,182,2,0.0,0.0,0.5453279614448547,0.27533602714538574
United24Media,Ukrainian,Zionist,0,159,2,0.0,0.0,0.7401643991470337,0.5092475414276123
United24Media,Ukrainian,Ukrainian,1,262,4,0.0,0.0,0.8267771005630493,0.7501295208930969
United24Media,Ukrainian,Ukrainian,1,359,4,0.0,0.0,0.8265873789787292,0.7490329146385193
United24Media,Ukrainian,Western,0,426,4,0.0,0.0,0.6730371713638306,0.4873392581939697
United24Media,Ukrainian,Ukrainian,1,381,7,1.0,-0.0,0.9619645476341248,0.9300305843353271
United24Media,Ukrainian,Ukrainian,1,180,7,1.0,-0.0,0.9947269558906555,0.9920830726623535
United24Media,Ukrainian,Zionist,0,90,1,1.0,-0.0,0.4189246594905853,0.23921747505664825
United24Media,Ukrainian,Ukrainian,1,181,3,0.0,0.0,0.6959030032157898,0.5328168869018555
United24Media,Ukrainian,Ukrainian,1,466,5,0.0,0.0,0.9498744010925293,0.9288036227226257
United24Media,Ukrainian,Ukrainian,1,702,14,1.0,-0.0,0.5816830396652222,0.3406776785850525
United24Media,Ukrainian,Ukrainian,1,676,14,0.0,0.0,0.904249906539917,0.8415853977203369
United24Media,Ukrainian,Resistance,0,120,5,0.0,0.0,0.7268722057342529,0.5888205766677856
United24Media,Ukrainian,Russian,0,944,32,1.0,-0.0,0.7416313290596008,0.5537698268890381
United24Media,Ukrainian,Ukrainian,1,722,7,1.0,-0.0,0.9686732888221741,0.9455538988113403
United24Media,Ukrainian,Western,0,837,19,0.6530054211616516,0.8860589265823364,0.5101644992828369,0.1702367067337036
United24Media,Ukrainian,Ukrainian,1,154,3,0.0,0.0,0.7374253869056702,0.6329727172851562
United24Media,Ukrainian,Ukrainian,1,251,2,0.0,0.0,0.6821567416191101,0.6001082062721252
United24Media,Ukrainian,Ukrainian,1,721,9,1.0,-0.0,0.8377941846847534,0.6990647315979004
United24Media,Ukrainian,Ukrainian,1,624,9,0.0,0.0,0.8999931216239929,0.8047522306442261
United24Media,Ukrainian,Ukrainian,1,709,14,0.7168290615081787,0.5959232449531555,0.5871211290359497,0.20723870396614075
United24Media,Ukrainian,Ukrainian,1,250,2,0.0,0.0,0.650166928768158,0.3205048739910126
United24Media,Ukrainian,Ukrainian,1,518,9,0.0,0.0,0.992679238319397,0.9855145215988159
United24Media,Ukrainian,Ukrainian,1,558,12,1.0,-0.0,0.751282274723053,0.5130109786987305
United24Media,Ukrainian,Ukrainian,1,435,10,0.0,0.0,0.9237300753593445,0.8809133768081665
United24Media,Ukrainian,Ukrainian,1,597,12,0.0,0.0,0.9732827544212341,0.9574825167655945
United24Media,Ukrainian,Ukrainian,1,742,13,0.0,0.0,0.9016863107681274,0.8399415016174316
United24Media,Ukrainian,Ukrainian,1,383,5,0.0,0.0,0.7413001656532288,0.5107861161231995
United24Media,Ukrainian,Ukrainian,1,450,6,0.0,0.0,0.9490665793418884,0.9199836850166321
United24Media,Ukrainian,Western,0,465,6,0.0,0.0,0.8887715339660645,0.842330813407898
United24Media,Ukrainian,Western,0,237,7,0.0,0.0,0.6284583210945129,0.267480731010437
United24Media,Ukrainian,Ukrainian,1,1045,20,0.0,0.0,0.9655041694641113,0.9378703236579895
United24Media,Ukrainian,Ukrainian,1,826,14,0.0,0.0,0.3601630628108978,0.003875821828842163
United24Media,Ukrainian,Ukrainian,1,257,6,0.0,0.0,0.987849771976471,0.9785340428352356
United24Media,Ukrainian,Ukrainian,1,1344,10,0.0,0.0,0.9743983149528503,0.9509349465370178
United24Media,Ukrainian,Russian,0,163,1,0.0,0.0,0.8865096569061279,0.7861064076423645
United24Media,Ukrainian,Ukrainian,1,955,9,0.49288129806518555,1.2467272281646729,0.906480610370636,0.8135413527488708
United24Media,Ukrainian,Right-wing,0,243,3,0.0,0.0,0.3440661132335663,0.06795182824134827
United24Media,Ukrainian,Ukrainian,1,349,6,0.0,0.0,0.9640039205551147,0.9451774954795837
United24Media,Ukrainian,Ukrainian,1,142,5,0.0,0.0,0.4913468658924103,0.267932653427124
United24Media,Ukrainian,Ukrainian,1,644,14,1.0,-0.0,0.948552131652832,0.9112259149551392
United24Media,Ukrainian,Western,0,1656,23,0.44034719467163086,1.277632474899292,0.6866462826728821,0.3863678574562073
United24Media,Ukrainian,Ukrainian,1,308,3,0.0,0.0,0.95003342628479,0.9033555388450623
United24Media,Ukrainian,Ukrainian,1,128,3,0.0,0.0,0.8748072385787964,0.7648442983627319
United24Media,Ukrainian,Ukrainian,1,880,13,0.0,0.0,0.948041558265686,0.9234951734542847
United24Media,Ukrainian,Zionist,0,40,0,0.0,0.0,0.7880252003669739,0.6990520358085632
United24Media,Ukrainian,Ukrainian,1,518,8,0.0,0.0,0.7635498642921448,0.5828900337219238
United24Media,Ukrainian,Ukrainian,1,304,7,0.544622004032135,0.689159631729126,0.8512488603591919,0.766610324382782
United24Media,Ukrainian,Russian,0,223,6,0.0,0.0,0.7141180634498596,0.4489457905292511
United24Media,Ukrainian,Ukrainian,1,1011,16,0.5760944485664368,0.6815212965011597,0.5189892053604126,0.3367152810096741
United24Media,Ukrainian,Ukrainian,1,581,6,0.0,0.0,0.875752329826355,0.7593221664428711
United24Media,Ukrainian,Ukrainian,1,335,8,0.5421085953712463,0.6895967125892639,0.9282476902008057,0.8772245645523071
United24Media,Ukrainian,Ukrainian,1,356,7,0.0,0.0,0.9250420928001404,0.8583376407623291
United24Media,Ukrainian,Ukrainian,1,323,7,1.0,-0.0,0.6121145486831665,0.31762152910232544
United24Media,Ukrainian,Western,0,989,12,0.643452525138855,0.6514058113098145,0.6555439233779907,0.35633522272109985
ThePostMillennial,Right-wing,Left-wing,0,173,2,0.0,0.0,0.514732837677002,0.15492984652519226
ThePostMillennial,Right-wing,Right-wing,1,143,2,0.0,0.0,0.44409847259521484,0.2182517796754837
ThePostMillennial,Right-wing,Left-wing,0,156,2,0.0,0.0,0.5723332166671753,0.15193116664886475
ThePostMillennial,Right-wing,Right-wing,1,148,6,1.0,-0.0,0.806242048740387,0.642514705657959
ThePostMillennial,Right-wing,Right-wing,1,104,2,1.0,-0.0,0.9497667551040649,0.90205317735672
ThePostMillennial,Right-wing,Left-wing,0,121,1,1.0,-0.0,0.7649291753768921,0.646692156791687
ThePostMillennial,Right-wing,Left-wing,0,157,5,0.0,0.0,0.8620685338973999,0.7277904748916626
ThePostMillennial,Right-wing,Right-wing,1,112,3,0.0,0.0,0.77707439661026,0.5675493478775024
ThePostMillennial,Right-wing,Right-wing,1,112,3,1.0,-0.0,0.7760360240936279,0.5665735006332397
ThePostMillennial,Right-wing,Zionist,0,99,1,1.0,-0.0,0.8197967410087585,0.6790179014205933
ThePostMillennial,Right-wing,Right-wing,1,108,3,0.0,0.0,0.5146459341049194,0.23494309186935425
ThePostMillennial,Right-wing,Right-wing,1,154,5,0.0,0.0,0.4361434578895569,0.08257085084915161
ThePostMillennial,Right-wing,Right-wing,1,130,2,1.0,-0.0,0.8142986297607422,0.7044525146484375
ThePostMillennial,Right-wing,Zionist,0,112,3,1.0,-0.0,0.6401923298835754,0.34561511874198914
ThePostMillennial,Right-wing,Right-wing,1,106,4,0.0,0.0,0.9047812819480896,0.8135234713554382
ThePostMillennial,Right-wing,Zionist,0,113,4,0.0,0.0,0.39332863688468933,0.19258661568164825
ThePostMillennial,Right-wing,Right-wing,1,141,4,1.0,-0.0,0.692383348941803,0.4620499312877655
ThePostMillennial,Right-wing,Right-wing,1,91,2,1.0,-0.0,0.8115795254707336,0.6238430142402649
ThePostMillennial,Right-wing,Left-wing,0,133,2,0.0,0.0,0.6753992438316345,0.35085034370422363
ThePostMillennial,Right-wing,Left-wing,0,132,2,0.0,0.0,0.6088156700134277,0.39004603028297424
ThePostMillennial,Right-wing,Right-wing,1,82,2,1.0,-0.0,0.5089558959007263,0.05558568239212036
ThePostMillennial,Right-wing,Right-wing,1,114,2,0.0,0.0,0.984795331954956,0.9706813097000122
ThePostMillennial,Right-wing,Right-wing,1,118,2,0.0,0.0,0.7761231064796448,0.6030027866363525
ThePostMillennial,Right-wing,Right-wing,1,100,2,0.0,0.0,0.8554210066795349,0.7137733101844788
ThePostMillennial,Right-wing,Left-wing,0,139,2,0.0,0.0,0.6371980905532837,0.28492429852485657
ThePostMillennial,Right-wing,Right-wing,1,151,4,0.0,0.0,0.9644840955734253,0.9461982846260071
ThePostMillennial,Right-wing,Right-wing,1,130,1,0.0,0.0,0.9864041805267334,0.9730855822563171
ThePostMillennial,Right-wing,Right-wing,1,131,1,0.0,0.0,0.7904842495918274,0.5843431353569031
ThePostMillennial,Right-wing,Right-wing,1,124,2,0.0,0.0,0.5233950614929199,0.14511853456497192
ThePostMillennial,Right-wing,Right-wing,1,112,1,0.0,0.0,0.44203850626945496,0.00038683414459228516
ThePostMillennial,Right-wing,Right-wing,1,154,2,1.0,-0.0,0.6032713651657104,0.27842599153518677
ThePostMillennial,Right-wing,Right-wing,1,111,1,0.0,0.0,0.7080099582672119,0.5911656618118286
ThePostMillennial,Right-wing,Right-wing,1,119,2,0.0,0.0,0.747992992401123,0.5028129816055298
ThePostMillennial,Right-wing,Left-wing,0,106,1,1.0,-0.0,0.49947696924209595,0.05494534969329834
ThePostMillennial,Right-wing,Right-wing,1,118,3,1.0,-0.0,0.9316660165786743,0.864712655544281
ThePostMillennial,Right-wing,Left-wing,0,138,2,1.0,-0.0,0.5142520666122437,0.02876916527748108
ThePostMillennial,Right-wing,Right-wing,1,148,4,0.0,0.0,0.6584636569023132,0.38599780201911926
ThePostMillennial,Right-wing,Right-wing,1,126,1,1.0,-0.0,0.7290693521499634,0.4582063555717468
ThePostMillennial,Right-wing,Left-wing,0,203,7,1.0,-0.0,0.987908661365509,0.9763322472572327
ThePostMillennial,Right-wing,Left-wing,0,132,2,0.0,0.0,0.427167683839798,0.172116219997406
ThePostMillennial,Right-wing,Right-wing,1,115,1,1.0,-0.0,0.946549654006958,0.9188083410263062
ThePostMillennial,Right-wing,Left-wing,0,144,5,0.0,0.0,0.46255218982696533,0.11570045351982117
ThePostMillennial,Right-wing,Right-wing,1,125,2,1.0,-0.0,0.990129292011261,0.981962263584137
ThePostMillennial,Right-wing,Right-wing,1,150,3,1.0,-0.0,0.9906120896339417,0.9824250340461731
ThePostMillennial,Right-wing,Right-wing,1,131,5,0.0,0.0,0.4189465641975403,0.03408774733543396
ThePostMillennial,Right-wing,Right-wing,1,96,3,1.0,-0.0,0.8272689580917358,0.7063264846801758
ThePostMillennial,Right-wing,Left-wing,0,141,4,0.0,0.0,0.6385306119918823,0.2904069125652313
ThePostMillennial,Right-wing,Left-wing,0,133,2,0.0,0.0,0.5377049446105957,0.07656165957450867
ThePostMillennial,Right-wing,Right-wing,1,97,3,0.0,0.0,0.6392238736152649,0.3815842270851135
ThePostMillennial,Right-wing,Zionist,0,90,1,0.0,0.0,0.9431355595588684,0.8891617059707642
ThePostMillennial,Right-wing,Right-wing,1,113,3,0.0,0.0,0.9465887546539307,0.8935272097587585
ThePostMillennial,Right-wing,Right-wing,1,158,1,1.0,-0.0,0.6260454058647156,0.25229647755622864
ThePostMillennial,Right-wing,Zionist,0,126,2,0.0,0.0,0.676995575428009,0.4107002913951874
ThePostMillennial,Right-wing,Right-wing,1,143,2,0.0,0.0,0.8549016714096069,0.7105399966239929
ThePostMillennial,Right-wing,Zionist,0,131,2,0.0,0.0,0.5911266803741455,0.22019517421722412
ThePostMillennial,Right-wing,Russian,0,112,2,0.0,0.0,0.5163361430168152,0.1755203902721405
ThePostMillennial,Right-wing,Right-wing,1,125,3,1.0,-0.0,0.9694541096687317,0.9485036730766296
ThePostMillennial,Right-wing,Left-wing,0,126,2,0.0,0.0,0.7916746139526367,0.5861616134643555
ThePostMillennial,Right-wing,Right-wing,1,109,2,1.0,-0.0,0.9086999297142029,0.8400351405143738
ThePostMillennial,Right-wing,Right-wing,1,158,5,0.0,0.0,0.7444763779640198,0.49425527453422546
ThePostMillennial,Right-wing,Right-wing,1,104,1,0.0,0.0,0.9791008234024048,0.9586081504821777
ThePostMillennial,Right-wing,Right-wing,1,99,2,1.0,-0.0,0.8252289295196533,0.6522651314735413
ThePostMillennial,Right-wing,Right-wing,1,127,2,1.0,-0.0,0.6939413547515869,0.38845133781433105
ThePostMillennial,Right-wing,Right-wing,1,142,2,0.0,0.0,0.9769217371940613,0.9614163637161255
ThePostMillennial,Right-wing,Right-wing,1,121,2,0.0,0.0,0.6397611498832703,0.3969031870365143
ThePostMillennial,Right-wing,Left-wing,0,146,1,0.0,0.0,0.785477340221405,0.6125698685646057
ThePostMillennial,Right-wing,Right-wing,1,150,2,0.0,0.0,0.9871820211410522,0.9767020344734192
ThePostMillennial,Right-wing,Right-wing,1,84,2,0.0,0.0,0.6799694895744324,0.42795616388320923
ThePostMillennial,Right-wing,Left-wing,0,98,1,0.0,0.0,0.6727883815765381,0.47750502824783325
ThePostMillennial,Right-wing,Right-wing,1,73,1,1.0,-0.0,0.9857791662216187,0.9794602394104004
ThePostMillennial,Right-wing,Right-wing,1,93,3,0.0,0.0,0.684940755367279,0.3789660930633545
ThePostMillennial,Right-wing,Zionist,0,115,3,1.0,-0.0,0.7584350109100342,0.6095584630966187
ThePostMillennial,Right-wing,Left-wing,0,117,2,1.0,-0.0,0.9319469332695007,0.8735825419425964
ThePostMillennial,Right-wing,Right-wing,1,180,5,1.0,-0.0,0.9469812512397766,0.8955484628677368
ThePostMillennial,Right-wing,Right-wing,1,133,1,1.0,-0.0,0.7003360390663147,0.4084353446960449
ThePostMillennial,Right-wing,Left-wing,0,113,2,0.0,0.0,0.9315851926803589,0.8656731247901917
ThePostMillennial,Right-wing,Left-wing,0,109,2,0.0,0.0,0.878296971321106,0.8091247081756592
ThePostMillennial,Right-wing,Left-wing,0,115,1,0.0,0.0,0.9241335391998291,0.850136399269104
ThePostMillennial,Right-wing,Left-wing,0,102,4,1.0,-0.0,0.4694797694683075,0.08831992745399475
ThePostMillennial,Right-wing,Right-wing,1,131,1,0.0,0.0,0.8785944581031799,0.7699596881866455
ThePostMillennial,Right-wing,Right-wing,1,144,1,1.0,-0.0,0.7235354781150818,0.4557417929172516
ThePostMillennial,Right-wing,Right-wing,1,186,2,0.0,0.0,0.9606533050537109,0.928992748260498
ThePostMillennial,Right-wing,Right-wing,1,138,4,1.0,-0.0,0.5275842547416687,0.1494448184967041
ThePostMillennial,Right-wing,Right-wing,1,131,2,0.0,0.0,0.7226102352142334,0.4612674117088318
ThePostMillennial,Right-wing,Left-wing,0,153,2,1.0,-0.0,0.5504730343818665,0.10599672794342041
ThePostMillennial,Right-wing,Right-wing,1,165,3,0.0,0.0,0.5154568552970886,0.031192779541015625
ThePostMillennial,Right-wing,Right-wing,1,93,2,0.0,0.0,0.8810548782348633,0.7675843834877014
ThePostMillennial,Right-wing,Right-wing,1,101,2,1.0,-0.0,0.6405479311943054,0.4789445400238037
ThePostMillennial,Right-wing,Right-wing,1,111,2,0.0,0.0,0.7632609605789185,0.5266205072402954
ThePostMillennial,Right-wing,Zionist,0,146,3,0.0,0.0,0.5283234119415283,0.330585777759552
ThePostMillennial,Right-wing,Right-wing,1,127,3,0.0,0.0,0.9126086235046387,0.8439295291900635
ThePostMillennial,Right-wing,Left-wing,0,146,4,0.0,0.0,0.5487980246543884,0.17752689123153687
ThePostMillennial,Right-wing,Right-wing,1,147,2,0.0,0.0,0.8689523339271545,0.75335693359375
ThePostMillennial,Right-wing,Right-wing,1,131,4,1.0,-0.0,0.8949411511421204,0.802608072757721
ThePostMillennial,Right-wing,Right-wing,1,155,1,0.0,0.0,0.3840092718601227,0.023011773824691772
ThePostMillennial,Right-wing,Right-wing,1,136,4,1.0,-0.0,0.9503185153007507,0.9038423299789429
ThePostMillennial,Right-wing,Left-wing,0,150,1,1.0,-0.0,0.843420684337616,0.7014087438583374
ThePostMillennial,Right-wing,Right-wing,1,131,2,1.0,-0.0,0.9253532886505127,0.8729642629623413
ThePostMillennial,Right-wing,Zionist,0,105,3,0.0,0.0,0.45303598046302795,0.17389598488807678
ThePostMillennial,Right-wing,Right-wing,1,174,4,0.0,0.0,0.647109866142273,0.5006425380706787
ThePostMillennial,Right-wing,Right-wing,1,147,1,0.8269276022911072,0.4607245922088623,0.9712232947349548,0.944348931312561
ThePostMillennial,Right-wing,Right-wing,1,121,2,0.0,0.0,0.6989083290100098,0.44292524456977844
ThePostMillennial,Right-wing,Right-wing,1,113,2,1.0,-0.0,0.9510983824729919,0.9250431656837463
ThePostMillennial,Right-wing,Right-wing,1,158,4,0.0,0.0,0.5244719982147217,0.16098904609680176
ThePostMillennial,Right-wing,Left-wing,0,156,2,0.0,0.0,0.8186608552932739,0.6374459862709045
ThePostMillennial,Right-wing,Left-wing,0,100,2,0.0,0.0,0.5356458425521851,0.09225204586982727
ThePostMillennial,Right-wing,Left-wing,0,124,2,1.0,-0.0,0.6198713183403015,0.2411496341228485
ThePostMillennial,Right-wing,Right-wing,1,115,1,1.0,-0.0,0.854252278804779,0.7640063762664795
ThePostMillennial,Right-wing,Left-wing,0,112,2,0.0,0.0,0.8491765260696411,0.7561965584754944
ThePostMillennial,Right-wing,Right-wing,1,184,2,0.0,0.0,0.9811124801635742,0.9658879637718201
ThePostMillennial,Right-wing,Left-wing,0,91,3,1.0,-0.0,0.8161296248435974,0.6474283337593079
ThePostMillennial,Right-wing,Zionist,0,90,3,0.0,0.0,0.4832617938518524,0.2501368522644043
ThePostMillennial,Right-wing,Right-wing,1,153,2,1.0,-0.0,0.5101261138916016,0.025411218404769897
ThePostMillennial,Right-wing,Right-wing,1,135,2,0.0,0.0,0.6909798979759216,0.4778065085411072
ThePostMillennial,Right-wing,Left-wing,0,118,3,0.0,0.0,0.9900471568107605,0.9812368750572205
ThePostMillennial,Right-wing,Right-wing,1,120,3,0.0,0.0,0.838972270488739,0.678820013999939
ThePostMillennial,Right-wing,Left-wing,0,159,4,0.0,0.0,0.9282494783401489,0.8747665882110596
ThePostMillennial,Right-wing,Right-wing,1,155,3,0.0,0.0,0.8165147304534912,0.6691266894340515
ThePostMillennial,Right-wing,Left-wing,0,131,3,0.0,0.0,0.6590366363525391,0.43204158544540405
ThePostMillennial,Right-wing,Left-wing,0,108,1,0.0,0.0,0.5584961771965027,0.24831414222717285
ThePostMillennial,Right-wing,Right-wing,1,111,1,1.0,-0.0,0.821772038936615,0.6482256054878235
ThePostMillennial,Right-wing,Right-wing,1,124,2,0.0,0.0,0.9850749969482422,0.9704177975654602
ThePostMillennial,Right-wing,Right-wing,1,102,3,1.0,-0.0,0.7136738300323486,0.503827691078186
ThePostMillennial,Right-wing,Left-wing,0,125,3,0.0,0.0,0.8449633717536926,0.6962539553642273
ThePostMillennial,Right-wing,Right-wing,1,140,3,0.0,0.0,0.6645935773849487,0.3299110233783722
ThePostMillennial,Right-wing,Left-wing,0,145,2,0.0,0.0,0.6691887974739075,0.34329754114151
ThePostMillennial,Right-wing,Right-wing,1,111,2,1.0,-0.0,0.9577042460441589,0.9193722009658813
ThePostMillennial,Right-wing,Left-wing,0,124,2,0.0,0.0,0.9399026036262512,0.8798571228981018
ThePostMillennial,Right-wing,Zionist,0,103,2,0.0,0.0,0.6700875163078308,0.4783315062522888
ThePostMillennial,Right-wing,Right-wing,1,126,5,0.0,0.0,0.9015358686447144,0.8092206120491028
ThePostMillennial,Right-wing,Right-wing,1,102,3,0.0,0.0,0.9214301705360413,0.8722032308578491
ThePostMillennial,Right-wing,Left-wing,0,109,1,0.0,0.0,0.5859602689743042,0.1838444173336029
ThePostMillennial,Right-wing,Right-wing,1,174,4,0.0,0.0,0.37381452322006226,0.1738593727350235
ThePostMillennial,Right-wing,Left-wing,0,118,2,0.0,0.0,0.8506277799606323,0.709000289440155
ThePostMillennial,Right-wing,Left-wing,0,112,3,1.0,-0.0,0.8264263272285461,0.7306941747665405
ThePostMillennial,Right-wing,Left-wing,0,151,2,0.0,0.0,0.6828227043151855,0.43121010065078735
ThePostMillennial,Right-wing,Right-wing,1,114,4,1.0,-0.0,0.5713280439376831,0.40312525629997253
ThePostMillennial,Right-wing,Left-wing,0,139,3,1.0,-0.0,0.7448688745498657,0.48990318179130554
ThePostMillennial,Right-wing,Zionist,0,132,3,0.0,0.0,0.30170056223869324,0.048619240522384644
ThePostMillennial,Right-wing,Right-wing,1,133,2,0.0,0.0,0.6789833307266235,0.3677050769329071
ThePostMillennial,Right-wing,Right-wing,1,118,3,1.0,-0.0,0.6734476685523987,0.47738078236579895
ThePostMillennial,Right-wing,Right-wing,1,125,1,1.0,-0.0,0.7018404603004456,0.4057784676551819
ThePostMillennial,Right-wing,Left-wing,0,173,4,0.5561326146125793,0.6868321895599365,0.5801558494567871,0.17355361580848694
ThePostMillennial,Right-wing,Right-wing,1,142,3,0.0,0.0,0.6822155117988586,0.3840366303920746
ThePostMillennial,Right-wing,Right-wing,1,107,2,0.0,0.0,0.647570013999939,0.2977053225040436
ThePostMillennial,Right-wing,Left-wing,0,133,1,0.0,0.0,0.5876069068908691,0.17689275741577148
ThePostMillennial,Right-wing,Left-wing,0,125,2,1.0,-0.0,0.540632426738739,0.08221510052680969
ThePostMillennial,Right-wing,Right-wing,1,132,4,0.0,0.0,0.688803493976593,0.40815943479537964
ThePostMillennial,Right-wing,Right-wing,1,111,3,1.0,-0.0,0.7211687564849854,0.4557187855243683
ThePostMillennial,Right-wing,Right-wing,1,139,1,0.0,0.0,0.9189907312393188,0.8396522998809814
ThePostMillennial,Right-wing,Left-wing,0,113,2,0.0,0.0,0.8039790987968445,0.6291495561599731
ThePostMillennial,Right-wing,Right-wing,1,116,3,1.0,-0.0,0.995721697807312,0.9921716451644897
ThePostMillennial,Right-wing,Right-wing,1,100,0,1.0,-0.0,0.7602525353431702,0.5216035842895508
ThePostMillennial,Right-wing,Right-wing,1,137,1,0.0,0.0,0.9659115076065063,0.9398806691169739
ThePostMillennial,Right-wing,Left-wing,0,146,1,0.0,0.0,0.6610954403877258,0.3243398368358612
ThePostMillennial,Right-wing,Right-wing,1,119,1,1.0,-0.0,0.8825656175613403,0.8130642175674438
ThePostMillennial,Right-wing,Right-wing,1,108,1,1.0,-0.0,0.6838970184326172,0.36804887652397156
ThePostMillennial,Right-wing,Left-wing,0,106,2,0.0,0.0,0.3564291298389435,0.033598393201828
ThePostMillennial,Right-wing,Left-wing,0,137,1,1.0,-0.0,0.5602477192878723,0.12292343378067017
ThePostMillennial,Right-wing,Left-wing,0,117,3,0.0,0.0,0.6550389528274536,0.317534863948822
ThePostMillennial,Right-wing,Right-wing,1,156,1,0.0,0.0,0.7340846657752991,0.4686777591705322
ThePostMillennial,Right-wing,Right-wing,1,162,3,0.0,0.0,0.8774259686470032,0.7765489220619202
ThePostMillennial,Right-wing,Right-wing,1,117,3,0.0,0.0,0.6134554147720337,0.2432856261730194
ThePostMillennial,Right-wing,Right-wing,1,115,3,0.0,0.0,0.7894033193588257,0.6140990257263184
ThePostMillennial,Right-wing,Right-wing,1,143,2,0.0,0.0,0.7526715397834778,0.5367456674575806
ThePostMillennial,Right-wing,Right-wing,1,117,3,0.0,0.0,0.5262777209281921,0.055126458406448364
ThePostMillennial,Right-wing,Right-wing,1,136,3,0.0,0.0,0.8772496581077576,0.7993649244308472
ThePostMillennial,Right-wing,Right-wing,1,116,3,0.0,0.0,0.8332973122596741,0.7416122555732727
ThePostMillennial,Right-wing,Left-wing,0,106,1,0.0,0.0,0.889819324016571,0.7802593111991882
ThePostMillennial,Right-wing,Left-wing,0,140,2,0.0,0.0,0.6457443833351135,0.3270728588104248
ThePostMillennial,Right-wing,Right-wing,1,119,1,0.0,0.0,0.9932559728622437,0.987143337726593
ThePostMillennial,Right-wing,Left-wing,0,126,3,0.0,0.0,0.9777872562408447,0.9591534733772278
ThePostMillennial,Right-wing,Right-wing,1,143,1,0.0,0.0,0.7190926671028137,0.4388463497161865
ThePostMillennial,Right-wing,Right-wing,1,148,3,0.0,0.0,0.9829484820365906,0.9660921692848206
ThePostMillennial,Right-wing,Left-wing,0,100,2,0.0,0.0,0.9046609401702881,0.8140878081321716
ThePostMillennial,Right-wing,Right-wing,1,158,3,0.0,0.0,0.9801552891731262,0.9614615440368652
ThePostMillennial,Right-wing,Right-wing,1,117,1,1.0,-0.0,0.9806150794029236,0.9627447128295898
ThePostMillennial,Right-wing,Left-wing,0,143,2,1.0,-0.0,0.7040547728538513,0.40926462411880493
ThePostMillennial,Right-wing,Right-wing,1,117,2,0.0,0.0,0.9483388662338257,0.9254847168922424
ThePostMillennial,Right-wing,Right-wing,1,108,1,1.0,-0.0,0.9384167790412903,0.8876147270202637
ThePostMillennial,Right-wing,Right-wing,1,154,5,1.0,-0.0,0.8109992742538452,0.6266908645629883
ThePostMillennial,Right-wing,Right-wing,1,111,1,0.0,0.0,0.874432384967804,0.7520818114280701
ThePostMillennial,Right-wing,Right-wing,1,124,1,0.0,0.0,0.8198701739311218,0.6457610130310059
ThePostMillennial,Right-wing,Left-wing,0,133,2,1.0,-0.0,0.8583472371101379,0.7198362946510315
ThePostMillennial,Right-wing,Right-wing,1,124,2,0.0,0.0,0.967022180557251,0.9358237981796265
ThePostMillennial,Right-wing,Right-wing,1,104,2,1.0,-0.0,0.812971293926239,0.7139239311218262
ThePostMillennial,Right-wing,Right-wing,1,88,2,0.0,0.0,0.8877562880516052,0.7819641828536987
ThePostMillennial,Right-wing,Right-wing,1,136,4,0.0,0.0,0.8768472075462341,0.7975009083747864
ThePostMillennial,Right-wing,Right-wing,1,113,2,1.0,-0.0,0.6916006803512573,0.419717401266098
ThePostMillennial,Right-wing,Right-wing,1,116,4,0.0,0.0,0.6130887866020203,0.26030680537223816
ThePostMillennial,Right-wing,Zionist,0,93,2,0.0,0.0,0.4976407587528229,0.18470391631126404
ThePostMillennial,Right-wing,Right-wing,1,130,3,0.0,0.0,0.9751828908920288,0.9611322283744812
ThePostMillennial,Right-wing,Left-wing,0,135,1,0.0,0.0,0.6648702621459961,0.33118101954460144
ThePostMillennial,Right-wing,Left-wing,0,149,4,1.0,-0.0,0.5430540442466736,0.18045026063919067
ThePostMillennial,Right-wing,Right-wing,1,108,2,1.0,-0.0,0.45534205436706543,0.2396022081375122
ThePostMillennial,Right-wing,Right-wing,1,147,4,0.0,0.0,0.6765618920326233,0.35498762130737305
ThePostMillennial,Right-wing,Right-wing,1,126,3,0.0,0.0,0.7753262519836426,0.6754335165023804
ThePostMillennial,Right-wing,Right-wing,1,115,2,0.0,0.0,0.38506099581718445,0.15009158849716187
ThePostMillennial,Right-wing,Right-wing,1,154,3,0.0,0.0,0.9659801125526428,0.9376243948936462
ThePostMillennial,Right-wing,Right-wing,1,126,2,0.0,0.0,0.8424721360206604,0.7120324373245239
TheEpochTimes,Right-wing,Right-wing,1,113,3,1.0,-0.0,0.9786156415939331,0.9575030207633972
TheEpochTimes,Right-wing,Western,0,91,0,0.0,0.0,0.41388365626335144,0.1046445369720459
TheEpochTimes,Right-wing,Right-wing,1,202,3,1.0,-0.0,0.6568185687065125,0.4866057336330414
TheEpochTimes,Right-wing,Right-wing,1,181,5,0.0,0.0,0.573126494884491,0.3707585632801056
TheEpochTimes,Right-wing,Left-wing,0,115,3,0.0,0.0,0.4570519030094147,0.16990920901298523
TheEpochTimes,Right-wing,Right-wing,1,214,3,0.0,0.0,0.8744823336601257,0.7829115986824036
TheEpochTimes,Right-wing,Right-wing,1,160,1,1.0,-0.0,0.5515631437301636,0.2887490689754486
TheEpochTimes,Right-wing,Right-wing,1,95,2,0.0,0.0,0.5663233399391174,0.4178692698478699
TheEpochTimes,Right-wing,Left-wing,0,187,2,0.0,0.0,0.46183568239212036,0.09993866086006165
TheEpochTimes,Right-wing,Left-wing,0,178,4,0.0,0.0,0.6091657280921936,0.22828704118728638
TheEpochTimes,Right-wing,Right-wing,1,201,5,1.0,-0.0,0.9979804158210754,0.9962098002433777
TheEpochTimes,Right-wing,Right-wing,1,168,1,0.0,0.0,0.804259181022644,0.61075359582901
TheEpochTimes,Right-wing,Right-wing,1,188,1,0.0,0.0,0.9746329188346863,0.9587473273277283
TheEpochTimes,Right-wing,Right-wing,1,175,4,0.0,0.0,0.863948404788971,0.7743970155715942
TheEpochTimes,Right-wing,Right-wing,1,138,1,0.0,0.0,0.7308284044265747,0.6060160994529724
TheEpochTimes,Right-wing,Left-wing,0,105,3,0.0,0.0,0.6796659827232361,0.3667999804019928
TheEpochTimes,Right-wing,Right-wing,1,186,3,0.0,0.0,0.8414058089256287,0.699146032333374
TheEpochTimes,Right-wing,Western,0,196,5,0.0,0.0,0.5817724466323853,0.3181440830230713
TheEpochTimes,Right-wing,Zionist,0,177,4,0.0,0.0,0.9891200065612793,0.9834120869636536
TheEpochTimes,Right-wing,Zionist,0,228,0,0.0,0.0,0.5758414268493652,0.40216970443725586
TheEpochTimes,Right-wing,Right-wing,1,221,4,0.0,0.0,0.9163159728050232,0.8593555688858032
TheEpochTimes,Right-wing,Right-wing,1,205,4,1.0,-0.0,0.9645106792449951,0.9325706958770752
TheEpochTimes,Right-wing,Zionist,0,223,2,0.0,0.0,0.8407306671142578,0.6897668242454529
TheEpochTimes,Right-wing,Russian,0,176,5,0.0,0.0,0.6676738858222961,0.5324873328208923
TheEpochTimes,Right-wing,Right-wing,1,148,2,0.0,0.0,0.4165354371070862,0.07250022888183594
TheEpochTimes,Right-wing,Right-wing,1,138,1,0.0,0.0,0.6960878968238831,0.40037113428115845
TheEpochTimes,Right-wing,Right-wing,1,196,4,0.0,0.0,0.7247750759124756,0.48749205470085144
TheEpochTimes,Right-wing,Right-wing,1,133,2,1.0,-0.0,0.5071597099304199,0.05109745264053345
TheEpochTimes,Right-wing,Russian,0,131,1,0.0,0.0,0.43898752331733704,0.15471753478050232
TheEpochTimes,Right-wing,Right-wing,1,228,4,1.0,-0.0,0.9090141654014587,0.8316314220428467
TheEpochTimes,Right-wing,Western,0,182,3,0.0,0.0,0.3591762185096741,0.06849804520606995
TheEpochTimes,Right-wing,Western,0,185,3,0.0,0.0,0.4079537093639374,0.057689517736434937
TheEpochTimes,Right-wing,Right-wing,1,194,3,0.0,0.0,0.930138111114502,0.8922448754310608
TheEpochTimes,Right-wing,Right-wing,1,219,4,1.0,-0.0,0.8075046539306641,0.7006852626800537
TheEpochTimes,Right-wing,Right-wing,1,170,2,0.0,0.0,0.7964415550231934,0.6145891547203064
TheEpochTimes,Right-wing,Right-wing,1,171,5,0.0,0.0,0.5468041300773621,0.2829277813434601
TheEpochTimes,Right-wing,Right-wing,1,154,2,1.0,-0.0,0.9595099687576294,0.9398197531700134
TheEpochTimes,Right-wing,Right-wing,1,249,5,0.0,0.0,0.5393415689468384,0.11888229846954346
TheEpochTimes,Right-wing,Right-wing,1,194,4,0.0,0.0,0.7095237374305725,0.4636586904525757
TheEpochTimes,Right-wing,Western,0,169,1,0.0,0.0,0.42788219451904297,0.16498804092407227
TheEpochTimes,Right-wing,Right-wing,1,193,2,0.0,0.0,0.3746960461139679,0.08036789298057556
TheEpochTimes,Right-wing,Zionist,0,199,2,0.0,0.0,0.49162134528160095,0.09194707870483398
TheEpochTimes,Right-wing,Left-wing,0,174,2,0.0,0.0,0.45596107840538025,0.20121610164642334
TheEpochTimes,Right-wing,Left-wing,0,179,1,0.0,0.0,0.4874718189239502,0.06140485405921936
TheEpochTimes,Right-wing,Zionist,0,129,1,0.0,0.0,0.7230023741722107,0.47567611932754517
TheEpochTimes,Right-wing,Left-wing,0,147,2,1.0,-0.0,0.7635999321937561,0.5868419408798218
TheEpochTimes,Right-wing,Left-wing,0,164,3,1.0,-0.0,0.5895431041717529,0.28865376114845276
TheEpochTimes,Right-wing,Right-wing,1,121,5,0.0,0.0,0.9895654916763306,0.9842421412467957
TheEpochTimes,Right-wing,Left-wing,0,184,3,0.0,0.0,0.7746702432632446,0.6156479716300964
TheEpochTimes,Right-wing,Right-wing,1,212,2,0.0,0.0,0.6354557275772095,0.2997060716152191
TheEpochTimes,Right-wing,Right-wing,1,172,1,0.0,0.0,0.5238978266716003,0.15039575099945068
TheEpochTimes,Right-wing,Left-wing,0,172,2,0.0,0.0,0.4362715184688568,0.09194925427436829
TheEpochTimes,Right-wing,Right-wing,1,179,3,0.0,0.0,0.8657543063163757,0.7573476433753967
TheEpochTimes,Right-wing,Russian,0,113,4,0.0,0.0,0.8581804037094116,0.796599805355072
TheEpochTimes,Right-wing,Zionist,0,115,2,0.0,0.0,0.7367401719093323,0.6128813624382019
TheEpochTimes,Right-wing,Zionist,0,122,3,0.0,0.0,0.8000038862228394,0.6994743943214417
TheEpochTimes,Right-wing,Western,0,147,2,0.0,0.0,0.5597516894340515,0.3774583041667938
TheEpochTimes,Right-wing,Zionist,0,209,3,0.0,0.0,0.4135507345199585,0.03473860025405884
TheEpochTimes,Right-wing,Western,0,192,3,0.0,0.0,0.6405516862869263,0.49816176295280457
TheEpochTimes,Right-wing,Zionist,0,158,0,0.0,0.0,0.8732635378837585,0.7951433062553406
TheEpochTimes,Right-wing,Right-wing,1,204,1,0.0,0.0,0.9778549671173096,0.9588630795478821
TheEpochTimes,Right-wing,Right-wing,1,92,1,0.0,0.0,0.9765388369560242,0.9604089856147766
TheEpochTimes,Right-wing,Zionist,0,121,3,0.0,0.0,0.9229598045349121,0.8706361651420593
TheEpochTimes,Right-wing,Right-wing,1,174,4,0.0,0.0,0.8822969794273376,0.8190048933029175
TheEpochTimes,Right-wing,Russian,0,197,5,0.0,0.0,0.3773883581161499,0.04596465826034546
TheEpochTimes,Right-wing,Right-wing,1,127,1,0.0,0.0,0.8526577353477478,0.7467308044433594
TheEpochTimes,Right-wing,Western,0,186,2,0.0,0.0,0.9350281953811646,0.9030677080154419
TheEpochTimes,Right-wing,Western,0,141,3,1.0,-0.0,0.3581741750240326,0.07364803552627563
TheEpochTimes,Right-wing,Zionist,0,154,1,0.0,0.0,0.5067000389099121,0.2823769748210907
TheEpochTimes,Right-wing,Resistance,0,223,0,0.0,0.0,0.31328174471855164,0.007531553506851196
TheEpochTimes,Right-wing,Right-wing,1,186,1,0.0,0.0,0.8882147073745728,0.8015586137771606
TheEpochTimes,Right-wing,Zionist,0,215,3,0.0,0.0,0.5329735279083252,0.2724522650241852
TheEpochTimes,Right-wing,Right-wing,1,144,2,0.0,0.0,0.4987559914588928,0.1439787745475769
TheEpochTimes,Right-wing,Western,0,179,2,1.0,-0.0,0.3561895191669464,0.04217669367790222
TheEpochTimes,Right-wing,Right-wing,1,189,3,0.0,0.0,0.3905375599861145,0.09775513410568237
TheEpochTimes,Right-wing,Left-wing,0,211,4,0.0,0.0,0.38562682271003723,0.06545284390449524
TheEpochTimes,Right-wing,Right-wing,1,105,1,0.0,0.0,0.9248846173286438,0.8858339786529541
TheEpochTimes,Right-wing,Zionist,0,158,3,0.0,0.0,0.5051901936531067,0.1712178885936737
TheEpochTimes,Right-wing,Right-wing,1,160,3,0.0,0.0,0.9644665718078613,0.9477968811988831
TheEpochTimes,Right-wing,Left-wing,0,189,3,0.0,0.0,0.8815213441848755,0.8016096353530884
TheEpochTimes,Right-wing,Western,0,220,3,0.0,0.0,0.9922358393669128,0.9890710115432739
TheEpochTimes,Right-wing,Right-wing,1,197,5,0.0,0.0,0.7280693650245667,0.5557844042778015
TheEpochTimes,Right-wing,Right-wing,1,211,4,0.0,0.0,0.5949238538742065,0.2439158856868744
TheEpochTimes,Right-wing,Right-wing,1,120,2,1.0,-0.0,0.9999363422393799,0.9998947978019714
TheEpochTimes,Right-wing,Right-wing,1,223,2,0.0,0.0,0.3347622752189636,0.07534638047218323
TheEpochTimes,Right-wing,Right-wing,1,110,2,1.0,-0.0,0.9508039951324463,0.9033750891685486
TheEpochTimes,Right-wing,Right-wing,1,130,3,1.0,-0.0,0.9198106527328491,0.8776585459709167
TheEpochTimes,Right-wing,Right-wing,1,181,5,0.0,0.0,0.573126494884491,0.3707585632801056
TheEpochTimes,Right-wing,Zionist,0,170,2,0.0,0.0,0.9288060069084167,0.8652729392051697
TheEpochTimes,Right-wing,Right-wing,1,189,3,0.0,0.0,0.9341932535171509,0.8864091038703918
TheEpochTimes,Right-wing,Left-wing,0,139,1,1.0,-0.0,0.759186863899231,0.5483025312423706
TheEpochTimes,Right-wing,Right-wing,1,98,2,0.0,0.0,0.9134411811828613,0.8275259733200073
TheEpochTimes,Right-wing,Right-wing,1,140,2,0.0,0.0,0.7526175379753113,0.6222555637359619
TheEpochTimes,Right-wing,Right-wing,1,136,2,0.0,0.0,0.4180728793144226,0.1702425628900528
TheEpochTimes,Right-wing,Left-wing,0,212,2,0.0,0.0,0.6192474365234375,0.3156898617744446
TheEpochTimes,Right-wing,Right-wing,1,133,2,1.0,-0.0,0.8560710549354553,0.7440115213394165
TheEpochTimes,Right-wing,Right-wing,1,183,1,1.0,-0.0,0.7684326171875,0.544437825679779
TheEpochTimes,Right-wing,Right-wing,1,120,2,1.0,-0.0,0.9999357461929321,0.9998934864997864
TheEpochTimes,Right-wing,Zionist,0,194,2,0.0,0.0,0.5869848132133484,0.2825368642807007
TheEpochTimes,Right-wing,Zionist,0,226,0,0.0,0.0,0.4685533046722412,0.24979105591773987
TheEpochTimes,Right-wing,Right-wing,1,102,1,1.0,-0.0,0.9978981018066406,0.9967055916786194
TheEpochTimes,Right-wing,Left-wing,0,213,3,1.0,-0.0,0.7803464531898499,0.5761499404907227
TheEpochTimes,Right-wing,Ukrainian,0,116,1,0.0,0.0,0.239602193236351,0.003947228193283081
TheEpochTimes,Right-wing,Right-wing,1,231,2,0.0,0.0,0.8742120862007141,0.7518881559371948
TheEpochTimes,Right-wing,Left-wing,0,156,4,1.0,-0.0,0.5523102283477783,0.2134019434452057
TheEpochTimes,Right-wing,Left-wing,0,201,3,0.0,0.0,0.6178150773048401,0.2974873185157776
TheEpochTimes,Right-wing,Zionist,0,151,3,0.0,0.0,0.8202096223831177,0.7174030542373657
TheEpochTimes,Right-wing,Left-wing,0,208,4,0.0,0.0,0.6891894340515137,0.5464828014373779
TheEpochTimes,Right-wing,Zionist,0,195,2,1.0,-0.0,0.9433387517929077,0.9134742021560669
TheEpochTimes,Right-wing,Right-wing,1,108,1,0.0,0.0,0.6279495358467102,0.34202083945274353
TheEpochTimes,Right-wing,Right-wing,1,166,2,0.0,0.0,0.8545905351638794,0.793253481388092
TheEpochTimes,Right-wing,Right-wing,1,86,1,0.0,0.0,0.9497060179710388,0.9101307392120361
TheEpochTimes,Right-wing,Russian,0,195,4,0.0,0.0,0.6533322334289551,0.4780197739601135
TheEpochTimes,Right-wing,Right-wing,1,133,2,1.0,-0.0,0.815064013004303,0.6771711707115173
TheEpochTimes,Right-wing,Left-wing,0,177,3,0.0,0.0,0.5995396971702576,0.3821452856063843
TheEpochTimes,Right-wing,Right-wing,1,183,1,0.0,0.0,0.4191451370716095,0.06317734718322754
TheEpochTimes,Right-wing,Left-wing,0,235,3,0.0,0.0,0.5994065403938293,0.24338087439537048
TheEpochTimes,Right-wing,Left-wing,0,228,5,0.0,0.0,0.6835958361625671,0.5422846674919128
TheEpochTimes,Right-wing,Left-wing,0,114,2,1.0,-0.0,0.7365666031837463,0.5621502995491028
TheEpochTimes,Right-wing,Zionist,0,198,2,1.0,-0.0,0.6989479064941406,0.48467254638671875
TheEpochTimes,Right-wing,Left-wing,0,149,2,0.0,0.0,0.3966464698314667,0.07583341002464294
TheEpochTimes,Right-wing,Right-wing,1,128,4,0.0,0.0,0.7493426203727722,0.6075994372367859
TheEpochTimes,Right-wing,Left-wing,0,236,3,0.0,0.0,0.5295332670211792,0.09936743974685669
TheEpochTimes,Right-wing,Left-wing,0,239,4,0.0,0.0,0.5661309361457825,0.14954692125320435
TheEpochTimes,Right-wing,Right-wing,1,215,3,0.0,0.0,0.3685677647590637,0.15741822123527527
TheEpochTimes,Right-wing,Right-wing,1,196,3,1.0,-0.0,0.49840372800827026,0.3006046414375305
TheEpochTimes,Right-wing,Right-wing,1,213,1,1.0,-0.0,0.6630677580833435,0.4188236594200134
TheEpochTimes,Right-wing,Right-wing,1,231,1,1.0,-0.0,0.8317445516586304,0.7165056467056274
TheEpochTimes,Right-wing,Russian,0,184,3,0.0,0.0,0.732769787311554,0.6383259892463684
TheEpochTimes,Right-wing,Right-wing,1,283,8,1.0,-0.0,0.9086834788322449,0.8631874322891235
TheEpochTimes,Right-wing,Right-wing,1,98,2,0.0,0.0,0.9611097574234009,0.9354674220085144
TheEpochTimes,Right-wing,Right-wing,1,225,1,0.0,0.0,0.7788205146789551,0.6787874102592468
TheEpochTimes,Right-wing,Western,0,216,2,0.0,0.0,0.6024425625801086,0.3796263337135315
TheEpochTimes,Right-wing,Western,0,170,4,0.0,0.0,0.3551955223083496,0.07715001702308655
TheEpochTimes,Right-wing,Right-wing,1,133,1,1.0,-0.0,0.835314154624939,0.7183274626731873
TheEpochTimes,Right-wing,Left-wing,0,185,3,1.0,-0.0,0.5429202914237976,0.1299462914466858
TheEpochTimes,Right-wing,Western,0,186,4,0.0,0.0,0.5856429934501648,0.3193025588989258
TheEpochTimes,Right-wing,Left-wing,0,165,2,1.0,-0.0,0.5735708475112915,0.1713017225265503
TheEpochTimes,Right-wing,Right-wing,1,175,3,1.0,-0.0,0.930633008480072,0.8951157927513123
TheEpochTimes,Right-wing,Right-wing,1,106,2,0.0,0.0,0.766670286655426,0.6199870705604553
TheEpochTimes,Right-wing,Resistance,0,234,0,0.0,0.0,0.321323424577713,0.08688721060752869
TheEpochTimes,Right-wing,Right-wing,1,90,1,1.0,-0.0,0.9999479055404663,0.9999156594276428
TheEpochTimes,Right-wing,Zionist,0,169,1,0.0,0.0,0.345917284488678,0.11585186421871185
TheEpochTimes,Right-wing,Zionist,0,203,0,0.0,0.0,0.8990310430526733,0.8671858310699463
TheEpochTimes,Right-wing,Right-wing,1,117,4,0.0,0.0,0.934447705745697,0.8927556872367859
TheEpochTimes,Right-wing,Right-wing,1,125,1,0.0,0.0,0.7078378796577454,0.5546837449073792
TheEpochTimes,Right-wing,Left-wing,0,211,4,0.0,0.0,0.38562682271003723,0.06545284390449524
TheEpochTimes,Right-wing,Right-wing,1,133,2,1.0,-0.0,0.8337201476097107,0.6980213522911072
TheEpochTimes,Right-wing,Right-wing,1,114,1,0.0,0.0,0.5347949266433716,0.24574115872383118
TheEpochTimes,Right-wing,Left-wing,0,191,2,0.0,0.0,0.7791506052017212,0.6638062000274658
TheEpochTimes,Right-wing,Right-wing,1,183,1,0.0,0.0,0.4191451370716095,0.06317734718322754
TheEpochTimes,Right-wing,Zionist,0,141,3,1.0,-0.0,0.3341657519340515,0.09738363325595856
TheEpochTimes,Right-wing,Right-wing,1,174,2,1.0,-0.0,0.443867564201355,0.06604409217834473
TheEpochTimes,Right-wing,Zionist,0,141,3,1.0,-0.0,0.3557640612125397,0.1270405501127243
TheEpochTimes,Right-wing,Right-wing,1,168,3,1.0,-0.0,0.6992831230163574,0.4218963384628296
TheEpochTimes,Right-wing,Zionist,0,170,3,0.0,0.0,0.3465581238269806,0.031488239765167236
TheEpochTimes,Right-wing,Left-wing,0,133,0,0.0,0.0,0.7354381680488586,0.4947361350059509
TheEpochTimes,Right-wing,Right-wing,1,142,3,0.0,0.0,0.754768431186676,0.5582799911499023
TheEpochTimes,Right-wing,Right-wing,1,113,2,1.0,-0.0,0.733939528465271,0.547210156917572
TheEpochTimes,Right-wing,Russian,0,218,4,0.0,0.0,0.602421224117279,0.38228434324264526
TheEpochTimes,Right-wing,Zionist,0,137,3,0.0,0.0,0.9055114984512329,0.8250101208686829
TheEpochTimes,Right-wing,Russian,0,197,5,0.0,0.0,0.3773883581161499,0.04596465826034546
TheEpochTimes,Right-wing,Right-wing,1,147,2,0.0,0.0,0.35988035798072815,0.011838763952255249
TheEpochTimes,Right-wing,Zionist,0,154,1,0.0,0.0,0.5067000389099121,0.28237706422805786
TheEpochTimes,Right-wing,Zionist,0,228,0,0.0,0.0,0.5863826274871826,0.3757055997848511
TheEpochTimes,Right-wing,Right-wing,1,243,7,0.0,0.0,0.6704652309417725,0.35852494835853577
TheEpochTimes,Right-wing,Right-wing,1,169,3,1.0,-0.0,0.5454155802726746,0.20354565978050232
TheEpochTimes,Right-wing,Right-wing,1,210,3,0.0,0.0,0.31871581077575684,0.02764025330543518
TheEpochTimes,Right-wing,Left-wing,0,173,4,0.0,0.0,0.36100825667381287,0.008524179458618164
TheEpochTimes,Right-wing,Zionist,0,129,1,0.0,0.0,0.7708867192268372,0.591118335723877
TheEpochTimes,Right-wing,Right-wing,1,94,1,0.0,0.0,0.6034306883811951,0.36643651127815247
TheEpochTimes,Right-wing,Right-wing,1,206,2,0.0,0.0,0.4904187023639679,0.007875382900238037
TheEpochTimes,Right-wing,Left-wing,0,200,2,1.0,-0.0,0.44044166803359985,0.11590391397476196
TheEpochTimes,Right-wing,Left-wing,0,239,2,1.0,-0.0,0.5445218682289124,0.3438710570335388
TheEpochTimes,Right-wing,Right-wing,1,125,2,1.0,-0.0,0.9997076392173767,0.9995530247688293
TheEpochTimes,Right-wing,Western,0,221,3,0.0,0.0,0.9119330644607544,0.8702269196510315
TheEpochTimes,Right-wing,Right-wing,1,131,4,0.0,0.0,0.7125953435897827,0.5006316900253296
TheEpochTimes,Right-wing,Zionist,0,122,4,0.0,0.0,0.5352993011474609,0.299655944108963
TheEpochTimes,Right-wing,Right-wing,1,221,2,0.0,0.0,0.8175183534622192,0.6949856281280518
TheEpochTimes,Right-wing,Right-wing,1,215,3,0.0,0.0,0.3685677647590637,0.15741822123527527
TheEpochTimes,Right-wing,Zionist,0,152,1,1.0,-0.0,0.3671053349971771,0.03544852137565613
TheEpochTimes,Right-wing,Right-wing,1,151,3,0.0,0.0,0.6046433448791504,0.36647742986679077
TheEpochTimes,Right-wing,Zionist,0,205,2,0.0,0.0,0.37248966097831726,0.0013241767883300781
TheEpochTimes,Right-wing,Left-wing,0,194,2,0.0,0.0,0.7918804287910461,0.6045255661010742
TheEpochTimes,Right-wing,Right-wing,1,105,3,0.0,0.0,0.9881250858306885,0.9786697626113892
TheEpochTimes,Right-wing,Right-wing,1,144,5,0.0,0.0,0.8764941096305847,0.773011326789856
TheEpochTimes,Right-wing,Right-wing,1,179,4,0.0,0.0,0.9282161593437195,0.8727350234985352
TheEpochTimes,Right-wing,Russian,0,186,2,0.0,0.0,0.8033620119094849,0.643134593963623
TheEpochTimes,Right-wing,Zionist,0,97,1,0.0,0.0,0.35630759596824646,0.0815352201461792
TheEpochTimes,Right-wing,Right-wing,1,201,4,0.0,0.0,0.8164209127426147,0.6545659899711609
TheEpochTimes,Right-wing,Right-wing,1,171,5,0.0,0.0,0.5468041300773621,0.2829277813434601
TheEpochTimes,Right-wing,Zionist,0,190,1,0.0,0.0,0.7523753046989441,0.5815122723579407
TheEpochTimes,Right-wing,Right-wing,1,97,2,0.0,0.0,0.9645008444786072,0.9352542757987976
TheEpochTimes,Right-wing,Left-wing,0,164,2,1.0,-0.0,0.687471330165863,0.46141308546066284
TheEpochTimes,Right-wing,Zionist,0,158,3,0.0,0.0,0.9369914531707764,0.89378821849823
TheEpochTimes,Right-wing,Right-wing,1,140,1,0.0,0.0,0.7118222713470459,0.4337649643421173
TheEpochTimes,Right-wing,Zionist,0,164,1,0.0,0.0,0.598733127117157,0.3538071811199188
TheEpochTimes,Right-wing,Left-wing,0,123,1,0.0,0.0,0.9736619591712952,0.9507418870925903
TheEpochTimes,Right-wing,Western,0,169,2,0.0,0.0,0.9592626690864563,0.9465658664703369
TheEpochTimes,Right-wing,Right-wing,1,144,2,0.0,0.0,0.798329770565033,0.6710044145584106
@MiddleEastEye_TG,Left-wing,Zionist,0,467,6,1.0,-0.0,0.5488193035125732,0.10000443458557129
@MiddleEastEye_TG,Left-wing,Russian,0,231,6,1.0,-0.0,0.5778639316558838,0.21031096577644348
@MiddleEastEye_TG,Left-wing,Zionist,0,790,8,0.0,0.0,0.9063831567764282,0.8574913144111633
@MiddleEastEye_TG,Left-wing,Resistance,0,948,13,1.0,-0.0,0.6741334795951843,0.39902833104133606
@MiddleEastEye_TG,Left-wing,Russian,0,832,12,0.8013576865196228,0.4985145032405853,0.37428152561187744,0.018396854400634766
@MiddleEastEye_TG,Left-wing,Resistance,0,575,15,0.5365989804267883,0.6904658079147339,0.7378212809562683,0.6025125980377197
@MiddleEastEye_TG,Left-wing,Right-wing,0,327,9,1.0,-0.0,0.5311634540557861,0.30879974365234375
@MiddleEastEye_TG,Left-wing,Western,0,971,15,0.604867160320282,0.9378674030303955,0.36868828535079956,0.13177356123924255
@MiddleEastEye_TG,Left-wing,Resistance,0,474,12,1.0,-0.0,0.8960531949996948,0.8525629043579102
@MiddleEastEye_TG,Left-wing,Ukrainian,0,522,15,1.0,-0.0,0.4531090557575226,0.21455956995487213
@MiddleEastEye_TG,Left-wing,Zionist,0,720,10,0.0,0.0,0.903826892375946,0.8294131755828857
@MiddleEastEye_TG,Left-wing,Zionist,0,732,10,1.0,-0.0,0.8785840272903442,0.7578242421150208
@MiddleEastEye_TG,Left-wing,Russian,0,238,5,1.0,-0.0,0.42533382773399353,0.049671828746795654
@MiddleEastEye_TG,Left-wing,Zionist,0,776,17,1.0,-0.0,0.707728385925293,0.4567444920539856
@MiddleEastEye_TG,Left-wing,Resistance,0,707,12,0.0,0.0,0.8958334922790527,0.8451569676399231
@MiddleEastEye_TG,Left-wing,Russian,0,823,26,0.7437483072280884,0.7466979026794434,0.4460528492927551,0.23790580034255981
@MiddleEastEye_TG,Left-wing,Zionist,0,172,1,0.0,0.0,0.5948311686515808,0.20102596282958984
@MiddleEastEye_TG,Left-wing,Resistance,0,205,5,1.0,-0.0,0.6611363291740417,0.46527278423309326
@MiddleEastEye_TG,Left-wing,Zionist,0,774,4,0.0,0.0,0.6540350914001465,0.4880228340625763
@MiddleEastEye_TG,Left-wing,Resistance,0,806,20,1.0,-0.0,0.49632880091667175,0.18766546249389648
@MiddleEastEye_TG,Left-wing,Resistance,0,384,6,0.0,0.0,0.7971600294113159,0.666000485420227
@MiddleEastEye_TG,Left-wing,Zionist,0,591,8,0.0,0.0,0.7062574625015259,0.5892349481582642
@MiddleEastEye_TG,Left-wing,Zionist,0,581,5,0.0,0.0,0.8077322244644165,0.6320358514785767
@MiddleEastEye_TG,Left-wing,Resistance,0,197,3,0.0,0.0,0.8883680701255798,0.794941782951355
@MiddleEastEye_TG,Left-wing,Left-wing,1,893,16,0.5029628276824951,0.6931296586990356,0.9482765793800354,0.9057503342628479
@MiddleEastEye_TG,Left-wing,Resistance,0,250,7,0.0,0.0,0.5315870046615601,0.0835760235786438
@MiddleEastEye_TG,Left-wing,Resistance,0,251,2,0.0,0.0,0.2901526391506195,0.04278618097305298
@MiddleEastEye_TG,Left-wing,Russian,0,673,12,0.0,0.0,0.7536457777023315,0.6085182428359985
@MiddleEastEye_TG,Left-wing,Resistance,0,315,6,0.7970723509788513,0.5044342875480652,0.6189724206924438,0.28880593180656433
@MiddleEastEye_TG,Left-wing,Zionist,0,683,12,1.0,-0.0,0.9821761250495911,0.9727814197540283
@MiddleEastEye_TG,Left-wing,Western,0,936,8,1.0,-0.0,0.6104688048362732,0.3553263545036316
@MiddleEastEye_TG,Left-wing,Zionist,0,444,9,1.0,-0.0,0.46407240629196167,0.25541988015174866
@MiddleEastEye_TG,Left-wing,Resistance,0,292,6,1.0,-0.0,0.39941850304603577,0.04968482255935669
@MiddleEastEye_TG,Left-wing,Resistance,0,873,8,0.0,0.0,0.8556618094444275,0.7394073605537415
@MiddleEastEye_TG,Left-wing,Resistance,0,603,9,0.0,0.0,0.8768664002418518,0.8255951404571533
@MiddleEastEye_TG,Left-wing,Right-wing,0,789,15,1.0,-0.0,0.515717625617981,0.34160977602005005
@MiddleEastEye_TG,Left-wing,Zionist,0,349,8,0.0,0.0,0.5318189263343811,0.11738404631614685
@MiddleEastEye_TG,Left-wing,Resistance,0,1016,17,1.0,-0.0,0.7472653388977051,0.643932580947876
@MiddleEastEye_TG,Left-wing,Resistance,0,643,13,1.0,-0.0,0.6379063725471497,0.4000634551048279
@MiddleEastEye_TG,Left-wing,Right-wing,0,424,9,1.0,-0.0,0.6389566659927368,0.4189521074295044
@MiddleEastEye_TG,Left-wing,Zionist,0,916,11,0.5542079210281372,0.6872586011886597,0.8401920199394226,0.7214053273200989
@MiddleEastEye_TG,Left-wing,Right-wing,0,729,15,1.0,-0.0,0.9100759029388428,0.8298590183258057
@MiddleEastEye_TG,Left-wing,Resistance,0,822,19,1.0,-0.0,0.3096180856227875,0.0811849981546402
@MiddleEastEye_TG,Left-wing,Right-wing,0,999,11,0.0,0.0,0.6258949041366577,0.34061872959136963
@MiddleEastEye_TG,Left-wing,Resistance,0,450,10,1.0,-0.0,0.543484628200531,0.3307607173919678
@MiddleEastEye_TG,Left-wing,Zionist,0,659,6,0.7530577182769775,0.5589509010314941,0.34424346685409546,0.11895579099655151
@MiddleEastEye_TG,Left-wing,Zionist,0,379,8,1.0,-0.0,0.41018247604370117,0.15817487239837646
@MiddleEastEye_TG,Left-wing,Zionist,0,290,4,0.0,0.0,0.9150761365890503,0.8896732330322266
@MiddleEastEye_TG,Left-wing,Resistance,0,380,4,0.0,0.0,0.6798277497291565,0.4452548623085022
@MiddleEastEye_TG,Left-wing,Resistance,0,504,8,0.38188424706459045,1.093381643295288,0.7442577481269836,0.6290545463562012
@MiddleEastEye_TG,Left-wing,Zionist,0,689,11,0.0,0.0,0.481103777885437,0.145652174949646
@MiddleEastEye_TG,Left-wing,Zionist,0,841,12,1.0,-0.0,0.6211721301078796,0.4337315857410431
@MiddleEastEye_TG,Left-wing,Resistance,0,618,7,1.0,-0.0,0.4860454499721527,0.22330328822135925
@MiddleEastEye_TG,Left-wing,Zionist,0,370,11,1.0,-0.0,0.8913434743881226,0.8124067783355713
@MiddleEastEye_TG,Left-wing,Zionist,0,413,8,1.0,-0.0,0.7694105505943298,0.5792189836502075
@MiddleEastEye_TG,Left-wing,Ukrainian,0,444,7,1.0,-0.0,0.5575036406517029,0.42607662081718445
@MiddleEastEye_TG,Left-wing,Zionist,0,974,20,1.0,-0.0,0.7777286171913147,0.6500080227851868
@MiddleEastEye_TG,Left-wing,Zionist,0,357,9,0.0,0.0,0.7419660687446594,0.5111973285675049
@MiddleEastEye_TG,Left-wing,Zionist,0,364,8,0.0,0.0,0.6576568484306335,0.42568594217300415
@MiddleEastEye_TG,Left-wing,Resistance,0,826,11,0.0,0.0,0.6014552116394043,0.25464820861816406
@MiddleEastEye_TG,Left-wing,Resistance,0,418,6,1.0,-0.0,0.7432771921157837,0.6337932348251343
@MiddleEastEye_TG,Left-wing,Zionist,0,622,10,1.0,-0.0,0.8335360288619995,0.7452282905578613
@MiddleEastEye_TG,Left-wing,Zionist,0,594,8,1.0,-0.0,0.4224544167518616,0.19703592360019684
@MiddleEastEye_TG,Left-wing,Zionist,0,926,13,0.4226101040840149,1.0800080299377441,0.85866779088974,0.7200744152069092
@MiddleEastEye_TG,Left-wing,Zionist,0,796,20,0.0,0.0,0.4917970597743988,0.01335984468460083
@MiddleEastEye_TG,Left-wing,Left-wing,1,420,11,1.0,-0.0,0.2763093113899231,0.07135282456874847
@MiddleEastEye_TG,Left-wing,Right-wing,0,332,8,1.0,-0.0,0.36364468932151794,0.03963223099708557
@MiddleEastEye_TG,Left-wing,Zionist,0,1015,8,0.0,0.0,0.9627828001976013,0.9417163729667664
@MiddleEastEye_TG,Left-wing,Resistance,0,473,8,0.0,0.0,0.35349398851394653,0.0240781307220459
@MiddleEastEye_TG,Left-wing,Right-wing,0,327,9,1.0,-0.0,0.6084749102592468,0.29260575771331787
@MiddleEastEye_TG,Left-wing,Resistance,0,431,12,0.0,0.0,0.6362627148628235,0.2858564555644989
@MiddleEastEye_TG,Left-wing,Zionist,0,856,21,0.0,0.0,0.973666250705719,0.951768159866333
@MiddleEastEye_TG,Left-wing,Resistance,0,408,7,1.0,-0.0,0.9569917917251587,0.9421862363815308
@MiddleEastEye_TG,Left-wing,Zionist,0,381,10,0.0,0.0,0.9460620284080505,0.8965275287628174
@MiddleEastEye_TG,Left-wing,Resistance,0,602,13,0.5040102601051331,0.6931149959564209,0.5702627897262573,0.3773549497127533
@MiddleEastEye_TG,Left-wing,Right-wing,0,234,5,1.0,-0.0,0.580687403678894,0.4282991290092468
@MiddleEastEye_TG,Left-wing,Resistance,0,911,24,0.0,0.0,0.46439677476882935,0.0012415051460266113
@MiddleEastEye_TG,Left-wing,Resistance,0,432,14,1.0,-0.0,0.7469983100891113,0.6655229926109314
@MiddleEastEye_TG,Left-wing,Resistance,0,228,6,0.0,0.0,0.49726375937461853,0.012595057487487793
@MiddleEastEye_TG,Left-wing,Resistance,0,739,17,0.0,0.0,0.9616742134094238,0.9451100826263428
@MiddleEastEye_TG,Left-wing,Western,0,876,11,1.0,-0.0,0.977125883102417,0.9587103724479675
@MiddleEastEye_TG,Left-wing,Zionist,0,444,11,0.0,0.0,0.7748841047286987,0.602318525314331
@MiddleEastEye_TG,Left-wing,Zionist,0,533,11,0.0,0.0,0.9281330108642578,0.8568980693817139
@MiddleEastEye_TG,Left-wing,Right-wing,0,481,8,1.0,-0.0,0.8072559833526611,0.7351425886154175
@MiddleEastEye_TG,Left-wing,Russian,0,615,12,0.0,0.0,0.4807928800582886,0.1270574927330017
@MiddleEastEye_TG,Left-wing,Resistance,0,830,11,1.0,-0.0,0.29248207807540894,0.072054922580719
@MiddleEastEye_TG,Left-wing,Zionist,0,946,10,1.0,-0.0,0.5400334596633911,0.21340766549110413
@MiddleEastEye_TG,Left-wing,Left-wing,1,211,7,1.0,-0.0,0.5063475966453552,0.2802499532699585
@MiddleEastEye_TG,Left-wing,Right-wing,0,503,8,1.0,-0.0,0.2241666167974472,0.01792888343334198
@MiddleEastEye_TG,Left-wing,Zionist,0,663,10,1.0,-0.0,0.6882890462875366,0.43604540824890137
@MiddleEastEye_TG,Left-wing,Resistance,0,558,12,0.47011613845825195,1.0307371616363525,0.5444149374961853,0.11241310834884644
@MiddleEastEye_TG,Left-wing,Resistance,0,430,10,0.0,0.0,0.903348982334137,0.833261251449585
@MiddleEastEye_TG,Left-wing,Right-wing,0,525,9,1.0,-0.0,0.4389626681804657,0.01611381769180298
@MiddleEastEye_TG,Left-wing,Resistance,0,303,7,0.0,0.0,0.3983997404575348,0.09363582730293274
@MiddleEastEye_TG,Left-wing,Zionist,0,798,12,1.0,-0.0,0.4273712933063507,0.20678649842739105
@MiddleEastEye_TG,Left-wing,Right-wing,0,344,8,0.6569386720657349,0.64304518699646,0.39692896604537964,0.08793061971664429
@MiddleEastEye_TG,Left-wing,Right-wing,0,307,12,0.7604172229766846,0.5505985021591187,0.8421354293823242,0.7645664215087891
@MiddleEastEye_TG,Left-wing,Zionist,0,753,15,0.0,0.0,0.9195474982261658,0.8763768672943115
@MiddleEastEye_TG,Left-wing,Right-wing,0,569,13,1.0,-0.0,0.5254012942314148,0.28916287422180176
@MiddleEastEye_TG,Left-wing,Resistance,0,767,22,0.9199094772338867,0.27899041771888733,0.6762308478355408,0.6036185026168823
@MiddleEastEye_TG,Left-wing,Resistance,0,379,13,1.0,-0.0,0.2812359035015106,0.038015007972717285
@MiddleEastEye_TG,Left-wing,Resistance,0,444,6,0.0,0.0,0.9650071263313293,0.9349013566970825
@MiddleEastEye_TG,Left-wing,Resistance,0,1003,20,0.7557389736175537,0.5559419393539429,0.706642210483551,0.46085837483406067
@MiddleEastEye_TG,Left-wing,Resistance,0,211,3,0.0,0.0,0.8190844058990479,0.7267618775367737
@MiddleEastEye_TG,Left-wing,Right-wing,0,1001,17,0.4756172001361847,1.0538641214370728,0.4923868179321289,0.08396166563034058
@MiddleEastEye_TG,Left-wing,Zionist,0,441,6,0.0,0.0,0.9179617762565613,0.8755714297294617
@MiddleEastEye_TG,Left-wing,Zionist,0,503,12,0.0,0.0,0.9110779166221619,0.8226541876792908
@MiddleEastEye_TG,Left-wing,Left-wing,1,922,15,0.0,0.0,0.5420845746994019,0.1718265414237976
@MiddleEastEye_TG,Left-wing,Resistance,0,647,10,1.0,-0.0,0.5080348253250122,0.1930275857448578
@MiddleEastEye_TG,Left-wing,Resistance,0,737,12,1.0,-0.0,0.5284008979797363,0.3101663887500763
@MiddleEastEye_TG,Left-wing,Resistance,0,514,5,0.5544304847717285,0.6872100830078125,0.684876024723053,0.38201838731765747
@MiddleEastEye_TG,Left-wing,Resistance,0,602,17,0.0,0.0,0.6108355522155762,0.40454086661338806
@MiddleEastEye_TG,Left-wing,Russian,0,656,12,0.0,0.0,0.3873767852783203,0.021140098571777344
@MiddleEastEye_TG,Left-wing,Zionist,0,538,7,0.0,0.0,0.7523348927497864,0.5973854064941406
@MiddleEastEye_TG,Left-wing,Right-wing,0,294,8,0.5794146060943604,0.6804802417755127,0.44519683718681335,0.2563662528991699
@MiddleEastEye_TG,Left-wing,Right-wing,0,561,9,1.0,-0.0,0.427532821893692,0.20390677452087402
@MiddleEastEye_TG,Left-wing,Zionist,0,443,9,1.0,-0.0,0.5750792622566223,0.36555105447769165
@MiddleEastEye_TG,Left-wing,Zionist,0,653,12,1.0,-0.0,0.8351837992668152,0.678318977355957
@MiddleEastEye_TG,Left-wing,Resistance,0,273,5,1.0,-0.0,0.6503286957740784,0.39265456795692444
@MiddleEastEye_TG,Left-wing,Resistance,0,612,14,0.0,0.0,0.47319334745407104,0.10524550080299377
@MiddleEastEye_TG,Left-wing,Zionist,0,923,22,1.0,-0.0,0.9668310284614563,0.9389604926109314
@MiddleEastEye_TG,Left-wing,Zionist,0,235,4,0.0,0.0,0.5504294633865356,0.17088070511817932
@MiddleEastEye_TG,Left-wing,Western,0,759,8,1.0,-0.0,0.3414221405982971,0.17524927854537964
@MiddleEastEye_TG,Left-wing,Right-wing,0,493,10,0.0,0.0,0.3603134751319885,0.06516644358634949
@MiddleEastEye_TG,Left-wing,Zionist,0,745,4,1.0,-0.0,0.9038381576538086,0.8619778752326965
@MiddleEastEye_TG,Left-wing,Resistance,0,583,11,1.0,-0.0,0.7632989287376404,0.6021857857704163
@MiddleEastEye_TG,Left-wing,Zionist,0,809,14,0.0,0.0,0.9801684617996216,0.9646022915840149
@MiddleEastEye_TG,Left-wing,Zionist,0,505,9,0.7097820043563843,0.6023467779159546,0.5606798529624939,0.35159337520599365
@MiddleEastEye_TG,Left-wing,Resistance,0,795,15,1.0,-0.0,0.37758201360702515,0.05395638942718506
@MiddleEastEye_TG,Left-wing,Western,0,735,11,0.0,0.0,0.32039719820022583,0.04261869192123413
@MiddleEastEye_TG,Left-wing,Right-wing,0,238,7,1.0,-0.0,0.314148873090744,0.01642662286758423
@MiddleEastEye_TG,Left-wing,Zionist,0,829,11,0.6582499146461487,0.6421895027160645,0.5954272747039795,0.4438842535018921
@MiddleEastEye_TG,Left-wing,Right-wing,0,442,5,0.0,0.0,0.5218813419342041,0.3492283225059509
@MiddleEastEye_TG,Left-wing,Zionist,0,731,12,0.6726124286651611,0.632313072681427,0.9361026883125305,0.8894311785697937
@MiddleEastEye_TG,Left-wing,Zionist,0,277,3,1.0,-0.0,0.4043562710285187,0.08637768030166626
@MiddleEastEye_TG,Left-wing,Right-wing,0,531,7,1.0,-0.0,0.362393319606781,0.07907673716545105
@MiddleEastEye_TG,Left-wing,Zionist,0,856,12,0.0,0.0,0.5349658727645874,0.3546907305717468
@MiddleEastEye_TG,Left-wing,Zionist,0,747,10,0.0,0.0,0.9787024259567261,0.9624190330505371
@MiddleEastEye_TG,Left-wing,Resistance,0,464,11,0.0,0.0,0.8279087543487549,0.7457830309867859
@MiddleEastEye_TG,Left-wing,Zionist,0,533,12,1.0,-0.0,0.9101638793945312,0.8215001225471497
@MiddleEastEye_TG,Left-wing,Resistance,0,666,16,1.0,-0.0,0.7648564577102661,0.5881693363189697
@MiddleEastEye_TG,Left-wing,Zionist,0,329,5,0.0,0.0,0.5323448181152344,0.3515856862068176
@MiddleEastEye_TG,Left-wing,Zionist,0,662,15,1.0,-0.0,0.43654364347457886,0.18160375952720642
@MiddleEastEye_TG,Left-wing,Zionist,0,923,18,1.0,-0.0,0.9798437356948853,0.9661003947257996
@MiddleEastEye_TG,Left-wing,Right-wing,0,929,15,0.0,0.0,0.8587005734443665,0.7649500370025635
@MiddleEastEye_TG,Left-wing,Zionist,0,734,14,1.0,-0.0,0.38462772965431213,0.016656339168548584
@MiddleEastEye_TG,Left-wing,Resistance,0,345,8,0.0,0.0,0.6966474056243896,0.5598368644714355
@MiddleEastEye_TG,Left-wing,Zionist,0,339,5,0.0,0.0,0.5526027083396912,0.2667008936405182
@MiddleEastEye_TG,Left-wing,Russian,0,803,16,0.7529956698417664,0.5590200424194336,0.3306295573711395,0.019446760416030884
@MiddleEastEye_TG,Left-wing,Zionist,0,757,9,1.0,-0.0,0.8899509310722351,0.7823778390884399
@MiddleEastEye_TG,Left-wing,Resistance,0,699,11,0.9478492736816406,0.20479990541934967,0.8974044919013977,0.863016664981842
@MiddleEastEye_TG,Left-wing,Resistance,0,359,5,0.0,0.0,0.5187183022499084,0.26895323395729065
@MiddleEastEye_TG,Left-wing,Resistance,0,744,12,0.6710538864135742,0.633429765701294,0.5838437676429749,0.17890167236328125
@MiddleEastEye_TG,Left-wing,Resistance,0,379,7,0.3971070349216461,1.3065285682678223,0.6703251600265503,0.4979974031448364
@MiddleEastEye_TG,Left-wing,Zionist,0,630,7,0.8910191655158997,0.344379186630249,0.669966459274292,0.3757801651954651
@MiddleEastEye_TG,Left-wing,Russian,0,340,6,0.0,0.0,0.5944295525550842,0.38238462805747986
@MiddleEastEye_TG,Left-wing,Resistance,0,663,13,0.0,0.0,0.7039183974266052,0.49958351254463196
@MiddleEastEye_TG,Left-wing,Western,0,717,8,1.0,-0.0,0.43183085322380066,0.19427073001861572
@MiddleEastEye_TG,Left-wing,Right-wing,0,735,17,0.0,0.0,0.8763776421546936,0.8042246103286743
@MiddleEastEye_TG,Left-wing,Resistance,0,691,11,1.0,-0.0,0.7207322120666504,0.5344253182411194
@MiddleEastEye_TG,Left-wing,Resistance,0,278,6,0.0,0.0,0.8995832800865173,0.8491461873054504
@MiddleEastEye_TG,Left-wing,Right-wing,0,710,20,0.0,0.0,0.6122474670410156,0.3712405860424042
@MiddleEastEye_TG,Left-wing,Zionist,0,910,8,0.0,0.0,0.6727441549301147,0.5552326440811157
@MiddleEastEye_TG,Left-wing,Resistance,0,972,11,0.0,0.0,0.5024413466453552,0.27048105001449585
@MiddleEastEye_TG,Left-wing,Resistance,0,948,19,0.5392500162124634,0.6900628805160522,0.7890661954879761,0.6662975549697876
@MiddleEastEye_TG,Left-wing,Zionist,0,416,4,1.0,-0.0,0.7388044595718384,0.615352988243103
@MiddleEastEye_TG,Left-wing,Resistance,0,106,2,0.0,0.0,0.7695279717445374,0.5674578547477722
@MiddleEastEye_TG,Left-wing,Left-wing,1,445,4,1.0,-0.0,0.6657520532608032,0.5388926267623901
@MiddleEastEye_TG,Left-wing,Right-wing,0,291,2,0.0,0.0,0.4110802114009857,0.04664766788482666
@MiddleEastEye_TG,Left-wing,Resistance,0,272,6,1.0,-0.0,0.5704492330551147,0.27698615193367004
@MiddleEastEye_TG,Left-wing,Zionist,0,469,9,1.0,-0.0,0.9694626331329346,0.9391403198242188
@MiddleEastEye_TG,Left-wing,Left-wing,1,998,13,1.0,-0.0,0.8951150178909302,0.8476991653442383
@MiddleEastEye_TG,Left-wing,Zionist,0,305,4,0.0,0.0,0.5109379291534424,0.02526158094406128
@MiddleEastEye_TG,Left-wing,Zionist,0,834,13,0.0,0.0,0.3421936631202698,0.02649495005607605
@MiddleEastEye_TG,Left-wing,Resistance,0,484,11,0.0,0.0,0.29878541827201843,0.025737017393112183
@MiddleEastEye_TG,Left-wing,Zionist,0,658,12,1.0,-0.0,0.7052628397941589,0.5914342403411865
@MiddleEastEye_TG,Left-wing,Right-wing,0,870,21,0.0,0.0,0.41827595233917236,0.22968900203704834
@MiddleEastEye_TG,Left-wing,Russian,0,369,6,0.0,0.0,0.5523931980133057,0.32153642177581787
@MiddleEastEye_TG,Left-wing,Zionist,0,311,6,0.0,0.0,0.2562234103679657,0.07581014931201935
@MiddleEastEye_TG,Left-wing,Resistance,0,381,7,0.0,0.0,0.3619071841239929,0.1251780241727829
@MiddleEastEye_TG,Left-wing,Resistance,0,557,15,0.8242365121841431,0.46490827202796936,0.41508355736732483,0.1813461035490036
@MiddleEastEye_TG,Left-wing,Resistance,0,578,15,1.0,-0.0,0.9709563851356506,0.9575648903846741
@MiddleEastEye_TG,Left-wing,Right-wing,0,252,5,0.0,0.0,0.47247791290283203,0.07836514711380005
@MiddleEastEye_TG,Left-wing,Zionist,0,411,8,1.0,-0.0,0.9548612833023071,0.9178528785705566
@MiddleEastEye_TG,Left-wing,Zionist,0,500,14,0.6213579177856445,0.9242339134216309,0.6336169838905334,0.294840931892395
@MiddleEastEye_TG,Left-wing,Resistance,0,529,18,0.0,0.0,0.9296371936798096,0.9033339619636536
@MiddleEastEye_TG,Left-wing,Zionist,0,975,9,1.0,-0.0,0.8662990927696228,0.7355658411979675
@MiddleEastEye_TG,Left-wing,Resistance,0,451,11,0.0,0.0,0.7726775407791138,0.6677637100219727
@MiddleEastEye_TG,Left-wing,Zionist,0,817,9,1.0,-0.0,0.6933822631835938,0.6011989712715149
@MiddleEastEye_TG,Left-wing,Zionist,0,470,9,1.0,-0.0,0.7722359895706177,0.6657757759094238
@MiddleEastEye_TG,Left-wing,Resistance,0,1012,21,0.3006089925765991,1.527438759803772,0.48532092571258545,0.14764493703842163
@MiddleEastEye_TG,Left-wing,Zionist,0,438,6,1.0,-0.0,0.6120962500572205,0.24457287788391113
@MiddleEastEye_TG,Left-wing,Resistance,0,401,9,1.0,-0.0,0.6536916494369507,0.450339674949646
@MiddleEastEye_TG,Left-wing,Zionist,0,362,11,1.0,-0.0,0.7461055517196655,0.5625817775726318
@MiddleEastEye_TG,Left-wing,Zionist,0,487,9,0.0,0.0,0.3892819881439209,0.02156156301498413
@MiddleEastEye_TG,Left-wing,Resistance,0,387,3,0.0,0.0,0.5876575112342834,0.41322535276412964
@MiddleEastEye_TG,Left-wing,Zionist,0,466,8,0.0,0.0,0.8422639966011047,0.7686761021614075
@MiddleEastEye_TG,Left-wing,Resistance,0,612,10,1.0,-0.0,0.4564381241798401,0.1360962688922882
@MiddleEastEye_TG,Left-wing,Resistance,0,635,10,0.0,0.0,0.7547045350074768,0.6745797395706177
@MiddleEastEye_TG,Left-wing,Zionist,0,506,9,0.6314778327941895,0.6581645011901855,0.506813645362854,0.11602219939231873
ViceNews,Left-wing,Right-wing,0,217,1,0.0,0.0,0.7138825058937073,0.5869326591491699
ViceNews,Left-wing,Right-wing,0,192,3,0.0,0.0,0.915816068649292,0.8541994690895081
ViceNews,Left-wing,Russian,0,263,3,0.0,0.0,0.8702855706214905,0.8090483546257019
ViceNews,Left-wing,Right-wing,0,145,1,1.0,-0.0,0.41545721888542175,0.1634179651737213
ViceNews,Left-wing,Left-wing,1,87,2,1.0,-0.0,0.5488961935043335,0.34498125314712524
ViceNews,Left-wing,Right-wing,0,318,2,0.0,0.0,0.5726289749145508,0.2690971791744232
ViceNews,Left-wing,Right-wing,0,301,4,1.0,-0.0,0.45735475420951843,0.00965416431427002
ViceNews,Left-wing,Right-wing,0,136,1,0.0,0.0,0.3413279056549072,0.10106606781482697
ViceNews,Left-wing,Right-wing,0,62,0,0.0,0.0,0.44381314516067505,0.2063589245080948
ViceNews,Left-wing,Resistance,0,215,5,0.0,0.0,0.3971523642539978,0.16705535352230072
ViceNews,Left-wing,Zionist,0,122,2,0.0,0.0,0.3823879659175873,0.13853703439235687
ViceNews,Left-wing,Left-wing,1,180,1,0.0,0.0,0.7953848838806152,0.6939467191696167
ViceNews,Left-wing,Right-wing,0,91,1,0.0,0.0,0.554916262626648,0.11956876516342163
ViceNews,Left-wing,Ukrainian,0,169,2,1.0,-0.0,0.7952398061752319,0.7070428729057312
ViceNews,Left-wing,Right-wing,0,187,2,0.0,0.0,0.6840546131134033,0.5146782994270325
ViceNews,Left-wing,Right-wing,0,226,4,0.0,0.0,0.40928375720977783,0.04781952500343323
ViceNews,Left-wing,Western,0,140,3,0.0,0.0,0.5501659512519836,0.3545683026313782
ViceNews,Left-wing,Western,0,194,2,0.0,0.0,0.46457427740097046,0.15798699855804443
ViceNews,Left-wing,Western,0,284,6,0.0,0.0,0.5352116823196411,0.20073330402374268
ViceNews,Left-wing,Right-wing,0,295,7,0.0,0.0,0.7627835869789124,0.6471468210220337
ViceNews,Left-wing,Left-wing,1,288,3,0.918556809425354,0.2822800874710083,0.4487335979938507,0.06635028123855591
ViceNews,Left-wing,Right-wing,0,170,3,1.0,-0.0,0.501833975315094,0.19029578566551208
ViceNews,Left-wing,Right-wing,0,129,1,0.0,0.0,0.9129039645195007,0.8753945827484131
ViceNews,Left-wing,Resistance,0,303,3,1.0,-0.0,0.41519075632095337,0.0941656231880188
ViceNews,Left-wing,Right-wing,0,254,3,1.0,-0.0,0.9191058874130249,0.8652711510658264
ViceNews,Left-wing,Left-wing,1,181,1,0.0,0.0,0.9432592988014221,0.9004945158958435
ViceNews,Left-wing,Right-wing,0,219,3,0.0,0.0,0.6598761081695557,0.3450775742530823
ViceNews,Left-wing,Right-wing,0,218,2,1.0,-0.0,0.8101896643638611,0.6302896738052368
ViceNews,Left-wing,Right-wing,0,156,1,0.0,0.0,0.9585432410240173,0.9268685579299927
ViceNews,Left-wing,Right-wing,0,293,3,0.0,0.0,0.9470956325531006,0.9230872988700867
ViceNews,Left-wing,Right-wing,0,296,3,0.0,0.0,0.47688230872154236,0.18517032265663147
ViceNews,Left-wing,Right-wing,0,233,3,1.0,-0.0,0.8171347975730896,0.6526651978492737
ViceNews,Left-wing,Zionist,0,220,4,0.0,0.0,0.634089469909668,0.4664383828639984
ViceNews,Left-wing,Left-wing,1,227,0,0.8069444894790649,0.49062323570251465,0.8135232925415039,0.6330597400665283
ViceNews,Left-wing,Right-wing,0,143,3,0.0,0.0,0.9837521314620972,0.9753652811050415
ViceNews,Left-wing,Resistance,0,186,3,0.0,0.0,0.5135757327079773,0.148889422416687
ViceNews,Left-wing,Left-wing,1,301,0,0.0,0.0,0.5387908816337585,0.10936155915260315
ViceNews,Left-wing,Right-wing,0,250,4,0.0,0.0,0.8107901811599731,0.7297128438949585
ViceNews,Left-wing,Left-wing,1,149,2,1.0,-0.0,0.4247511625289917,0.17489027976989746
ViceNews,Left-wing,Right-wing,0,271,3,1.0,-0.0,0.9216448068618774,0.8541618585586548
ViceNews,Left-wing,Right-wing,0,280,3,1.0,-0.0,0.9688582420349121,0.95400470495224
ViceNews,Left-wing,Western,0,115,1,0.0,0.0,0.2850758135318756,0.017232060432434082
ViceNews,Left-wing,Zionist,0,259,0,0.0,0.0,0.2899444103240967,0.03444746136665344
ViceNews,Left-wing,Ukrainian,0,210,3,0.0,0.0,0.504204273223877,0.3494356572628021
ViceNews,Left-wing,Right-wing,0,171,1,0.0,0.0,0.6294794082641602,0.48058247566223145
ViceNews,Left-wing,Right-wing,0,289,4,0.6546846628189087,0.644498348236084,0.850641131401062,0.7877103686332703
ViceNews,Left-wing,Left-wing,1,271,1,0.0,0.0,0.6237689256668091,0.35650190711021423
ViceNews,Left-wing,Western,0,54,0,0.0,0.0,0.4978898763656616,0.1105697751045227
ViceNews,Left-wing,Ukrainian,0,258,5,0.0,0.0,0.5437455773353577,0.31902649998664856
ViceNews,Left-wing,Russian,0,263,3,0.0,0.0,0.7288610339164734,0.637549638748169
ViceNews,Left-wing,Right-wing,0,266,0,0.0,0.0,0.5740647912025452,0.26649215817451477
ViceNews,Left-wing,Left-wing,1,205,5,1.0,-0.0,0.3750416040420532,0.08298522233963013
ViceNews,Left-wing,Right-wing,0,196,1,0.0,0.0,0.6704503893852234,0.5702927708625793
ViceNews,Left-wing,Right-wing,0,217,2,0.0,0.0,0.768027126789093,0.6810303330421448
ViceNews,Left-wing,Right-wing,0,299,0,1.0,-0.0,0.5932121276855469,0.26123136281967163
ViceNews,Left-wing,Right-wing,0,105,3,0.0,0.0,0.947128176689148,0.9190008640289307
ViceNews,Left-wing,Russian,0,237,4,0.0,0.0,0.8168004751205444,0.6772429943084717
ViceNews,Left-wing,Ukrainian,0,195,1,0.0,0.0,0.34344565868377686,0.01027628779411316
ViceNews,Left-wing,Right-wing,0,106,1,0.0,0.0,0.378229558467865,0.12141680717468262
ViceNews,Left-wing,Right-wing,0,295,2,1.0,-0.0,0.6775766611099243,0.3779962658882141
ViceNews,Left-wing,Right-wing,0,270,4,0.0,0.0,0.8424001336097717,0.7771716713905334
ViceNews,Left-wing,Right-wing,0,232,1,1.0,-0.0,0.4853862226009369,0.2600584030151367
ViceNews,Left-wing,Right-wing,0,130,3,0.0,0.0,0.7821730971336365,0.6699685454368591
ViceNews,Left-wing,Right-wing,0,206,2,1.0,-0.0,0.9627206921577454,0.9291168451309204
ViceNews,Left-wing,Right-wing,0,237,3,0.0,0.0,0.5408392548561096,0.2886655628681183
ViceNews,Left-wing,Right-wing,0,282,6,1.0,-0.0,0.9316880702972412,0.8825463652610779
ViceNews,Left-wing,Resistance,0,275,4,1.0,-0.0,0.36056074500083923,0.03933170437812805
ViceNews,Left-wing,Ukrainian,0,181,1,0.0,0.0,0.4554683268070221,0.24797649681568146
ViceNews,Left-wing,Western,0,167,0,1.0,-0.0,0.4310406446456909,0.10337531566619873
ViceNews,Left-wing,Right-wing,0,267,2,0.0,0.0,0.6487399935722351,0.532700777053833
ViceNews,Left-wing,Right-wing,0,241,2,1.0,-0.0,0.6316258907318115,0.33913782238960266
ViceNews,Left-wing,Right-wing,0,153,2,0.0,0.0,0.45764198899269104,0.1170387864112854
ViceNews,Left-wing,Right-wing,0,244,2,0.0,0.0,0.8715389966964722,0.8106454014778137
ViceNews,Left-wing,Right-wing,0,147,0,1.0,-0.0,0.5336436629295349,0.18164491653442383
ViceNews,Left-wing,Right-wing,0,213,6,1.0,-0.0,0.7094839811325073,0.5492740273475647
ViceNews,Left-wing,Right-wing,0,229,3,0.0,0.0,0.825438916683197,0.7126772403717041
ViceNews,Left-wing,Ukrainian,0,219,2,0.0,0.0,0.6841285824775696,0.5784287452697754
ViceNews,Left-wing,Ukrainian,0,165,1,0.0,0.0,0.4313472807407379,0.12245717644691467
ViceNews,Left-wing,Left-wing,1,202,0,0.0,0.0,0.40213292837142944,0.05369892716407776
ViceNews,Left-wing,Left-wing,1,154,2,0.0,0.0,0.504789412021637,0.09415653347969055
ViceNews,Left-wing,Left-wing,1,231,0,1.0,-0.0,0.6075035929679871,0.22471529245376587
ViceNews,Left-wing,Russian,0,183,1,0.0,0.0,0.5473344326019287,0.34949690103530884
ViceNews,Left-wing,Zionist,0,60,0,0.0,0.0,0.4825705587863922,0.1123356819152832
ViceNews,Left-wing,Right-wing,0,229,1,1.0,-0.0,0.7906135320663452,0.6364241242408752
ViceNews,Left-wing,Ukrainian,0,262,5,0.0,0.0,0.7111330628395081,0.4832032322883606
ViceNews,Left-wing,Right-wing,0,161,0,0.0,0.0,0.9441930651664734,0.8924908638000488
ViceNews,Left-wing,Right-wing,0,263,3,1.0,-0.0,0.7556908130645752,0.5277608036994934
ViceNews,Left-wing,Left-wing,1,173,3,1.0,-0.0,0.3631116449832916,0.04457247257232666
ViceNews,Left-wing,Ukrainian,0,273,6,0.0,0.0,0.5100958347320557,0.22244685888290405
ViceNews,Left-wing,Right-wing,0,150,1,1.0,-0.0,0.6272091865539551,0.2824387550354004
ViceNews,Left-wing,Right-wing,0,286,6,0.0,0.0,0.9268657565116882,0.900845468044281
ViceNews,Left-wing,Right-wing,0,301,2,0.0,0.0,0.4847801625728607,0.06812623143196106
ViceNews,Left-wing,Western,0,173,1,0.0,0.0,0.7752189636230469,0.639006495475769
ViceNews,Left-wing,Left-wing,1,295,5,0.0,0.0,0.6564613580703735,0.4845713973045349
ViceNews,Left-wing,Left-wing,1,204,2,0.0,0.0,0.36749589443206787,0.026794910430908203
ViceNews,Left-wing,Right-wing,0,197,6,1.0,-0.0,0.6419511437416077,0.4850328862667084
ViceNews,Left-wing,Right-wing,0,252,2,0.0,0.0,0.7053759694099426,0.5543903112411499
ViceNews,Left-wing,Right-wing,0,263,2,0.0,0.0,0.4452687203884125,0.12946900725364685
ViceNews,Left-wing,Western,0,236,0,0.0,0.0,0.31145623326301575,0.013184577226638794
ViceNews,Left-wing,Right-wing,0,232,4,1.0,-0.0,0.5030117034912109,0.10890278220176697
ViceNews,Left-wing,Zionist,0,17,1,0.0,0.0,0.8575006127357483,0.8084248900413513
ViceNews,Left-wing,Right-wing,0,242,1,0.0,0.0,0.38174206018447876,0.10642185807228088
ViceNews,Left-wing,Right-wing,0,260,3,1.0,-0.0,0.8762276768684387,0.8101943135261536
ViceNews,Left-wing,Right-wing,0,279,1,0.0,0.0,0.2392539232969284,0.02559053897857666
ViceNews,Left-wing,Left-wing,1,86,1,0.0,0.0,0.4234152138233185,0.105261892080307
ViceNews,Left-wing,Left-wing,1,202,3,0.0,0.0,0.5829734206199646,0.30049607157707214
ViceNews,Left-wing,Right-wing,0,130,2,0.0,0.0,0.7334666848182678,0.5707936882972717
ViceNews,Left-wing,Russian,0,240,2,0.0,0.0,0.7639288306236267,0.6773422956466675
ViceNews,Left-wing,Right-wing,0,162,1,1.0,-0.0,0.6196420192718506,0.4417056441307068
ViceNews,Left-wing,Left-wing,1,199,2,1.0,-0.0,0.33230137825012207,0.0021727383136749268
ViceNews,Left-wing,Right-wing,0,179,0,0.0,0.0,0.5470044016838074,0.19264355301856995
ViceNews,Left-wing,Right-wing,0,116,1,0.0,0.0,0.636478066444397,0.3889419734477997
ViceNews,Left-wing,Left-wing,1,168,0,1.0,-0.0,0.37936902046203613,0.009534984827041626
ViceNews,Left-wing,Right-wing,0,203,1,1.0,-0.0,0.8924134373664856,0.8417214155197144
ViceNews,Left-wing,Russian,0,198,3,1.0,-0.0,0.8909202814102173,0.8310614824295044
ViceNews,Left-wing,Western,0,170,3,0.0,0.0,0.54172283411026,0.24173638224601746
ViceNews,Left-wing,Right-wing,0,140,2,1.0,-0.0,0.6435576677322388,0.4732372462749481
ViceNews,Left-wing,Right-wing,0,250,2,1.0,-0.0,0.7265061736106873,0.5533548593521118
ViceNews,Left-wing,Left-wing,1,166,2,0.0,0.0,0.37300559878349304,0.03204458951950073
ViceNews,Left-wing,Russian,0,289,0,0.8140527009963989,0.4802928566932678,0.4770122766494751,0.044033944606781006
ViceNews,Left-wing,Western,0,294,2,0.0,0.0,0.48284175992012024,0.2426327019929886
ViceNews,Left-wing,Ukrainian,0,302,4,1.0,-0.0,0.4976491630077362,0.3110276758670807
ViceNews,Left-wing,Right-wing,0,252,2,0.0,0.0,0.5653790235519409,0.37305009365081787
ViceNews,Left-wing,Right-wing,0,291,1,1.0,-0.0,0.9651597738265991,0.9358536005020142
ViceNews,Left-wing,Right-wing,0,266,2,1.0,-0.0,0.30918633937835693,0.08399580419063568
ViceNews,Left-wing,Right-wing,0,243,3,0.0,0.0,0.3365824520587921,0.13897602260112762
ViceNews,Left-wing,Right-wing,0,292,3,1.0,-0.0,0.6703999638557434,0.3903202414512634
ViceNews,Left-wing,Right-wing,0,187,4,1.0,-0.0,0.9725443124771118,0.947317361831665
ViceNews,Left-wing,Ukrainian,0,206,2,0.0,0.0,0.4948882460594177,0.3185274004936218
ViceNews,Left-wing,Right-wing,0,132,2,1.0,-0.0,0.7120184898376465,0.5580404996871948
ViceNews,Left-wing,Right-wing,0,236,1,0.0,0.0,0.809759795665741,0.6761937737464905
ViceNews,Left-wing,Left-wing,1,214,0,1.0,-0.0,0.45297864079475403,0.037712931632995605
ViceNews,Left-wing,Left-wing,1,318,1,0.9441450238227844,0.215406596660614,0.3928997218608856,0.03969213366508484
ViceNews,Left-wing,Russian,0,46,0,0.0,0.0,0.8729507327079773,0.7677075862884521
ViceNews,Left-wing,Right-wing,0,275,3,0.3833654224872589,1.0930883884429932,0.7574867010116577,0.6377382278442383
ViceNews,Left-wing,Zionist,0,152,2,0.0,0.0,0.7621740698814392,0.667111337184906
ViceNews,Left-wing,Resistance,0,299,3,0.0,0.0,0.5996128916740417,0.3349745273590088
ViceNews,Left-wing,Right-wing,0,132,3,0.0,0.0,0.7807695865631104,0.5827634334564209
ViceNews,Left-wing,Ukrainian,0,217,4,0.0,0.0,0.6565355062484741,0.4207231402397156
ViceNews,Left-wing,Left-wing,1,190,2,0.0,0.0,0.4251006841659546,0.131209135055542
ViceNews,Left-wing,Zionist,0,138,1,0.7917683720588684,0.5116042494773865,0.5881699323654175,0.34990251064300537
ViceNews,Left-wing,Right-wing,0,179,1,1.0,-0.0,0.89479660987854,0.7913979887962341
ViceNews,Left-wing,Right-wing,0,149,2,1.0,-0.0,0.4751439094543457,0.14781919121742249
ViceNews,Left-wing,Right-wing,0,278,1,0.7318853139877319,0.8755189776420593,0.3406788110733032,0.11774884164333344
ViceNews,Left-wing,Western,0,124,2,0.0,0.0,0.439967542886734,0.22849002480506897
ViceNews,Left-wing,Zionist,0,149,4,0.0,0.0,0.4034397304058075,0.12175610661506653
ViceNews,Left-wing,Right-wing,0,219,2,0.0,0.0,0.5349875688552856,0.2481645941734314
ViceNews,Left-wing,Right-wing,0,218,5,1.0,-0.0,0.9637721180915833,0.9325704574584961
ViceNews,Left-wing,Zionist,0,182,3,0.0,0.0,0.46071892976760864,0.07516780495643616
ViceNews,Left-wing,Zionist,0,191,2,0.0,0.0,0.25803256034851074,0.01818937063217163
ViceNews,Left-wing,Right-wing,0,201,0,0.0,0.0,0.5472555756568909,0.18859755992889404
ViceNews,Left-wing,Russian,0,107,1,0.0,0.0,0.5956169366836548,0.3757060766220093
ViceNews,Left-wing,Right-wing,0,113,1,0.0,0.0,0.7376660108566284,0.5442644357681274
ViceNews,Left-wing,Ukrainian,0,260,0,0.0,0.0,0.3007005751132965,0.042682141065597534
ViceNews,Left-wing,Right-wing,0,114,0,0.0,0.0,0.7190291881561279,0.5462524890899658
ViceNews,Left-wing,Left-wing,1,198,4,0.0,0.0,0.3986595571041107,0.10906672477722168
ViceNews,Left-wing,Right-wing,0,224,0,0.0,0.0,0.5545632243156433,0.18325486779212952
ViceNews,Left-wing,Left-wing,1,186,3,0.9118559956550598,0.2982226014137268,0.6824905872344971,0.4084315001964569
ViceNews,Left-wing,Right-wing,0,190,1,0.0,0.0,0.62216717004776,0.27977755665779114
ViceNews,Left-wing,Western,0,302,2,0.0,0.0,0.7510053515434265,0.6664945483207703
ViceNews,Left-wing,Western,0,234,2,0.0,0.0,0.439523845911026,0.2848026156425476
ViceNews,Left-wing,Zionist,0,215,1,1.0,-0.0,0.4225110411643982,0.21498921513557434
ViceNews,Left-wing,Right-wing,0,319,2,0.0,0.0,0.3872360587120056,0.038098037242889404
ViceNews,Left-wing,Left-wing,1,300,3,1.0,-0.0,0.6636799573898315,0.3688616156578064
ViceNews,Left-wing,Zionist,0,172,0,0.0,0.0,0.32277265191078186,0.09212075173854828
ViceNews,Left-wing,Western,0,273,2,0.5179803371429443,0.6925004720687866,0.3952420651912689,0.056740909814834595
ViceNews,Left-wing,Right-wing,0,274,2,1.0,-0.0,0.9279845356941223,0.8847329616546631
ViceNews,Left-wing,Left-wing,1,298,5,0.0,0.0,0.5916270017623901,0.3683817982673645
ViceNews,Left-wing,Left-wing,1,138,1,0.0,0.0,0.5954529643058777,0.29927343130111694
ViceNews,Left-wing,Zionist,0,230,2,0.0,0.0,0.5289304852485657,0.3717472553253174
ViceNews,Left-wing,Ukrainian,0,301,4,1.0,-0.0,0.46781569719314575,0.28319329023361206
ViceNews,Left-wing,Left-wing,1,249,1,1.0,-0.0,0.44166478514671326,0.0676051676273346
ViceNews,Left-wing,Right-wing,0,61,2,0.0,0.0,0.8541730642318726,0.7163423299789429
ViceNews,Left-wing,Left-wing,1,236,2,0.0,0.0,0.5287268161773682,0.3267058730125427
ViceNews,Left-wing,Right-wing,0,88,1,0.0,0.0,0.3276674449443817,0.059537649154663086
ViceNews,Left-wing,Left-wing,1,213,0,0.0,0.0,0.4686557948589325,0.28951403498649597
ViceNews,Left-wing,Western,0,166,1,0.0,0.0,0.818750262260437,0.6766579151153564
ViceNews,Left-wing,Right-wing,0,189,4,0.0,0.0,0.5729215145111084,0.4138000011444092
ViceNews,Left-wing,Left-wing,1,148,2,0.0,0.0,0.6313872933387756,0.46148383617401123
ViceNews,Left-wing,Right-wing,0,196,1,1.0,-0.0,0.7848467826843262,0.6972866058349609
ViceNews,Left-wing,Left-wing,1,253,1,1.0,-0.0,0.7259244918823242,0.4752754271030426
ViceNews,Left-wing,Left-wing,1,288,1,1.0,-0.0,0.7276239991188049,0.48893460631370544
ViceNews,Left-wing,Right-wing,0,169,3,0.0,0.0,0.536742627620697,0.21625471115112305
ViceNews,Left-wing,Ukrainian,0,276,1,1.0,-0.0,0.32249826192855835,0.027621448040008545
ViceNews,Left-wing,Russian,0,293,6,0.0,0.0,0.6531022787094116,0.5029282569885254
ViceNews,Left-wing,Right-wing,0,281,3,1.0,-0.0,0.7439172863960266,0.5300524234771729
ViceNews,Left-wing,Resistance,0,263,0,0.0,0.0,0.5457342863082886,0.16304850578308105
ViceNews,Left-wing,Zionist,0,171,3,0.0,0.0,0.8999839425086975,0.8690186738967896
ViceNews,Left-wing,Right-wing,0,275,2,0.0,0.0,0.8832963705062866,0.8197026252746582
ViceNews,Left-wing,Left-wing,1,215,5,1.0,-0.0,0.8243594169616699,0.6517171859741211
ViceNews,Left-wing,Resistance,0,127,2,1.0,-0.0,0.45965075492858887,0.21852146089076996
ViceNews,Left-wing,Right-wing,0,277,7,0.0,0.0,0.8886176943778992,0.7925223112106323
ViceNews,Left-wing,Zionist,0,200,1,1.0,-0.0,0.3687296211719513,0.010143250226974487
ViceNews,Left-wing,Left-wing,1,296,5,0.0,0.0,0.3076094686985016,0.06903038918972015
ViceNews,Left-wing,Right-wing,0,189,0,0.0,0.0,0.5435017347335815,0.1376171112060547
ViceNews,Left-wing,Right-wing,0,191,2,1.0,-0.0,0.913418173789978,0.8750395774841309
ViceNews,Left-wing,Russian,0,114,2,0.0,0.0,0.40533700585365295,0.13725852966308594
ViceNews,Left-wing,Right-wing,0,270,2,1.0,-0.0,0.9773827195167542,0.9612802863121033
ViceNews,Left-wing,Russian,0,242,3,0.0,0.0,0.6398345232009888,0.38092026114463806
ViceNews,Left-wing,Right-wing,0,291,4,1.0,-0.0,0.7064249515533447,0.5499194860458374
