author,true_label,pred_label,confidence,margin,correct
@MiddleEastEye_TG,6,0,0.548819,0.100004,0
@MiddleEastEye_TG,6,3,0.577864,0.210310,0
@MiddleEastEye_TG,6,0,0.906383,0.857491,0
@MiddleEastEye_TG,6,1,0.674133,0.399028,0
@MiddleEastEye_TG,6,3,0.374282,0.018397,0
@MiddleEastEye_TG,6,1,0.737821,0.602512,0
@MiddleEastEye_TG,6,5,0.531163,0.308799,0
@MiddleEastEye_TG,6,2,0.368689,0.131774,0
@MiddleEastEye_TG,6,1,0.896053,0.852563,0
@MiddleEastEye_TG,6,4,0.453109,0.214560,0
@MiddleEastEye_TG,6,0,0.903827,0.829413,0
@MiddleEastEye_TG,6,0,0.878584,0.757824,0
@MiddleEastEye_TG,6,3,0.425333,0.049671,0
@MiddleEastEye_TG,6,0,0.707729,0.456745,0
@MiddleEastEye_TG,6,1,0.895833,0.845157,0
@MiddleEastEye_TG,6,3,0.446053,0.237905,0
@MiddleEastEye_TG,6,0,0.594831,0.201026,0
@MiddleEastEye_TG,6,1,0.661136,0.465273,0
@MiddleEastEye_TG,6,0,0.654036,0.488023,0
@MiddleEastEye_TG,6,1,0.496329,0.187665,0
@MiddleEastEye_TG,6,1,0.797160,0.666000,0
@MiddleEastEye_TG,6,0,0.706258,0.589235,0
@MiddleEastEye_TG,6,0,0.807732,0.632036,0
@MiddleEastEye_TG,6,1,0.888368,0.794942,0
@MiddleEastEye_TG,6,6,0.948277,0.905750,1
@MiddleEastEye_TG,6,1,0.531586,0.083575,0
@MiddleEastEye_TG,6,1,0.290153,0.042787,0
@MiddleEastEye_TG,6,3,0.753646,0.608519,0
@MiddleEastEye_TG,6,1,0.618973,0.288807,0
@MiddleEastEye_TG,6,0,0.982176,0.972781,0
@MiddleEastEye_TG,6,2,0.610469,0.355327,0
@MiddleEastEye_TG,6,0,0.464072,0.255420,0
@MiddleEastEye_TG,6,1,0.399418,0.049685,0
@MiddleEastEye_TG,6,1,0.855662,0.739408,0
@MiddleEastEye_TG,6,1,0.876866,0.825595,0
@MiddleEastEye_TG,6,5,0.515718,0.341610,0
@MiddleEastEye_TG,6,0,0.531819,0.117384,0
@MiddleEastEye_TG,6,1,0.747266,0.643933,0
@MiddleEastEye_TG,6,1,0.637906,0.400063,0
@MiddleEastEye_TG,6,5,0.638956,0.418952,0
@MiddleEastEye_TG,6,0,0.840192,0.721406,0
@MiddleEastEye_TG,6,5,0.910076,0.829859,0
@MiddleEastEye_TG,6,1,0.309618,0.081184,0
@MiddleEastEye_TG,6,5,0.625895,0.340619,0
@MiddleEastEye_TG,6,1,0.543485,0.330761,0
@MiddleEastEye_TG,6,0,0.344244,0.118956,0
@MiddleEastEye_TG,6,0,0.410183,0.158175,0
@MiddleEastEye_TG,6,0,0.915076,0.889673,0
@MiddleEastEye_TG,6,1,0.679827,0.445254,0
@MiddleEastEye_TG,6,1,0.744258,0.629055,0
@MiddleEastEye_TG,6,0,0.481103,0.145651,0
@MiddleEastEye_TG,6,0,0.621172,0.433732,0
@MiddleEastEye_TG,6,1,0.486046,0.223304,0
@MiddleEastEye_TG,6,0,0.891343,0.812407,0
@MiddleEastEye_TG,6,0,0.769410,0.579219,0
@MiddleEastEye_TG,6,4,0.557504,0.426077,0
@MiddleEastEye_TG,6,0,0.777729,0.650008,0
@MiddleEastEye_TG,6,0,0.741966,0.511197,0
@MiddleEastEye_TG,6,0,0.657657,0.425685,0
@MiddleEastEye_TG,6,1,0.601455,0.254648,0
@MiddleEastEye_TG,6,1,0.743278,0.633794,0
@MiddleEastEye_TG,6,0,0.833536,0.745228,0
@MiddleEastEye_TG,6,0,0.422454,0.197036,0
@MiddleEastEye_TG,6,0,0.858668,0.720074,0
@MiddleEastEye_TG,6,0,0.491798,0.013361,0
@MiddleEastEye_TG,6,6,0.276309,0.071353,1
@MiddleEastEye_TG,6,5,0.363644,0.039632,0
@MiddleEastEye_TG,6,0,0.962783,0.941716,0
@MiddleEastEye_TG,6,1,0.353494,0.024078,0
@MiddleEastEye_TG,6,5,0.608475,0.292606,0
@MiddleEastEye_TG,6,1,0.636263,0.285856,0
@MiddleEastEye_TG,6,0,0.973666,0.951768,0
@MiddleEastEye_TG,6,1,0.956992,0.942186,0
@MiddleEastEye_TG,6,0,0.946062,0.896528,0
@MiddleEastEye_TG,6,1,0.570263,0.377354,0
@MiddleEastEye_TG,6,5,0.580687,0.428299,0
@MiddleEastEye_TG,6,1,0.464396,0.001240,0
@MiddleEastEye_TG,6,1,0.746998,0.665523,0
@MiddleEastEye_TG,6,1,0.497264,0.012596,0
@MiddleEastEye_TG,6,1,0.961674,0.945110,0
@MiddleEastEye_TG,6,2,0.977126,0.958710,0
@MiddleEastEye_TG,6,0,0.774884,0.602319,0
@MiddleEastEye_TG,6,0,0.928133,0.856898,0
@MiddleEastEye_TG,6,5,0.807256,0.735143,0
@MiddleEastEye_TG,6,3,0.480793,0.127058,0
@MiddleEastEye_TG,6,1,0.292482,0.072055,0
@MiddleEastEye_TG,6,0,0.540034,0.213409,0
@MiddleEastEye_TG,6,6,0.506347,0.280250,1
@MiddleEastEye_TG,6,5,0.224167,0.017929,0
@MiddleEastEye_TG,6,0,0.688289,0.436046,0
@MiddleEastEye_TG,6,1,0.544415,0.112413,0
@MiddleEastEye_TG,6,1,0.903349,0.833261,0
@MiddleEastEye_TG,6,5,0.438962,0.016113,0
@MiddleEastEye_TG,6,1,0.398399,0.093634,0
@MiddleEastEye_TG,6,0,0.427371,0.206787,0
@MiddleEastEye_TG,6,5,0.396929,0.087930,0
@MiddleEastEye_TG,6,5,0.842135,0.764566,0
@MiddleEastEye_TG,6,0,0.919548,0.876377,0
@MiddleEastEye_TG,6,5,0.525401,0.289162,0
@MiddleEastEye_TG,6,1,0.676231,0.603619,0
@MiddleEastEye_TG,6,1,0.281236,0.038015,0
@MiddleEastEye_TG,6,1,0.965007,0.934901,0
@MiddleEastEye_TG,6,1,0.706643,0.460859,0
@MiddleEastEye_TG,6,1,0.819084,0.726761,0
@MiddleEastEye_TG,6,5,0.492386,0.083961,0
@MiddleEastEye_TG,6,0,0.917962,0.875571,0
@MiddleEastEye_TG,6,0,0.911078,0.822655,0
@MiddleEastEye_TG,6,6,0.542085,0.171827,1
@MiddleEastEye_TG,6,1,0.508035,0.193028,0
@MiddleEastEye_TG,6,1,0.528401,0.310166,0
@MiddleEastEye_TG,6,1,0.684876,0.382019,0
@MiddleEastEye_TG,6,1,0.610835,0.404541,0
@MiddleEastEye_TG,6,3,0.387377,0.021140,0
@MiddleEastEye_TG,6,0,0.752335,0.597386,0
@MiddleEastEye_TG,6,5,0.445198,0.256368,0
@MiddleEastEye_TG,6,5,0.427533,0.203907,0
@MiddleEastEye_TG,6,0,0.575079,0.365551,0
@MiddleEastEye_TG,6,0,0.835184,0.678319,0
@MiddleEastEye_TG,6,1,0.650329,0.392654,0
@MiddleEastEye_TG,6,1,0.473194,0.105246,0
@MiddleEastEye_TG,6,0,0.966831,0.938960,0
@MiddleEastEye_TG,6,0,0.550429,0.170880,0
@MiddleEastEye_TG,6,2,0.341422,0.175249,0
@MiddleEastEye_TG,6,5,0.360314,0.065167,0
@MiddleEastEye_TG,6,0,0.903838,0.861978,0
@MiddleEastEye_TG,6,1,0.763299,0.602186,0
@MiddleEastEye_TG,6,0,0.980168,0.964602,0
@MiddleEastEye_TG,6,0,0.560680,0.351593,0
@MiddleEastEye_TG,6,1,0.377582,0.053956,0
@MiddleEastEye_TG,6,2,0.320398,0.042619,0
@MiddleEastEye_TG,6,5,0.314149,0.016427,0
@MiddleEastEye_TG,6,0,0.595427,0.443885,0
@MiddleEastEye_TG,6,5,0.521881,0.349227,0
@MiddleEastEye_TG,6,0,0.936103,0.889431,0
@MiddleEastEye_TG,6,0,0.404356,0.086378,0
@MiddleEastEye_TG,6,5,0.362394,0.079077,0
@MiddleEastEye_TG,6,0,0.534966,0.354690,0
@MiddleEastEye_TG,6,0,0.978702,0.962419,0
@MiddleEastEye_TG,6,1,0.827909,0.745783,0
@MiddleEastEye_TG,6,0,0.910164,0.821500,0
@MiddleEastEye_TG,6,1,0.764856,0.588169,0
@MiddleEastEye_TG,6,0,0.532345,0.351585,0
@MiddleEastEye_TG,6,0,0.436544,0.181604,0
@MiddleEastEye_TG,6,0,0.979844,0.966100,0
@MiddleEastEye_TG,6,5,0.858700,0.764950,0
@MiddleEastEye_TG,6,0,0.384628,0.016656,0
@MiddleEastEye_TG,6,1,0.696647,0.559837,0
@MiddleEastEye_TG,6,0,0.552603,0.266701,0
@MiddleEastEye_TG,6,3,0.330630,0.019447,0
@MiddleEastEye_TG,6,0,0.889951,0.782378,0
@MiddleEastEye_TG,6,1,0.897404,0.863017,0
@MiddleEastEye_TG,6,1,0.518718,0.268954,0
@MiddleEastEye_TG,6,1,0.583844,0.178901,0
@MiddleEastEye_TG,6,1,0.670325,0.497997,0
@MiddleEastEye_TG,6,0,0.669967,0.375781,0
@MiddleEastEye_TG,6,3,0.594429,0.382384,0
@MiddleEastEye_TG,6,1,0.703918,0.499583,0
@MiddleEastEye_TG,6,2,0.431831,0.194271,0
@MiddleEastEye_TG,6,5,0.876377,0.804224,0
@MiddleEastEye_TG,6,1,0.720732,0.534425,0
@MiddleEastEye_TG,6,1,0.899583,0.849146,0
@MiddleEastEye_TG,6,5,0.612247,0.371240,0
@MiddleEastEye_TG,6,0,0.672744,0.555232,0
@MiddleEastEye_TG,6,1,0.502442,0.270481,0
@MiddleEastEye_TG,6,1,0.789066,0.666298,0
@MiddleEastEye_TG,6,0,0.738805,0.615353,0
@MiddleEastEye_TG,6,1,0.769528,0.567458,0
@MiddleEastEye_TG,6,6,0.665752,0.538893,1
@MiddleEastEye_TG,6,5,0.411080,0.046648,0
@MiddleEastEye_TG,6,1,0.570449,0.276986,0
@MiddleEastEye_TG,6,0,0.969463,0.939140,0
@MiddleEastEye_TG,6,6,0.895115,0.847699,1
@MiddleEastEye_TG,6,0,0.510938,0.025261,0
@MiddleEastEye_TG,6,0,0.342193,0.026494,0
@MiddleEastEye_TG,6,1,0.298785,0.025737,0
@MiddleEastEye_TG,6,0,0.705263,0.591435,0
@MiddleEastEye_TG,6,5,0.418276,0.229689,0
@MiddleEastEye_TG,6,3,0.552393,0.321537,0
@MiddleEastEye_TG,6,0,0.256224,0.075810,0
@MiddleEastEye_TG,6,1,0.361908,0.125178,0
@MiddleEastEye_TG,6,1,0.415084,0.181346,0
@MiddleEastEye_TG,6,1,0.970956,0.957565,0
@MiddleEastEye_TG,6,5,0.472478,0.078366,0
@MiddleEastEye_TG,6,0,0.954861,0.917853,0
@MiddleEastEye_TG,6,0,0.633617,0.294841,0
@MiddleEastEye_TG,6,1,0.929637,0.903334,0
@MiddleEastEye_TG,6,0,0.866299,0.735566,0
@MiddleEastEye_TG,6,1,0.772677,0.667763,0
@MiddleEastEye_TG,6,0,0.693383,0.601200,0
@MiddleEastEye_TG,6,0,0.772236,0.665776,0
@MiddleEastEye_TG,6,1,0.485321,0.147645,0
@MiddleEastEye_TG,6,0,0.612096,0.244573,0
@MiddleEastEye_TG,6,1,0.653692,0.450340,0
@MiddleEastEye_TG,6,0,0.746106,0.562582,0
@MiddleEastEye_TG,6,0,0.389282,0.021562,0
@MiddleEastEye_TG,6,1,0.587657,0.413225,0
@MiddleEastEye_TG,6,0,0.842264,0.768676,0
@MiddleEastEye_TG,6,1,0.456438,0.136095,0
@MiddleEastEye_TG,6,1,0.754705,0.674580,0
@MiddleEastEye_TG,6,0,0.506814,0.116023,0
AlJazeeraEnglish,1,4,0.556689,0.136901,0
AlJazeeraEnglish,1,1,0.680698,0.414173,1
AlJazeeraEnglish,1,6,0.493181,0.205781,0
AlJazeeraEnglish,1,0,0.860133,0.776048,0
AlJazeeraEnglish,1,0,0.523440,0.048321,0
AlJazeeraEnglish,1,5,0.698479,0.546865,0
AlJazeeraEnglish,1,3,0.860603,0.778912,0
AlJazeeraEnglish,1,3,0.385463,0.045033,0
AlJazeeraEnglish,1,0,0.519713,0.286879,0
AlJazeeraEnglish,1,5,0.351971,0.001206,0
AlJazeeraEnglish,1,6,0.603373,0.340806,0
AlJazeeraEnglish,1,1,0.324191,0.051824,1
AlJazeeraEnglish,1,6,0.373066,0.122286,0
AlJazeeraEnglish,1,4,0.441221,0.252275,0
AlJazeeraEnglish,1,0,0.687778,0.423630,0
AlJazeeraEnglish,1,1,0.889486,0.828499,1
AlJazeeraEnglish,1,0,0.546136,0.289024,0
AlJazeeraEnglish,1,5,0.949568,0.929573,0
AlJazeeraEnglish,1,1,0.396314,0.011776,1
AlJazeeraEnglish,1,1,0.487833,0.096554,1
AlJazeeraEnglish,1,1,0.877431,0.832855,1
AlJazeeraEnglish,1,5,0.596603,0.461063,0
AlJazeeraEnglish,1,0,0.702181,0.536067,0
AlJazeeraEnglish,1,3,0.661151,0.474947,0
AlJazeeraEnglish,1,6,0.553216,0.273749,0
AlJazeeraEnglish,1,6,0.907684,0.854789,0
AlJazeeraEnglish,1,0,0.506830,0.183551,0
AlJazeeraEnglish,1,1,0.714723,0.558975,1
AlJazeeraEnglish,1,1,0.265248,0.016770,1
AlJazeeraEnglish,1,2,0.277071,0.023232,0
AlJazeeraEnglish,1,6,0.696084,0.563962,0
AlJazeeraEnglish,1,1,0.830718,0.705046,1
AlJazeeraEnglish,1,3,0.912445,0.870897,0
AlJazeeraEnglish,1,5,0.710118,0.564156,0
AlJazeeraEnglish,1,5,0.344726,0.023103,0
AlJazeeraEnglish,1,5,0.531152,0.292954,0
AlJazeeraEnglish,1,3,0.886880,0.812502,0
AlJazeeraEnglish,1,0,0.716618,0.540366,0
AlJazeeraEnglish,1,3,0.627687,0.386774,0
AlJazeeraEnglish,1,4,0.924377,0.896146,0
AlJazeeraEnglish,1,1,0.594415,0.367299,1
AlJazeeraEnglish,1,0,0.604717,0.367597,0
AlJazeeraEnglish,1,6,0.470172,0.137917,0
AlJazeeraEnglish,1,1,0.498314,0.239331,1
AlJazeeraEnglish,1,1,0.645104,0.447465,1
AlJazeeraEnglish,1,2,0.632831,0.444953,0
AlJazeeraEnglish,1,5,0.401360,0.068799,0
AlJazeeraEnglish,1,4,0.397451,0.097302,0
AlJazeeraEnglish,1,1,0.967382,0.937230,1
AlJazeeraEnglish,1,3,0.381010,0.119247,0
AlJazeeraEnglish,1,5,0.439444,0.142959,0
AlJazeeraEnglish,1,6,0.717699,0.606892,0
AlJazeeraEnglish,1,6,0.542501,0.323491,0
AlJazeeraEnglish,1,1,0.735040,0.537292,1
AlJazeeraEnglish,1,4,0.385036,0.046915,0
AlJazeeraEnglish,1,1,0.952739,0.923313,1
AlJazeeraEnglish,1,6,0.397035,0.013700,0
AlJazeeraEnglish,1,0,0.465018,0.209497,0
AlJazeeraEnglish,1,3,0.619051,0.302873,0
AlJazeeraEnglish,1,6,0.687975,0.429143,0
AlJazeeraEnglish,1,5,0.442376,0.210899,0
AlJazeeraEnglish,1,2,0.729809,0.541432,0
AlJazeeraEnglish,1,0,0.539802,0.365267,0
AlJazeeraEnglish,1,0,0.441639,0.240290,0
AlJazeeraEnglish,1,0,0.306906,0.019713,0
AlJazeeraEnglish,1,6,0.445666,0.194373,0
AlJazeeraEnglish,1,1,0.624508,0.364202,1
AlJazeeraEnglish,1,1,0.787294,0.628977,1
AlJazeeraEnglish,1,1,0.880658,0.812694,1
AlJazeeraEnglish,1,1,0.398857,0.137511,1
AlJazeeraEnglish,1,2,0.585580,0.234238,0
AlJazeeraEnglish,1,0,0.703735,0.495970,0
AlJazeeraEnglish,1,5,0.879981,0.791535,0
AlJazeeraEnglish,1,5,0.757658,0.651503,0
AlJazeeraEnglish,1,3,0.509263,0.066345,0
AlJazeeraEnglish,1,3,0.943727,0.909758,0
AlJazeeraEnglish,1,2,0.475858,0.207574,0
AlJazeeraEnglish,1,3,0.681742,0.404215,0
AlJazeeraEnglish,1,0,0.410800,0.089635,0
AlJazeeraEnglish,1,5,0.467360,0.086920,0
AlJazeeraEnglish,1,1,0.847098,0.798237,1
AlJazeeraEnglish,1,1,0.987153,0.980098,1
AlJazeeraEnglish,1,5,0.755401,0.631253,0
AlJazeeraEnglish,1,5,0.895767,0.816671,0
AlJazeeraEnglish,1,6,0.446665,0.153932,0
AlJazeeraEnglish,1,0,0.531630,0.332182,0
AlJazeeraEnglish,1,0,0.740250,0.598208,0
AlJazeeraEnglish,1,1,0.740093,0.521165,1
AlJazeeraEnglish,1,1,0.929439,0.875472,1
AlJazeeraEnglish,1,4,0.492943,0.238650,0
AlJazeeraEnglish,1,0,0.811823,0.669278,0
AlJazeeraEnglish,1,0,0.567554,0.406025,0
AlJazeeraEnglish,1,1,0.530982,0.384675,1
AlJazeeraEnglish,1,0,0.983550,0.977027,0
AlJazeeraEnglish,1,0,0.442116,0.124132,0
AlJazeeraEnglish,1,0,0.386259,0.040401,0
AlJazeeraEnglish,1,0,0.439070,0.183469,0
AlJazeeraEnglish,1,2,0.347651,0.054897,0
AlJazeeraEnglish,1,1,0.530639,0.176641,1
AlJazeeraEnglish,1,5,0.521017,0.349131,0
AlJazeeraEnglish,1,1,0.750971,0.608050,1
AlJazeeraEnglish,1,1,0.756206,0.540075,1
AlJazeeraEnglish,1,0,0.542835,0.285572,0
AlJazeeraEnglish,1,4,0.815427,0.646219,0
AlJazeeraEnglish,1,6,0.421991,0.072293,0
AlJazeeraEnglish,1,1,0.799706,0.676427,1
AlJazeeraEnglish,1,1,0.753065,0.603319,1
AlJazeeraEnglish,1,3,0.831476,0.771427,0
AlJazeeraEnglish,1,0,0.566768,0.321106,0
AlJazeeraEnglish,1,0,0.420736,0.063340,0
AlJazeeraEnglish,1,4,0.815664,0.713248,0
AlJazeeraEnglish,1,1,0.379005,0.075679,1
AlJazeeraEnglish,1,1,0.385164,0.130079,1
AlJazeeraEnglish,1,0,0.596217,0.268752,0
AlJazeeraEnglish,1,1,0.580212,0.180397,1
AlJazeeraEnglish,1,3,0.612427,0.340463,0
AlJazeeraEnglish,1,1,0.876790,0.770907,1
AlJazeeraEnglish,1,3,0.624197,0.393201,0
AlJazeeraEnglish,1,1,0.991193,0.983929,1
AlJazeeraEnglish,1,4,0.431455,0.239003,0
AlJazeeraEnglish,1,1,0.498228,0.140709,1
AlJazeeraEnglish,1,5,0.574849,0.278188,0
AlJazeeraEnglish,1,1,0.537237,0.223810,1
AlJazeeraEnglish,1,0,0.868382,0.780285,0
AlJazeeraEnglish,1,1,0.482268,0.051765,1
AlJazeeraEnglish,1,6,0.771552,0.662638,0
AlJazeeraEnglish,1,3,0.473106,0.241737,0
AlJazeeraEnglish,1,4,0.721142,0.455802,0
AlJazeeraEnglish,1,4,0.814260,0.630685,0
AlJazeeraEnglish,1,3,0.436292,0.156001,0
AlJazeeraEnglish,1,2,0.596718,0.318392,0
AlJazeeraEnglish,1,5,0.845476,0.713252,0
AlJazeeraEnglish,1,0,0.705809,0.477065,0
AlJazeeraEnglish,1,2,0.808969,0.685240,0
AlJazeeraEnglish,1,4,0.636750,0.350344,0
AlJazeeraEnglish,1,2,0.574197,0.354006,0
AlJazeeraEnglish,1,3,0.478851,0.167123,0
AlJazeeraEnglish,1,3,0.337606,0.062915,0
AlJazeeraEnglish,1,2,0.886020,0.812928,0
AlJazeeraEnglish,1,0,0.287795,0.047292,0
AlJazeeraEnglish,1,5,0.458415,0.245281,0
AlJazeeraEnglish,1,1,0.304985,0.005256,1
AlJazeeraEnglish,1,0,0.799640,0.661190,0
AlJazeeraEnglish,1,0,0.580993,0.404499,0
AlJazeeraEnglish,1,4,0.362954,0.156546,0
AlJazeeraEnglish,1,1,0.806174,0.744921,1
AlJazeeraEnglish,1,1,0.583958,0.174445,1
AlJazeeraEnglish,1,3,0.522138,0.310251,0
AlJazeeraEnglish,1,5,0.937916,0.910902,0
AlJazeeraEnglish,1,4,0.837888,0.700842,0
AlJazeeraEnglish,1,3,0.607569,0.429760,0
AlJazeeraEnglish,1,5,0.503125,0.271837,0
AlJazeeraEnglish,1,0,0.690966,0.548925,0
AlJazeeraEnglish,1,1,0.471537,0.005603,1
AlJazeeraEnglish,1,1,0.661308,0.348278,1
AlJazeeraEnglish,1,5,0.761226,0.565093,0
AlJazeeraEnglish,1,1,0.922094,0.871512,1
AlJazeeraEnglish,1,5,0.515915,0.328659,0
AlJazeeraEnglish,1,6,0.816793,0.668170,0
AlJazeeraEnglish,1,5,0.665423,0.426640,0
AlJazeeraEnglish,1,1,0.892048,0.828836,1
AlJazeeraEnglish,1,1,0.824934,0.754525,1
AlJazeeraEnglish,1,5,0.528127,0.139419,0
AlJazeeraEnglish,1,5,0.608274,0.320768,0
AlJazeeraEnglish,1,3,0.962805,0.938660,0
AlJazeeraEnglish,1,0,0.843705,0.787543,0
AlJazeeraEnglish,1,6,0.439840,0.131931,0
AlJazeeraEnglish,1,0,0.779388,0.632798,0
AlJazeeraEnglish,1,1,0.523497,0.293108,1
AlJazeeraEnglish,1,2,0.502757,0.369947,0
AlJazeeraEnglish,1,4,0.690446,0.390223,0
AlJazeeraEnglish,1,0,0.572167,0.416077,0
AlJazeeraEnglish,1,0,0.480476,0.141314,0
AlJazeeraEnglish,1,1,0.527307,0.179022,1
AlJazeeraEnglish,1,0,0.448324,0.159216,0
AlJazeeraEnglish,1,1,0.769287,0.638678,1
AlJazeeraEnglish,1,5,0.239741,0.026959,0
AlJazeeraEnglish,1,1,0.534549,0.257218,1
AlJazeeraEnglish,1,0,0.960102,0.939047,0
AlJazeeraEnglish,1,5,0.834984,0.773282,0
AlJazeeraEnglish,1,6,0.523017,0.092005,0
AlJazeeraEnglish,1,5,0.672341,0.566253,0
AlJazeeraEnglish,1,5,0.441697,0.111194,0
AlJazeeraEnglish,1,0,0.793434,0.641982,0
AlJazeeraEnglish,1,0,0.616517,0.290024,0
AlJazeeraEnglish,1,5,0.857214,0.790018,0
AlJazeeraEnglish,1,6,0.356652,0.089529,0
AlJazeeraEnglish,1,3,0.528372,0.306267,0
AlJazeeraEnglish,1,0,0.783466,0.600784,0
AlJazeeraEnglish,1,3,0.752792,0.568383,0
AlJazeeraEnglish,1,1,0.870791,0.823465,1
AlJazeeraEnglish,1,1,0.583958,0.174445,1
AlJazeeraEnglish,1,0,0.497148,0.259904,0
AlJazeeraEnglish,1,4,0.458741,0.100207,0
AlJazeeraEnglish,1,6,0.303412,0.029491,0
AlJazeeraEnglish,1,1,0.385473,0.005641,1
AlJazeeraEnglish,1,0,0.451283,0.111469,0
AlJazeeraEnglish,1,1,0.501951,0.175758,1
AlJazeeraEnglish,1,1,0.420597,0.248934,1
AlJazeeraEnglish,1,1,0.594860,0.366794,1
Babel,4,4,0.876506,0.769719,1
Babel,4,2,0.950767,0.916855,0
Babel,4,4,0.691981,0.391009,1
Babel,4,6,0.534895,0.363677,0
Babel,4,5,0.413448,0.017654,0
Babel,4,4,0.939164,0.896830,1
Babel,4,4,0.923587,0.889014,1
Babel,4,4,0.918012,0.867774,1
Babel,4,4,0.652477,0.366652,1
Babel,4,4,0.799207,0.612115,1
Babel,4,4,0.565065,0.350213,1
Babel,4,4,0.688197,0.417073,1
Babel,4,4,0.783597,0.674482,1
Babel,4,4,0.911718,0.858098,1
Babel,4,3,0.708804,0.428198,0
Babel,4,3,0.563914,0.349951,0
Babel,4,4,0.594330,0.203841,1
Babel,4,0,0.764838,0.587007,0
Babel,4,4,0.939766,0.896397,1
Babel,4,4,0.536252,0.396605,1
Babel,4,4,0.933464,0.902441,1
Babel,4,4,0.630291,0.306430,1
Babel,4,4,0.977045,0.960500,1
Babel,4,6,0.306452,0.000819,0
Babel,4,4,0.938362,0.893793,1
Babel,4,3,0.243287,0.037960,0
Babel,4,3,0.428701,0.140756,0
Babel,4,4,0.967383,0.938901,1
Babel,4,3,0.542575,0.168898,0
Babel,4,4,0.891667,0.802626,1
Babel,4,3,0.973029,0.955728,0
Babel,4,0,0.357822,0.101200,0
Babel,4,4,0.942222,0.891494,1
Babel,4,2,0.694345,0.564710,0
Babel,4,4,0.732456,0.471139,1
Babel,4,2,0.949349,0.925263,0
Babel,4,2,0.910956,0.866094,0
Babel,4,2,0.634735,0.342610,0
Babel,4,4,0.880914,0.778363,1
Babel,4,4,0.627868,0.257735,1
Babel,4,4,0.885327,0.780263,1
Babel,4,3,0.666971,0.346378,0
Babel,4,4,0.450807,0.145716,1
Babel,4,6,0.483764,0.173086,0
Babel,4,6,0.657186,0.567275,0
Babel,4,4,0.838308,0.740264,1
Babel,4,0,0.646263,0.507564,0
Babel,4,4,0.894517,0.811731,1
Babel,4,4,0.676086,0.537483,1
Babel,4,0,0.753496,0.567585,0
Babel,4,6,0.579767,0.169436,0
Babel,4,4,0.554696,0.274957,1
Babel,4,4,0.816063,0.722553,1
Babel,4,4,0.918782,0.885099,1
Babel,4,4,0.834776,0.723689,1
Babel,4,4,0.816576,0.645828,1
Babel,4,4,0.897182,0.837897,1
Babel,4,4,0.738557,0.574504,1
Babel,4,5,0.639902,0.499971,0
Babel,4,4,0.852001,0.792045,1
Babel,4,1,0.704526,0.586450,0
Babel,4,3,0.707676,0.521909,0
Babel,4,4,0.767150,0.554443,1
Babel,4,4,0.675895,0.355538,1
Babel,4,4,0.893049,0.810183,1
Babel,4,2,0.638908,0.429843,0
Babel,4,4,0.958890,0.925061,1
Babel,4,6,0.645280,0.450757,0
Babel,4,4,0.290010,0.033415,1
Babel,4,2,0.733907,0.561224,0
Babel,4,4,0.822473,0.691218,1
Babel,4,4,0.975257,0.961651,1
Babel,4,1,0.474247,0.286573,0
Babel,4,6,0.408547,0.149973,0
Babel,4,4,0.980252,0.972459,1
Babel,4,4,0.723595,0.554219,1
Babel,4,3,0.695944,0.392795,0
Babel,4,0,0.455846,0.129960,0
Babel,4,2,0.771684,0.658336,0
Babel,4,4,0.797735,0.740632,1
Babel,4,4,0.894663,0.839530,1
Babel,4,4,0.888281,0.819310,1
Babel,4,4,0.813116,0.668836,1
Babel,4,2,0.401840,0.240542,0
Babel,4,2,0.550550,0.326962,0
Babel,4,4,0.799959,0.612911,1
Babel,4,3,0.970086,0.940635,0
Babel,4,4,0.749834,0.525922,1
Babel,4,4,0.991603,0.986991,1
Babel,4,4,0.887849,0.799618,1
Babel,4,1,0.409677,0.163130,0
Babel,4,0,0.761763,0.667128,0
Babel,4,4,0.588651,0.375592,1
Babel,4,4,0.581337,0.162796,1
Babel,4,3,0.672054,0.356221,0
Babel,4,0,0.284333,0.013099,0
Babel,4,4,0.376887,0.032527,1
Babel,4,4,0.980650,0.963046,1
Babel,4,4,0.934495,0.888034,1
Babel,4,4,0.922299,0.859977,1
Babel,4,2,0.863326,0.748685,0
Babel,4,6,0.685537,0.516230,0
Babel,4,3,0.715684,0.432389,0
Babel,4,4,0.985744,0.972527,1
Babel,4,1,0.601994,0.363855,0
Babel,4,4,0.795431,0.658957,1
Babel,4,4,0.525841,0.060642,1
Babel,4,4,0.356081,0.126278,1
Babel,4,3,0.988899,0.977996,0
Babel,4,6,0.621860,0.446561,0
Babel,4,4,0.994310,0.989389,1
Babel,4,0,0.446399,0.174249,0
Babel,4,4,0.639177,0.316018,1
Babel,4,4,0.611235,0.332588,1
Babel,4,1,0.487241,0.250160,0
Babel,4,4,0.959518,0.945780,1
Babel,4,2,0.926235,0.890486,0
Babel,4,2,0.743936,0.655113,0
Babel,4,3,0.705113,0.621474,0
Babel,4,4,0.712102,0.436794,1
Babel,4,3,0.950983,0.902286,0
Babel,4,3,0.607222,0.316845,0
Babel,4,3,0.940134,0.901833,0
Babel,4,0,0.946506,0.908635,0
Babel,4,4,0.934899,0.901024,1
Babel,4,4,0.859560,0.750765,1
Babel,4,4,0.962300,0.929046,1
Babel,4,4,0.551583,0.201703,1
Babel,4,4,0.795301,0.692993,1
Babel,4,4,0.472624,0.245237,1
Babel,4,5,0.345160,0.105846,0
Babel,4,3,0.364451,0.065913,0
Babel,4,4,0.551245,0.130767,1
Babel,4,4,0.787055,0.662506,1
Babel,4,4,0.789589,0.594056,1
Babel,4,4,0.646756,0.352024,1
Babel,4,4,0.849522,0.711222,1
Babel,4,4,0.855612,0.720908,1
Babel,4,4,0.285767,0.031943,1
Babel,4,4,0.809955,0.701407,1
Babel,4,3,0.362607,0.098346,0
Babel,4,4,0.876491,0.774983,1
Babel,4,2,0.677510,0.362072,0
Babel,4,3,0.936132,0.872529,0
Babel,4,3,0.560112,0.122209,0
Babel,4,3,0.971407,0.948839,0
Babel,4,0,0.399626,0.189643,0
Babel,4,4,0.736553,0.567031,1
Babel,4,4,0.630623,0.314424,1
Babel,4,3,0.438556,0.073176,0
Babel,4,4,0.755105,0.516093,1
Babel,4,4,0.903655,0.830727,1
Babel,4,4,0.832364,0.741688,1
Babel,4,4,0.941591,0.908468,1
Babel,4,5,0.405852,0.078651,0
Babel,4,4,0.905348,0.839201,1
Babel,4,3,0.795327,0.633626,0
Babel,4,4,0.642659,0.315921,1
Babel,4,4,0.782483,0.662664,1
Babel,4,4,0.857606,0.761812,1
Babel,4,0,0.475607,0.057747,0
Babel,4,4,0.965744,0.945724,1
Babel,4,4,0.506497,0.067322,1
Babel,4,4,0.672434,0.511794,1
Babel,4,4,0.959854,0.939156,1
Babel,4,4,0.985389,0.975144,1
Babel,4,4,0.959418,0.936384,1
Babel,4,4,0.956560,0.924308,1
Babel,4,3,0.872505,0.753050,0
Babel,4,2,0.374610,0.048731,0
Babel,4,4,0.957883,0.918369,1
Babel,4,4,0.881284,0.774379,1
Babel,4,4,0.595553,0.192627,1
Babel,4,2,0.419697,0.169873,0
Babel,4,4,0.502481,0.072187,1
Babel,4,4,0.759334,0.616182,1
Babel,4,3,0.933807,0.868562,0
Babel,4,3,0.533197,0.299546,0
Babel,4,1,0.717452,0.470838,0
Babel,4,4,0.767360,0.620929,1
Babel,4,2,0.724929,0.556800,0
Babel,4,4,0.590800,0.188920,1
Babel,4,5,0.830037,0.762062,0
Babel,4,2,0.719126,0.475382,0
Babel,4,4,0.852340,0.807839,1
Babel,4,4,0.675856,0.429996,1
Babel,4,4,0.961475,0.930498,1
Babel,4,4,0.407598,0.148171,1
Babel,4,3,0.522485,0.183837,0
Babel,4,4,0.874320,0.763534,1
Babel,4,4,0.944516,0.918299,1
Babel,4,3,0.693179,0.473447,0
Babel,4,6,0.389559,0.098839,0
Babel,4,3,0.698794,0.405163,0
Babel,4,4,0.656422,0.343440,1
Babel,4,4,0.934035,0.883825,1
Babel,4,5,0.503095,0.361604,0
Babel,4,4,0.577166,0.157915,1
Babel,4,2,0.449642,0.122526,0
Babel,4,4,0.889302,0.788449,1
Bloomberg,2,6,0.910397,0.828723,0
Bloomberg,2,5,0.886272,0.836830,0
Bloomberg,2,2,0.823207,0.704346,1
Bloomberg,2,6,0.613629,0.393074,0
Bloomberg,2,0,0.591259,0.452967,0
Bloomberg,2,5,0.997310,0.995911,0
Bloomberg,2,5,0.555051,0.340669,0
Bloomberg,2,5,0.886806,0.835967,0
Bloomberg,2,3,0.621399,0.385706,0
Bloomberg,2,5,0.925960,0.887037,0
Bloomberg,2,1,0.434606,0.019773,0
Bloomberg,2,5,0.739454,0.543816,0
Bloomberg,2,1,0.385812,0.003349,0
Bloomberg,2,5,0.919383,0.888410,0
Bloomberg,2,5,0.459623,0.068821,0
Bloomberg,2,5,0.670105,0.408015,0
Bloomberg,2,5,0.834394,0.766096,0
Bloomberg,2,5,0.614437,0.448263,0
Bloomberg,2,5,0.636683,0.353616,0
Bloomberg,2,6,0.427565,0.065348,0
Bloomberg,2,2,0.953702,0.919218,1
Bloomberg,2,5,0.710029,0.527982,0
Bloomberg,2,5,0.893066,0.792103,0
Bloomberg,2,0,0.509251,0.324671,0
Bloomberg,2,0,0.368403,0.143356,0
Bloomberg,2,5,0.781052,0.673416,0
Bloomberg,2,5,0.708461,0.596842,0
Bloomberg,2,5,0.343397,0.049350,0
Bloomberg,2,6,0.532176,0.069661,0
Bloomberg,2,0,0.949203,0.923078,0
Bloomberg,2,5,0.690390,0.397860,0
Bloomberg,2,0,0.480087,0.263587,0
Bloomberg,2,5,0.972007,0.945987,0
Bloomberg,2,6,0.517466,0.262167,0
Bloomberg,2,5,0.851908,0.736805,0
Bloomberg,2,0,0.584979,0.374441,0
Bloomberg,2,0,0.850699,0.771971,0
Bloomberg,2,5,0.564466,0.433845,0
Bloomberg,2,5,0.456551,0.055440,0
Bloomberg,2,0,0.859730,0.811225,0
Bloomberg,2,5,0.484856,0.048040,0
Bloomberg,2,2,0.385124,0.044690,1
Bloomberg,2,6,0.991164,0.984019,0
Bloomberg,2,6,0.582714,0.238880,0
Bloomberg,2,5,0.392098,0.227203,0
Bloomberg,2,3,0.928750,0.882575,0
Bloomberg,2,0,0.627562,0.376533,0
Bloomberg,2,6,0.780713,0.618796,0
Bloomberg,2,1,0.316251,0.037576,0
Bloomberg,2,6,0.510510,0.228706,0
Bloomberg,2,5,0.669046,0.531972,0
Bloomberg,2,5,0.676411,0.363756,0
Bloomberg,2,6,0.586672,0.364920,0
Bloomberg,2,0,0.887272,0.839043,0
Bloomberg,2,6,0.439898,0.191088,0
Bloomberg,2,6,0.481300,0.187896,0
Bloomberg,2,6,0.679104,0.428114,0
Bloomberg,2,3,0.315015,0.057625,0
Bloomberg,2,0,0.789821,0.649334,0
Bloomberg,2,6,0.585424,0.245962,0
Bloomberg,2,0,0.766838,0.699255,0
Bloomberg,2,3,0.289535,0.048656,0
Bloomberg,2,0,0.377344,0.013688,0
Bloomberg,2,2,0.766477,0.620296,1
Bloomberg,2,5,0.534866,0.415717,0
Bloomberg,2,3,0.539467,0.319151,0
Bloomberg,2,5,0.775688,0.565244,0
Bloomberg,2,1,0.564850,0.334640,0
Bloomberg,2,6,0.866249,0.766626,0
Bloomberg,2,6,0.578830,0.393144,0
Bloomberg,2,6,0.923881,0.888199,0
Bloomberg,2,5,0.800165,0.615372,0
Bloomberg,2,0,0.297076,0.025953,0
Bloomberg,2,5,0.685303,0.448002,0
Bloomberg,2,5,0.736147,0.483581,0
Bloomberg,2,6,0.527362,0.140937,0
Bloomberg,2,5,0.668405,0.524110,0
Bloomberg,2,6,0.792138,0.676684,0
Bloomberg,2,5,0.614607,0.286506,0
Bloomberg,2,4,0.635470,0.432258,0
Bloomberg,2,3,0.625686,0.296962,0
Bloomberg,2,0,0.394701,0.121584,0
Bloomberg,2,5,0.778791,0.624066,0
Bloomberg,2,3,0.790585,0.666082,0
Bloomberg,2,3,0.408005,0.039434,0
Bloomberg,2,3,0.560077,0.297858,0
Bloomberg,2,5,0.394781,0.010145,0
Bloomberg,2,4,0.459832,0.137177,0
Bloomberg,2,1,0.385916,0.143572,0
Bloomberg,2,5,0.687291,0.530182,0
Bloomberg,2,5,0.348053,0.017843,0
Bloomberg,2,5,0.282607,0.077366,0
Bloomberg,2,5,0.875134,0.753503,0
Bloomberg,2,4,0.234299,0.001799,0
Bloomberg,2,1,0.355021,0.046516,0
Bloomberg,2,5,0.913734,0.839282,0
Bloomberg,2,6,0.949169,0.901055,0
Bloomberg,2,0,0.858522,0.780379,0
Bloomberg,2,5,0.358210,0.121712,0
Bloomberg,2,1,0.700500,0.426715,0
Bloomberg,2,3,0.324308,0.026735,0
Bloomberg,2,5,0.832047,0.735493,0
Bloomberg,2,0,0.622228,0.405930,0
Bloomberg,2,6,0.428096,0.167600,0
Bloomberg,2,6,0.821901,0.737450,0
Bloomberg,2,5,0.661182,0.337784,0
Bloomberg,2,4,0.456851,0.189471,0
Bloomberg,2,6,0.863319,0.762751,0
Bloomberg,2,5,0.695267,0.451919,0
Bloomberg,2,2,0.624023,0.487869,1
Bloomberg,2,3,0.331801,0.129099,0
Bloomberg,2,0,0.282423,0.064879,0
Bloomberg,2,0,0.575751,0.302678,0
Bloomberg,2,2,0.347918,0.088600,1
Bloomberg,2,5,0.806424,0.648099,0
Bloomberg,2,2,0.652618,0.469207,1
Bloomberg,2,5,0.573303,0.210813,0
Bloomberg,2,5,0.664345,0.405123,0
Bloomberg,2,6,0.486069,0.186230,0
Bloomberg,2,0,0.917306,0.876882,0
Bloomberg,2,0,0.938243,0.904875,0
Bloomberg,2,4,0.598453,0.248211,0
Bloomberg,2,3,0.552580,0.296958,0
Bloomberg,2,2,0.818626,0.664119,1
Bloomberg,2,5,0.873090,0.799116,0
Bloomberg,2,5,0.812860,0.729437,0
Bloomberg,2,3,0.676954,0.478462,0
Bloomberg,2,5,0.433427,0.079346,0
Bloomberg,2,4,0.534940,0.343276,0
Bloomberg,2,3,0.626013,0.455056,0
Bloomberg,2,6,0.748766,0.580087,0
Bloomberg,2,5,0.524737,0.098518,0
Bloomberg,2,6,0.584196,0.433117,0
Bloomberg,2,0,0.615199,0.346032,0
Bloomberg,2,6,0.786604,0.607325,0
Bloomberg,2,1,0.670866,0.575464,0
Bloomberg,2,0,0.402114,0.084233,0
Bloomberg,2,1,0.405443,0.191889,0
Bloomberg,2,5,0.398153,0.199186,0
Bloomberg,2,0,0.325134,0.028188,0
Bloomberg,2,6,0.737926,0.590243,0
Bloomberg,2,5,0.862309,0.732214,0
Bloomberg,2,0,0.561061,0.317295,0
Bloomberg,2,5,0.399850,0.106880,0
Bloomberg,2,2,0.421067,0.151995,1
Bloomberg,2,5,0.392797,0.041259,0
Bloomberg,2,2,0.507542,0.016926,1
Bloomberg,2,6,0.731779,0.554151,0
Bloomberg,2,0,0.557643,0.383321,0
Bloomberg,2,5,0.987756,0.978087,0
Bloomberg,2,3,0.557561,0.400706,0
Bloomberg,2,6,0.535732,0.111451,0
Bloomberg,2,5,0.659602,0.497288,0
Bloomberg,2,5,0.511952,0.366509,0
Bloomberg,2,6,0.658496,0.554821,0
Bloomberg,2,5,0.958259,0.943955,0
Bloomberg,2,6,0.367664,0.112448,0
Bloomberg,2,1,0.517823,0.175545,0
Bloomberg,2,5,0.425222,0.125322,0
Bloomberg,2,0,0.717659,0.597243,0
Bloomberg,2,6,0.637563,0.458769,0
Bloomberg,2,6,0.518993,0.092501,0
Bloomberg,2,5,0.331597,0.059101,0
Bloomberg,2,5,0.744016,0.500027,0
Bloomberg,2,5,0.494475,0.280364,0
Bloomberg,2,6,0.508597,0.073453,0
Bloomberg,2,6,0.501196,0.179461,0
Bloomberg,2,5,0.682636,0.379481,0
Bloomberg,2,6,0.279229,0.000342,0
Bloomberg,2,6,0.736855,0.585602,0
Bloomberg,2,5,0.378610,0.105460,0
Bloomberg,2,5,0.503384,0.137225,0
Bloomberg,2,5,0.597560,0.386753,0
Bloomberg,2,5,0.464506,0.119930,0
Bloomberg,2,5,0.986596,0.974007,0
Bloomberg,2,5,0.423876,0.082281,0
Bloomberg,2,5,0.800831,0.726707,0
Bloomberg,2,5,0.950860,0.904519,0
Bloomberg,2,6,0.533756,0.067948,0
Bloomberg,2,5,0.704160,0.540591,0
Bloomberg,2,5,0.698902,0.569993,0
Bloomberg,2,6,0.484611,0.177691,0
Bloomberg,2,6,0.410486,0.023540,0
Bloomberg,2,5,0.742377,0.490555,0
Bloomberg,2,5,0.471152,0.213194,0
Bloomberg,2,3,0.374757,0.134682,0
Bloomberg,2,3,0.582843,0.394781,0
Bloomberg,2,1,0.845111,0.749480,0
Bloomberg,2,5,0.982124,0.975304,0
Bloomberg,2,6,0.610104,0.425196,0
Bloomberg,2,3,0.364684,0.127584,0
Bloomberg,2,5,0.686387,0.595696,0
Bloomberg,2,2,0.513570,0.184269,1
Bloomberg,2,3,0.446027,0.140691,0
Bloomberg,2,5,0.641345,0.332032,0
Bloomberg,2,5,0.357740,0.045395,0
Bloomberg,2,0,0.887174,0.798885,0
Bloomberg,2,5,0.821855,0.683307,0
Bloomberg,2,5,0.644951,0.377166,0
Bloomberg,2,0,0.371621,0.119259,0
BringThemHomeNow,0,0,0.660401,0.475538,1
BringThemHomeNow,0,0,0.480053,0.257846,1
BringThemHomeNow,0,0,0.817267,0.740774,1
BringThemHomeNow,0,0,0.850191,0.807213,1
BringThemHomeNow,0,0,0.468918,0.081279,1
BringThemHomeNow,0,0,0.916070,0.850907,1
BringThemHomeNow,0,1,0.344238,0.065259,0
BringThemHomeNow,0,5,0.422956,0.001802,0
BringThemHomeNow,0,6,0.689951,0.455365,0
BringThemHomeNow,0,0,0.859195,0.792440,1
BringThemHomeNow,0,1,0.516700,0.088514,0
BringThemHomeNow,0,0,0.524007,0.293298,1
BringThemHomeNow,0,5,0.763216,0.623760,0
BringThemHomeNow,0,0,0.473312,0.223926,1
BringThemHomeNow,0,0,0.627145,0.270689,1
BringThemHomeNow,0,5,0.460492,0.121427,0
BringThemHomeNow,0,1,0.460785,0.191723,0
BringThemHomeNow,0,0,0.548638,0.360153,1
BringThemHomeNow,0,6,0.465499,0.064791,0
BringThemHomeNow,0,0,0.347627,0.011815,1
BringThemHomeNow,0,0,0.875157,0.820876,1
BringThemHomeNow,0,3,0.468213,0.235265,0
BringThemHomeNow,0,0,0.914246,0.839414,1
BringThemHomeNow,0,1,0.455016,0.216515,0
BringThemHomeNow,0,0,0.657519,0.511433,1
BringThemHomeNow,0,0,0.685328,0.526107,1
BringThemHomeNow,0,0,0.927588,0.869612,1
BringThemHomeNow,0,0,0.693581,0.447972,1
BringThemHomeNow,0,3,0.323777,0.092690,0
BringThemHomeNow,0,2,0.482957,0.234734,0
BringThemHomeNow,0,0,0.885622,0.818524,1
BringThemHomeNow,0,0,0.487328,0.084050,1
BringThemHomeNow,0,3,0.288176,0.022322,0
BringThemHomeNow,0,5,0.393116,0.174861,0
BringThemHomeNow,0,4,0.783048,0.704837,0
BringThemHomeNow,0,0,0.595687,0.335200,1
BringThemHomeNow,0,0,0.284638,0.003203,1
BringThemHomeNow,0,4,0.374838,0.069776,0
BringThemHomeNow,0,0,0.441252,0.009696,1
BringThemHomeNow,0,4,0.381261,0.175370,0
BringThemHomeNow,0,0,0.670269,0.569067,1
BringThemHomeNow,0,0,0.709145,0.528954,1
BringThemHomeNow,0,0,0.698795,0.587135,1
BringThemHomeNow,0,0,0.390741,0.006189,1
BringThemHomeNow,0,2,0.422246,0.051817,0
BringThemHomeNow,0,0,0.775866,0.672005,1
BringThemHomeNow,0,6,0.492705,0.083941,0
BringThemHomeNow,0,4,0.331598,0.018812,0
BringThemHomeNow,0,0,0.796146,0.648647,1
BringThemHomeNow,0,6,0.314052,0.070723,0
BringThemHomeNow,0,4,0.463956,0.086261,0
BringThemHomeNow,0,0,0.664621,0.491522,1
BringThemHomeNow,0,4,0.600646,0.407285,0
BringThemHomeNow,0,4,0.591839,0.350982,0
BringThemHomeNow,0,2,0.333960,0.105353,0
BringThemHomeNow,0,4,0.291444,0.026730,0
BringThemHomeNow,0,5,0.917907,0.867447,0
BringThemHomeNow,0,0,0.521784,0.199644,1
BringThemHomeNow,0,0,0.619622,0.390307,1
BringThemHomeNow,0,4,0.764000,0.677209,0
BringThemHomeNow,0,1,0.588284,0.285046,0
BringThemHomeNow,0,0,0.864119,0.763948,1
BringThemHomeNow,0,0,0.448618,0.009382,1
BringThemHomeNow,0,5,0.606001,0.379718,0
BringThemHomeNow,0,1,0.514564,0.207455,0
BringThemHomeNow,0,0,0.657374,0.495415,1
BringThemHomeNow,0,1,0.361805,0.112539,0
BringThemHomeNow,0,0,0.464209,0.248976,1
BringThemHomeNow,0,0,0.398980,0.075732,1
BringThemHomeNow,0,4,0.528319,0.370552,0
BringThemHomeNow,0,4,0.879515,0.842797,0
BringThemHomeNow,0,0,0.529267,0.262352,1
BringThemHomeNow,0,0,0.584063,0.363847,1
BringThemHomeNow,0,0,0.492359,0.164109,1
BringThemHomeNow,0,0,0.920027,0.880928,1
BringThemHomeNow,0,0,0.822259,0.743576,1
BringThemHomeNow,0,0,0.858978,0.784495,1
BringThemHomeNow,0,1,0.574593,0.216485,0
BringThemHomeNow,0,1,0.307058,0.022613,0
BringThemHomeNow,0,0,0.687132,0.563785,1
BringThemHomeNow,0,0,0.850191,0.807213,1
BringThemHomeNow,0,0,0.485556,0.184460,1
BringThemHomeNow,0,5,0.471732,0.214741,0
BringThemHomeNow,0,4,0.758788,0.626808,0
BringThemHomeNow,0,0,0.817267,0.740774,1
BringThemHomeNow,0,1,0.567060,0.379876,0
BringThemHomeNow,0,0,0.446032,0.100048,1
BringThemHomeNow,0,0,0.461510,0.036122,1
BringThemHomeNow,0,0,0.372613,0.119961,1
BringThemHomeNow,0,0,0.866117,0.737463,1
BringThemHomeNow,0,0,0.892962,0.814653,1
BringThemHomeNow,0,1,0.510721,0.272621,0
BringThemHomeNow,0,4,0.717780,0.557638,0
BringThemHomeNow,0,0,0.589107,0.356632,1
BringThemHomeNow,0,0,0.923711,0.871159,1
BringThemHomeNow,0,0,0.793120,0.707235,1
BringThemHomeNow,0,0,0.692757,0.410738,1
BringThemHomeNow,0,5,0.526019,0.303099,0
BringThemHomeNow,0,0,0.814839,0.650511,1
BringThemHomeNow,0,3,0.400715,0.065101,0
BringThemHomeNow,0,5,0.803217,0.644108,0
BringThemHomeNow,0,0,0.515096,0.230803,1
BringThemHomeNow,0,0,0.915375,0.868841,1
BringThemHomeNow,0,0,0.927899,0.891797,1
BringThemHomeNow,0,0,0.409798,0.151438,1
BringThemHomeNow,0,0,0.555597,0.341397,1
BringThemHomeNow,0,0,0.658831,0.544874,1
BringThemHomeNow,0,0,0.571986,0.146521,1
BringThemHomeNow,0,2,0.555293,0.220142,0
BringThemHomeNow,0,1,0.493371,0.330739,0
BringThemHomeNow,0,0,0.910320,0.840773,1
BringThemHomeNow,0,5,0.921304,0.886108,0
BringThemHomeNow,0,0,0.630278,0.486164,1
BringThemHomeNow,0,0,0.569858,0.338343,1
BringThemHomeNow,0,3,0.363906,0.051907,0
BringThemHomeNow,0,0,0.977864,0.957896,1
BringThemHomeNow,0,0,0.657139,0.396330,1
BringThemHomeNow,0,4,0.345155,0.113822,0
BringThemHomeNow,0,0,0.710820,0.555186,1
BringThemHomeNow,0,0,0.464649,0.173655,1
BringThemHomeNow,0,0,0.657139,0.396330,1
BringThemHomeNow,0,0,0.687219,0.512275,1
BringThemHomeNow,0,0,0.665200,0.569086,1
BringThemHomeNow,0,5,0.537952,0.349726,0
BringThemHomeNow,0,4,0.436599,0.041992,0
BringThemHomeNow,0,0,0.812891,0.658147,1
BringThemHomeNow,0,5,0.734431,0.629449,0
BringThemHomeNow,0,5,0.576837,0.182768,0
BringThemHomeNow,0,0,0.402142,0.215578,1
BringThemHomeNow,0,2,0.380592,0.129545,0
BringThemHomeNow,0,0,0.419131,0.205345,1
BringThemHomeNow,0,0,0.901032,0.842937,1
BringThemHomeNow,0,0,0.917104,0.848030,1
BringThemHomeNow,0,0,0.911693,0.876087,1
BringThemHomeNow,0,0,0.965303,0.954380,1
BringThemHomeNow,0,0,0.917081,0.875592,1
BringThemHomeNow,0,0,0.603997,0.432703,1
BringThemHomeNow,0,0,0.916959,0.870712,1
BringThemHomeNow,0,3,0.453152,0.140466,0
BringThemHomeNow,0,3,0.853833,0.778771,0
BringThemHomeNow,0,0,0.836854,0.748884,1
BringThemHomeNow,0,1,0.600495,0.377656,0
BringThemHomeNow,0,4,0.352573,0.087620,0
BringThemHomeNow,0,0,0.568528,0.206487,1
BringThemHomeNow,0,0,0.354130,0.044470,1
BringThemHomeNow,0,0,0.578264,0.347005,1
BringThemHomeNow,0,5,0.730650,0.604564,0
BringThemHomeNow,0,4,0.975703,0.960602,0
BringThemHomeNow,0,0,0.554943,0.192621,1
BringThemHomeNow,0,1,0.771241,0.578789,0
BringThemHomeNow,0,0,0.490278,0.191282,1
BringThemHomeNow,0,0,0.736318,0.614726,1
BringThemHomeNow,0,0,0.516347,0.123435,1
BringThemHomeNow,0,1,0.453343,0.066312,0
BringThemHomeNow,0,0,0.842476,0.784487,1
BringThemHomeNow,0,5,0.710178,0.527942,0
BringThemHomeNow,0,0,0.656804,0.469082,1
BringThemHomeNow,0,2,0.460666,0.229042,0
BringThemHomeNow,0,0,0.472595,0.341327,1
BringThemHomeNow,0,0,0.803183,0.708368,1
BringThemHomeNow,0,0,0.431370,0.063880,1
BringThemHomeNow,0,0,0.597703,0.399705,1
BringThemHomeNow,0,0,0.811522,0.735608,1
BringThemHomeNow,0,5,0.881369,0.830755,0
BringThemHomeNow,0,0,0.464698,0.133931,1
BringThemHomeNow,0,1,0.501683,0.277240,0
BringThemHomeNow,0,0,0.932668,0.878875,1
BringThemHomeNow,0,0,0.528046,0.259564,1
BringThemHomeNow,0,5,0.432765,0.084366,0
BringThemHomeNow,0,1,0.346759,0.068075,0
BringThemHomeNow,0,0,0.561025,0.339927,1
BringThemHomeNow,0,2,0.367607,0.005202,0
BringThemHomeNow,0,0,0.452185,0.128356,1
BringThemHomeNow,0,0,0.838606,0.746679,1
BringThemHomeNow,0,0,0.545560,0.383682,1
BringThemHomeNow,0,0,0.932372,0.891247,1
BringThemHomeNow,0,0,0.613899,0.352233,1
BringThemHomeNow,0,0,0.471971,0.131489,1
BringThemHomeNow,0,0,0.912252,0.869993,1
BringThemHomeNow,0,3,0.510497,0.058829,0
BringThemHomeNow,0,0,0.863085,0.734547,1
BringThemHomeNow,0,0,0.404882,0.036758,1
BringThemHomeNow,0,0,0.635628,0.466303,1
BringThemHomeNow,0,0,0.942433,0.921533,1
BringThemHomeNow,0,2,0.308280,0.013540,0
BringThemHomeNow,0,0,0.561578,0.377623,1
BringThemHomeNow,0,0,0.921886,0.893241,1
BringThemHomeNow,0,0,0.373764,0.110488,1
BringThemHomeNow,0,5,0.483364,0.331576,0
BringThemHomeNow,0,0,0.578172,0.191190,1
BringThemHomeNow,0,4,0.664295,0.498555,0
BringThemHomeNow,0,0,0.626847,0.331797,1
BringThemHomeNow,0,0,0.871329,0.809000,1
BringThemHomeNow,0,4,0.764568,0.671448,0
BringThemHomeNow,0,0,0.866254,0.817087,1
BringThemHomeNow,0,0,0.539524,0.303584,1
BringThemHomeNow,0,5,0.403530,0.105455,0
BringThemHomeNow,0,3,0.572459,0.333354,0
BringThemHomeNow,0,0,0.660743,0.491646,1
BringThemHomeNow,0,0,0.973251,0.955197,1
KremlinRussia_E,3,3,0.764633,0.548554,1
KremlinRussia_E,3,0,0.919328,0.851180,0
KremlinRussia_E,3,3,0.989862,0.983179,1
KremlinRussia_E,3,3,0.461297,0.129558,1
KremlinRussia_E,3,3,0.637214,0.384874,1
KremlinRussia_E,3,3,0.797349,0.638416,1
KremlinRussia_E,3,3,0.481746,0.056434,1
KremlinRussia_E,3,3,0.824161,0.703274,1
KremlinRussia_E,3,3,0.897359,0.844354,1
KremlinRussia_E,3,3,0.785796,0.609107,1
KremlinRussia_E,3,3,0.827743,0.705225,1
KremlinRussia_E,3,3,0.932040,0.893321,1
KremlinRussia_E,3,4,0.542106,0.313268,0
KremlinRussia_E,3,3,0.831025,0.690519,1
KremlinRussia_E,3,3,0.880938,0.769684,1
KremlinRussia_E,3,3,0.387276,0.037059,1
KremlinRussia_E,3,3,0.840517,0.748459,1
KremlinRussia_E,3,2,0.587729,0.365343,0
KremlinRussia_E,3,6,0.494199,0.215887,0
KremlinRussia_E,3,0,0.792530,0.655843,0
KremlinRussia_E,3,3,0.925795,0.871698,1
KremlinRussia_E,3,1,0.436948,0.289016,0
KremlinRussia_E,3,3,0.991758,0.985190,1
KremlinRussia_E,3,3,0.928365,0.865959,1
KremlinRussia_E,3,0,0.428190,0.021232,0
KremlinRussia_E,3,4,0.571935,0.157237,0
KremlinRussia_E,3,4,0.406978,0.118338,0
KremlinRussia_E,3,5,0.451236,0.210170,0
KremlinRussia_E,3,2,0.420795,0.031598,0
KremlinRussia_E,3,4,0.609662,0.273847,0
KremlinRussia_E,3,4,0.512136,0.061130,0
KremlinRussia_E,3,3,0.347211,0.043984,1
KremlinRussia_E,3,3,0.995093,0.993751,1
KremlinRussia_E,3,3,0.556049,0.363905,1
KremlinRussia_E,3,0,0.292991,0.015433,0
KremlinRussia_E,3,3,0.543083,0.214488,1
KremlinRussia_E,3,1,0.530845,0.131144,0
KremlinRussia_E,3,0,0.597860,0.251324,0
KremlinRussia_E,3,0,0.356912,0.073009,0
KremlinRussia_E,3,3,0.994375,0.990086,1
KremlinRussia_E,3,3,0.562038,0.131065,1
KremlinRussia_E,3,5,0.695073,0.580611,0
KremlinRussia_E,3,3,0.551588,0.346792,1
KremlinRussia_E,3,3,0.448451,0.002998,1
KremlinRussia_E,3,4,0.455215,0.106036,0
KremlinRussia_E,3,3,0.515592,0.178384,1
KremlinRussia_E,3,0,0.324482,0.162322,0
KremlinRussia_E,3,3,0.919962,0.847962,1
KremlinRussia_E,3,3,0.722706,0.557960,1
KremlinRussia_E,3,4,0.312922,0.089217,0
KremlinRussia_E,3,3,0.706157,0.449816,1
KremlinRussia_E,3,3,0.979304,0.965418,1
KremlinRussia_E,3,3,0.795725,0.687534,1
KremlinRussia_E,3,6,0.371737,0.075551,0
KremlinRussia_E,3,3,0.773449,0.678073,1
KremlinRussia_E,3,0,0.782069,0.616358,0
KremlinRussia_E,3,4,0.899929,0.812812,0
KremlinRussia_E,3,0,0.329563,0.188630,0
KremlinRussia_E,3,4,0.538765,0.291379,0
KremlinRussia_E,3,3,0.744484,0.522034,1
KremlinRussia_E,3,0,0.492937,0.357037,0
KremlinRussia_E,3,5,0.323899,0.118062,0
KremlinRussia_E,3,3,0.493050,0.221273,1
KremlinRussia_E,3,0,0.429993,0.028580,0
KremlinRussia_E,3,3,0.655133,0.445428,1
KremlinRussia_E,3,1,0.510494,0.284171,0
KremlinRussia_E,3,2,0.744926,0.595121,0
KremlinRussia_E,3,3,0.996052,0.992257,1
KremlinRussia_E,3,3,0.998452,0.997588,1
KremlinRussia_E,3,0,0.409196,0.016711,0
KremlinRussia_E,3,2,0.807609,0.726907,0
KremlinRussia_E,3,0,0.268646,0.059627,0
KremlinRussia_E,3,0,0.668850,0.414282,0
KremlinRussia_E,3,3,0.981623,0.967319,1
KremlinRussia_E,3,4,0.467208,0.314080,0
KremlinRussia_E,3,4,0.762966,0.532333,0
KremlinRussia_E,3,5,0.594695,0.388610,0
KremlinRussia_E,3,3,0.972145,0.947365,1
KremlinRussia_E,3,3,0.356500,0.102455,1
KremlinRussia_E,3,5,0.379763,0.028564,0
KremlinRussia_E,3,3,0.675621,0.546180,1
KremlinRussia_E,3,3,0.686974,0.389493,1
KremlinRussia_E,3,3,0.521480,0.066560,1
KremlinRussia_E,3,3,0.511379,0.053056,1
KremlinRussia_E,3,2,0.556769,0.232310,0
KremlinRussia_E,3,2,0.487798,0.275503,0
KremlinRussia_E,3,1,0.712853,0.603847,0
KremlinRussia_E,3,3,0.863445,0.737463,1
KremlinRussia_E,3,0,0.736962,0.607700,0
KremlinRussia_E,3,3,0.434009,0.173739,1
KremlinRussia_E,3,2,0.748809,0.649081,0
KremlinRussia_E,3,3,0.897382,0.818930,1
KremlinRussia_E,3,4,0.551244,0.351773,0
KremlinRussia_E,3,3,0.663576,0.447179,1
KremlinRussia_E,3,3,0.645832,0.493486,1
KremlinRussia_E,3,3,0.880592,0.818586,1
KremlinRussia_E,3,3,0.482286,0.302402,1
KremlinRussia_E,3,3,0.961535,0.938000,1
KremlinRussia_E,3,3,0.729256,0.583100,1
KremlinRussia_E,3,3,0.953698,0.916321,1
KremlinRussia_E,3,3,0.773294,0.682653,1
KremlinRussia_E,3,3,0.908251,0.818294,1
KremlinRussia_E,3,3,0.972983,0.956301,1
KremlinRussia_E,3,3,0.819542,0.729848,1
KremlinRussia_E,3,4,0.490793,0.187495,0
KremlinRussia_E,3,2,0.948186,0.912027,0
KremlinRussia_E,3,4,0.553172,0.269011,0
KremlinRussia_E,3,4,0.730892,0.599176,0
KremlinRussia_E,3,4,0.970012,0.947021,0
KremlinRussia_E,3,4,0.818922,0.642090,0
KremlinRussia_E,3,3,0.976014,0.958958,1
KremlinRussia_E,3,3,0.911743,0.830923,1
KremlinRussia_E,3,4,0.511106,0.076530,0
KremlinRussia_E,3,4,0.840367,0.782886,0
KremlinRussia_E,3,3,0.488297,0.220740,1
KremlinRussia_E,3,4,0.650280,0.311384,0
KremlinRussia_E,3,3,0.977017,0.964454,1
KremlinRussia_E,3,4,0.517132,0.162085,0
KremlinRussia_E,3,4,0.850808,0.733471,0
KremlinRussia_E,3,3,0.962298,0.938157,1
KremlinRussia_E,3,3,0.587880,0.360443,1
KremlinRussia_E,3,4,0.551250,0.359560,0
KremlinRussia_E,3,2,0.399081,0.153559,0
KremlinRussia_E,3,1,0.376296,0.216907,0
KremlinRussia_E,3,3,0.870594,0.793439,1
KremlinRussia_E,3,3,0.635794,0.318884,1
KremlinRussia_E,3,3,0.921446,0.886002,1
KremlinRussia_E,3,0,0.601466,0.363801,0
KremlinRussia_E,3,3,0.796369,0.652641,1
KremlinRussia_E,3,1,0.538872,0.323934,0
KremlinRussia_E,3,4,0.584100,0.190376,0
KremlinRussia_E,3,5,0.343834,0.045145,0
KremlinRussia_E,3,3,0.754390,0.621185,1
KremlinRussia_E,3,3,0.580075,0.374817,1
KremlinRussia_E,3,4,0.840705,0.754457,0
KremlinRussia_E,3,3,0.643972,0.328669,1
KremlinRussia_E,3,0,0.735320,0.621986,0
KremlinRussia_E,3,4,0.444424,0.142991,0
KremlinRussia_E,3,3,0.856906,0.724213,1
KremlinRussia_E,3,3,0.750181,0.590345,1
KremlinRussia_E,3,3,0.929227,0.862903,1
KremlinRussia_E,3,4,0.739751,0.494998,0
KremlinRussia_E,3,3,0.867016,0.743282,1
KremlinRussia_E,3,4,0.681453,0.376489,0
KremlinRussia_E,3,3,0.468952,0.265424,1
KremlinRussia_E,3,0,0.630848,0.515687,0
KremlinRussia_E,3,5,0.410761,0.195697,0
KremlinRussia_E,3,5,0.954069,0.930607,0
KremlinRussia_E,3,4,0.921168,0.888333,0
KremlinRussia_E,3,4,0.881838,0.777846,0
KremlinRussia_E,3,3,0.737562,0.508632,1
KremlinRussia_E,3,3,0.757869,0.579100,1
KremlinRussia_E,3,4,0.513451,0.264106,0
KremlinRussia_E,3,3,0.730015,0.606205,1
KremlinRussia_E,3,3,0.905836,0.819346,1
KremlinRussia_E,3,1,0.296138,0.075461,0
KremlinRussia_E,3,0,0.770914,0.647584,0
KremlinRussia_E,3,4,0.508680,0.098211,0
KremlinRussia_E,3,4,0.494028,0.038719,0
KremlinRussia_E,3,3,0.599216,0.232660,1
KremlinRussia_E,3,4,0.393892,0.025079,0
KremlinRussia_E,3,4,0.863849,0.783834,0
KremlinRussia_E,3,2,0.454141,0.079692,0
KremlinRussia_E,3,3,0.605823,0.240041,1
KremlinRussia_E,3,3,0.452028,0.158459,1
KremlinRussia_E,3,3,0.928766,0.886476,1
KremlinRussia_E,3,3,0.307667,0.031062,1
KremlinRussia_E,3,6,0.486023,0.281271,0
KremlinRussia_E,3,3,0.542241,0.319472,1
KremlinRussia_E,3,3,0.596678,0.200087,1
KremlinRussia_E,3,4,0.590708,0.365125,0
KremlinRussia_E,3,5,0.718679,0.639404,0
KremlinRussia_E,3,3,0.781589,0.625323,1
KremlinRussia_E,3,6,0.857359,0.800631,0
KremlinRussia_E,3,5,0.973629,0.955707,0
KremlinRussia_E,3,0,0.418328,0.197478,0
KremlinRussia_E,3,4,0.630998,0.301956,0
KremlinRussia_E,3,3,0.293381,0.048897,1
KremlinRussia_E,3,4,0.697792,0.460872,0
KremlinRussia_E,3,4,0.339072,0.004985,0
KremlinRussia_E,3,4,0.814611,0.705513,0
KremlinRussia_E,3,2,0.549877,0.317369,0
KremlinRussia_E,3,3,0.858263,0.782042,1
KremlinRussia_E,3,3,0.764456,0.566752,1
KremlinRussia_E,3,3,0.924795,0.884844,1
KremlinRussia_E,3,1,0.901568,0.835432,0
KremlinRussia_E,3,0,0.658125,0.421139,0
KremlinRussia_E,3,3,0.818060,0.702024,1
KremlinRussia_E,3,3,0.504191,0.112225,1
KremlinRussia_E,3,3,0.631557,0.388566,1
KremlinRussia_E,3,0,0.436698,0.198933,0
KremlinRussia_E,3,3,0.662597,0.465925,1
KremlinRussia_E,3,4,0.409593,0.223670,0
KremlinRussia_E,3,2,0.885995,0.838670,0
KremlinRussia_E,3,3,0.665455,0.378628,1
KremlinRussia_E,3,1,0.501323,0.253220,0
KremlinRussia_E,3,4,0.383024,0.125686,0
KremlinRussia_E,3,3,0.804823,0.630215,1
KremlinRussia_E,3,3,0.732055,0.627965,1
KremlinRussia_E,3,4,0.664203,0.516294,0
NATO,2,2,0.469369,0.092363,1
NATO,2,3,0.985131,0.975807,0
NATO,2,2,0.594691,0.386589,1
NATO,2,4,0.880542,0.762813,0
NATO,2,4,0.922666,0.883814,0
NATO,2,3,0.614814,0.468537,0
NATO,2,2,0.577998,0.252349,1
NATO,2,2,0.673389,0.463780,1
NATO,2,2,0.890539,0.817319,1
NATO,2,4,0.687029,0.399821,0
NATO,2,3,0.526120,0.151050,0
NATO,2,3,0.648558,0.346104,0
NATO,2,2,0.495018,0.109260,1
NATO,2,3,0.502588,0.073228,0
NATO,2,3,0.995799,0.993869,0
NATO,2,2,0.531828,0.250169,1
NATO,2,3,0.516844,0.246549,0
NATO,2,2,0.360144,0.054718,1
NATO,2,4,0.923325,0.898894,0
NATO,2,5,0.514344,0.230814,0
NATO,2,4,0.790051,0.628130,0
NATO,2,3,0.864721,0.771177,0
NATO,2,2,0.876548,0.764770,1
NATO,2,4,0.584550,0.367263,0
NATO,2,2,0.589152,0.278060,1
NATO,2,3,0.993101,0.987378,0
NATO,2,3,0.730782,0.564131,0
NATO,2,3,0.985663,0.977972,0
NATO,2,3,0.691293,0.449924,0
NATO,2,5,0.517346,0.239984,0
NATO,2,4,0.805023,0.612284,0
NATO,2,2,0.624845,0.374595,1
NATO,2,4,0.762578,0.525969,0
NATO,2,4,0.751303,0.590782,0
NATO,2,2,0.879879,0.781989,1
NATO,2,4,0.681434,0.386308,0
NATO,2,2,0.628658,0.340207,1
NATO,2,2,0.862784,0.727734,1
NATO,2,2,0.876260,0.807250,1
NATO,2,4,0.550852,0.147042,0
NATO,2,3,0.724470,0.479891,0
NATO,2,2,0.854528,0.781046,1
NATO,2,3,0.750501,0.611398,0
NATO,2,4,0.716152,0.523965,0
NATO,2,4,0.623783,0.385828,0
NATO,2,2,0.409112,0.255666,1
NATO,2,2,0.739169,0.542708,1
NATO,2,2,0.577049,0.333907,1
NATO,2,3,0.937106,0.891470,0
NATO,2,3,0.454424,0.205404,0
NATO,2,4,0.739637,0.536425,0
NATO,2,4,0.792228,0.646246,0
NATO,2,4,0.605643,0.278098,0
NATO,2,4,0.693368,0.558096,0
NATO,2,4,0.779452,0.698926,0
NATO,2,4,0.714004,0.482035,0
NATO,2,4,0.539818,0.159850,0
NATO,2,2,0.884257,0.784342,1
NATO,2,4,0.992301,0.985501,0
NATO,2,0,0.968378,0.956999,0
NATO,2,2,0.505341,0.029501,1
NATO,2,4,0.959785,0.927369,0
NATO,2,4,0.719388,0.604340,0
NATO,2,3,0.848647,0.780159,0
NATO,2,4,0.512427,0.173349,0
NATO,2,4,0.864379,0.792070,0
NATO,2,2,0.944026,0.909841,1
NATO,2,3,0.493654,0.068715,0
NATO,2,4,0.661242,0.325325,0
NATO,2,4,0.805554,0.731704,0
NATO,2,4,0.963643,0.940637,0
NATO,2,4,0.985768,0.979615,0
NATO,2,3,0.792371,0.679562,0
NATO,2,3,0.769112,0.643388,0
NATO,2,3,0.852458,0.774788,0
NATO,2,2,0.800876,0.706306,1
NATO,2,3,0.448500,0.034334,0
NATO,2,3,0.543474,0.244791,0
NATO,2,4,0.923182,0.872097,0
NATO,2,4,0.949646,0.922696,0
NATO,2,3,0.739515,0.640499,0
NATO,2,3,0.565745,0.211099,0
NATO,2,2,0.734208,0.489986,1
NATO,2,2,0.891985,0.815962,1
NATO,2,4,0.688862,0.419960,0
NATO,2,2,0.920414,0.873958,1
NATO,2,4,0.869751,0.744005,0
NATO,2,4,0.904447,0.853191,0
NATO,2,3,0.674529,0.452811,0
NATO,2,4,0.614077,0.284359,0
NATO,2,4,0.977156,0.967691,0
NATO,2,0,0.460903,0.016350,0
NATO,2,3,0.845143,0.772429,0
NATO,2,4,0.890049,0.848833,0
NATO,2,3,0.659376,0.503501,0
NATO,2,2,0.506395,0.193789,1
NATO,2,2,0.486425,0.196286,1
NATO,2,4,0.477067,0.060376,0
NATO,2,3,0.876140,0.785996,0
NATO,2,3,0.758561,0.544416,0
NATO,2,3,0.694394,0.468974,0
NATO,2,4,0.790255,0.618496,0
NATO,2,4,0.893812,0.797250,0
NATO,2,2,0.784371,0.580904,1
NATO,2,4,0.526772,0.132466,0
NATO,2,4,0.435998,0.063973,0
NATO,2,3,0.780527,0.658116,0
NATO,2,3,0.632157,0.442161,0
NATO,2,2,0.429858,0.022573,1
NATO,2,2,0.909664,0.826447,1
NATO,2,2,0.759716,0.696978,1
NATO,2,3,0.755575,0.597593,0
NATO,2,2,0.870736,0.806491,1
NATO,2,4,0.620883,0.247816,0
NATO,2,4,0.841267,0.708956,0
NATO,2,4,0.723457,0.448376,0
NATO,2,2,0.894205,0.827855,1
NATO,2,4,0.981960,0.974009,0
NATO,2,2,0.868509,0.797609,1
NATO,2,4,0.736403,0.475338,0
NATO,2,2,0.341156,0.036395,1
NATO,2,4,0.511824,0.089769,0
NATO,2,4,0.897856,0.844253,0
NATO,2,3,0.447569,0.146389,0
NATO,2,2,0.712802,0.563349,1
NATO,2,3,0.860011,0.763181,0
NATO,2,4,0.424983,0.218041,0
NATO,2,2,0.945472,0.903432,1
NATO,2,0,0.364455,0.061507,0
NATO,2,2,0.836009,0.747886,1
NATO,2,4,0.724105,0.455291,0
NATO,2,4,0.617873,0.241619,0
NATO,2,3,0.584373,0.338066,0
NATO,2,2,0.469534,0.160909,1
NATO,2,3,0.911828,0.847224,0
NATO,2,3,0.654641,0.362237,0
NATO,2,3,0.917545,0.856187,0
NATO,2,0,0.302642,0.119466,0
NATO,2,4,0.743176,0.534131,0
NATO,2,3,0.817302,0.707204,0
NATO,2,4,0.897366,0.836729,0
NATO,2,0,0.995574,0.992271,0
NATO,2,2,0.829448,0.679821,1
NATO,2,3,0.669674,0.399848,0
NATO,2,4,0.852187,0.730129,0
NATO,2,3,0.634506,0.450443,0
NATO,2,3,0.645834,0.308670,0
NATO,2,3,0.729826,0.509715,0
NATO,2,2,0.702578,0.521851,1
NATO,2,4,0.633482,0.408770,0
NATO,2,4,0.764978,0.634250,0
NATO,2,3,0.570349,0.212364,0
NATO,2,2,0.808402,0.690693,1
NATO,2,0,0.347470,0.073269,0
NATO,2,6,0.502039,0.300708,0
NATO,2,2,0.653318,0.513043,1
NATO,2,3,0.461971,0.049337,0
NATO,2,3,0.781465,0.576736,0
NATO,2,4,0.821955,0.666654,0
NATO,2,2,0.837288,0.756348,1
NATO,2,3,0.912051,0.872067,0
NATO,2,3,0.788671,0.590743,0
NATO,2,2,0.965442,0.938016,1
NATO,2,0,0.358318,0.101979,0
NATO,2,4,0.774129,0.675098,0
NATO,2,4,0.983226,0.972789,0
NATO,2,3,0.993250,0.986889,0
NATO,2,4,0.870735,0.769728,0
NATO,2,4,0.757064,0.602360,0
NATO,2,3,0.507242,0.182503,0
NATO,2,3,0.533309,0.292912,0
NATO,2,2,0.501436,0.123973,1
NATO,2,3,0.488158,0.196608,0
NATO,2,3,0.811681,0.740131,0
NATO,2,4,0.609048,0.397148,0
NATO,2,4,0.935283,0.899914,0
NATO,2,4,0.759237,0.611953,0
NATO,2,3,0.670448,0.425566,0
NATO,2,3,0.781876,0.679699,0
NATO,2,3,0.843411,0.711038,0
NATO,2,3,0.999120,0.998333,0
NATO,2,0,0.998273,0.997345,0
NATO,2,2,0.571662,0.149826,1
NATO,2,2,0.775914,0.665076,1
NATO,2,4,0.858637,0.748514,0
NATO,2,3,0.934451,0.902916,0
NATO,2,4,0.528278,0.062385,0
NATO,2,3,0.562955,0.382259,0
NATO,2,2,0.919803,0.868833,1
NATO,2,3,0.913591,0.865613,0
NATO,2,3,0.674160,0.434042,0
NATO,2,3,0.690341,0.381834,0
NATO,2,4,0.862039,0.735188,0
NATO,2,4,0.951614,0.928597,0
NATO,2,2,0.593117,0.262865,1
NATO,2,4,0.499164,0.139457,0
NATO,2,3,0.870144,0.779942,0
NATO,2,3,0.886711,0.834948,0
NATO,2,2,0.426344,0.117655,1
NATO,2,2,0.485738,0.125462,1
NATO,2,4,0.557487,0.330737,0
NATO,2,3,0.792494,0.643934,0
NATO,2,3,0.883900,0.768646,0
NATO,2,4,0.911075,0.873443,0
NATO,2,0,0.938469,0.906111,0
NATO,2,4,0.950713,0.927857,0
NATO,2,3,0.752198,0.619017,0
NATO,2,4,0.988714,0.983106,0
NATO,2,2,0.675908,0.358683,1
PressTV,1,1,0.854175,0.801132,1
PressTV,1,5,0.895125,0.823070,0
PressTV,1,1,0.385819,0.037779,1
PressTV,1,1,0.449921,0.254510,1
PressTV,1,0,0.639785,0.320730,0
PressTV,1,1,0.771967,0.608483,1
PressTV,1,1,0.857452,0.720567,1
PressTV,1,1,0.666911,0.451770,1
PressTV,1,0,0.871549,0.757693,0
PressTV,1,1,0.578855,0.308801,1
PressTV,1,1,0.540424,0.287780,1
PressTV,1,1,0.664665,0.411224,1
PressTV,1,1,0.439141,0.124146,1
PressTV,1,1,0.953587,0.912173,1
PressTV,1,5,0.691165,0.572141,0
PressTV,1,1,0.714996,0.622554,1
PressTV,1,1,0.492162,0.183156,1
PressTV,1,1,0.757761,0.581019,1
PressTV,1,1,0.810089,0.652496,1
PressTV,1,0,0.876207,0.818851,0
PressTV,1,3,0.365621,0.149393,0
PressTV,1,1,0.592647,0.383148,1
PressTV,1,1,0.780841,0.673897,1
PressTV,1,1,0.624366,0.359326,1
PressTV,1,1,0.590899,0.244296,1
PressTV,1,0,0.668219,0.464810,0
PressTV,1,0,0.731310,0.640272,0
PressTV,1,1,0.938202,0.899112,1
PressTV,1,3,0.612657,0.309784,0
PressTV,1,4,0.883006,0.833144,0
PressTV,1,1,0.736879,0.551101,1
PressTV,1,3,0.760719,0.655211,0
PressTV,1,3,0.878259,0.768447,0
PressTV,1,1,0.829763,0.686198,1
PressTV,1,1,0.789816,0.638918,1
PressTV,1,1,0.481185,0.199869,1
PressTV,1,1,0.843027,0.745865,1
PressTV,1,1,0.725522,0.526612,1
PressTV,1,0,0.327580,0.032346,0
PressTV,1,1,0.434063,0.177175,1
PressTV,1,1,0.490975,0.081723,1
PressTV,1,1,0.368534,0.106239,1
PressTV,1,1,0.845752,0.764775,1
PressTV,1,1,0.539160,0.157366,1
PressTV,1,0,0.476198,0.232775,0
PressTV,1,1,0.834993,0.726825,1
PressTV,1,1,0.450086,0.059824,1
PressTV,1,1,0.662216,0.477236,1
PressTV,1,0,0.706247,0.426854,0
PressTV,1,1,0.893620,0.815682,1
PressTV,1,6,0.656289,0.555652,0
PressTV,1,1,0.974981,0.962158,1
PressTV,1,1,0.415208,0.110252,1
PressTV,1,3,0.588857,0.352520,0
PressTV,1,3,0.488034,0.222229,0
PressTV,1,0,0.271018,0.027982,0
PressTV,1,1,0.550594,0.362884,1
PressTV,1,1,0.420253,0.154430,1
PressTV,1,2,0.421033,0.130574,0
PressTV,1,1,0.665817,0.537471,1
PressTV,1,0,0.357764,0.045576,0
PressTV,1,1,0.805591,0.728785,1
PressTV,1,1,0.368702,0.078898,1
PressTV,1,0,0.534164,0.252690,0
PressTV,1,1,0.960542,0.940674,1
PressTV,1,1,0.612484,0.422233,1
PressTV,1,0,0.656951,0.504971,0
PressTV,1,0,0.453611,0.064542,0
PressTV,1,0,0.768825,0.707980,0
PressTV,1,0,0.460487,0.281894,0
PressTV,1,0,0.692122,0.544390,0
PressTV,1,1,0.366505,0.060788,1
PressTV,1,1,0.548709,0.157334,1
PressTV,1,3,0.813864,0.718278,0
PressTV,1,0,0.420547,0.145455,0
PressTV,1,1,0.761204,0.684255,1
PressTV,1,3,0.704365,0.520141,0
PressTV,1,1,0.545936,0.308635,1
PressTV,1,1,0.936249,0.892842,1
PressTV,1,3,0.572305,0.340384,0
PressTV,1,0,0.770687,0.555700,0
PressTV,1,3,0.317763,0.038935,0
PressTV,1,3,0.955359,0.932995,0
PressTV,1,5,0.918434,0.876961,0
PressTV,1,0,0.691715,0.474803,0
PressTV,1,0,0.929404,0.899308,0
PressTV,1,4,0.372115,0.058663,0
PressTV,1,1,0.387415,0.022545,1
PressTV,1,1,0.824151,0.698306,1
PressTV,1,1,0.813375,0.719044,1
PressTV,1,3,0.710803,0.508545,0
PressTV,1,1,0.572999,0.308232,1
PressTV,1,1,0.878526,0.804369,1
PressTV,1,1,0.935120,0.877203,1
PressTV,1,5,0.408470,0.188132,0
PressTV,1,1,0.820007,0.670603,1
PressTV,1,3,0.813927,0.726022,0
PressTV,1,3,0.771320,0.595643,0
PressTV,1,1,0.832977,0.766739,1
PressTV,1,0,0.389708,0.008819,0
PressTV,1,0,0.342017,0.040034,0
PressTV,1,1,0.502077,0.127220,1
PressTV,1,1,0.883852,0.812437,1
PressTV,1,0,0.719015,0.609537,0
PressTV,1,1,0.910670,0.841035,1
PressTV,1,5,0.437599,0.203328,0
PressTV,1,1,0.809867,0.679892,1
PressTV,1,0,0.495333,0.197804,0
PressTV,1,6,0.490959,0.242179,0
PressTV,1,1,0.412676,0.104348,1
PressTV,1,6,0.535297,0.208416,0
PressTV,1,1,0.981818,0.974133,1
PressTV,1,1,0.577458,0.398029,1
PressTV,1,1,0.591701,0.353344,1
PressTV,1,1,0.556563,0.252149,1
PressTV,1,1,0.971753,0.958130,1
PressTV,1,1,0.972472,0.949531,1
PressTV,1,0,0.520680,0.141737,0
PressTV,1,0,0.336050,0.133339,0
PressTV,1,3,0.442802,0.135894,0
PressTV,1,1,0.851740,0.782421,1
PressTV,1,0,0.754544,0.565007,0
PressTV,1,1,0.966460,0.953238,1
PressTV,1,0,0.599010,0.215348,0
PressTV,1,0,0.607320,0.255792,0
PressTV,1,1,0.675934,0.489638,1
PressTV,1,1,0.559040,0.253751,1
PressTV,1,6,0.647163,0.513650,0
PressTV,1,1,0.616091,0.467190,1
PressTV,1,1,0.829825,0.736938,1
PressTV,1,3,0.577863,0.365824,0
PressTV,1,0,0.877271,0.813212,0
PressTV,1,1,0.498085,0.219135,1
PressTV,1,1,0.803217,0.708495,1
PressTV,1,0,0.452500,0.217027,0
PressTV,1,0,0.503606,0.192112,0
PressTV,1,3,0.862710,0.737903,0
PressTV,1,1,0.897049,0.819789,1
PressTV,1,1,0.920694,0.841790,1
PressTV,1,0,0.363487,0.030411,0
PressTV,1,0,0.451081,0.141974,0
PressTV,1,1,0.553852,0.384112,1
PressTV,1,3,0.811451,0.694806,0
PressTV,1,0,0.871694,0.778254,0
PressTV,1,3,0.782018,0.635134,0
PressTV,1,1,0.776382,0.689276,1
PressTV,1,0,0.469546,0.211412,0
PressTV,1,3,0.529234,0.278796,0
PressTV,1,1,0.566266,0.191419,1
PressTV,1,0,0.644554,0.446564,0
PressTV,1,0,0.481792,0.173797,0
PressTV,1,1,0.696151,0.592373,1
PressTV,1,1,0.645376,0.459377,1
PressTV,1,1,0.846987,0.708734,1
PressTV,1,1,0.610435,0.289890,1
PressTV,1,3,0.786883,0.623896,0
PressTV,1,1,0.411897,0.246027,1
PressTV,1,1,0.981138,0.965488,1
PressTV,1,0,0.546903,0.233085,0
PressTV,1,1,0.959654,0.927115,1
PressTV,1,0,0.582275,0.321379,0
PressTV,1,0,0.390514,0.026885,0
PressTV,1,1,0.876564,0.754843,1
PressTV,1,1,0.562043,0.329369,1
PressTV,1,0,0.399524,0.181914,0
PressTV,1,1,0.367299,0.070821,1
PressTV,1,1,0.879840,0.805809,1
PressTV,1,1,0.724546,0.628952,1
PressTV,1,0,0.657725,0.353482,0
PressTV,1,0,0.338156,0.057502,0
PressTV,1,5,0.462215,0.219532,0
PressTV,1,1,0.513027,0.280624,1
PressTV,1,1,0.815972,0.722844,1
PressTV,1,3,0.394944,0.096043,0
PressTV,1,0,0.328277,0.029478,0
PressTV,1,1,0.682023,0.436186,1
PressTV,1,0,0.388170,0.098942,0
PressTV,1,5,0.476963,0.324858,0
PressTV,1,1,0.433447,0.059512,1
PressTV,1,1,0.684334,0.567569,1
PressTV,1,1,0.860668,0.786130,1
PressTV,1,1,0.852172,0.777125,1
PressTV,1,1,0.381939,0.140005,1
PressTV,1,6,0.369988,0.035158,0
PressTV,1,1,0.828614,0.769848,1
PressTV,1,1,0.621491,0.313467,1
PressTV,1,1,0.769841,0.619867,1
PressTV,1,1,0.915254,0.871599,1
PressTV,1,2,0.482482,0.248106,0
PressTV,1,0,0.550890,0.415418,0
PressTV,1,1,0.956398,0.924428,1
PressTV,1,3,0.782730,0.681709,0
PressTV,1,1,0.681219,0.515481,1
PressTV,1,1,0.950659,0.916871,1
PressTV,1,1,0.893554,0.812773,1
PressTV,1,1,0.507797,0.153478,1
PressTV,1,1,0.402908,0.025780,1
PressTV,1,1,0.516403,0.317612,1
PressTV,1,1,0.681085,0.509513,1
PressTV,1,1,0.831738,0.689528,1
PressTV,1,0,0.556428,0.377356,0
PressTV,1,0,0.450992,0.144237,0
PressTV,1,0,0.779559,0.637084,0
PressTV,1,1,0.383260,0.028766,1
PressTV,1,1,0.636064,0.528393,1
PressTV,1,1,0.757277,0.629308,1
PressTV,1,0,0.861786,0.798119,0
PressTV,1,1,0.887765,0.823221,1
PressTV,1,5,0.319612,0.019139,0
PressTV,1,1,0.451289,0.129350,1
PressTV,1,0,0.507102,0.262589,0
PressTV,1,1,0.512458,0.111419,1
PressTV,1,1,0.769399,0.610574,1
PressTV,1,0,0.778264,0.673462,0
PressTV,1,1,0.706194,0.457130,1
PressTV,1,1,0.288081,0.028584,1
PressTV,1,1,0.981433,0.964479,1
PressTV,1,1,0.698194,0.581966,1
PressTV,1,1,0.611624,0.387693,1
PressTV,1,0,0.557871,0.247777,0
PressTV,1,1,0.600907,0.435741,1
PressTV,1,1,0.751992,0.597530,1
PressTV,1,6,0.809893,0.699325,0
PressTV,1,1,0.938935,0.890984,1
PressTV,1,0,0.524857,0.238119,0
PressTV,1,1,0.442320,0.202492,1
PressTV,1,1,0.923913,0.882131,1
PressTV,1,1,0.718133,0.463485,1
PressTV,1,1,0.554544,0.353453,1
PressTV,1,3,0.583836,0.422891,0
PressTV,1,1,0.636575,0.426273,1
PressTV,1,0,0.713514,0.567709,0
PressTV,1,1,0.750428,0.592073,1
PressTV,1,1,0.655415,0.355097,1
PressTV,1,1,0.659516,0.348577,1
PressTV,1,1,0.316696,0.002764,1
PressTV,1,3,0.536253,0.275384,0
PressTV,1,1,0.869230,0.741071,1
PressTV,1,0,0.617692,0.288242,0
PressTV,1,1,0.903916,0.839491,1
PressTV,1,0,0.894018,0.822000,0
PressTV,1,1,0.750621,0.662571,1
PressTV,1,0,0.398613,0.141526,0
PressTV,1,3,0.404960,0.103286,0
PressTV,1,3,0.296336,0.110034,0
PressTV,1,1,0.684222,0.473260,1
PressTV,1,0,0.604583,0.355429,0
PressTV,1,2,0.324681,0.123905,0
PressTV,1,1,0.377544,0.080339,1
PressTV,1,0,0.489254,0.135880,0
PressTV,1,3,0.427361,0.042408,0
PressTV,1,5,0.383440,0.161635,0
PressTV,1,5,0.543613,0.309180,0
PressTV,1,0,0.563288,0.344816,0
PressTV,1,0,0.871408,0.782261,0
PressTV,1,1,0.534368,0.275588,1
PressTV,1,1,0.873605,0.812860,1
PressTV,1,1,0.932199,0.874363,1
PressTV,1,1,0.566776,0.285700,1
PressTV,1,1,0.738510,0.604293,1
PressTV,1,3,0.564976,0.380132,0
PressTV,1,0,0.506571,0.217455,0
PressTV,1,0,0.688123,0.450194,0
PressTV,1,1,0.907854,0.876070,1
PressTV,1,3,0.495360,0.318702,0
PressTV,1,0,0.376811,0.000706,0
PressTV,1,0,0.752757,0.514123,0
PressTV,1,1,0.328187,0.076895,1
PressTV,1,1,0.626043,0.313314,1
PressTV,1,6,0.329424,0.094695,0
PressTV,1,1,0.447293,0.018099,1
PressTV,1,1,0.533682,0.301830,1
PressTV,1,0,0.455195,0.062340,0
PressTV,1,1,0.576340,0.353584,1
PressTV,1,0,0.594272,0.357204,0
PressTV,1,1,0.809658,0.664526,1
PressTV,1,2,0.546403,0.300492,0
PressTV,1,0,0.415753,0.142359,0
PressTV,1,1,0.949651,0.900385,1
PressTV,1,5,0.507417,0.305909,0
PressTV,1,1,0.640518,0.355540,1
PressTV,1,0,0.466889,0.123598,0
PressTV,1,1,0.415055,0.169153,1
PressTV,1,3,0.624126,0.271967,0
PressTV,1,3,0.868480,0.792599,0
PressTV,1,0,0.454354,0.202461,0
PressTV,1,0,0.412504,0.126254,0
PressTV,1,0,0.417280,0.158882,0
PressTV,1,5,0.430810,0.234043,0
PressTV,1,3,0.314596,0.008987,0
PressTV,1,1,0.882729,0.833545,1
PressTV,1,0,0.859999,0.794467,0
PressTV,1,6,0.291959,0.020420,0
PressTV,1,1,0.661358,0.503695,1
PressTV,1,1,0.866084,0.776753,1
PressTV,1,3,0.677807,0.518611,0
PressTV,1,1,0.936790,0.904459,1
PressTV,1,1,0.781091,0.698975,1
PressTV,1,5,0.412128,0.035910,0
PressTV,1,1,0.814739,0.683623,1
PressTV,1,1,0.597827,0.443924,1
PressTV,1,0,0.394856,0.118302,0
PressTV,1,6,0.237441,0.008650,0
PressTV,1,3,0.961612,0.941346,0
PressTV,1,1,0.920857,0.846378,1
PressTV,1,1,0.583637,0.238501,1
PressTV,1,1,0.926876,0.880766,1
PressTV,1,1,0.821444,0.761190,1
PressTV,1,3,0.405373,0.131730,0
PressTV,1,4,0.580670,0.329845,0
PressTV,1,1,0.408512,0.010475,1
PressTV,1,1,0.940314,0.905387,1
PressTV,1,0,0.557487,0.323467,0
PressTV,1,0,0.405806,0.182525,0
PressTV,1,1,0.870597,0.804884,1
PressTV,1,1,0.731910,0.583589,1
PressTV,1,0,0.506598,0.091845,0
PressTV,1,1,0.735665,0.538336,1
PressTV,1,1,0.656297,0.467915,1
PressTV,1,5,0.288923,0.022478,0
PressTV,1,1,0.722646,0.583690,1
PressTV,1,4,0.408446,0.211637,0
PressTV,1,2,0.479111,0.285287,0
PressTV,1,1,0.971771,0.958845,1
PressTV,1,1,0.409259,0.017948,1
PressTV,1,1,0.633515,0.424161,1
PressTV,1,1,0.548035,0.292438,1
PressTV,1,1,0.553325,0.321143,1
PressTV,1,0,0.814485,0.742509,0
PressTV,1,5,0.930346,0.898739,0
PressTV,1,1,0.725933,0.591177,1
PressTV,1,0,0.673938,0.417342,0
PressTV,1,1,0.469008,0.219818,1
PressTV,1,3,0.507357,0.294220,0
PressTV,1,1,0.278017,0.001185,1
PressTV,1,0,0.402448,0.153383,0
PressTV,1,6,0.313607,0.011356,0
PressTV,1,1,0.806568,0.619715,1
PressTV,1,1,0.653096,0.482176,1
PressTV,1,1,0.640169,0.447453,1
PressTV,1,0,0.579696,0.295764,0
PressTV,1,1,0.727898,0.586694,1
PressTV,1,2,0.391713,0.114634,0
PressTV,1,3,0.459034,0.070448,0
PressTV,1,1,0.367155,0.131030,1
PressTV,1,1,0.897053,0.817424,1
PressTV,1,1,0.586078,0.423465,1
PressTV,1,6,0.367203,0.050079,0
PressTV,1,1,0.970926,0.956078,1
PressTV,1,3,0.652527,0.333888,0
PressTV,1,0,0.795387,0.679938,0
PressTV,1,1,0.653877,0.422887,1
PressTV,1,0,0.727942,0.593899,0
PressTV,1,0,0.667738,0.430703,0
PressTV,1,0,0.330143,0.054554,0
PressTV,1,1,0.501846,0.147144,1
PressTV,1,1,0.696310,0.549036,1
PressTV,1,1,0.662674,0.518371,1
PressTV,1,0,0.633626,0.525417,0
PressTV,1,1,0.851936,0.789617,1
PressTV,1,1,0.798719,0.646759,1
PressTV,1,0,0.488839,0.192998,0
PressTV,1,1,0.565302,0.358700,1
PressTV,1,1,0.894883,0.794045,1
PressTV,1,1,0.898105,0.804306,1
PressTV,1,3,0.629130,0.460963,0
PressTV,1,1,0.572294,0.362354,1
PressTV,1,1,0.483261,0.226771,1
PressTV,1,1,0.650396,0.468013,1
PressTV,1,1,0.492409,0.035645,1
PressTV,1,3,0.463445,0.187246,0
PressTV,1,1,0.988570,0.981713,1
PressTV,1,1,0.948169,0.902730,1
PressTV,1,1,0.900790,0.824154,1
PressTV,1,1,0.901397,0.858430,1
PressTV,1,1,0.812764,0.714481,1
PressTV,1,1,0.835668,0.701647,1
PressTV,1,0,0.656311,0.399458,0
PressTV,1,2,0.355938,0.038589,0
PressTV,1,1,0.372719,0.061273,1
PressTV,1,1,0.796293,0.701384,1
PressTV,1,1,0.529480,0.258966,1
PressTV,1,1,0.803327,0.734611,1
PressTV,1,1,0.438193,0.070493,1
PressTV,1,1,0.530659,0.304541,1
PressTV,1,1,0.432265,0.137629,1
PressTV,1,1,0.730006,0.525075,1
PressTV,1,1,0.585928,0.222053,1
PressTV,1,3,0.350917,0.074232,0
PressTV,1,1,0.685264,0.484938,1
PressTV,1,1,0.602855,0.328310,1
PressTV,1,1,0.800536,0.727276,1
PressTV,1,1,0.875583,0.761155,1
PressTV,1,1,0.879875,0.793409,1
PressTV,1,1,0.491397,0.349400,1
PressTV,1,0,0.731971,0.595520,0
PressTV,1,0,0.647630,0.351422,0
PressTV,1,1,0.891569,0.819060,1
PressTV,1,5,0.428637,0.127002,0
PressTV,1,1,0.842832,0.760137,1
Slavyangrad,3,3,0.495183,0.214175,1
Slavyangrad,3,4,0.858819,0.725945,0
Slavyangrad,3,1,0.536644,0.239824,0
Slavyangrad,3,0,0.883316,0.840423,0
Slavyangrad,3,0,0.433492,0.056845,0
Slavyangrad,3,3,0.368764,0.037063,1
Slavyangrad,3,4,0.988878,0.980530,0
Slavyangrad,3,1,0.301856,0.054344,0
Slavyangrad,3,4,0.785753,0.683433,0
Slavyangrad,3,4,0.689047,0.425615,0
Slavyangrad,3,1,0.975160,0.962705,0
Slavyangrad,3,0,0.695918,0.414944,0
Slavyangrad,3,0,0.567809,0.226162,0
Slavyangrad,3,0,0.730201,0.488719,0
Slavyangrad,3,3,0.687143,0.385830,1
Slavyangrad,3,3,0.671482,0.479480,1
Slavyangrad,3,1,0.694483,0.598903,0
Slavyangrad,3,1,0.437967,0.203941,0
Slavyangrad,3,4,0.814344,0.694108,0
Slavyangrad,3,4,0.872930,0.809049,0
Slavyangrad,3,1,0.573312,0.355317,0
Slavyangrad,3,0,0.426599,0.108680,0
Slavyangrad,3,0,0.654363,0.519264,0
Slavyangrad,3,5,0.560115,0.185606,0
Slavyangrad,3,1,0.806004,0.714774,0
Slavyangrad,3,3,0.802066,0.739159,1
Slavyangrad,3,3,0.636205,0.307666,1
Slavyangrad,3,1,0.514645,0.033652,0
Slavyangrad,3,3,0.999619,0.999363,1
Slavyangrad,3,0,0.702579,0.420524,0
Slavyangrad,3,6,0.257399,0.020537,0
Slavyangrad,3,2,0.897516,0.846934,0
Slavyangrad,3,3,0.390112,0.049492,1
Slavyangrad,3,4,0.436519,0.157576,0
Slavyangrad,3,4,0.461901,0.240221,0
Slavyangrad,3,1,0.406776,0.011794,0
Slavyangrad,3,0,0.962191,0.946585,0
Slavyangrad,3,0,0.668578,0.343293,0
Slavyangrad,3,1,0.600672,0.343580,0
Slavyangrad,3,0,0.599483,0.207483,0
Slavyangrad,3,3,0.901181,0.861361,1
Slavyangrad,3,0,0.300260,0.010899,0
Slavyangrad,3,3,0.614994,0.417650,1
Slavyangrad,3,4,0.964018,0.939098,0
Slavyangrad,3,6,0.578661,0.234219,0
Slavyangrad,3,3,0.908054,0.881426,1
Slavyangrad,3,0,0.720614,0.495364,0
Slavyangrad,3,0,0.923166,0.847456,0
Slavyangrad,3,2,0.455586,0.203530,0
Slavyangrad,3,2,0.648131,0.302871,0
Slavyangrad,3,0,0.552232,0.302595,0
Slavyangrad,3,1,0.576374,0.419644,0
Slavyangrad,3,6,0.408464,0.021841,0
Slavyangrad,3,6,0.501620,0.234773,0
Slavyangrad,3,1,0.698442,0.397440,0
Slavyangrad,3,5,0.885323,0.809768,0
Slavyangrad,3,4,0.977803,0.965218,0
Slavyangrad,3,5,0.440784,0.140295,0
Slavyangrad,3,3,0.324532,0.040234,1
Slavyangrad,3,0,0.683253,0.371281,0
Slavyangrad,3,4,0.386625,0.029245,0
Slavyangrad,3,1,0.987717,0.978962,0
Slavyangrad,3,1,0.765154,0.580758,0
Slavyangrad,3,6,0.537303,0.371034,0
Slavyangrad,3,5,0.526006,0.115481,0
Slavyangrad,3,1,0.615263,0.290469,0
Slavyangrad,3,4,0.337909,0.032216,0
Slavyangrad,3,0,0.436158,0.170230,0
Slavyangrad,3,4,0.571334,0.152291,0
Slavyangrad,3,3,0.732301,0.522065,1
Slavyangrad,3,0,0.570937,0.145682,0
Slavyangrad,3,5,0.682630,0.424953,0
Slavyangrad,3,4,0.880622,0.769320,0
Slavyangrad,3,1,0.823099,0.731611,0
Slavyangrad,3,0,0.573707,0.183385,0
Slavyangrad,3,1,0.739788,0.660400,0
Slavyangrad,3,4,0.850711,0.703878,0
Slavyangrad,3,6,0.916777,0.850438,0
Slavyangrad,3,4,0.859426,0.782998,0
Slavyangrad,3,4,0.879732,0.824173,0
Slavyangrad,3,2,0.581496,0.243992,0
Slavyangrad,3,1,0.777190,0.671714,0
Slavyangrad,3,0,0.260027,0.066501,0
Slavyangrad,3,1,0.432740,0.222316,0
Slavyangrad,3,0,0.457148,0.056665,0
Slavyangrad,3,4,0.505514,0.053061,0
Slavyangrad,3,4,0.988987,0.980101,0
Slavyangrad,3,5,0.591366,0.301713,0
Slavyangrad,3,3,0.954760,0.928018,1
Slavyangrad,3,1,0.660387,0.333463,0
Slavyangrad,3,1,0.479807,0.101340,0
Slavyangrad,3,4,0.983998,0.976614,0
Slavyangrad,3,3,0.999003,0.998285,1
Slavyangrad,3,2,0.362509,0.144272,0
Slavyangrad,3,3,0.745971,0.517730,1
Slavyangrad,3,3,0.638277,0.383199,1
Slavyangrad,3,3,0.755571,0.629996,1
Slavyangrad,3,4,0.639911,0.282556,0
Slavyangrad,3,0,0.867610,0.777327,0
Slavyangrad,3,3,0.784892,0.572213,1
Slavyangrad,3,0,0.672686,0.558448,0
Slavyangrad,3,0,0.569699,0.237549,0
Slavyangrad,3,0,0.721959,0.468159,0
Slavyangrad,3,3,0.673113,0.365832,1
Slavyangrad,3,3,0.912789,0.831987,1
Slavyangrad,3,4,0.972497,0.959540,0
Slavyangrad,3,3,0.530262,0.103448,1
Slavyangrad,3,0,0.670997,0.488154,0
Slavyangrad,3,1,0.690665,0.431106,0
Slavyangrad,3,0,0.739423,0.640741,0
Slavyangrad,3,4,0.273997,0.007816,0
Slavyangrad,3,4,0.728812,0.580544,0
Slavyangrad,3,1,0.461953,0.135024,0
Slavyangrad,3,4,0.714642,0.545868,0
Slavyangrad,3,3,0.591099,0.232349,1
Slavyangrad,3,0,0.792329,0.694688,0
Slavyangrad,3,0,0.894453,0.833273,0
Slavyangrad,3,0,0.621588,0.302571,0
Slavyangrad,3,3,0.740441,0.574367,1
Slavyangrad,3,2,0.707529,0.422626,0
Slavyangrad,3,2,0.936511,0.889535,0
Slavyangrad,3,1,0.889459,0.793057,0
Slavyangrad,3,3,0.684950,0.538058,1
Slavyangrad,3,1,0.759605,0.541734,0
Slavyangrad,3,0,0.453328,0.082053,0
Slavyangrad,3,2,0.964738,0.948516,0
Slavyangrad,3,3,0.618692,0.255957,1
Slavyangrad,3,3,0.263653,0.001750,1
Slavyangrad,3,3,0.590606,0.346567,1
Slavyangrad,3,3,0.659318,0.414350,1
Slavyangrad,3,3,0.893353,0.817857,1
Slavyangrad,3,4,0.990279,0.984921,0
Slavyangrad,3,4,0.813440,0.674042,0
Slavyangrad,3,1,0.705286,0.534263,0
Slavyangrad,3,3,0.641986,0.393572,1
Slavyangrad,3,0,0.336529,0.069148,0
Slavyangrad,3,1,0.645796,0.516011,0
Slavyangrad,3,1,0.397410,0.120418,0
Slavyangrad,3,1,0.951024,0.911497,0
Slavyangrad,3,1,0.677219,0.401463,0
Slavyangrad,3,0,0.961746,0.931443,0
Slavyangrad,3,4,0.728812,0.580544,0
Slavyangrad,3,3,0.977921,0.957194,1
Slavyangrad,3,2,0.347488,0.082502,0
Slavyangrad,3,1,0.486594,0.151018,0
Slavyangrad,3,5,0.828631,0.686735,0
Slavyangrad,3,5,0.728682,0.647805,0
Slavyangrad,3,1,0.707229,0.464236,0
Slavyangrad,3,3,0.975224,0.959445,1
Slavyangrad,3,6,0.519373,0.216147,0
Slavyangrad,3,1,0.956103,0.912685,0
Slavyangrad,3,1,0.435801,0.110895,0
Slavyangrad,3,0,0.786979,0.574784,0
Slavyangrad,3,1,0.867191,0.744207,0
Slavyangrad,3,3,0.902827,0.819840,1
Slavyangrad,3,0,0.653940,0.362008,0
Slavyangrad,3,3,0.994083,0.988772,1
Slavyangrad,3,3,0.548004,0.106309,1
Slavyangrad,3,1,0.696516,0.397085,0
Slavyangrad,3,4,0.953575,0.907453,0
Slavyangrad,3,1,0.723740,0.482844,0
Slavyangrad,3,4,0.419948,0.063269,0
Slavyangrad,3,4,0.662250,0.327131,0
Slavyangrad,3,4,0.940240,0.901826,0
Slavyangrad,3,0,0.922321,0.879793,0
Slavyangrad,3,4,0.346730,0.035814,0
Slavyangrad,3,0,0.721929,0.598763,0
Slavyangrad,3,1,0.847825,0.707615,0
Slavyangrad,3,2,0.665794,0.562108,0
Slavyangrad,3,0,0.290415,0.024751,0
Slavyangrad,3,4,0.834333,0.750527,0
Slavyangrad,3,0,0.393200,0.021860,0
Slavyangrad,3,1,0.382535,0.085473,0
Slavyangrad,3,1,0.702587,0.578911,0
Slavyangrad,3,3,0.467908,0.124410,1
Slavyangrad,3,3,0.702244,0.467766,1
Slavyangrad,3,2,0.372332,0.006583,0
Slavyangrad,3,5,0.680714,0.510288,0
Slavyangrad,3,2,0.971974,0.946308,0
Slavyangrad,3,1,0.519150,0.056154,0
Slavyangrad,3,1,0.634342,0.321196,0
Slavyangrad,3,1,0.912703,0.858100,0
Slavyangrad,3,1,0.743311,0.573537,0
Slavyangrad,3,0,0.649341,0.344765,0
Slavyangrad,3,4,0.546825,0.189716,0
Slavyangrad,3,4,0.691747,0.494103,0
Slavyangrad,3,3,0.304298,0.077773,1
Slavyangrad,3,2,0.347420,0.055434,0
Slavyangrad,3,3,0.754281,0.553391,1
Slavyangrad,3,4,0.630598,0.267373,0
Slavyangrad,3,3,0.608303,0.416050,1
Slavyangrad,3,3,0.784892,0.572213,1
Slavyangrad,3,1,0.723537,0.508509,0
Slavyangrad,3,3,0.827698,0.752678,1
Slavyangrad,3,2,0.511351,0.357804,0
Slavyangrad,3,4,0.410935,0.152007,0
Slavyangrad,3,3,0.812008,0.714013,1
Slavyangrad,3,1,0.390743,0.022735,0
Slavyangrad,3,4,0.879011,0.800400,0
Slavyangrad,3,2,0.714640,0.561823,0
TheEpochTimes,5,5,0.978616,0.957503,1
TheEpochTimes,5,2,0.413884,0.104644,0
TheEpochTimes,5,5,0.656819,0.486606,1
TheEpochTimes,5,5,0.573126,0.370759,1
TheEpochTimes,5,6,0.457051,0.169908,0
TheEpochTimes,5,5,0.874482,0.782911,1
TheEpochTimes,5,5,0.551563,0.288749,1
TheEpochTimes,5,5,0.566323,0.417869,1
TheEpochTimes,5,6,0.461836,0.099939,0
TheEpochTimes,5,6,0.609165,0.228286,0
TheEpochTimes,5,5,0.997980,0.996210,1
TheEpochTimes,5,5,0.804259,0.610753,1
TheEpochTimes,5,5,0.974633,0.958747,1
TheEpochTimes,5,5,0.863948,0.774397,1
TheEpochTimes,5,5,0.730829,0.606017,1
TheEpochTimes,5,6,0.679667,0.366803,0
TheEpochTimes,5,5,0.841406,0.699146,1
TheEpochTimes,5,2,0.581773,0.318144,0
TheEpochTimes,5,0,0.989120,0.983412,0
TheEpochTimes,5,0,0.575841,0.402169,0
TheEpochTimes,5,5,0.916316,0.859356,1
TheEpochTimes,5,5,0.964511,0.932571,1
TheEpochTimes,5,0,0.840730,0.689766,0
TheEpochTimes,5,3,0.667673,0.532487,0
TheEpochTimes,5,5,0.416535,0.072500,1
TheEpochTimes,5,5,0.696088,0.400371,1
TheEpochTimes,5,5,0.724775,0.487492,1
TheEpochTimes,5,5,0.507160,0.051097,1
TheEpochTimes,5,3,0.438988,0.154718,0
TheEpochTimes,5,5,0.909014,0.831631,1
TheEpochTimes,5,2,0.359177,0.068499,0
TheEpochTimes,5,2,0.407954,0.057690,0
TheEpochTimes,5,5,0.930138,0.892245,1
TheEpochTimes,5,5,0.807505,0.700685,1
TheEpochTimes,5,5,0.796441,0.614589,1
TheEpochTimes,5,5,0.546804,0.282928,1
TheEpochTimes,5,5,0.959510,0.939820,1
TheEpochTimes,5,5,0.539341,0.118882,1
TheEpochTimes,5,5,0.709524,0.463659,1
TheEpochTimes,5,2,0.427883,0.164989,0
TheEpochTimes,5,5,0.374696,0.080368,1
TheEpochTimes,5,0,0.491621,0.091946,0
TheEpochTimes,5,6,0.455961,0.201216,0
TheEpochTimes,5,6,0.487472,0.061405,0
TheEpochTimes,5,0,0.723002,0.475676,0
TheEpochTimes,5,6,0.763600,0.586842,0
TheEpochTimes,5,6,0.589543,0.288654,0
TheEpochTimes,5,5,0.989565,0.984242,1
TheEpochTimes,5,6,0.774670,0.615647,0
TheEpochTimes,5,5,0.635456,0.299707,1
TheEpochTimes,5,5,0.523898,0.150395,1
TheEpochTimes,5,6,0.436272,0.091949,0
TheEpochTimes,5,5,0.865754,0.757348,1
TheEpochTimes,5,3,0.858180,0.796600,0
TheEpochTimes,5,0,0.736740,0.612881,0
TheEpochTimes,5,0,0.800004,0.699474,0
TheEpochTimes,5,2,0.559751,0.377458,0
TheEpochTimes,5,0,0.413551,0.034738,0
TheEpochTimes,5,2,0.640552,0.498162,0
TheEpochTimes,5,0,0.873264,0.795143,0
TheEpochTimes,5,5,0.977855,0.958863,1
TheEpochTimes,5,5,0.976539,0.960409,1
TheEpochTimes,5,0,0.922960,0.870636,0
TheEpochTimes,5,5,0.882297,0.819005,1
TheEpochTimes,5,3,0.377388,0.045965,0
TheEpochTimes,5,5,0.852658,0.746731,1
TheEpochTimes,5,2,0.935028,0.903068,0
TheEpochTimes,5,2,0.358174,0.073648,0
TheEpochTimes,5,0,0.506700,0.282377,0
TheEpochTimes,5,1,0.313282,0.007531,0
TheEpochTimes,5,5,0.888215,0.801559,1
TheEpochTimes,5,0,0.532974,0.272452,0
TheEpochTimes,5,5,0.498756,0.143979,1
TheEpochTimes,5,2,0.356189,0.042177,0
TheEpochTimes,5,5,0.390538,0.097756,1
TheEpochTimes,5,6,0.385627,0.065452,0
TheEpochTimes,5,5,0.924885,0.885834,1
TheEpochTimes,5,0,0.505190,0.171218,0
TheEpochTimes,5,5,0.964466,0.947797,1
TheEpochTimes,5,6,0.881521,0.801610,0
TheEpochTimes,5,2,0.992236,0.989071,0
TheEpochTimes,5,5,0.728069,0.555784,1
TheEpochTimes,5,5,0.594924,0.243916,1
TheEpochTimes,5,5,0.999936,0.999895,1
TheEpochTimes,5,5,0.334762,0.075346,1
TheEpochTimes,5,5,0.950804,0.903375,1
TheEpochTimes,5,5,0.919810,0.877658,1
TheEpochTimes,5,5,0.573126,0.370759,1
TheEpochTimes,5,0,0.928806,0.865273,0
TheEpochTimes,5,5,0.934193,0.886409,1
TheEpochTimes,5,6,0.759187,0.548302,0
TheEpochTimes,5,5,0.913441,0.827526,1
TheEpochTimes,5,5,0.752618,0.622256,1
TheEpochTimes,5,5,0.418073,0.170243,1
TheEpochTimes,5,6,0.619248,0.315690,0
TheEpochTimes,5,5,0.856071,0.744012,1
TheEpochTimes,5,5,0.768433,0.544438,1
TheEpochTimes,5,5,0.999936,0.999893,1
TheEpochTimes,5,0,0.586985,0.282537,0
TheEpochTimes,5,0,0.468553,0.249791,0
TheEpochTimes,5,5,0.997898,0.996706,1
TheEpochTimes,5,6,0.780347,0.576150,0
TheEpochTimes,5,4,0.239602,0.003948,0
TheEpochTimes,5,5,0.874212,0.751888,1
TheEpochTimes,5,6,0.552310,0.213401,0
TheEpochTimes,5,6,0.617815,0.297487,0
TheEpochTimes,5,0,0.820210,0.717403,0
TheEpochTimes,5,6,0.689189,0.546483,0
TheEpochTimes,5,0,0.943339,0.913474,0
TheEpochTimes,5,5,0.627949,0.342020,1
TheEpochTimes,5,5,0.854590,0.793253,1
TheEpochTimes,5,5,0.949706,0.910131,1
TheEpochTimes,5,3,0.653332,0.478020,0
TheEpochTimes,5,5,0.815064,0.677171,1
TheEpochTimes,5,6,0.599540,0.382146,0
TheEpochTimes,5,5,0.419145,0.063178,1
TheEpochTimes,5,6,0.599406,0.243380,0
TheEpochTimes,5,6,0.683596,0.542285,0
TheEpochTimes,5,6,0.736567,0.562151,0
TheEpochTimes,5,0,0.698947,0.484672,0
TheEpochTimes,5,6,0.396646,0.075833,0
TheEpochTimes,5,5,0.749343,0.607600,1
TheEpochTimes,5,6,0.529533,0.099367,0
TheEpochTimes,5,6,0.566131,0.149548,0
TheEpochTimes,5,5,0.368568,0.157418,1
TheEpochTimes,5,5,0.498404,0.300604,1
TheEpochTimes,5,5,0.663068,0.418825,1
TheEpochTimes,5,5,0.831744,0.716505,1
TheEpochTimes,5,3,0.732770,0.638326,0
TheEpochTimes,5,5,0.908684,0.863188,1
TheEpochTimes,5,5,0.961110,0.935468,1
TheEpochTimes,5,5,0.778820,0.678787,1
TheEpochTimes,5,2,0.602443,0.379628,0
TheEpochTimes,5,2,0.355196,0.077150,0
TheEpochTimes,5,5,0.835314,0.718327,1
TheEpochTimes,5,6,0.542920,0.129946,0
TheEpochTimes,5,2,0.585642,0.319301,0
TheEpochTimes,5,6,0.573571,0.171302,0
TheEpochTimes,5,5,0.930633,0.895116,1
TheEpochTimes,5,5,0.766670,0.619987,1
TheEpochTimes,5,1,0.321323,0.086887,0
TheEpochTimes,5,5,0.999948,0.999916,1
TheEpochTimes,5,0,0.345917,0.115852,0
TheEpochTimes,5,0,0.899031,0.867186,0
TheEpochTimes,5,5,0.934448,0.892756,1
TheEpochTimes,5,5,0.707838,0.554684,1
TheEpochTimes,5,6,0.385627,0.065452,0
TheEpochTimes,5,5,0.833720,0.698021,1
TheEpochTimes,5,5,0.534795,0.245742,1
TheEpochTimes,5,6,0.779151,0.663806,0
TheEpochTimes,5,5,0.419145,0.063178,1
TheEpochTimes,5,0,0.334166,0.097383,0
TheEpochTimes,5,5,0.443868,0.066045,1
TheEpochTimes,5,0,0.355764,0.127041,0
TheEpochTimes,5,5,0.699283,0.421897,1
TheEpochTimes,5,0,0.346558,0.031488,0
TheEpochTimes,5,6,0.735438,0.494736,0
TheEpochTimes,5,5,0.754768,0.558280,1
TheEpochTimes,5,5,0.733940,0.547211,1
TheEpochTimes,5,3,0.602421,0.382284,0
TheEpochTimes,5,0,0.905511,0.825010,0
TheEpochTimes,5,3,0.377388,0.045965,0
TheEpochTimes,5,5,0.359880,0.011839,1
TheEpochTimes,5,0,0.506700,0.282377,0
TheEpochTimes,5,0,0.586382,0.375705,0
TheEpochTimes,5,5,0.670465,0.358525,1
TheEpochTimes,5,5,0.545416,0.203546,1
TheEpochTimes,5,5,0.318716,0.027640,1
TheEpochTimes,5,6,0.361008,0.008524,0
TheEpochTimes,5,0,0.770887,0.591118,0
TheEpochTimes,5,5,0.603431,0.366436,1
TheEpochTimes,5,5,0.490419,0.007875,1
TheEpochTimes,5,6,0.440442,0.115904,0
TheEpochTimes,5,6,0.544522,0.343871,0
TheEpochTimes,5,5,0.999708,0.999553,1
TheEpochTimes,5,2,0.911933,0.870227,0
TheEpochTimes,5,5,0.712595,0.500632,1
TheEpochTimes,5,0,0.535299,0.299655,0
TheEpochTimes,5,5,0.817518,0.694985,1
TheEpochTimes,5,5,0.368568,0.157418,1
TheEpochTimes,5,0,0.367105,0.035449,0
TheEpochTimes,5,5,0.604644,0.366478,1
TheEpochTimes,5,0,0.372489,0.001323,0
TheEpochTimes,5,6,0.791880,0.604525,0
TheEpochTimes,5,5,0.988125,0.978670,1
TheEpochTimes,5,5,0.876494,0.773012,1
TheEpochTimes,5,5,0.928216,0.872735,1
TheEpochTimes,5,3,0.803362,0.643135,0
TheEpochTimes,5,0,0.356308,0.081536,0
TheEpochTimes,5,5,0.816421,0.654566,1
TheEpochTimes,5,5,0.546804,0.282928,1
TheEpochTimes,5,0,0.752375,0.581512,0
TheEpochTimes,5,5,0.964501,0.935254,1
TheEpochTimes,5,6,0.687471,0.461413,0
TheEpochTimes,5,0,0.936992,0.893788,0
TheEpochTimes,5,5,0.711822,0.433764,1
TheEpochTimes,5,0,0.598733,0.353807,0
TheEpochTimes,5,6,0.973662,0.950742,0
TheEpochTimes,5,2,0.959263,0.946566,0
TheEpochTimes,5,5,0.798330,0.671004,1
ThePostMillennial,5,6,0.514733,0.154930,0
ThePostMillennial,5,5,0.444098,0.218252,1
ThePostMillennial,5,6,0.572334,0.151932,0
ThePostMillennial,5,5,0.806242,0.642514,1
ThePostMillennial,5,5,0.949767,0.902053,1
ThePostMillennial,5,6,0.764929,0.646693,0
ThePostMillennial,5,6,0.862068,0.727790,0
ThePostMillennial,5,5,0.777075,0.567550,1
ThePostMillennial,5,5,0.776036,0.566573,1
ThePostMillennial,5,0,0.819797,0.679018,0
ThePostMillennial,5,5,0.514646,0.234943,1
ThePostMillennial,5,5,0.436143,0.082571,1
ThePostMillennial,5,5,0.814299,0.704453,1
ThePostMillennial,5,0,0.640193,0.345617,0
ThePostMillennial,5,5,0.904781,0.813524,1
ThePostMillennial,5,0,0.393329,0.192587,0
ThePostMillennial,5,5,0.692384,0.462050,1
ThePostMillennial,5,5,0.811579,0.623843,1
ThePostMillennial,5,6,0.675399,0.350851,0
ThePostMillennial,5,6,0.608815,0.390046,0
ThePostMillennial,5,5,0.508955,0.055585,1
ThePostMillennial,5,5,0.984795,0.970681,1
ThePostMillennial,5,5,0.776123,0.603003,1
ThePostMillennial,5,5,0.855421,0.713773,1
ThePostMillennial,5,6,0.637198,0.284925,0
ThePostMillennial,5,5,0.964484,0.946198,1
ThePostMillennial,5,5,0.986404,0.973086,1
ThePostMillennial,5,5,0.790485,0.584344,1
ThePostMillennial,5,5,0.523395,0.145119,1
ThePostMillennial,5,5,0.442038,0.000386,1
ThePostMillennial,5,5,0.603271,0.278425,1
ThePostMillennial,5,5,0.708010,0.591166,1
ThePostMillennial,5,5,0.747993,0.502814,1
ThePostMillennial,5,6,0.499477,0.054946,0
ThePostMillennial,5,5,0.931666,0.864713,1
ThePostMillennial,5,6,0.514252,0.028769,0
ThePostMillennial,5,5,0.658464,0.385999,1
ThePostMillennial,5,5,0.729069,0.458206,1
ThePostMillennial,5,6,0.987909,0.976332,0
ThePostMillennial,5,6,0.427168,0.172117,0
ThePostMillennial,5,5,0.946550,0.918808,1
ThePostMillennial,5,6,0.462553,0.115701,0
ThePostMillennial,5,5,0.990129,0.981962,1
ThePostMillennial,5,5,0.990612,0.982425,1
ThePostMillennial,5,5,0.418946,0.034087,1
ThePostMillennial,5,5,0.827269,0.706327,1
ThePostMillennial,5,6,0.638530,0.290407,0
ThePostMillennial,5,6,0.537705,0.076561,0
ThePostMillennial,5,5,0.639224,0.381584,1
ThePostMillennial,5,0,0.943136,0.889162,0
ThePostMillennial,5,5,0.946589,0.893527,1
ThePostMillennial,5,5,0.626045,0.252296,1
ThePostMillennial,5,0,0.676996,0.410700,0
ThePostMillennial,5,5,0.854901,0.710540,1
ThePostMillennial,5,0,0.591127,0.220196,0
ThePostMillennial,5,3,0.516336,0.175520,0
ThePostMillennial,5,5,0.969454,0.948503,1
ThePostMillennial,5,6,0.791675,0.586162,0
ThePostMillennial,5,5,0.908700,0.840035,1
ThePostMillennial,5,5,0.744476,0.494255,1
ThePostMillennial,5,5,0.979101,0.958608,1
ThePostMillennial,5,5,0.825229,0.652265,1
ThePostMillennial,5,5,0.693941,0.388451,1
ThePostMillennial,5,5,0.976922,0.961416,1
ThePostMillennial,5,5,0.639761,0.396903,1
ThePostMillennial,5,6,0.785478,0.612570,0
ThePostMillennial,5,5,0.987182,0.976702,1
ThePostMillennial,5,5,0.679970,0.427956,1
ThePostMillennial,5,6,0.672788,0.477505,0
ThePostMillennial,5,5,0.985779,0.979460,1
ThePostMillennial,5,5,0.684941,0.378966,1
ThePostMillennial,5,0,0.758435,0.609559,0
ThePostMillennial,5,6,0.931947,0.873582,0
ThePostMillennial,5,5,0.946981,0.895548,1
ThePostMillennial,5,5,0.700336,0.408435,1
ThePostMillennial,5,6,0.931585,0.865673,0
ThePostMillennial,5,6,0.878297,0.809125,0
ThePostMillennial,5,6,0.924134,0.850136,0
ThePostMillennial,5,6,0.469479,0.088319,0
ThePostMillennial,5,5,0.878595,0.769960,1
ThePostMillennial,5,5,0.723536,0.455742,1
ThePostMillennial,5,5,0.960653,0.928993,1
ThePostMillennial,5,5,0.527584,0.149445,1
ThePostMillennial,5,5,0.722610,0.461267,1
ThePostMillennial,5,6,0.550473,0.105996,0
ThePostMillennial,5,5,0.515457,0.031194,1
ThePostMillennial,5,5,0.881055,0.767584,1
ThePostMillennial,5,5,0.640548,0.478944,1
ThePostMillennial,5,5,0.763261,0.526621,1
ThePostMillennial,5,0,0.528324,0.330586,0
ThePostMillennial,5,5,0.912609,0.843930,1
ThePostMillennial,5,6,0.548798,0.177526,0
ThePostMillennial,5,5,0.868952,0.753357,1
ThePostMillennial,5,5,0.894941,0.802608,1
ThePostMillennial,5,5,0.384009,0.023012,1
ThePostMillennial,5,5,0.950319,0.903842,1
ThePostMillennial,5,6,0.843421,0.701409,0
ThePostMillennial,5,5,0.925353,0.872964,1
ThePostMillennial,5,0,0.453036,0.173896,0
ThePostMillennial,5,5,0.647110,0.500642,1
ThePostMillennial,5,5,0.971223,0.944349,1
ThePostMillennial,5,5,0.698908,0.442925,1
ThePostMillennial,5,5,0.951098,0.925043,1
ThePostMillennial,5,5,0.524472,0.160989,1
ThePostMillennial,5,6,0.818660,0.637445,0
ThePostMillennial,5,6,0.535646,0.092252,0
ThePostMillennial,5,6,0.619871,0.241150,0
ThePostMillennial,5,5,0.854252,0.764006,1
ThePostMillennial,5,6,0.849177,0.756197,0
ThePostMillennial,5,5,0.981112,0.965888,1
ThePostMillennial,5,6,0.816129,0.647427,0
ThePostMillennial,5,0,0.483262,0.250137,0
ThePostMillennial,5,5,0.510126,0.025411,1
ThePostMillennial,5,5,0.690980,0.477807,1
ThePostMillennial,5,6,0.990047,0.981237,0
ThePostMillennial,5,5,0.838972,0.678820,1
ThePostMillennial,5,6,0.928249,0.874767,0
ThePostMillennial,5,5,0.816515,0.669127,1
ThePostMillennial,5,6,0.659037,0.432043,0
ThePostMillennial,5,6,0.558497,0.248315,0
ThePostMillennial,5,5,0.821772,0.648226,1
ThePostMillennial,5,5,0.985075,0.970418,1
ThePostMillennial,5,5,0.713674,0.503828,1
ThePostMillennial,5,6,0.844963,0.696254,0
ThePostMillennial,5,5,0.664594,0.329911,1
ThePostMillennial,5,6,0.669189,0.343297,0
ThePostMillennial,5,5,0.957704,0.919372,1
ThePostMillennial,5,6,0.939903,0.879857,0
ThePostMillennial,5,0,0.670087,0.478331,0
ThePostMillennial,5,5,0.901536,0.809220,1
ThePostMillennial,5,5,0.921430,0.872203,1
ThePostMillennial,5,6,0.585960,0.183844,0
ThePostMillennial,5,5,0.373814,0.173859,1
ThePostMillennial,5,6,0.850628,0.709001,0
ThePostMillennial,5,6,0.826426,0.730694,0
ThePostMillennial,5,6,0.682823,0.431210,0
ThePostMillennial,5,5,0.571328,0.403125,1
ThePostMillennial,5,6,0.744869,0.489903,0
ThePostMillennial,5,0,0.301701,0.048620,0
ThePostMillennial,5,5,0.678983,0.367705,1
ThePostMillennial,5,5,0.673448,0.477381,1
ThePostMillennial,5,5,0.701840,0.405778,1
ThePostMillennial,5,6,0.580156,0.173554,0
ThePostMillennial,5,5,0.682215,0.384036,1
ThePostMillennial,5,5,0.647570,0.297705,1
ThePostMillennial,5,6,0.587607,0.176893,0
ThePostMillennial,5,6,0.540632,0.082215,0
ThePostMillennial,5,5,0.688803,0.408159,1
ThePostMillennial,5,5,0.721169,0.455719,1
ThePostMillennial,5,5,0.918991,0.839652,1
ThePostMillennial,5,6,0.803979,0.629149,0
ThePostMillennial,5,5,0.995722,0.992172,1
ThePostMillennial,5,5,0.760253,0.521604,1
ThePostMillennial,5,5,0.965911,0.939880,1
ThePostMillennial,5,6,0.661096,0.324340,0
ThePostMillennial,5,5,0.882566,0.813064,1
ThePostMillennial,5,5,0.683897,0.368049,1
ThePostMillennial,5,6,0.356430,0.033599,0
ThePostMillennial,5,6,0.560247,0.122923,0
ThePostMillennial,5,6,0.655039,0.317535,0
ThePostMillennial,5,5,0.734085,0.468678,1
ThePostMillennial,5,5,0.877426,0.776549,1
ThePostMillennial,5,5,0.613456,0.243287,1
ThePostMillennial,5,5,0.789403,0.614099,1
ThePostMillennial,5,5,0.752672,0.536746,1
ThePostMillennial,5,5,0.526278,0.055126,1
ThePostMillennial,5,5,0.877250,0.799365,1
ThePostMillennial,5,5,0.833298,0.741613,1
ThePostMillennial,5,6,0.889819,0.780259,0
ThePostMillennial,5,6,0.645744,0.327072,0
ThePostMillennial,5,5,0.993256,0.987143,1
ThePostMillennial,5,6,0.977787,0.959153,0
ThePostMillennial,5,5,0.719092,0.438845,1
ThePostMillennial,5,5,0.982948,0.966092,1
ThePostMillennial,5,6,0.904661,0.814088,0
ThePostMillennial,5,5,0.980155,0.961462,1
ThePostMillennial,5,5,0.980615,0.962745,1
ThePostMillennial,5,6,0.704055,0.409264,0
ThePostMillennial,5,5,0.948339,0.925485,1
ThePostMillennial,5,5,0.938417,0.887615,1
ThePostMillennial,5,5,0.810999,0.626691,1
ThePostMillennial,5,5,0.874432,0.752082,1
ThePostMillennial,5,5,0.819870,0.645761,1
ThePostMillennial,5,6,0.858347,0.719836,0
ThePostMillennial,5,5,0.967022,0.935824,1
ThePostMillennial,5,5,0.812971,0.713924,1
ThePostMillennial,5,5,0.887756,0.781965,1
ThePostMillennial,5,5,0.876847,0.797501,1
ThePostMillennial,5,5,0.691601,0.419718,1
ThePostMillennial,5,5,0.613089,0.260307,1
ThePostMillennial,5,0,0.497641,0.184704,0
ThePostMillennial,5,5,0.975183,0.961132,1
ThePostMillennial,5,6,0.664871,0.331181,0
ThePostMillennial,5,6,0.543054,0.180450,0
ThePostMillennial,5,5,0.455342,0.239601,1
ThePostMillennial,5,5,0.676562,0.354987,1
ThePostMillennial,5,5,0.775326,0.675433,1
ThePostMillennial,5,5,0.385061,0.150092,1
ThePostMillennial,5,5,0.965980,0.937624,1
ThePostMillennial,5,5,0.842472,0.712033,1
United24Media,4,3,0.392530,0.138766,0
United24Media,4,4,0.673813,0.413960,1
United24Media,4,4,0.879168,0.761891,1
United24Media,4,4,0.827474,0.667569,1
United24Media,4,4,0.594749,0.241428,1
United24Media,4,4,0.932619,0.867262,1
United24Media,4,4,0.790748,0.588198,1
United24Media,4,4,0.880965,0.763833,1
United24Media,4,4,0.995425,0.992717,1
United24Media,4,4,0.631859,0.375455,1
United24Media,4,4,0.935590,0.881921,1
United24Media,4,4,0.488101,0.177060,1
United24Media,4,0,0.842161,0.761758,0
United24Media,4,4,0.920359,0.885156,1
United24Media,4,4,0.824974,0.718299,1
United24Media,4,4,0.837709,0.756474,1
United24Media,4,4,0.838874,0.722342,1
United24Media,4,4,0.991516,0.985131,1
United24Media,4,4,0.517268,0.202276,1
United24Media,4,4,0.843340,0.689242,1
United24Media,4,4,0.981242,0.967604,1
United24Media,4,4,0.897716,0.825530,1
United24Media,4,4,0.956991,0.927730,1
United24Media,4,4,0.540860,0.133244,1
United24Media,4,3,0.551404,0.130014,0
United24Media,4,4,0.624844,0.343257,1
United24Media,4,4,0.986150,0.978515,1
United24Media,4,4,0.808726,0.622900,1
United24Media,4,1,0.462109,0.199913,0
United24Media,4,4,0.732329,0.471840,1
United24Media,4,4,0.974728,0.958661,1
United24Media,4,4,0.954914,0.925370,1
United24Media,4,4,0.738011,0.561939,1
United24Media,4,4,0.924734,0.874220,1
United24Media,4,2,0.515341,0.263554,0
United24Media,4,2,0.904317,0.817118,0
United24Media,4,4,0.978207,0.958348,1
United24Media,4,4,0.691070,0.458478,1
United24Media,4,4,0.837978,0.745184,1
United24Media,4,4,0.571719,0.154845,1
United24Media,4,4,0.987337,0.978727,1
United24Media,4,3,0.811823,0.720088,0
United24Media,4,4,0.860475,0.786178,1
United24Media,4,4,0.941238,0.894590,1
United24Media,4,6,0.386479,0.041197,0
United24Media,4,4,0.945549,0.913356,1
United24Media,4,0,0.763930,0.592460,0
United24Media,4,4,0.978035,0.956566,1
United24Media,4,4,0.967417,0.949060,1
United24Media,4,4,0.621863,0.333133,1
United24Media,4,3,0.865801,0.773904,0
United24Media,4,4,0.913927,0.875166,1
United24Media,4,4,0.822067,0.659402,1
United24Media,4,2,0.528302,0.147238,0
United24Media,4,4,0.682784,0.436402,1
United24Media,4,4,0.595569,0.405495,1
United24Media,4,2,0.802618,0.614362,0
United24Media,4,4,0.974167,0.954768,1
United24Media,4,4,0.885815,0.784891,1
United24Media,4,4,0.575572,0.197600,1
United24Media,4,5,0.255176,0.021694,0
United24Media,4,2,0.836050,0.688712,0
United24Media,4,4,0.982358,0.964901,1
United24Media,4,0,0.578541,0.318357,0
United24Media,4,4,0.498715,0.170680,1
United24Media,4,2,0.608666,0.389679,0
United24Media,4,3,0.606765,0.294631,0
United24Media,4,4,0.946997,0.907582,1
United24Media,4,4,0.973872,0.958290,1
United24Media,4,4,0.527036,0.300358,1
United24Media,4,4,0.449349,0.244328,1
United24Media,4,4,0.862917,0.740382,1
United24Media,4,4,0.770623,0.683032,1
United24Media,4,4,0.814470,0.719945,1
United24Media,4,3,0.508591,0.181963,0
United24Media,4,4,0.746141,0.573515,1
United24Media,4,4,0.491408,0.107695,1
United24Media,4,4,0.690274,0.479009,1
United24Media,4,4,0.599369,0.275365,1
United24Media,4,4,0.890246,0.812591,1
United24Media,4,4,0.591521,0.183633,1
United24Media,4,4,0.728978,0.515008,1
United24Media,4,4,0.677803,0.420442,1
United24Media,4,4,0.607698,0.323652,1
United24Media,4,4,0.910147,0.830628,1
United24Media,4,4,0.968428,0.952290,1
United24Media,4,4,0.775013,0.605135,1
United24Media,4,4,0.758504,0.629720,1
United24Media,4,4,0.978552,0.962024,1
United24Media,4,4,0.654776,0.380487,1
United24Media,4,4,0.414498,0.156690,1
United24Media,4,4,0.896089,0.803470,1
United24Media,4,4,0.642789,0.447393,1
United24Media,4,1,0.571866,0.430348,0
United24Media,4,4,0.576560,0.297261,1
United24Media,4,4,0.564524,0.290168,1
United24Media,4,4,0.899043,0.806531,1
United24Media,4,4,0.624082,0.290245,1
United24Media,4,4,0.550987,0.106415,1
United24Media,4,4,0.735452,0.549063,1
United24Media,4,4,0.474901,0.062797,1
United24Media,4,3,0.834875,0.674867,0
United24Media,4,4,0.790997,0.602101,1
United24Media,4,4,0.936997,0.888489,1
United24Media,4,4,0.945205,0.917585,1
United24Media,4,4,0.988544,0.981826,1
United24Media,4,4,0.924185,0.848705,1
United24Media,4,4,0.939649,0.881292,1
United24Media,4,4,0.524558,0.100066,1
United24Media,4,4,0.911769,0.841325,1
United24Media,4,3,0.489518,0.111773,0
United24Media,4,4,0.975343,0.960098,1
United24Media,4,4,0.628041,0.461411,1
United24Media,4,4,0.981357,0.972408,1
United24Media,4,4,0.918348,0.882724,1
United24Media,4,4,0.766760,0.599304,1
United24Media,4,2,0.717761,0.561748,0
United24Media,4,4,0.985736,0.980379,1
United24Media,4,3,0.432982,0.156092,0
United24Media,4,3,0.957108,0.914835,0
United24Media,4,4,0.849128,0.722911,1
United24Media,4,4,0.964058,0.940885,1
United24Media,4,1,0.469055,0.180511,0
United24Media,4,2,0.976312,0.954773,0
United24Media,4,2,0.430907,0.033480,0
United24Media,4,4,0.733580,0.489391,1
United24Media,4,4,0.751592,0.561156,1
United24Media,4,4,0.604702,0.351485,1
United24Media,4,4,0.542955,0.208038,1
United24Media,4,3,0.590879,0.337488,0
United24Media,4,4,0.929987,0.868155,1
United24Media,4,4,0.864757,0.784563,1
United24Media,4,4,0.402229,0.045375,1
United24Media,4,4,0.980557,0.962468,1
United24Media,4,4,0.868418,0.756209,1
United24Media,4,4,0.890962,0.796545,1
United24Media,4,0,0.654174,0.523431,0
United24Media,4,3,0.493000,0.218503,0
United24Media,4,4,0.904617,0.835336,1
United24Media,4,4,0.948442,0.903512,1
United24Media,4,4,0.264367,0.004044,1
United24Media,4,4,0.612155,0.252472,1
United24Media,4,1,0.388247,0.073388,0
United24Media,4,4,0.551336,0.163415,1
United24Media,4,4,0.911339,0.824712,1
United24Media,4,3,0.545327,0.275335,0
United24Media,4,0,0.740165,0.509248,0
United24Media,4,4,0.826777,0.750129,1
United24Media,4,4,0.826587,0.749033,1
United24Media,4,2,0.673037,0.487340,0
United24Media,4,4,0.961965,0.930031,1
United24Media,4,4,0.994727,0.992083,1
United24Media,4,0,0.418925,0.239218,0
United24Media,4,4,0.695903,0.532817,1
United24Media,4,4,0.949874,0.928804,1
United24Media,4,4,0.581683,0.340677,1
United24Media,4,4,0.904250,0.841585,1
United24Media,4,1,0.726872,0.588821,0
United24Media,4,3,0.741631,0.553769,0
United24Media,4,4,0.968673,0.945554,1
United24Media,4,2,0.510165,0.170237,0
United24Media,4,4,0.737425,0.632973,1
United24Media,4,4,0.682157,0.600109,1
United24Media,4,4,0.837794,0.699065,1
United24Media,4,4,0.899993,0.804752,1
United24Media,4,4,0.587121,0.207238,1
United24Media,4,4,0.650168,0.320506,1
United24Media,4,4,0.992679,0.985515,1
United24Media,4,4,0.751282,0.513011,1
United24Media,4,4,0.923730,0.880913,1
United24Media,4,4,0.973283,0.957482,1
United24Media,4,4,0.901686,0.839941,1
United24Media,4,4,0.741300,0.510786,1
United24Media,4,4,0.949067,0.919984,1
United24Media,4,2,0.888771,0.842331,0
United24Media,4,2,0.628458,0.267481,0
United24Media,4,4,0.965504,0.937870,1
United24Media,4,4,0.360163,0.003876,1
United24Media,4,4,0.987850,0.978534,1
United24Media,4,4,0.974398,0.950935,1
United24Media,4,3,0.886510,0.786106,0
United24Media,4,4,0.906480,0.813541,1
United24Media,4,5,0.344066,0.067952,0
United24Media,4,4,0.964004,0.945177,1
United24Media,4,4,0.491346,0.267932,1
United24Media,4,4,0.948552,0.911226,1
United24Media,4,2,0.686646,0.386367,0
United24Media,4,4,0.950033,0.903356,1
United24Media,4,4,0.874807,0.764844,1
United24Media,4,4,0.948041,0.923495,1
United24Media,4,0,0.788025,0.699052,0
United24Media,4,4,0.763550,0.582890,1
United24Media,4,4,0.851249,0.766610,1
United24Media,4,3,0.714118,0.448946,0
United24Media,4,4,0.518989,0.336715,1
United24Media,4,4,0.875752,0.759322,1
United24Media,4,4,0.928248,0.877225,1
United24Media,4,4,0.925042,0.858338,1
United24Media,4,4,0.612115,0.317622,1
United24Media,4,2,0.655544,0.356336,0
ViceNews,6,5,0.713883,0.586933,0
ViceNews,6,5,0.915816,0.854199,0
ViceNews,6,3,0.870286,0.809048,0
ViceNews,6,5,0.415457,0.163418,0
ViceNews,6,6,0.548896,0.344981,1
ViceNews,6,5,0.572629,0.269097,0
ViceNews,6,5,0.457355,0.009654,0
ViceNews,6,5,0.341328,0.101066,0
ViceNews,6,5,0.443813,0.206359,0
ViceNews,6,1,0.397152,0.167055,0
ViceNews,6,0,0.382388,0.138537,0
ViceNews,6,6,0.795385,0.693946,1
ViceNews,6,5,0.554916,0.119568,0
ViceNews,6,4,0.795240,0.707043,0
ViceNews,6,5,0.684054,0.514678,0
ViceNews,6,5,0.409284,0.047820,0
ViceNews,6,2,0.550166,0.354568,0
ViceNews,6,2,0.464574,0.157986,0
ViceNews,6,2,0.535212,0.200733,0
ViceNews,6,5,0.762783,0.647147,0
ViceNews,6,6,0.448733,0.066350,1
ViceNews,6,5,0.501834,0.190296,0
ViceNews,6,5,0.912904,0.875395,0
ViceNews,6,1,0.415191,0.094166,0
ViceNews,6,5,0.919106,0.865271,0
ViceNews,6,6,0.943259,0.900495,1
ViceNews,6,5,0.659876,0.345078,0
ViceNews,6,5,0.810189,0.630289,0
ViceNews,6,5,0.958543,0.926868,0
ViceNews,6,5,0.947096,0.923087,0
ViceNews,6,5,0.476882,0.185170,0
ViceNews,6,5,0.817135,0.652665,0
ViceNews,6,0,0.634089,0.466438,0
ViceNews,6,6,0.813523,0.633060,1
ViceNews,6,5,0.983752,0.975365,0
ViceNews,6,1,0.513576,0.148889,0
ViceNews,6,6,0.538791,0.109362,1
ViceNews,6,5,0.810790,0.729713,0
ViceNews,6,6,0.424751,0.174890,1
ViceNews,6,5,0.921645,0.854162,0
ViceNews,6,5,0.968858,0.954005,0
ViceNews,6,2,0.285076,0.017232,0
ViceNews,6,0,0.289944,0.034448,0
ViceNews,6,4,0.504204,0.349436,0
ViceNews,6,5,0.629479,0.480582,0
ViceNews,6,5,0.850641,0.787711,0
ViceNews,6,6,0.623769,0.356502,1
ViceNews,6,2,0.497890,0.110569,0
ViceNews,6,4,0.543745,0.319026,0
ViceNews,6,3,0.728861,0.637550,0
ViceNews,6,5,0.574065,0.266492,0
ViceNews,6,6,0.375041,0.082985,1
ViceNews,6,5,0.670450,0.570293,0
ViceNews,6,5,0.768027,0.681030,0
ViceNews,6,5,0.593212,0.261231,0
ViceNews,6,5,0.947128,0.919001,0
ViceNews,6,3,0.816800,0.677243,0
ViceNews,6,4,0.343446,0.010277,0
ViceNews,6,5,0.378229,0.121416,0
ViceNews,6,5,0.677577,0.377996,0
ViceNews,6,5,0.842400,0.777171,0
ViceNews,6,5,0.485386,0.260058,0
ViceNews,6,5,0.782173,0.669969,0
ViceNews,6,5,0.962721,0.929117,0
ViceNews,6,5,0.540839,0.288666,0
ViceNews,6,5,0.931688,0.882546,0
ViceNews,6,1,0.360561,0.039331,0
ViceNews,6,4,0.455469,0.247977,0
ViceNews,6,2,0.431041,0.103376,0
ViceNews,6,5,0.648740,0.532701,0
ViceNews,6,5,0.631626,0.339137,0
ViceNews,6,5,0.457642,0.117039,0
ViceNews,6,5,0.871539,0.810645,0
ViceNews,6,5,0.533643,0.181645,0
ViceNews,6,5,0.709484,0.549274,0
ViceNews,6,5,0.825439,0.712677,0
ViceNews,6,4,0.684129,0.578429,0
ViceNews,6,4,0.431347,0.122456,0
ViceNews,6,6,0.402133,0.053699,1
ViceNews,6,6,0.504790,0.094157,1
ViceNews,6,6,0.607503,0.224715,1
ViceNews,6,3,0.547335,0.349498,0
ViceNews,6,0,0.482570,0.112335,0
ViceNews,6,5,0.790613,0.636424,0
ViceNews,6,4,0.711133,0.483203,0
ViceNews,6,5,0.944193,0.892491,0
ViceNews,6,5,0.755691,0.527761,0
ViceNews,6,6,0.363112,0.044572,1
ViceNews,6,4,0.510096,0.222447,0
ViceNews,6,5,0.627209,0.282439,0
ViceNews,6,5,0.926866,0.900845,0
ViceNews,6,5,0.484780,0.068127,0
ViceNews,6,2,0.775219,0.639007,0
ViceNews,6,6,0.656462,0.484572,1
ViceNews,6,6,0.367496,0.026795,1
ViceNews,6,5,0.641951,0.485033,0
ViceNews,6,5,0.705376,0.554390,0
ViceNews,6,5,0.445269,0.129469,0
ViceNews,6,2,0.311456,0.013185,0
ViceNews,6,5,0.503011,0.108902,0
ViceNews,6,0,0.857501,0.808425,0
ViceNews,6,5,0.381742,0.106422,0
ViceNews,6,5,0.876228,0.810194,0
ViceNews,6,5,0.239254,0.025591,0
ViceNews,6,6,0.423415,0.105262,1
ViceNews,6,6,0.582973,0.300496,1
ViceNews,6,5,0.733467,0.570794,0
ViceNews,6,3,0.763929,0.677342,0
ViceNews,6,5,0.619642,0.441706,0
ViceNews,6,6,0.332301,0.002173,1
ViceNews,6,5,0.547005,0.192644,0
ViceNews,6,5,0.636478,0.388942,0
ViceNews,6,6,0.379369,0.009535,1
ViceNews,6,5,0.892413,0.841721,0
ViceNews,6,3,0.890920,0.831061,0
ViceNews,6,2,0.541723,0.241737,0
ViceNews,6,5,0.643558,0.473237,0
ViceNews,6,5,0.726506,0.553355,0
ViceNews,6,6,0.373006,0.032045,1
ViceNews,6,3,0.477012,0.044034,0
ViceNews,6,2,0.482842,0.242633,0
ViceNews,6,4,0.497649,0.311028,0
ViceNews,6,5,0.565379,0.373050,0
ViceNews,6,5,0.965160,0.935854,0
ViceNews,6,5,0.309186,0.083996,0
ViceNews,6,5,0.336582,0.138976,0
ViceNews,6,5,0.670400,0.390320,0
ViceNews,6,5,0.972544,0.947317,0
ViceNews,6,4,0.494888,0.318527,0
ViceNews,6,5,0.712018,0.558040,0
ViceNews,6,5,0.809760,0.676194,0
ViceNews,6,6,0.452979,0.037713,1
ViceNews,6,6,0.392900,0.039692,1
ViceNews,6,3,0.872951,0.767708,0
ViceNews,6,5,0.757487,0.637739,0
ViceNews,6,0,0.762174,0.667111,0
ViceNews,6,1,0.599613,0.334974,0
ViceNews,6,5,0.780770,0.582763,0
ViceNews,6,4,0.656536,0.420724,0
ViceNews,6,6,0.425101,0.131209,1
ViceNews,6,0,0.588170,0.349902,0
ViceNews,6,5,0.894797,0.791398,0
ViceNews,6,5,0.475144,0.147819,0
ViceNews,6,5,0.340679,0.117749,0
ViceNews,6,2,0.439968,0.228490,0
ViceNews,6,0,0.403440,0.121756,0
ViceNews,6,5,0.534988,0.248165,0
ViceNews,6,5,0.963772,0.932570,0
ViceNews,6,0,0.460719,0.075167,0
ViceNews,6,0,0.258033,0.018189,0
ViceNews,6,5,0.547256,0.188598,0
ViceNews,6,3,0.595617,0.375706,0
ViceNews,6,5,0.737666,0.544264,0
ViceNews,6,4,0.300700,0.042682,0
ViceNews,6,5,0.719029,0.546253,0
ViceNews,6,6,0.398659,0.109066,1
ViceNews,6,5,0.554564,0.183256,0
ViceNews,6,6,0.682491,0.408432,1
ViceNews,6,5,0.622167,0.279777,0
ViceNews,6,2,0.751005,0.666494,0
ViceNews,6,2,0.439524,0.284803,0
ViceNews,6,0,0.422511,0.214989,0
ViceNews,6,5,0.387236,0.038098,0
ViceNews,6,6,0.663680,0.368861,1
ViceNews,6,0,0.322773,0.092121,0
ViceNews,6,2,0.395242,0.056742,0
ViceNews,6,5,0.927985,0.884733,0
ViceNews,6,6,0.591627,0.368382,1
ViceNews,6,6,0.595453,0.299274,1
ViceNews,6,0,0.528931,0.371747,0
ViceNews,6,4,0.467816,0.283193,0
ViceNews,6,6,0.441665,0.067605,1
ViceNews,6,5,0.854173,0.716343,0
ViceNews,6,6,0.528727,0.326706,1
ViceNews,6,5,0.327667,0.059537,0
ViceNews,6,6,0.468656,0.289514,1
ViceNews,6,2,0.818750,0.676658,0
ViceNews,6,5,0.572921,0.413800,0
ViceNews,6,6,0.631387,0.461484,1
ViceNews,6,5,0.784847,0.697286,0
ViceNews,6,6,0.725924,0.475275,1
ViceNews,6,6,0.727624,0.488934,1
ViceNews,6,5,0.536743,0.216255,0
ViceNews,6,4,0.322498,0.027621,0
ViceNews,6,3,0.653102,0.502928,0
ViceNews,6,5,0.743918,0.530053,0
ViceNews,6,1,0.545734,0.163048,0
ViceNews,6,0,0.899984,0.869019,0
ViceNews,6,5,0.883297,0.819703,0
ViceNews,6,6,0.824359,0.651717,1
ViceNews,6,1,0.459651,0.218521,0
ViceNews,6,5,0.888618,0.792522,0
ViceNews,6,0,0.368730,0.010144,0
ViceNews,6,6,0.307609,0.069030,1
ViceNews,6,5,0.543502,0.137617,0
ViceNews,6,5,0.913418,0.875040,0
ViceNews,6,3,0.405337,0.137258,0
ViceNews,6,5,0.977383,0.961280,0
ViceNews,6,3,0.639835,0.380920,0
ViceNews,6,5,0.706425,0.549919,0
abualiexpress,0,2,0.617891,0.423264,0
abualiexpress,0,1,0.955620,0.928372,0
abualiexpress,0,2,0.778012,0.664286,0
abualiexpress,0,3,0.690803,0.506103,0
abualiexpress,0,1,0.802412,0.705021,0
abualiexpress,0,1,0.857304,0.721626,0
abualiexpress,0,1,0.535127,0.101695,0
abualiexpress,0,0,0.291944,0.036197,1
abualiexpress,0,6,0.413811,0.078657,0
abualiexpress,0,0,0.561240,0.264465,1
abualiexpress,0,0,0.578079,0.296286,1
abualiexpress,0,3,0.416407,0.197435,0
abualiexpress,0,1,0.957037,0.916934,0
abualiexpress,0,3,0.813467,0.690045,0
abualiexpress,0,2,0.529355,0.341438,0
abualiexpress,0,1,0.321175,0.077579,0
abualiexpress,0,0,0.873172,0.809648,1
abualiexpress,0,1,0.792681,0.675730,0
abualiexpress,0,5,0.689643,0.465097,0
abualiexpress,0,0,0.547913,0.111339,1
abualiexpress,0,1,0.722858,0.596007,0
abualiexpress,0,5,0.644776,0.376120,0
abualiexpress,0,1,0.510229,0.258362,0
abualiexpress,0,0,0.683992,0.505091,1
abualiexpress,0,3,0.813467,0.690045,0
abualiexpress,0,3,0.902201,0.864143,0
abualiexpress,0,0,0.681939,0.435275,1
abualiexpress,0,0,0.691043,0.412908,1
abualiexpress,0,6,0.796929,0.638060,0
abualiexpress,0,1,0.953039,0.929165,0
abualiexpress,0,3,0.842835,0.776878,0
abualiexpress,0,2,0.778012,0.664286,0
abualiexpress,0,5,0.500499,0.318573,0
abualiexpress,0,1,0.644430,0.305453,0
abualiexpress,0,6,0.312523,0.043496,0
abualiexpress,0,1,0.940525,0.902404,0
abualiexpress,0,1,0.477111,0.136323,0
abualiexpress,0,0,0.870191,0.780254,1
abualiexpress,0,3,0.943428,0.896655,0
abualiexpress,0,0,0.827646,0.750806,1
abualiexpress,0,1,0.877329,0.764835,0
abualiexpress,0,1,0.788811,0.609342,0
abualiexpress,0,1,0.931393,0.886975,0
abualiexpress,0,5,0.648391,0.465627,0
abualiexpress,0,3,0.618643,0.521507,0
abualiexpress,0,1,0.560909,0.234889,0
abualiexpress,0,6,0.329529,0.008182,0
abualiexpress,0,0,0.594878,0.396448,1
abualiexpress,0,0,0.425955,0.236019,1
abualiexpress,0,6,0.548634,0.288191,0
abualiexpress,0,0,0.653135,0.343795,1
abualiexpress,0,1,0.547854,0.212648,0
abualiexpress,0,4,0.809452,0.658263,0
abualiexpress,0,3,0.767371,0.581277,0
abualiexpress,0,3,0.526717,0.361238,0
abualiexpress,0,1,0.843425,0.723835,0
abualiexpress,0,1,0.972373,0.964631,0
abualiexpress,0,2,0.778012,0.664286,0
abualiexpress,0,3,0.374236,0.025804,0
abualiexpress,0,2,0.778012,0.664286,0
abualiexpress,0,0,0.533036,0.324392,1
abualiexpress,0,1,0.806648,0.732207,0
abualiexpress,0,4,0.700195,0.448449,0
abualiexpress,0,0,0.425370,0.097381,1
abualiexpress,0,0,0.277954,0.061679,1
abualiexpress,0,0,0.977046,0.964677,1
abualiexpress,0,0,0.727696,0.561287,1
abualiexpress,0,1,0.688222,0.394570,0
abualiexpress,0,1,0.914589,0.871103,0
abualiexpress,0,1,0.653776,0.353402,0
abualiexpress,0,6,0.635975,0.551845,0
abualiexpress,0,0,0.750509,0.528311,1
abualiexpress,0,0,0.850928,0.764056,1
abualiexpress,0,2,0.778012,0.664286,0
abualiexpress,0,0,0.389145,0.062291,1
abualiexpress,0,1,0.417427,0.155446,0
abualiexpress,0,1,0.730749,0.463432,0
abualiexpress,0,1,0.768511,0.703358,0
abualiexpress,0,0,0.850937,0.752586,1
abualiexpress,0,1,0.774625,0.625025,0
abualiexpress,0,3,0.419572,0.136191,0
abualiexpress,0,1,0.976241,0.968277,0
abualiexpress,0,0,0.808571,0.731816,1
abualiexpress,0,0,0.596996,0.357206,1
abualiexpress,0,1,0.372129,0.096259,0
abualiexpress,0,4,0.640448,0.398735,0
abualiexpress,0,1,0.792461,0.683896,0
abualiexpress,0,2,0.528231,0.251429,0
abualiexpress,0,1,0.930254,0.870469,0
abualiexpress,0,4,0.795035,0.625949,0
abualiexpress,0,1,0.317891,0.015623,0
abualiexpress,0,1,0.818560,0.652529,0
abualiexpress,0,1,0.704797,0.545190,0
abualiexpress,0,1,0.984447,0.978091,0
abualiexpress,0,5,0.615103,0.446728,0
abualiexpress,0,2,0.778012,0.664286,0
abualiexpress,0,1,0.450932,0.285765,0
abualiexpress,0,2,0.778012,0.664286,0
abualiexpress,0,0,0.932032,0.865352,1
abualiexpress,0,1,0.825040,0.689790,0
abualiexpress,0,1,0.697971,0.439614,0
abualiexpress,0,3,0.487161,0.300238,0
abualiexpress,0,1,0.665696,0.338384,0
abualiexpress,0,1,0.630166,0.351890,0
abualiexpress,0,1,0.795319,0.696800,0
abualiexpress,0,0,0.811252,0.660150,1
abualiexpress,0,5,0.800756,0.714135,0
abualiexpress,0,2,0.778012,0.664286,0
abualiexpress,0,1,0.447877,0.001429,0
abualiexpress,0,4,0.324396,0.031686,0
abualiexpress,0,1,0.740216,0.562618,0
abualiexpress,0,1,0.901144,0.842673,0
abualiexpress,0,0,0.772304,0.629129,1
abualiexpress,0,2,0.778012,0.664286,0
abualiexpress,0,0,0.705633,0.452539,1
abualiexpress,0,1,0.908150,0.834762,0
abualiexpress,0,1,0.768999,0.656999,0
abualiexpress,0,1,0.800486,0.652485,0
abualiexpress,0,0,0.410926,0.209541,1
abualiexpress,0,6,0.611346,0.270890,0
abualiexpress,0,3,0.733191,0.614135,0
abualiexpress,0,1,0.853923,0.791454,0
abualiexpress,0,0,0.482175,0.239273,1
abualiexpress,0,3,0.637589,0.357931,0
abualiexpress,0,0,0.605723,0.358446,1
abualiexpress,0,1,0.683233,0.525879,0
abualiexpress,0,1,0.495982,0.184426,0
abualiexpress,0,1,0.928105,0.857233,0
abualiexpress,0,1,0.933721,0.901180,0
abualiexpress,0,1,0.623949,0.313394,0
abualiexpress,0,1,0.890178,0.814803,0
abualiexpress,0,2,0.778012,0.664286,0
abualiexpress,0,6,0.707448,0.552603,0
abualiexpress,0,1,0.637678,0.384070,0
abualiexpress,0,1,0.840121,0.732028,0
abualiexpress,0,0,0.616336,0.244834,1
abualiexpress,0,4,0.412613,0.049503,0
abualiexpress,0,5,0.550793,0.346648,0
abualiexpress,0,3,0.430038,0.038224,0
abualiexpress,0,1,0.958954,0.932549,0
abualiexpress,0,1,0.777292,0.603258,0
abualiexpress,0,0,0.930682,0.877256,1
abualiexpress,0,0,0.447616,0.103900,1
abualiexpress,0,1,0.414418,0.135015,0
abualiexpress,0,0,0.907218,0.854043,1
abualiexpress,0,0,0.434590,0.159787,1
abualiexpress,0,0,0.546657,0.288376,1
abualiexpress,0,1,0.679419,0.362432,0
abualiexpress,0,3,0.521911,0.351615,0
abualiexpress,0,1,0.574379,0.441585,0
abualiexpress,0,5,0.818930,0.720709,0
abualiexpress,0,6,0.475201,0.317988,0
abualiexpress,0,6,0.516967,0.376167,0
abualiexpress,0,2,0.803744,0.722565,0
abualiexpress,0,1,0.952157,0.916800,0
abualiexpress,0,1,0.865928,0.741759,0
abualiexpress,0,0,0.888605,0.824190,1
abualiexpress,0,1,0.705482,0.539294,0
abualiexpress,0,0,0.807790,0.631843,1
abualiexpress,0,1,0.700818,0.481064,0
abualiexpress,0,0,0.868932,0.777808,1
abualiexpress,0,1,0.672738,0.462117,0
abualiexpress,0,0,0.653264,0.316764,1
abualiexpress,0,0,0.612810,0.385287,1
abualiexpress,0,1,0.720131,0.501116,0
abualiexpress,0,1,0.862919,0.754214,0
abualiexpress,0,1,0.664890,0.530107,0
abualiexpress,0,5,0.380242,0.085264,0
abualiexpress,0,1,0.953683,0.932567,0
abualiexpress,0,1,0.621842,0.318987,0
abualiexpress,0,0,0.603064,0.319551,1
abualiexpress,0,1,0.581980,0.407465,0
abualiexpress,0,1,0.996170,0.993072,0
abualiexpress,0,1,0.770285,0.609010,0
abualiexpress,0,3,0.266501,0.088720,0
abualiexpress,0,1,0.930853,0.866483,0
abualiexpress,0,1,0.883691,0.776503,0
abualiexpress,0,0,0.582677,0.261783,1
abualiexpress,0,3,0.690208,0.424871,0
abualiexpress,0,0,0.454472,0.157823,1
abualiexpress,0,1,0.491638,0.000231,0
abualiexpress,0,5,0.803327,0.662613,0
abualiexpress,0,1,0.726694,0.470752,0
abualiexpress,0,3,0.459986,0.148470,0
abualiexpress,0,3,0.513928,0.237290,0
abualiexpress,0,3,0.407610,0.036483,0
abualiexpress,0,3,0.618261,0.480028,0
abualiexpress,0,1,0.847397,0.729957,0
abualiexpress,0,1,0.913534,0.833941,0
abualiexpress,0,1,0.921254,0.868992,0
abualiexpress,0,1,0.784580,0.580180,0
abualiexpress,0,1,0.814612,0.637720,0
abualiexpress,0,0,0.616438,0.381596,1
abualiexpress,0,1,0.417064,0.144034,0
abualiexpress,0,1,0.739982,0.594714,0
abualiexpress,0,1,0.949991,0.912356,0
abualiexpress,0,2,0.778012,0.664286,0
abualiexpress,0,5,0.478323,0.175735,0
abualiexpress,0,0,0.945338,0.911918,1
abualiexpress,0,0,0.465355,0.060160,1
