author,true_narrative,predicted_narrative,correct,nearest_train_sbert_similarity,mean_same_narrative_similarity,distance_to_same_narrative_centroid,entity_overlap_ratio_with_train,entity_novelty_ratio,lexical_overlap_with_train,topic_distribution_distance_to_same_narrative_train,avg_sentence_length,punctuation_rate,hashtag_count,mention_count
abualiexpress,Zionist,Western,0,0.33512550592422485,0.008847888559103012,0.9791981279850006,0.0,1.0,0.5555555555555556,0.06531552970409393,14.5,0.03766478342749529,0,0
abualiexpress,Zionist,Resistance,0,0.7185474634170532,0.19032792747020721,0.5525296032428741,0.25,0.75,0.5,0.06531552970409393,13.5,0.034482758620689655,0,0
abualiexpress,Zionist,Western,0,0.4046330451965332,0.07649486511945724,0.8201567530632019,,,0.5,0.06531552970409393,3.0,0.0,0,0
abualiexpress,Zionist,Russian,0,0.577564537525177,0.17665618658065796,0.584672600030899,1.0,0.5,0.7,0.9952927231788635,8.5,0.030927835051546393,0,0
abualiexpress,Zionist,Resistance,0,0.6043747067451477,0.21734857559204102,0.48900270462036133,0.7142857142857143,0.2857142857142857,0.8947368421052632,0.06531552970409393,19.571428571428573,0.015424164524421594,0,0
abualiexpress,Zionist,Resistance,0,0.7359187006950378,0.27597880363464355,0.3511601686477661,0.6,0.6,0.7857142857142857,0.06531552970409393,11.0,0.047619047619047616,0,0
abualiexpress,Zionist,Resistance,0,0.665151834487915,0.21709588170051575,0.48959672451019287,0.6666666666666666,0.41666666666666663,0.8205128205128205,0.06531552970409393,23.333333333333332,0.02743142144638404,0,0
abualiexpress,Zionist,Zionist,1,0.6906580328941345,0.19355325400829315,0.5449466705322266,1.0,0.0,0.875,0.06531552970409393,7.333333333333333,0.03937007874015748,0,0
abualiexpress,Zionist,Left-wing,0,0.6351503729820251,0.17085625231266022,0.5983084440231323,1.0,0.33333333333333337,0.7619047619047619,0.06531552970409393,24.5,0.01845018450184502,0,0
abualiexpress,Zionist,Zionist,1,0.6241042613983154,0.2479589283466339,0.41703617572784424,0.5,0.5,0.96,0.9836675524711609,16.5,0.013089005235602094,0,0
abualiexpress,Zionist,Zionist,1,0.7196844220161438,0.2543816864490509,0.40193605422973633,1.0,0.0,0.9354838709677419,0.06531552970409393,13.0,0.025440313111545987,0,0
abualiexpress,Zionist,Russian,0,0.8001242280006409,0.13222388923168182,0.6891351044178009,1.0,0.5,0.875,0.06531552970409393,9.0,0.026785714285714284,0,0
abualiexpress,Zionist,Resistance,0,0.8263915181159973,0.22447331249713898,0.47225213050842285,0.7142857142857143,0.2857142857142857,0.8627450980392157,0.06531552970409393,24.5,0.01834862385321101,0,0
abualiexpress,Zionist,Russian,0,0.3535940647125244,0.07893270254135132,0.8144252300262451,0.0,1.0,0.6666666666666666,1.0021307468414307,7.642857142857143,0.049107142857142856,0,0
abualiexpress,Zionist,Western,0,0.6912593841552734,0.10740746557712555,0.7474796772003174,1.0,0.0,0.8461538461538461,1.0006694793701172,10.0,0.044585987261146494,0,0
abualiexpress,Zionist,Resistance,0,0.7946204543113708,0.15795733034610748,0.6286344528198242,1.0,0.0,0.8421052631578947,0.9952927231788635,13.2,0.016853932584269662,0,0
abualiexpress,Zionist,Zionist,1,0.7780576944351196,0.2270459681749344,0.4662036895751953,1.0,0.19999999999999996,1.0,1.000181794166565,20.25,0.0262582056892779,0,0
abualiexpress,Zionist,Resistance,0,0.6218851804733276,0.2214765101671219,0.4792977571487427,0.5,0.5,0.7142857142857143,0.9948946833610535,8.0,0.0625,0,0
abualiexpress,Zionist,Right-wing,0,0.82532799243927,0.020327312871813774,0.9522094577550888,1.0,0.0,0.8571428571428571,0.9069410562515259,8.25,0.07058823529411765,0,0
abualiexpress,Zionist,Zionist,1,0.7381858229637146,0.18948914110660553,0.5545015335083008,1.0,0.0,0.9069767441860465,0.06531552970409393,25.75,0.01757188498402556,0,0
abualiexpress,Zionist,Resistance,0,0.7723268866539001,0.15770404040813446,0.6292299628257751,0.6666666666666666,0.33333333333333337,0.9130434782608695,0.06531552970409393,12.75,0.015625,0,0
abualiexpress,Zionist,Right-wing,0,0.4430137276649475,0.1626882702112198,0.6175117492675781,,,1.0,0.06531552970409393,6.5,0.03125,0,0
abualiexpress,Zionist,Resistance,0,0.8736830949783325,0.26619282364845276,0.37416744232177734,0.6,0.4,0.9210526315789473,1.0000003576278687,28.333333333333332,0.018789144050104383,0,0
abualiexpress,Zionist,Zionist,1,0.8482001423835754,0.22356757521629333,0.4743815064430237,1.0,0.16666666666666663,0.8235294117647058,0.7455257177352905,32.0,0.01240694789081886,0,0
abualiexpress,Zionist,Russian,0,0.3535941243171692,0.07893270254135132,0.8144252300262451,0.0,1.0,0.6666666666666666,1.0021307468414307,7.642857142857143,0.049107142857142856,0,0
abualiexpress,Zionist,Russian,0,0.7103450894355774,0.1523580551147461,0.6417985558509827,0.5,0.5,1.0,1.0015358924865723,9.333333333333334,0.017857142857142856,0,0
abualiexpress,Zionist,Zionist,1,0.5982918739318848,0.20044361054897308,0.5287470817565918,0.5,0.5,0.7272727272727273,0.06531552970409393,18.0,0.03636363636363636,0,0
abualiexpress,Zionist,Zionist,1,0.7368866205215454,0.2858295738697052,0.32800042629241943,0.5,0.5,1.0,0.06531552970409393,12.0,0.013605442176870748,0,0
abualiexpress,Zionist,Left-wing,0,0.6301637887954712,0.23188236355781555,0.4548330307006836,1.0,0.33333333333333337,0.7777777777777778,0.06531552970409393,20.666666666666668,0.02654867256637168,0,0
abualiexpress,Zionist,Resistance,0,0.7419893741607666,0.2372145652770996,0.44229674339294434,0.5,0.75,0.8214285714285714,0.06531552970409393,13.25,0.017699115044247787,0,0
abualiexpress,Zionist,Russian,0,0.3856935501098633,-0.0020081265829503536,1.0047212084755301,0.0,1.0,0.5,1.0021307468414307,9.0,0.016666666666666666,0,0
abualiexpress,Zionist,Western,0,0.40463313460350037,0.07649487257003784,0.8201567232608795,,,0.5,0.06531552970409393,3.0,0.0,0,0
abualiexpress,Zionist,Right-wing,0,0.6729960441589355,0.2618728578090668,0.38432401418685913,1.0,0.0,1.0,0.06531552970409393,8.0,0.05325443786982249,0,0
abualiexpress,Zionist,Resistance,0,0.7954587340354919,0.2010810673236847,0.5272483825683594,0.75,0.25,0.8181818181818182,0.06531552970409393,17.0,0.018691588785046728,0,0
abualiexpress,Zionist,Left-wing,0,0.6020810604095459,0.07630234211683273,0.8206094205379486,0.5,0.5,1.0,0.06531552970409393,14.333333333333334,0.01639344262295082,0,0
abualiexpress,Zionist,Resistance,0,0.7149710059165955,0.247882679104805,0.4172154664993286,0.6,0.4,0.8461538461538461,0.9892696738243103,27.0,0.025974025974025976,0,0
abualiexpress,Zionist,Resistance,0,0.7933876514434814,0.2503337562084198,0.41145288944244385,1.0,0.0,0.9230769230769231,0.06531552970409393,16.0,0.021505376344086023,0,0
abualiexpress,Zionist,Zionist,1,0.7864600419998169,0.2812536358833313,0.3387587070465088,1.0,0.0,1.0,0.06531552970409393,13.5,0.014084507042253521,0,0
abualiexpress,Zionist,Russian,0,0.6968878507614136,0.12491311877965927,0.7063230276107788,1.0,0.33333333333333337,0.8333333333333334,1.0006694793701172,3.0,0.06896551724137931,0,0
abualiexpress,Zionist,Zionist,1,0.46973174810409546,0.15499264001846313,0.6356045603752136,0.6666666666666666,0.6666666666666667,0.675,0.06531552970409393,12.571428571428571,0.03136531365313653,0,0
abualiexpress,Zionist,Resistance,0,0.5820415019989014,0.22744423151016235,0.4652673006057739,0.6666666666666666,0.33333333333333337,0.7142857142857143,0.06531552970409393,12.0,0.0,0,0
abualiexpress,Zionist,Resistance,0,0.5838968753814697,0.23182033002376556,0.4549788236618042,0.6666666666666666,0.6666666666666667,0.6923076923076923,0.06531552970409393,10.5,0.034013605442176874,0,0
abualiexpress,Zionist,Resistance,0,0.5537217855453491,0.19045941531658173,0.5522204041481018,0.375,0.75,0.7027027027027027,1.000105619430542,13.75,0.027253668763102725,0,0
abualiexpress,Zionist,Right-wing,0,0.5461302399635315,0.1387619823217392,0.6737636923789978,1.0,0.25,0.7857142857142857,1.0021307468414307,9.75,0.03125,0,0
abualiexpress,Zionist,Russian,0,0.6567560434341431,0.16726437211036682,0.6067531406879425,1.0,0.0,0.9444444444444444,1.0007297992706299,9.8,0.036734693877551024,0,0
abualiexpress,Zionist,Resistance,0,0.7332237958908081,0.2044983208179474,0.5192142128944397,0.75,0.25,0.8571428571428571,0.06531552970409393,12.5,0.04285714285714286,0,0
abualiexpress,Zionist,Left-wing,0,0.7125193476676941,0.20186839997768402,0.5253973305225372,0.8571428571428571,0.4285714285714286,0.8095238095238095,1.000181794166565,18.555555555555557,0.014329580348004094,0,0
abualiexpress,Zionist,Zionist,1,0.6979948282241821,0.1956145167350769,0.5401005148887634,1.0,0.0,0.85,0.06531552970409393,16.666666666666668,0.028469750889679714,0,0
abualiexpress,Zionist,Zionist,1,0.3266487121582031,0.050063297152519226,0.882298655807972,0.0,1.0,0.5416666666666666,0.06531552970409393,6.571428571428571,0.0681198910081744,0,0
abualiexpress,Zionist,Left-wing,0,0.7395034432411194,0.22234362363815308,0.4772590398788452,0.7142857142857143,0.5714285714285714,0.8709677419354839,0.06531552970409393,16.166666666666668,0.04263565891472868,0,0
abualiexpress,Zionist,Zionist,1,0.6656395196914673,0.20779861509799957,0.5114551186561584,0.6666666666666666,0.33333333333333337,0.75,0.06531552970409393,9.5,0.028985507246376812,0,0
abualiexpress,Zionist,Resistance,0,0.5902018547058105,0.174968883395195,0.5886394381523132,0.75,0.25,0.7222222222222222,1.0017067193984985,9.666666666666666,0.022857142857142857,0,0
abualiexpress,Zionist,Ukrainian,0,0.7547783851623535,0.1405908763408661,0.6694638133049011,1.0,1.0,0.7058823529411765,0.06531552970409393,17.5,0.03,0,0
abualiexpress,Zionist,Russian,0,0.531195878982544,0.1621856838464737,0.6186933517456055,0.5,0.5,0.8181818181818182,0.06531552970409393,14.5,0.006329113924050633,0,0
abualiexpress,Zionist,Russian,0,0.6364915370941162,0.22259870171546936,0.47665935754776,0.8181818181818182,0.36363636363636365,0.9,0.06531552970409393,23.6,0.027818448023426062,0,0
abualiexpress,Zionist,Resistance,0,0.7126215696334839,0.24341852962970734,0.4277108907699585,0.8,0.19999999999999996,0.8,0.9948946833610535,14.0,0.03636363636363636,0,0
abualiexpress,Zionist,Resistance,0,0.6446663737297058,0.205698624253273,0.5163922905921936,0.8,0.4,0.8333333333333334,0.06531552970409393,15.5,0.020512820512820513,0,0
abualiexpress,Zionist,Western,0,0.40463313460350037,0.07649487257003784,0.8201567232608795,,,0.5,0.06531552970409393,3.0,0.0,0,0
abualiexpress,Zionist,Russian,0,0.4829648733139038,0.12472055107355118,0.7067758440971375,1.0,0.0,0.6923076923076923,0.06531552970409393,16.5,0.03508771929824561,0,0
abualiexpress,Zionist,Western,0,0.40463313460350037,0.07649487257003784,0.8201567232608795,,,0.5,0.06531552970409393,3.0,0.0,0,0
abualiexpress,Zionist,Zionist,1,0.6627582311630249,0.22103987634181976,0.4803241491317749,0.5,0.5,0.9047619047619048,0.06531552970409393,13.666666666666666,0.029411764705882353,0,0
abualiexpress,Zionist,Resistance,0,0.7104460000991821,0.223367378115654,0.47485220432281494,0.5714285714285714,0.4285714285714286,0.8076923076923077,0.9892696738243103,18.666666666666668,0.017964071856287425,0,0
abualiexpress,Zionist,Ukrainian,0,0.6885343790054321,0.08374383300542831,0.8031140714883804,0.8,0.8,0.8085106382978723,0.7079564332962036,15.285714285714286,0.0203125,0,0
abualiexpress,Zionist,Zionist,1,0.7185477018356323,0.18243303894996643,0.571090817451477,0.6,0.4,0.9,0.06531552970409393,19.5,0.017316017316017316,0,0
abualiexpress,Zionist,Zionist,1,0.6517152786254883,0.17516672611236572,0.5881742238998413,0.6666666666666666,0.33333333333333337,0.84375,0.9986969232559204,11.2,0.019230769230769232,0,0
abualiexpress,Zionist,Zionist,1,0.8228007555007935,0.20426581799983978,0.519760936498642,1.0,0.0,1.0,0.9892696738243103,14.4,0.01818181818181818,0,0
abualiexpress,Zionist,Zionist,1,0.7294701933860779,0.17690664529800415,0.5840836465358734,0.625,0.5,0.9117647058823529,0.06531552970409393,89.0,0.01160541586073501,0,0
abualiexpress,Zionist,Resistance,0,0.6385892629623413,0.2708240747451782,0.3632791042327881,1.0,0.33333333333333337,0.7692307692307693,1.0017067193984985,9.272727272727273,0.0289193302891933,0,0
abualiexpress,Zionist,Resistance,0,0.6133887767791748,0.1608002483844757,0.6219505965709686,0.8,0.19999999999999996,0.9047619047619048,0.06531552970409393,18.5,0.004310344827586207,0,0
abualiexpress,Zionist,Resistance,0,0.7085220813751221,0.19017024338245392,0.5529003143310547,0.8,0.19999999999999996,0.9375,0.6821109056472778,15.0,0.020253164556962026,0,0
abualiexpress,Zionist,Left-wing,0,0.7697334885597229,0.20679791271686554,0.5138078331947327,0.9,0.09999999999999998,0.8648648648648649,1.0011566877365112,12.166666666666666,0.040632054176072234,0,0
abualiexpress,Zionist,Zionist,1,0.6674955487251282,0.2207746058702469,0.48094791173934937,0.8,0.19999999999999996,0.8275862068965517,0.06531552970409393,21.333333333333332,0.017902813299232736,0,0
abualiexpress,Zionist,Zionist,1,0.7731792330741882,0.23476296663284302,0.4480605721473694,0.8,0.19999999999999996,0.8823529411764706,0.7831635475158691,24.8,0.019178082191780823,0,0
abualiexpress,Zionist,Western,0,0.4046330451965332,0.07649486511945724,0.8201567530632019,,,0.5,0.06531552970409393,3.0,0.0,0,0
abualiexpress,Zionist,Zionist,1,0.8121684789657593,0.2743399739265442,0.3550131320953369,0.8333333333333334,0.33333333333333337,0.7755102040816326,0.06531552970409393,15.142857142857142,0.0234009360374415,0,0
abualiexpress,Zionist,Resistance,0,0.5551862716674805,0.17283111810684204,0.5936654210090637,0.6666666666666666,0.33333333333333337,0.7333333333333333,0.06531552970409393,17.5,0.041666666666666664,0,0
abualiexpress,Zionist,Resistance,0,0.7142581939697266,0.27179044485092163,0.3610072135925293,0.6666666666666666,0.33333333333333337,0.6666666666666666,0.06531552970409393,19.0,0.01680672268907563,0,0
abualiexpress,Zionist,Resistance,0,0.896186113357544,0.16630227863788605,0.6090151071548462,0.75,0.75,0.95,1.0011568069458008,13.0,0.017391304347826087,0,0
abualiexpress,Zionist,Zionist,1,0.8325369358062744,0.20917829871177673,0.5082114338874817,1.0,0.25,0.8095238095238095,0.06531552970409393,16.0,0.011111111111111112,0,0
abualiexpress,Zionist,Resistance,0,0.6454222798347473,0.17443540692329407,0.5898936986923218,0.5,0.6666666666666667,0.8148148148148148,0.7472288608551025,15.666666666666666,0.029900332225913623,0,0
abualiexpress,Zionist,Russian,0,0.517938494682312,0.1123621016740799,0.7358310222625732,1.0,0.0,0.8571428571428571,0.06531552970409393,7.5,0.013157894736842105,0,0
abualiexpress,Zionist,Resistance,0,0.8581570386886597,0.23868092894554138,0.4388492703437805,0.7142857142857143,0.2857142857142857,0.9411764705882353,0.06531552970409393,21.25,0.022774327122153208,0,0
abualiexpress,Zionist,Zionist,1,0.643958330154419,0.2153526097536087,0.49369531869888306,1.0,0.0,0.9090909090909091,0.06531552970409393,12.0,0.03546099290780142,0,0
abualiexpress,Zionist,Zionist,1,0.7033044099807739,0.1814424693584442,0.5734197497367859,0.75,0.25,1.0,1.0011566877365112,14.0,0.012903225806451613,0,0
abualiexpress,Zionist,Resistance,0,0.5919275879859924,0.221562922000885,0.4790945053100586,0.625,0.625,0.6153846153846154,1.0011566877365112,13.75,0.025157232704402517,0,0
abualiexpress,Zionist,Ukrainian,0,0.7445182800292969,0.150303453207016,0.6466290354728699,0.6666666666666666,0.33333333333333337,0.9090909090909091,0.06531552970409393,20.5,0.03065134099616858,0,0
abualiexpress,Zionist,Resistance,0,0.7901222705841064,0.2268037497997284,0.4667731523513794,0.8333333333333334,0.16666666666666663,0.84,0.06531552970409393,25.0,0.03273809523809524,0,0
abualiexpress,Zionist,Western,0,0.421129047870636,0.04538791626691818,0.8932907581329346,0.8333333333333334,0.33333333333333337,0.6666666666666666,0.8233076930046082,9.227272727272727,0.039420756234915526,0,0
abualiexpress,Zionist,Resistance,0,0.7661198973655701,0.19554854929447174,0.5402556359767914,1.0,0.0,0.9714285714285714,0.06531552970409393,22.25,0.022944550669216062,0,0
abualiexpress,Zionist,Ukrainian,0,0.6363053321838379,0.18523775041103363,0.5644967555999756,0.23076923076923078,0.8461538461538461,0.8840579710144928,0.6858668923377991,27.0,0.02920443101711984,0,0
abualiexpress,Zionist,Resistance,0,0.6712199449539185,0.17240922152996063,0.5946572422981262,1.0,0.0,0.9411764705882353,0.06531552970409393,21.0,0.03111111111111111,0,0
abualiexpress,Zionist,Resistance,0,0.7080170512199402,0.1832488626241684,0.5691728293895721,0.6666666666666666,0.5,0.8390804597701149,0.06531552970409393,21.0,0.023427041499330656,0,0
abualiexpress,Zionist,Resistance,0,0.7274625897407532,0.21354614198207855,0.49794232845306396,1.0,0.33333333333333337,0.7777777777777778,0.06531552970409393,7.0,0.023255813953488372,0,0
abualiexpress,Zionist,Resistance,0,0.7514629364013672,0.26745086908340454,0.37120968103408813,0.8181818181818182,0.36363636363636365,0.9367088607594937,0.6357771754264832,32.333333333333336,0.0215962441314554,0,0
abualiexpress,Zionist,Right-wing,0,0.31347015500068665,0.023677781224250793,0.9443323463201523,,,0.6,0.06531552970409393,2.6666666666666665,0.04,0,0
abualiexpress,Zionist,Western,0,0.40463313460350037,0.07649485766887665,0.8201567530632019,,,0.5,0.06531552970409393,3.0,0.0,0,0
abualiexpress,Zionist,Resistance,0,0.7494615316390991,0.08426916599273682,0.801878958940506,1.0,0.25,0.7727272727272727,0.9952927231788635,24.5,0.007722007722007722,0,0
abualiexpress,Zionist,Western,0,0.40463313460350037,0.07649485766887665,0.8201567530632019,,,0.5,0.06531552970409393,3.0,0.0,0,0
abualiexpress,Zionist,Zionist,1,0.6859728097915649,0.2111024707555771,0.5036876201629639,0.8,0.19999999999999996,1.0,0.06531552970409393,29.333333333333332,0.0149812734082397,0,0
abualiexpress,Zionist,Resistance,0,0.6619280576705933,0.16777189075946808,0.6055599451065063,1.0,0.16666666666666663,0.9090909090909091,0.9952927231788635,10.75,0.015267175572519083,0,0
abualiexpress,Zionist,Resistance,0,0.6450334787368774,0.2184150665998459,0.4864952564239502,0.6666666666666666,0.33333333333333337,0.8918918918918919,0.06531552970409393,16.8,0.015414258188824663,0,0
abualiexpress,Zionist,Russian,0,0.6264592409133911,0.18100541830062866,0.5744472444057465,0.875,0.5,0.7857142857142857,1.0015358924865723,13.166666666666666,0.02386117136659436,0,0
abualiexpress,Zionist,Resistance,0,0.6755446195602417,0.2589017152786255,0.39130914211273193,1.0,0.0,0.75,0.06531552970409393,9.0,0.0297029702970297,0,0
abualiexpress,Zionist,Resistance,0,0.6845450401306152,0.1445680409669876,0.6601132750511169,0.5555555555555556,0.6111111111111112,0.7027027027027027,0.6975338459014893,10.105263157894736,0.038527397260273974,0,0
abualiexpress,Zionist,Resistance,0,0.8632634282112122,0.16678272187709808,0.6078855097293854,1.0,0.25,0.7333333333333333,0.06531552970409393,11.428571428571429,0.04821802935010482,0,0
abualiexpress,Zionist,Zionist,1,0.7092976570129395,0.24404501914978027,0.42623794078826904,0.75,0.25,0.9285714285714286,0.06531552970409393,13.5,0.02666666666666667,0,0
abualiexpress,Zionist,Right-wing,0,0.756840705871582,0.2173883616924286,0.48890918493270874,1.0,0.6666666666666667,0.7692307692307693,0.9948946833610535,12.0,0.018867924528301886,0,0
abualiexpress,Zionist,Western,0,0.4046330451965332,0.07649486511945724,0.8201567530632019,,,0.5,0.06531552970409393,3.0,0.0,0,0
abualiexpress,Zionist,Resistance,0,0.8138691782951355,0.21122567355632782,0.5033978819847107,1.0,0.0,0.9166666666666666,1.0015358924865723,13.5,0.022364217252396165,0,0
abualiexpress,Zionist,Ukrainian,0,0.3928339183330536,0.04308014735579491,0.8987164497375488,0.0,1.0,0.825,1.0021307468414307,11.75,0.028037383177570093,0,0
abualiexpress,Zionist,Resistance,0,0.5965021848678589,0.17272770404815674,0.5939086675643921,0.75,0.75,0.6363636363636364,0.06531552970409393,7.5,0.042105263157894736,0,0
abualiexpress,Zionist,Resistance,0,0.6226319074630737,0.22098207473754883,0.48046016693115234,1.0,0.0,0.8571428571428571,0.06531552970409393,7.0,0.05309734513274336,0,0
abualiexpress,Zionist,Zionist,1,0.7981187105178833,0.22576279938220978,0.4692203998565674,0.75,0.25,0.9722222222222222,0.9948946833610535,27.0,0.010101010101010102,0,0
abualiexpress,Zionist,Western,0,0.4046330451965332,0.07649486511945724,0.8201567530632019,,,0.5,0.06531552970409393,3.0,0.0,0,0
abualiexpress,Zionist,Zionist,1,0.7445354461669922,0.2647749185562134,0.3775010108947754,0.6,0.4,0.8888888888888888,0.06531552970409393,16.5,0.014778325123152709,0,0
abualiexpress,Zionist,Resistance,0,0.735313355922699,0.22126924991607666,0.4797849655151367,0.5,0.5,0.8888888888888888,0.9948946833610535,9.0,0.018867924528301886,0,0
abualiexpress,Zionist,Resistance,0,0.8000205755233765,0.17878548800945282,0.5796663761138916,0.8,0.19999999999999996,0.9090909090909091,0.9952927231788635,15.2,0.026004728132387706,0,0
abualiexpress,Zionist,Resistance,0,0.7029412388801575,0.15350085496902466,0.6391118168830872,1.0,0.0,0.9375,0.06531552970409393,12.5,0.017857142857142856,0,0
abualiexpress,Zionist,Zionist,1,0.6328828930854797,0.17103643715381622,0.5978848040103912,0.75,0.25,0.7916666666666666,0.9948946833610535,13.0,0.019672131147540985,0,0
abualiexpress,Zionist,Left-wing,0,0.5941834449768066,0.21910233795642853,0.4848795533180237,0.7142857142857143,0.2857142857142857,0.84375,0.9993217587471008,21.333333333333332,0.014457831325301205,0,0
abualiexpress,Zionist,Russian,0,0.22879254817962646,-0.019701184704899788,1.046318430453539,0.0,1.0,0.6046511627906976,1.0021307468414307,11.875,0.03722504230118443,0,0
abualiexpress,Zionist,Resistance,0,0.8350195288658142,0.1624380350112915,0.6181000471115112,1.0,0.19999999999999996,0.9047619047619048,0.9952927231788635,18.0,0.014018691588785047,0,0
abualiexpress,Zionist,Zionist,1,0.6469111442565918,0.16655121743679047,0.6084298193454742,1.0,0.0,1.0,0.9892696738243103,12.0,0.02027027027027027,0,0
abualiexpress,Zionist,Russian,0,0.7864123582839966,0.2459522932767868,0.4217539429664612,0.5,0.5,0.8125,0.9999487996101379,13.5,0.025806451612903226,0,0
abualiexpress,Zionist,Zionist,1,0.5257291793823242,0.1883721649646759,0.5571277737617493,0.4,0.6,0.7333333333333333,0.9892696738243103,12.5,0.01935483870967742,0,0
abualiexpress,Zionist,Resistance,0,0.6307953596115112,0.20851802825927734,0.5097637176513672,0.8,0.4,0.7272727272727273,0.06531552970409393,14.0,0.03557312252964427,0,0
abualiexpress,Zionist,Resistance,0,0.5865452289581299,0.23771297931671143,0.44112491607666016,0.625,0.5,0.717948717948718,0.06531552970409393,11.625,0.040152963671128104,0,0
abualiexpress,Zionist,Resistance,0,0.7564084529876709,0.17761075496673584,0.5824282467365265,0.5,0.5,0.875,0.9948946833610535,6.0,0.024096385542168676,0,0
abualiexpress,Zionist,Resistance,0,0.6661804914474487,0.193567156791687,0.5449139475822449,0.6,0.4,0.8947368421052632,0.06531552970409393,17.5,0.005681818181818182,0,0
abualiexpress,Zionist,Resistance,0,0.7175787687301636,0.2693248391151428,0.3668038845062256,0.6666666666666666,0.33333333333333337,0.7142857142857143,0.06531552970409393,4.5,0.03508771929824561,0,0
abualiexpress,Zionist,Resistance,0,0.6193110346794128,0.16943319141864777,0.6016541719436646,1.0,0.0,0.7692307692307693,0.06531552970409393,11.5,0.01818181818181818,0,0
abualiexpress,Zionist,Western,0,0.40463313460350037,0.07649485766887665,0.8201567530632019,,,0.5,0.06531552970409393,3.0,0.0,0,0
abualiexpress,Zionist,Left-wing,0,0.5985827445983887,0.2044309377670288,0.5193726420402527,1.0,0.0,1.0,0.8074148893356323,14.0,0.021834061135371178,0,0
abualiexpress,Zionist,Resistance,0,0.7060316205024719,0.21141308546066284,0.502957284450531,0.875,0.375,0.7307692307692307,0.06531552970409393,22.4,0.02881844380403458,0,0
abualiexpress,Zionist,Resistance,0,0.693351149559021,0.24059082567691803,0.43435895442962646,0.6,0.4,0.875,0.06531552970409393,11.666666666666666,0.024630541871921183,0,0
abualiexpress,Zionist,Zionist,1,0.7164543271064758,0.28291913866996765,0.3348429799079895,1.0,0.5,0.875,0.9892696738243103,7.25,0.04216867469879518,0,0
abualiexpress,Zionist,Ukrainian,0,0.6098846197128296,0.11355835199356079,0.7330186367034912,0.4,0.7,0.7142857142857143,0.06531552970409393,32.0,0.03317535545023697,0,0
abualiexpress,Zionist,Right-wing,0,0.7713487148284912,0.1888851374387741,0.5559216439723969,1.0,0.25,0.95,0.06531552970409393,7.0,0.039473684210526314,0,0
abualiexpress,Zionist,Russian,0,0.6288690567016602,0.07252921164035797,0.8294801712036133,,,1.0,0.06531552970409393,9.0,0.0,0,0
abualiexpress,Zionist,Resistance,0,0.7536578178405762,0.25060373544692993,0.4108181595802307,0.5,0.5,0.9285714285714286,0.06531552970409393,8.0,0.012738853503184714,0,0
abualiexpress,Zionist,Resistance,0,0.5800784230232239,0.16179072856903076,0.6196219325065613,0.75,0.5,0.8,0.06531552970409393,11.0,0.014388489208633094,0,0
abualiexpress,Zionist,Zionist,1,0.6116554737091064,0.1661568284034729,0.6093570590019226,0.7142857142857143,0.2857142857142857,0.8888888888888888,0.06531552970409393,14.0,0.01912568306010929,0,0
abualiexpress,Zionist,Zionist,1,0.7253426313400269,0.237131729722023,0.44249147176742554,1.0,1.0,1.0,0.06531552970409393,16.0,0.022284122562674095,0,0
abualiexpress,Zionist,Resistance,0,0.6694841980934143,0.14864875376224518,0.6505193710327148,0.75,0.25,0.8571428571428571,0.7089425921440125,23.5,0.021505376344086023,0,0
abualiexpress,Zionist,Zionist,1,0.7956552505493164,0.1951824575662613,0.5411162972450256,1.0,0.25,0.935064935064935,0.8196277618408203,20.6,0.02852485737571312,0,0
abualiexpress,Zionist,Zionist,1,0.6611970067024231,0.17619997262954712,0.585745096206665,1.0,0.8,0.84,0.7089597582817078,16.666666666666668,0.009900990099009901,0,0
abualiexpress,Zionist,Zionist,1,0.7332371473312378,0.2321612685918808,0.45417726039886475,0.5,1.0,0.9523809523809523,1.0011568069458008,13.666666666666666,0.01968503937007874,0,0
abualiexpress,Zionist,Resistance,0,0.5243104696273804,0.12546402215957642,0.7050278186798096,0.0,1.0,0.8,0.9948946833610535,5.5,0.016129032258064516,0,0
abualiexpress,Zionist,Russian,0,0.7975260019302368,0.21346142888069153,0.4981415271759033,0.75,0.75,0.7368421052631579,0.9970430135726929,18.0,0.04433497536945813,0,0
abualiexpress,Zionist,Resistance,0,0.8600273132324219,0.13512466847896576,0.6823151707649231,1.0,0.0,0.9375,0.9952927231788635,14.333333333333334,0.011029411764705883,0,0
abualiexpress,Zionist,Right-wing,0,0.8131574392318726,0.12772154808044434,0.6997203230857849,1.0,0.0,0.8974358974358975,0.9343900084495544,13.0,0.029304029304029304,0,0
abualiexpress,Zionist,Left-wing,0,0.7966305017471313,0.1837315708398819,0.5680379271507263,0.5,0.6666666666666667,0.8,0.06531552970409393,24.5,0.02413793103448276,0,0
abualiexpress,Zionist,Left-wing,0,0.7002212405204773,0.17180883884429932,0.596068799495697,0.8571428571428571,0.4285714285714286,0.8888888888888888,0.7553722262382507,13.333333333333334,0.016736401673640166,0,0
abualiexpress,Zionist,Western,0,0.6759672164916992,0.16853760182857513,0.6037597954273224,1.0,0.11111111111111116,0.9032258064516129,1.0015270709991455,16.0,0.026865671641791045,0,0
abualiexpress,Zionist,Resistance,0,0.6367357969284058,0.18262790143489838,0.5706327557563782,0.75,0.25,0.8,0.06531552970409393,9.0,0.04,0,0
abualiexpress,Zionist,Resistance,0,0.7596033215522766,0.22733598947525024,0.46552181243896484,0.5,0.5,0.875,0.06531552970409393,14.0,0.024390243902439025,0,0
abualiexpress,Zionist,Zionist,1,0.7320010662078857,0.22245042026042938,0.47700798511505127,1.0,0.1428571428571429,0.8974358974358975,0.06531552970409393,25.8,0.023894862604540025,0,0
abualiexpress,Zionist,Resistance,0,0.6630537509918213,0.2818749248981476,0.33729809522628784,0.7142857142857143,0.2857142857142857,0.7,0.06531552970409393,6.666666666666667,0.072,0,0
abualiexpress,Zionist,Zionist,1,0.6298190355300903,0.08144433796405792,0.8085203170776367,1.0,0.5,1.0,0.9818045496940613,19.5,0.01990049751243781,0,0
abualiexpress,Zionist,Resistance,0,0.7498641014099121,0.1371893435716629,0.6774609088897705,1.0,0.6666666666666667,0.7692307692307693,1.0017067193984985,16.0,0.015706806282722512,0,0
abualiexpress,Zionist,Zionist,1,0.7682818174362183,0.2880893349647522,0.32268762588500977,0.6666666666666666,0.33333333333333337,0.8571428571428571,0.06531552970409393,8.0,0.01098901098901099,0,0
abualiexpress,Zionist,Resistance,0,0.7761852741241455,0.2059287428855896,0.5158512592315674,0.6666666666666666,0.33333333333333337,1.0,0.06531552970409393,10.0,0.01775147928994083,0,0
abualiexpress,Zionist,Zionist,1,0.7818833589553833,0.2543407380580902,0.4020323157310486,1.0,0.0,1.0,0.9948946833610535,12.0,0.017964071856287425,0,0
abualiexpress,Zionist,Zionist,1,0.4213539958000183,0.10832908004522324,0.7453129887580872,0.0,1.0,0.8181818181818182,0.06531552970409393,10.222222222222221,0.07746478873239436,0,0
abualiexpress,Zionist,Resistance,0,0.6859642267227173,0.22491079568862915,0.47122347354888916,0.8571428571428571,0.1428571428571429,0.9019607843137255,0.9948946833610535,23.0,0.01059001512859304,0,0
abualiexpress,Zionist,Resistance,0,0.7649821043014526,0.19228483736515045,0.5479287505149841,1.0,0.5,1.0,0.06531552970409393,6.5,0.014285714285714285,0,0
abualiexpress,Zionist,Resistance,0,0.8253515958786011,0.21175989508628845,0.5021419823169708,1.0,0.0,0.9090909090909091,0.9952927231788635,23.5,0.02973977695167286,0,0
abualiexpress,Zionist,Right-wing,0,0.6445856094360352,0.1148616150021553,0.7299546003341675,0.8,0.4,0.7619047619047619,0.7363973259925842,16.0,0.039473684210526314,0,0
abualiexpress,Zionist,Resistance,0,0.7191148400306702,0.26784294843673706,0.37028783559799194,0.75,0.5,0.8125,0.06531552970409393,14.0,0.021052631578947368,0,0
abualiexpress,Zionist,Resistance,0,0.6062213182449341,0.2276666760444641,0.4647443890571594,0.8,0.19999999999999996,1.0,0.06531552970409393,11.5,0.006993006993006993,0,0
abualiexpress,Zionist,Zionist,1,0.4907812178134918,0.06469117850065231,0.8479078412055969,,,1.0,0.06531552970409393,7.0,0.0,0,0
abualiexpress,Zionist,Resistance,0,0.8578798770904541,0.16316325962543488,0.6163950860500336,1.0,0.4,0.9130434782608695,0.9952927231788635,11.75,0.022653721682847898,0,0
abualiexpress,Zionist,Resistance,0,0.7605013847351074,0.21557000279426575,0.4931842088699341,0.5,0.5,0.7333333333333333,0.06531552970409393,16.5,0.030456852791878174,0,0
abualiexpress,Zionist,Resistance,0,0.7006433606147766,0.17635180056095123,0.5853881239891052,0.5,0.5,0.8048780487804879,0.06531552970409393,25.333333333333332,0.019455252918287938,0,0
abualiexpress,Zionist,Russian,0,0.6514459848403931,0.18798291683197021,0.5580427944660187,0.42857142857142855,0.5714285714285714,0.8181818181818182,0.06531552970409393,17.0,0.020618556701030927,0,0
abualiexpress,Zionist,Resistance,0,0.7439345121383667,0.18001167476177216,0.5767835378646851,0.75,0.25,0.9166666666666666,0.9948946833610535,10.5,0.014705882352941176,0,0
abualiexpress,Zionist,Resistance,0,0.7831363677978516,0.2526490390300751,0.4060095548629761,0.6666666666666666,0.33333333333333337,0.9,0.9948946833610535,10.0,0.041666666666666664,0,0
abualiexpress,Zionist,Zionist,1,0.6073883175849915,0.21025872230529785,0.5056712329387665,0.6,0.4,0.8181818181818182,0.7368474006652832,28.0,0.02263374485596708,0,0
abualiexpress,Zionist,Russian,0,0.3580492436885834,0.012829210609197617,0.969837810844183,1.0,0.0,0.5882352941176471,0.06531552970409393,15.0,0.04081632653061224,0,0
abualiexpress,Zionist,Zionist,1,0.6982511281967163,0.21027706563472748,0.5056281387805939,1.0,0.1428571428571429,0.8405797101449275,0.8073168396949768,7.333333333333333,0.06845003933910307,0,0
abualiexpress,Zionist,Resistance,0,0.599781334400177,0.25268644094467163,0.4059215784072876,1.0,0.0,1.0,0.06531552970409393,9.0,0.010416666666666666,0,0
abualiexpress,Zionist,Right-wing,0,0.6603227853775024,0.1253485232591629,0.7052993774414062,0.75,0.5,0.7916666666666666,0.06531552970409393,10.6,0.01892744479495268,0,0
abualiexpress,Zionist,Resistance,0,0.6489596366882324,0.2615160048007965,0.385162889957428,1.0,0.0,0.8333333333333334,0.06531552970409393,5.5,0.041666666666666664,0,0
abualiexpress,Zionist,Russian,0,0.5639578104019165,0.05227897688746452,0.8770895004272461,1.0,0.0,0.7272727272727273,0.06531552970409393,11.0,0.03125,0,0
abualiexpress,Zionist,Russian,0,0.7763571739196777,0.25065329670906067,0.4107016324996948,0.7272727272727273,0.2727272727272727,0.9,1.0015780925750732,15.875,0.026923076923076925,0,0
abualiexpress,Zionist,Russian,0,0.7157106399536133,0.15768447518348694,0.629275918006897,1.0,0.33333333333333337,0.8333333333333334,0.06531552970409393,7.0,0.025,0,0
abualiexpress,Zionist,Russian,0,0.49672800302505493,0.08417476713657379,0.8021009415388107,0.0,1.0,0.7441860465116279,0.9928352236747742,19.2,0.027586206896551724,0,0
abualiexpress,Zionist,Resistance,0,0.8260456323623657,0.14780093729496002,0.6525126397609711,0.6,0.8,0.7777777777777778,0.06531552970409393,9.0,0.027777777777777776,0,0
abualiexpress,Zionist,Resistance,0,0.5126354694366455,0.13508470356464386,0.6824090778827667,1.0,0.33333333333333337,1.0,0.06531552970409393,9.5,0.02912621359223301,0,0
abualiexpress,Zionist,Resistance,0,0.8145788311958313,0.1865413635969162,0.5614319443702698,0.6,0.6,0.8823529411764706,0.06531552970409393,15.0,0.005988023952095809,0,0
abualiexpress,Zionist,Resistance,0,0.5437503457069397,0.157854825258255,0.6288754343986511,0.75,0.25,0.9333333333333333,0.06531552970409393,13.5,0.017341040462427744,0,0
abualiexpress,Zionist,Resistance,0,0.7852078676223755,0.2302345186471939,0.4587070941925049,0.5,1.0,0.9375,0.9948946833610535,8.0,0.03289473684210526,0,0
abualiexpress,Zionist,Zionist,1,0.6939777135848999,0.20858123898506165,0.5096150934696198,0.75,0.25,0.8181818181818182,0.06531552970409393,11.0,0.021897810218978103,0,0
abualiexpress,Zionist,Resistance,0,0.585239589214325,0.21225157380104065,0.5009859204292297,0.75,0.25,0.8666666666666667,0.06531552970409393,11.0,0.02577319587628866,0,0
abualiexpress,Zionist,Resistance,0,0.739208459854126,0.1915050446987152,0.5497621297836304,1.0,0.0,1.0,1.0021307468414307,10.5,0.007407407407407408,0,0
abualiexpress,Zionist,Resistance,0,0.7954637408256531,0.2107069045305252,0.5046175718307495,1.0,0.33333333333333337,0.875,0.06531552970409393,9.666666666666666,0.02185792349726776,0,0
abualiexpress,Zionist,Western,0,0.40463313460350037,0.07649485766887665,0.8201567530632019,,,0.5,0.06531552970409393,3.0,0.0,0,0
abualiexpress,Zionist,Right-wing,0,0.5410122871398926,0.08856029808521271,0.7917903810739517,1.0,0.0,1.0,0.06531552970409393,5.5,0.014925373134328358,0,0
abualiexpress,Zionist,Zionist,1,0.3516169786453247,0.028127843514084816,0.9338699877262115,1.0,1.0,0.5757575757575758,0.06531552970409393,13.6,0.03155339805825243,0,0
abualiexpress,Zionist,Zionist,1,0.6337167024612427,0.16815048456192017,0.6046697497367859,0.2857142857142857,0.7142857142857143,0.782608695652174,0.06531552970409393,5.857142857142857,0.033707865168539325,0,0
BringThemHomeNow,Zionist,Zionist,1,0.4913368225097656,0.1325189769268036,0.6888489723205566,0.5,0.5,0.8064516129032258,0.06421729177236557,11.5,0.04582210242587601,0,3
BringThemHomeNow,Zionist,Zionist,1,0.49739474058151245,0.18217229843139648,0.5722642838954926,0.5,0.75,0.7045454545454546,0.06421729177236557,16.166666666666668,0.03739837398373984,2,3
BringThemHomeNow,Zionist,Zionist,1,0.518898069858551,0.17223970592021942,0.5955857634544373,0.4,0.6,0.7884615384615384,0.06421729177236557,19.0,0.031007751937984496,0,3
BringThemHomeNow,Zionist,Zionist,1,0.5598922967910767,0.16107065975666046,0.6218103468418121,0.1111111111111111,0.8888888888888888,0.6610169491525424,0.06421729177236557,23.5,0.02258469259723965,0,3
BringThemHomeNow,Zionist,Zionist,1,0.553878903388977,0.2509194314479828,0.41084790229797363,0.5,0.5,0.7301587301587301,0.9859323501586914,18.789473684210527,0.033066132264529056,0,3
BringThemHomeNow,Zionist,Zionist,1,0.5149822235107422,0.17567655444145203,0.5875160992145538,0.5,0.5,0.7580645161290323,1.0020599365234375,44.5,0.014134275618374558,0,3
BringThemHomeNow,Zionist,Resistance,0,0.51222825050354,0.19907903671264648,0.532567709684372,0.25,0.875,0.8163265306122449,0.5715855956077576,16.272727272727273,0.025477707006369428,0,4
BringThemHomeNow,Zionist,Right-wing,0,0.5391310453414917,0.22557632625102997,0.47035276889801025,0.3333333333333333,0.6666666666666667,0.6666666666666666,0.06421729177236557,8.0,0.09467455621301775,0,4
BringThemHomeNow,Zionist,Left-wing,0,0.6100634336471558,0.2580517530441284,0.3941013216972351,0.4,0.6,0.8524590163934426,0.06421729177236557,12.0,0.03116883116883117,0,3
BringThemHomeNow,Zionist,Zionist,1,0.4928908348083496,0.18160977959632874,0.5735850036144257,0.2727272727272727,0.7272727272727273,0.6940298507462687,0.49088627099990845,20.333333333333332,0.02875882946518668,0,3
BringThemHomeNow,Zionist,Resistance,0,0.5888677835464478,0.2080111801624298,0.5115952491760254,0.6,0.4,0.8354430379746836,0.5357736349105835,30.823529411764707,0.021666666666666667,0,0
BringThemHomeNow,Zionist,Zionist,1,0.6104810833930969,0.19411705434322357,0.5442183017730713,0.6666666666666666,0.5,0.6216216216216216,0.06421729177236557,12.5,0.05508474576271186,0,4
BringThemHomeNow,Zionist,Right-wing,0,0.4780433773994446,0.15999391674995422,0.6243385672569275,0.5,0.75,0.5555555555555556,0.06421729177236557,14.333333333333334,0.07006369426751592,0,5
BringThemHomeNow,Zionist,Zionist,1,0.5121778845787048,0.2040901780128479,0.5208016932010651,0.3333333333333333,0.6666666666666667,0.7121212121212122,1.000596284866333,29.0,0.019792648444863337,0,3
BringThemHomeNow,Zionist,Zionist,1,0.6039457321166992,0.18932417035102844,0.5554718971252441,0.25,0.75,0.6153846153846154,0.06421729177236557,19.0,0.03695652173913044,0,3
BringThemHomeNow,Zionist,Right-wing,0,0.49651023745536804,0.1275891661643982,0.7004240155220032,0.0,1.0,0.5384615384615384,0.06421729177236557,8.0,0.049586776859504134,0,3
BringThemHomeNow,Zionist,Resistance,0,0.5107085108757019,0.15673048794269562,0.6320009827613831,0.25,0.75,0.7894736842105263,0.7878385186195374,21.142857142857142,0.019337016574585635,0,3
BringThemHomeNow,Zionist,Zionist,1,0.473419189453125,0.18223178386688232,0.5721246004104614,0.375,0.625,0.6875,1.001954436302185,24.8,0.02601156069364162,0,0
BringThemHomeNow,Zionist,Left-wing,0,0.5944377183914185,0.22186408936977386,0.4790689945220947,0.25,0.75,0.7555555555555555,0.06421729177236557,12.222222222222221,0.03398058252427184,0,3
BringThemHomeNow,Zionist,Zionist,1,0.5347813367843628,0.16569578647613525,0.6109506487846375,0.42857142857142855,0.6190476190476191,0.8015267175572519,0.6869537234306335,19.5,0.031902552204176336,0,3
BringThemHomeNow,Zionist,Zionist,1,0.4924968481063843,0.18508414924144745,0.5654273331165314,0.2,0.8,0.6086956521739131,0.9987571239471436,25.5,0.05863192182410423,0,3
BringThemHomeNow,Zionist,Russian,0,0.43751174211502075,0.10982762277126312,0.7421276867389679,1.0,0.0,0.7124183006535948,1.000340223312378,28.583333333333332,0.018340210912425492,0,3
BringThemHomeNow,Zionist,Zionist,1,0.6375724673271179,0.22823373973369598,0.4641132354736328,0.5833333333333334,0.41666666666666663,0.7959183673469388,0.792245090007782,29.1,0.023008849557522124,0,3
BringThemHomeNow,Zionist,Resistance,0,0.5204569697380066,0.17480595409870148,0.5895602703094482,0.2857142857142857,0.7142857142857143,0.7818181818181819,0.7076224088668823,21.76923076923077,0.020845396641574986,0,3
BringThemHomeNow,Zionist,Zionist,1,0.6294841766357422,0.15014691650867462,0.647459089756012,0.3333333333333333,0.6666666666666667,0.7021276595744681,0.06421729177236557,37.0,0.03925619834710744,0,3
BringThemHomeNow,Zionist,Zionist,1,0.5400140285491943,0.20389266312122345,0.52126544713974,0.25,0.875,0.7733333333333333,0.06421729177236557,16.46153846153846,0.04108391608391608,0,3
BringThemHomeNow,Zionist,Zionist,1,0.5537593364715576,0.1779850572347641,0.5820958316326141,0.35714285714285715,0.7857142857142857,0.6166666666666667,0.06421729177236557,17.125,0.045454545454545456,2,4
BringThemHomeNow,Zionist,Zionist,1,0.5578010082244873,0.21826989948749542,0.48750805854797363,0.4,0.6,0.7419354838709677,0.9991163611412048,25.09090909090909,0.02847682119205298,0,3
BringThemHomeNow,Zionist,Russian,0,0.5528843402862549,0.20433667302131653,0.5202229022979736,0.7916666666666666,0.45833333333333337,0.7466666666666667,0.9987571239471436,20.166666666666668,0.026598026598026597,0,3
BringThemHomeNow,Zionist,Western,0,0.40113407373428345,0.06304224580526352,0.8519785702228546,0.0,1.0,0.3,0.06421729177236557,9.0,0.09022556390977443,0,4
BringThemHomeNow,Zionist,Zionist,1,0.7622513771057129,0.2625092566013336,0.3836352825164795,0.5,0.7,0.7538461538461538,0.06421729177236557,16.5,0.029601029601029602,0,3
BringThemHomeNow,Zionist,Zionist,1,0.6067635416984558,0.19593545794487,0.5399487614631653,0.42857142857142855,0.6190476190476191,0.8387096774193549,0.8002929091453552,36.833333333333336,0.022354694485842028,0,3
BringThemHomeNow,Zionist,Russian,0,0.5134946703910828,0.13321442902088165,0.6872160732746124,0.3333333333333333,0.6666666666666667,0.7846153846153846,0.7878385186195374,22.125,0.01808066759388039,0,3
BringThemHomeNow,Zionist,Right-wing,0,0.5821136832237244,0.14742615818977356,0.6538473963737488,0.8333333333333334,0.33333333333333337,0.6111111111111112,0.9979185461997986,13.75,0.05829596412556054,0,16
BringThemHomeNow,Zionist,Ukrainian,0,0.5370771884918213,0.09777971357107162,0.7704158425331116,,,0.5714285714285714,0.06421729177236557,11.333333333333334,0.05714285714285714,0,3
BringThemHomeNow,Zionist,Zionist,1,0.5704811811447144,0.23881502449512482,0.4392685890197754,1.0,0.0,0.7909090909090909,0.999897837638855,9.27027027027027,0.03033645890788748,0,3
BringThemHomeNow,Zionist,Zionist,1,0.5160167813301086,0.1827601045370102,0.570884108543396,1.0,0.0,0.7391304347826086,0.6050884127616882,21.80952380952381,0.019666666666666666,0,0
BringThemHomeNow,Zionist,Ukrainian,0,0.485370934009552,0.11454666405916214,0.7310474514961243,0.47368421052631576,0.631578947368421,0.7215909090909091,0.447561115026474,22.75,0.02631578947368421,0,3
BringThemHomeNow,Zionist,Zionist,1,0.603914201259613,0.20596851408481598,0.5163914561271667,0.3333333333333333,0.6666666666666667,0.8533333333333334,0.7483816146850586,22.0,0.02921535893155259,0,3
BringThemHomeNow,Zionist,Ukrainian,0,0.46749424934387207,0.14824774861335754,0.6519182920455933,0.0,1.0,0.3,0.06421729177236557,8.5,0.0784313725490196,2,3
BringThemHomeNow,Zionist,Zionist,1,0.6808086633682251,0.24040140211582184,0.43554389476776123,0.5,0.5,0.5,0.06421729177236557,8.666666666666666,0.06358381502890173,0,3
BringThemHomeNow,Zionist,Zionist,1,0.3902840316295624,0.08999978005886078,0.7886829376220703,0.0,1.0,0.34615384615384615,0.06421729177236557,28.5,0.06069364161849711,0,4
BringThemHomeNow,Zionist,Zionist,1,0.49249088764190674,0.20450882613658905,0.5198186635971069,0.3333333333333333,0.6666666666666667,0.835820895522388,0.06421729177236557,30.666666666666668,0.015843429636533086,0,3
BringThemHomeNow,Zionist,Zionist,1,0.5918984413146973,0.2264767289161682,0.4682387113571167,0.8,0.6,0.6486486486486487,0.06421729177236557,20.4,0.03442622950819672,0,4
BringThemHomeNow,Zionist,Western,0,0.4371334910392761,0.06641586869955063,0.8440573215484619,0.6666666666666666,1.0,0.47619047619047616,0.06421729177236557,9.0,0.06299212598425197,0,5
BringThemHomeNow,Zionist,Zionist,1,0.5564695596694946,0.18216566741466522,0.5722798705101013,0.5454545454545454,0.6363636363636364,0.7666666666666667,0.06421729177236557,16.75,0.02729528535980149,1,3
BringThemHomeNow,Zionist,Left-wing,0,0.7200452089309692,0.2827413082122803,0.33613091707229614,0.6,0.4,0.6774193548387096,0.06421729177236557,23.0,0.060240963855421686,0,5
BringThemHomeNow,Zionist,Ukrainian,0,0.4595341384410858,0.14523069560527802,0.6590022444725037,0.0,1.0,0.3,0.06421729177236557,8.5,0.0784313725490196,2,3
BringThemHomeNow,Zionist,Zionist,1,0.7421445250511169,0.2192470133304596,0.4852138161659241,0.5,0.6,0.8153846153846154,0.06421729177236557,13.692307692307692,0.032,0,4
BringThemHomeNow,Zionist,Left-wing,0,0.5271430611610413,0.19466598331928253,0.5429293513298035,0.38461538461538464,0.6923076923076923,0.618421052631579,0.9995856881141663,21.88888888888889,0.03323836657169991,0,3
BringThemHomeNow,Zionist,Ukrainian,0,0.4429292380809784,0.10289215296506882,0.7584119737148285,,,0.45454545454545453,0.06421729177236557,12.0,0.07142857142857142,0,4
BringThemHomeNow,Zionist,Zionist,1,0.6583147048950195,0.18501117825508118,0.5655986964702606,1.0,0.0,0.7755102040816326,0.7820525765419006,24.4,0.030656934306569343,0,3
BringThemHomeNow,Zionist,Ukrainian,0,0.4268684387207031,0.11297230422496796,0.7347440719604492,0.4,0.8,0.5185185185185185,0.06421729177236557,8.142857142857142,0.05649717514124294,0,3
BringThemHomeNow,Zionist,Ukrainian,0,0.4356863498687744,0.08834543824195862,0.7925673276185989,0.0,1.0,0.5882352941176471,0.06421729177236557,8.0,0.0625,0,3
BringThemHomeNow,Zionist,Western,0,0.42111703753471375,0.026361605152487755,0.9381036646664143,,,0.6111111111111112,0.06421729177236557,14.333333333333334,0.04710144927536232,0,4
BringThemHomeNow,Zionist,Ukrainian,0,0.43106335401535034,0.10790571570396423,0.7466402351856232,0.19047619047619047,0.8571428571428572,0.7515151515151515,0.7439083456993103,16.347826086956523,0.02882380288238029,0,5
BringThemHomeNow,Zionist,Right-wing,0,0.4889128804206848,0.16653089225292206,0.6089898943901062,0.75,0.5,0.47368421052631576,0.06421729177236557,13.5,0.06310679611650485,0,4
BringThemHomeNow,Zionist,Zionist,1,0.6304227113723755,0.17757801711559296,0.5830515623092651,0.2857142857142857,0.7142857142857143,0.7945205479452054,0.999897837638855,37.2,0.016406890894175553,0,3
BringThemHomeNow,Zionist,Zionist,1,0.5745905637741089,0.2572574317455292,0.3959663510322571,0.2,0.8,0.6376811594202898,0.06421729177236557,12.545454545454545,0.05006257822277847,0,0
BringThemHomeNow,Zionist,Ukrainian,0,0.37669575214385986,0.01430935226380825,0.966402068734169,,,0.4666666666666667,0.06421729177236557,9.666666666666666,0.061855670103092786,0,3
BringThemHomeNow,Zionist,Resistance,0,0.5121863484382629,0.11655385047197342,0.7263346314430237,0.3076923076923077,0.6923076923076923,0.7276785714285714,0.5081930756568909,19.555555555555557,0.026,0,0
BringThemHomeNow,Zionist,Zionist,1,0.536673367023468,0.16085602343082428,0.6223143935203552,0.125,0.875,0.7368421052631579,0.06421729177236557,20.4,0.025525525525525526,0,3
BringThemHomeNow,Zionist,Zionist,1,0.6024833917617798,0.18978233635425568,0.5543961822986603,0.38461538461538464,0.6153846153846154,0.8533333333333334,0.7483816146850586,21.0,0.029335634167385678,0,3
BringThemHomeNow,Zionist,Right-wing,0,0.49170756340026855,0.14741812646389008,0.6538661122322083,0.25,0.75,0.4878048780487805,0.06421729177236557,16.8,0.056451612903225805,2,3
BringThemHomeNow,Zionist,Resistance,0,0.7446458339691162,0.2323736548423767,0.4543929100036621,0.4,0.6,0.8831168831168831,0.06421729177236557,19.4,0.030541012216404886,0,3
BringThemHomeNow,Zionist,Zionist,1,0.7197785377502441,0.21525463461875916,0.49458789825439453,0.6666666666666666,0.33333333333333337,0.86,0.8090641498565674,24.0,0.034934497816593885,0,3
BringThemHomeNow,Zionist,Resistance,0,0.49003487825393677,0.15338042378425598,0.6398667991161346,0.2,0.8,0.7714285714285715,1.000340223312378,16.083333333333332,0.02968270214943705,0,0
BringThemHomeNow,Zionist,Zionist,1,0.5588149428367615,0.22489748895168304,0.47194671630859375,1.0,0.0,0.7738095238095238,0.7610286474227905,10.318181818181818,0.03278688524590164,0,3
BringThemHomeNow,Zionist,Zionist,1,0.7202521562576294,0.19736868143081665,0.5365836322307587,0.6666666666666666,0.33333333333333337,0.6666666666666666,0.06421729177236557,15.0,0.06914893617021277,0,4
BringThemHomeNow,Zionist,Ukrainian,0,0.5494359731674194,0.1711289882659912,0.5981936454772949,0.5238095238095238,0.6190476190476191,0.7265625,0.8003482222557068,24.266666666666666,0.029975429975429974,2,3
BringThemHomeNow,Zionist,Ukrainian,0,0.4207606911659241,0.09622528403997421,0.7740656584501266,0.0,1.0,0.375,0.06421729177236557,8.5,0.08391608391608392,2,3
BringThemHomeNow,Zionist,Zionist,1,0.6998492479324341,0.23998044431209564,0.4365323781967163,0.25,0.75,0.7692307692307693,0.5158360004425049,16.333333333333332,0.03460837887067395,0,3
BringThemHomeNow,Zionist,Zionist,1,0.6437231302261353,0.22636154294013977,0.46850907802581787,1.0,0.0,0.64,0.06421729177236557,8.571428571428571,0.04657534246575343,0,3
BringThemHomeNow,Zionist,Zionist,1,0.5193718671798706,0.1683533638715744,0.6047107577323914,0.3333333333333333,0.6666666666666667,0.6857142857142857,0.9819555282592773,24.0,0.03289473684210526,0,4
BringThemHomeNow,Zionist,Zionist,1,0.5994403958320618,0.2032608985900879,0.5227488279342651,0.6,0.4,0.8414634146341463,0.9946377873420715,28.666666666666668,0.02995169082125604,0,3
BringThemHomeNow,Zionist,Zionist,1,0.5728434920310974,0.15162131190299988,0.6439971327781677,0.23529411764705882,0.8235294117647058,0.6947368421052632,0.7664486169815063,19.0,0.023361823361823363,0,3
BringThemHomeNow,Zionist,Zionist,1,0.5491624474525452,0.15525536239147186,0.6354645490646362,0.2,0.8,0.717391304347826,0.06421729177236557,25.75,0.020689655172413793,0,3
BringThemHomeNow,Zionist,Resistance,0,0.5005216598510742,0.16365410387516022,0.6157445311546326,1.0,0.0,0.7664670658682635,0.6940446496009827,34.61538461538461,0.018333333333333333,0,0
BringThemHomeNow,Zionist,Resistance,0,0.5152078866958618,0.18353767693042755,0.5690583884716034,0.7222222222222222,0.4444444444444444,0.7478991596638656,0.6059669256210327,19.72222222222222,0.023927765237020317,0,3
BringThemHomeNow,Zionist,Zionist,1,0.5428366661071777,0.19736498594284058,0.5365922451019287,0.1111111111111111,0.8888888888888888,0.8083333333333333,0.5337507128715515,26.333333333333332,0.028851702250432775,0,3
BringThemHomeNow,Zionist,Zionist,1,0.5598922967910767,0.16107065975666046,0.6218103468418121,0.1111111111111111,0.8888888888888888,0.6610169491525424,0.06421729177236557,23.5,0.02258469259723965,0,3
BringThemHomeNow,Zionist,Zionist,1,0.4890872836112976,0.20370028913021088,0.5217171013355255,0.375,0.75,0.7142857142857143,0.06421729177236557,20.125,0.037756202804746494,0,3
BringThemHomeNow,Zionist,Right-wing,0,0.5285231471061707,0.17064249515533447,0.5993359684944153,0.4444444444444444,0.6666666666666667,0.5757575757575758,0.06421729177236557,11.0,0.04884318766066838,0,6
BringThemHomeNow,Zionist,Ukrainian,0,0.44097548723220825,0.08631469309329987,0.7973353862762451,0.0,1.0,0.35714285714285715,0.06421729177236557,11.5,0.0718562874251497,0,3
BringThemHomeNow,Zionist,Zionist,1,0.5188980102539062,0.17223970592021942,0.5955857634544373,0.4,0.6,0.7884615384615384,0.06421729177236557,19.0,0.031007751937984496,0,3
BringThemHomeNow,Zionist,Resistance,0,0.5101657509803772,0.20035164058208466,0.5295796394348145,0.5833333333333334,0.5833333333333333,0.7441860465116279,0.7112608551979065,27.583333333333332,0.022094140249759846,0,3
BringThemHomeNow,Zionist,Zionist,1,0.5996148586273193,0.25554394721984863,0.39998960494995117,0.8461538461538461,0.3846153846153846,0.8382352941176471,0.06421729177236557,26.333333333333332,0.01560758082497213,0,3
BringThemHomeNow,Zionist,Zionist,1,0.5589836239814758,0.11144088953733444,0.738339900970459,0.0,1.0,0.5925925925925926,0.9946377873420715,14.666666666666666,0.049019607843137254,0,3
BringThemHomeNow,Zionist,Zionist,1,0.5597674250602722,0.17359060049057007,0.5924138426780701,0.25,0.75,0.5384615384615384,0.06421729177236557,24.5,0.05387205387205387,0,4
BringThemHomeNow,Zionist,Zionist,1,0.5404520034790039,0.21177279949188232,0.5027630925178528,1.0,0.0,0.8085106382978723,0.06421729177236557,16.333333333333332,0.030226700251889168,0,3
BringThemHomeNow,Zionist,Zionist,1,0.6689683198928833,0.23371930420398712,0.45123326778411865,0.36363636363636365,0.7272727272727273,0.6785714285714286,0.06421729177236557,20.166666666666668,0.028985507246376812,0,3
BringThemHomeNow,Zionist,Resistance,0,0.5200748443603516,0.16802111268043518,0.6054909229278564,0.7142857142857143,0.4285714285714286,0.8481675392670157,0.9987571239471436,23.3,0.024,0,0
BringThemHomeNow,Zionist,Ukrainian,0,0.4264986515045166,0.09360157698392868,0.7802260369062424,0.0,1.0,0.3333333333333333,0.06421729177236557,8.5,0.08391608391608392,2,3
BringThemHomeNow,Zionist,Zionist,1,0.8282082676887512,0.12557411193847656,0.7051553726196289,0.0,1.0,0.7307692307692307,0.06421729177236557,17.0,0.04559270516717325,0,3
BringThemHomeNow,Zionist,Zionist,1,0.6326379776000977,0.2303941547870636,0.45904064178466797,0.6153846153846154,0.3846153846153846,0.8,0.7778764963150024,31.8,0.021739130434782608,0,3
BringThemHomeNow,Zionist,Zionist,1,0.47370070219039917,0.20164112746715546,0.5265519618988037,0.25,0.8333333333333334,0.7068965517241379,0.9962098598480225,29.666666666666668,0.021536670547147845,0,3
BringThemHomeNow,Zionist,Zionist,1,0.6590359807014465,0.22231093049049377,0.4780198335647583,0.5,0.5,0.8333333333333334,0.06421729177236557,23.0,0.018095238095238095,0,3
BringThemHomeNow,Zionist,Right-wing,0,0.696800708770752,0.24908503890037537,0.41515493392944336,0.875,0.25,0.8260869565217391,0.8604723811149597,19.555555555555557,0.03131115459882583,0,6
BringThemHomeNow,Zionist,Zionist,1,0.5973036885261536,0.2467360645532608,0.4206702709197998,0.6,0.4,0.796875,0.7014697790145874,23.0,0.026519337016574586,0,3
BringThemHomeNow,Zionist,Russian,0,0.7157864570617676,0.24936367571353912,0.41450077295303345,1.0,0.0,0.6428571428571429,0.06421729177236557,17.333333333333332,0.050595238095238096,0,4
BringThemHomeNow,Zionist,Right-wing,0,0.45092469453811646,0.15327182412147522,0.6401218175888062,0.0,1.0,0.74,0.06421729177236557,17.833333333333332,0.03930817610062893,0,3
BringThemHomeNow,Zionist,Zionist,1,0.5991970300674438,0.26347193121910095,0.38137495517730713,0.4,0.6,0.8360655737704918,0.06421729177236557,11.909090909090908,0.031413612565445025,0,3
BringThemHomeNow,Zionist,Zionist,1,0.671143651008606,0.18331238627433777,0.5695873498916626,0.3076923076923077,0.6923076923076923,0.7313432835820896,0.06421729177236557,41.5,0.02830188679245283,0,3
BringThemHomeNow,Zionist,Zionist,1,0.4714909493923187,0.16206784546375275,0.6194689869880676,0.2,0.8,0.5625,0.06421729177236557,12.2,0.04509283819628647,0,3
BringThemHomeNow,Zionist,Zionist,1,0.7217307090759277,0.12461324036121368,0.7074114680290222,0.5,0.5,0.7241379310344828,0.06421729177236557,8.571428571428571,0.047244094488188976,1,3
BringThemHomeNow,Zionist,Zionist,1,0.6848282814025879,0.23060868680477142,0.45853692293167114,0.45454545454545453,0.6363636363636364,0.8241758241758241,0.6796007752418518,16.642857142857142,0.03050595238095238,0,3
BringThemHomeNow,Zionist,Zionist,1,0.4886918365955353,0.15514498949050903,0.6357237100601196,0.25,0.75,0.7222222222222222,0.06421729177236557,14.4,0.03117505995203837,0,3
BringThemHomeNow,Zionist,Zionist,1,0.6047566533088684,0.23259523510932922,0.45387256145477295,0.75,0.25,0.7410071942446043,0.5442875027656555,28.6,0.021157167530224525,0,3
BringThemHomeNow,Zionist,Western,0,0.425473690032959,0.0999867245554924,0.7652338743209839,0.5,0.5,0.6666666666666666,0.06421729177236557,24.0,0.07326007326007326,0,4
BringThemHomeNow,Zionist,Resistance,0,0.5531467199325562,0.21704953908920288,0.4903733730316162,0.3333333333333333,0.6666666666666667,0.6,0.9871491193771362,17.4,0.024,0,3
BringThemHomeNow,Zionist,Zionist,1,0.47873008251190186,0.15889374911785126,0.6269217729568481,0.2727272727272727,0.7272727272727273,0.6825396825396826,0.9859323501586914,19.125,0.027870680044593088,0,3
BringThemHomeNow,Zionist,Right-wing,0,0.589661717414856,0.21205681562423706,0.5020962357521057,0.5,0.5,0.64,0.06421729177236557,13.333333333333334,0.07167235494880546,0,4
BringThemHomeNow,Zionist,Zionist,1,0.7272130846977234,0.2453681379556656,0.42388224601745605,1.0,0.0,0.7368421052631579,0.06421729177236557,17.0,0.04741379310344827,0,3
BringThemHomeNow,Zionist,Zionist,1,0.4589577913284302,0.1276238113641739,0.7003426551818848,0.0,1.0,0.5862068965517241,0.06421729177236557,15.666666666666666,0.050314465408805034,2,3
BringThemHomeNow,Zionist,Russian,0,0.4989229440689087,0.13629138469696045,0.6799914836883545,0.25,0.75,0.5517241379310345,0.06421729177236557,30.5,0.056847545219638244,1,5
BringThemHomeNow,Zionist,Zionist,1,0.4699932038784027,0.17651470005512238,0.5855481624603271,0.2,0.8,0.6056338028169014,0.06421729177236557,45.666666666666664,0.02609727164887307,0,3
BringThemHomeNow,Zionist,Zionist,1,0.47493961453437805,0.16975028812885284,0.6014308035373688,0.29411764705882354,0.7058823529411764,0.7563025210084033,0.9871491193771362,26.818181818181817,0.030120481927710843,0,3
BringThemHomeNow,Zionist,Ukrainian,0,0.4930011034011841,0.13292980194091797,0.6878843605518341,0.6,0.4,0.7466666666666667,0.6194060444831848,24.0,0.01882258710452543,0,3
BringThemHomeNow,Zionist,Zionist,1,0.5724891424179077,0.17200982570648193,0.5961254835128784,0.6,0.4,0.7547169811320755,1.0015721321105957,14.0,0.029333333333333333,1,3
BringThemHomeNow,Zionist,Zionist,1,0.4794749319553375,0.16765348613262177,0.6063540577888489,0.38461538461538464,0.6153846153846154,0.5945945945945946,0.7226299047470093,19.75,0.04032258064516129,0,4
BringThemHomeNow,Zionist,Zionist,1,0.47493964433670044,0.16975028812885284,0.6014308035373688,0.2631578947368421,0.736842105263158,0.7627118644067796,0.9871491193771362,27.0,0.029459901800327332,0,3
BringThemHomeNow,Zionist,Zionist,1,0.4755488634109497,0.10876171290874481,0.7446304559707642,0.0,1.0,0.6086956521739131,0.06421729177236557,8.333333333333334,0.0641025641025641,0,3
BringThemHomeNow,Zionist,Zionist,1,0.5249792337417603,0.1894964724779129,0.5550673007965088,0.3,0.8,0.6909090909090909,0.9870142936706543,29.6,0.0208078335373317,0,3
BringThemHomeNow,Zionist,Right-wing,0,0.4328213334083557,0.08084514737129211,0.8101776987314224,0.3,0.9,0.686046511627907,0.7101033329963684,19.8,0.045413260672116255,0,5
BringThemHomeNow,Zionist,Ukrainian,0,0.389224648475647,0.01580311916768551,0.9628946408629417,,,,1.001084327697754,19.615384615384617,0.029666666666666668,0,0
BringThemHomeNow,Zionist,Zionist,1,0.5216792821884155,0.17967166006565094,0.5781356692314148,0.375,0.75,0.5277777777777778,0.06421729177236557,24.0,0.05921052631578947,0,4
BringThemHomeNow,Zionist,Right-wing,0,0.6310532689094543,0.11689888685941696,0.725524514913559,0.3333333333333333,0.6666666666666667,0.6129032258064516,0.06421729177236557,28.5,0.05187319884726225,0,4
BringThemHomeNow,Zionist,Right-wing,0,0.5292161107063293,0.23064348101615906,0.4584552049636841,0.25,0.75,0.47058823529411764,0.06421729177236557,10.666666666666666,0.06698564593301436,0,3
BringThemHomeNow,Zionist,Zionist,1,0.4319586157798767,0.10888324677944183,0.7443450093269348,0.3333333333333333,1.0,0.6785714285714286,0.06421729177236557,26.8,0.020689655172413793,0,3
BringThemHomeNow,Zionist,Western,0,0.42335718870162964,0.06522269546985626,0.8468587398529053,0.4782608695652174,0.6956521739130435,0.7326732673267327,0.5797536969184875,16.766666666666666,0.028391167192429023,0,3
BringThemHomeNow,Zionist,Zionist,1,0.5293689966201782,0.21308913826942444,0.4996723532676697,0.5,0.5,0.808,0.7165254950523376,19.944444444444443,0.03240506329113924,0,3
BringThemHomeNow,Zionist,Zionist,1,0.5650207996368408,0.20924513041973114,0.5086979866027832,0.3076923076923077,0.6923076923076923,0.696969696969697,1.0015721321105957,20.875,0.031914893617021274,0,3
BringThemHomeNow,Zionist,Zionist,1,0.5118148326873779,0.18136364221572876,0.5741629600524902,0.5,0.5,0.7580645161290323,1.0020599365234375,44.75,0.014096916299559472,0,3
BringThemHomeNow,Zionist,Zionist,1,0.5651352405548096,0.16124609112739563,0.6213984787464142,0.45454545454545453,0.5909090909090908,0.7327586206896551,0.9999843835830688,25.272727272727273,0.024219247928616953,0,3
BringThemHomeNow,Zionist,Zionist,1,0.6831836700439453,0.17050723731517792,0.599653571844101,0.4444444444444444,0.6111111111111112,0.8320610687022901,0.06421729177236557,17.5625,0.026119402985074626,0,3
BringThemHomeNow,Zionist,Zionist,1,0.599183201789856,0.2021746039390564,0.5252994298934937,0.6,0.4,0.8414634146341463,0.9946377873420715,28.833333333333332,0.029922779922779922,0,3
BringThemHomeNow,Zionist,Zionist,1,0.7004488110542297,0.2594073414802551,0.390918493270874,0.8,0.2666666666666667,0.8552631578947368,0.06421729177236557,32.4,0.01812688821752266,0,3
BringThemHomeNow,Zionist,Zionist,1,0.530246913433075,0.18532589077949524,0.5648596882820129,0.3333333333333333,0.8333333333333334,0.5454545454545454,0.06421729177236557,13.0,0.03940886699507389,1,3
BringThemHomeNow,Zionist,Russian,0,0.4909593462944031,0.13293491303920746,0.6878723502159119,0.25,0.75,0.673469387755102,0.06421729177236557,24.8,0.02676056338028169,0,3
BringThemHomeNow,Zionist,Russian,0,0.4087378680706024,0.08278002589941025,0.8056346774101257,0.5454545454545454,0.6818181818181819,0.7135678391959799,0.6044023633003235,16.838709677419356,0.027739251040221916,0,3
BringThemHomeNow,Zionist,Zionist,1,0.6347965002059937,0.21611252427101135,0.49257349967956543,0.25,0.8333333333333334,0.6666666666666666,0.06421729177236557,28.5,0.029197080291970802,2,3
BringThemHomeNow,Zionist,Resistance,0,0.45292988419532776,0.08700321614742279,0.7957186996936798,0.47619047619047616,0.5714285714285714,0.695364238410596,0.5635949969291687,17.391304347826086,0.029711751662971176,0,3
BringThemHomeNow,Zionist,Ukrainian,0,0.45813289284706116,0.14012306928634644,0.6709948182106018,0.0,1.0,0.2727272727272727,0.06421729177236557,8.5,0.0784313725490196,2,3
BringThemHomeNow,Zionist,Zionist,1,0.6186032295227051,0.13019415736198425,0.6943076848983765,0.16666666666666666,0.8333333333333334,0.6333333333333333,0.06421729177236557,15.666666666666666,0.047021943573667714,1,3
BringThemHomeNow,Zionist,Zionist,1,0.4530091881752014,0.13228972256183624,0.6893872022628784,0.3333333333333333,0.6666666666666667,0.7671232876712328,0.7696453332901001,30.857142857142858,0.023790642347343377,0,3
BringThemHomeNow,Zionist,Zionist,1,0.6990697979927063,0.21274375915527344,0.5004833340644836,1.0,0.5,0.8888888888888888,0.9946377873420715,13.166666666666666,0.03537735849056604,0,3
BringThemHomeNow,Zionist,Right-wing,0,0.6275380253791809,0.10848155617713928,0.745288223028183,0.25,0.75,0.45454545454545453,0.06421729177236557,11.8,0.07291666666666667,0,4
BringThemHomeNow,Zionist,Ukrainian,0,0.3652479648590088,0.047732412815093994,0.8879256099462509,,,0.6,0.06421729177236557,9.666666666666666,0.06060606060606061,0,3
BringThemHomeNow,Zionist,Zionist,1,0.6124467253684998,0.19769462943077087,0.5358182489871979,0.42857142857142855,0.6190476190476191,0.8387096774193549,0.8002929091453552,36.833333333333336,0.02237136465324385,0,3
BringThemHomeNow,Zionist,Resistance,0,0.566020131111145,0.21157102286815643,0.5032368898391724,0.8333333333333334,0.6666666666666667,0.7880794701986755,0.7927154302597046,24.8125,0.023180154534363562,0,3
BringThemHomeNow,Zionist,Zionist,1,0.5548658967018127,0.15770888328552246,0.62970370054245,0.4782608695652174,0.6086956521739131,0.7636363636363637,0.734204888343811,21.75,0.031141868512110725,0,2
BringThemHomeNow,Zionist,Zionist,1,0.5665919184684753,0.22653137147426605,0.4681103229522705,0.25,0.75,0.7555555555555555,0.06421729177236557,12.11111111111111,0.032467532467532464,0,3
BringThemHomeNow,Zionist,Zionist,1,0.584567129611969,0.20717372000217438,0.5135616362094879,0.5,0.5,0.5714285714285714,0.06421729177236557,12.5,0.07317073170731707,0,3
BringThemHomeNow,Zionist,Resistance,0,0.6905769109725952,0.26021620631217957,0.389019250869751,1.0,0.33333333333333337,0.6774193548387096,0.06421729177236557,16.5,0.043701799485861184,0,3
BringThemHomeNow,Zionist,Zionist,1,0.5336410403251648,0.19845478236675262,0.534033477306366,0.6,0.6,0.7857142857142857,0.8613030910491943,24.25,0.03288201160541586,0,3
BringThemHomeNow,Zionist,Right-wing,0,0.5640891194343567,0.2567252814769745,0.3972158432006836,0.75,0.25,0.5909090909090909,0.06421729177236557,19.0,0.05714285714285714,0,4
BringThemHomeNow,Zionist,Zionist,1,0.5146663188934326,0.16101384162902832,0.6219437718391418,0.5,0.75,0.7815126050420168,0.6343507170677185,14.91304347826087,0.03730115194733955,0,3
BringThemHomeNow,Zionist,Western,0,0.443576455116272,0.13413867354393005,0.6850459575653076,0.6666666666666666,0.33333333333333337,0.5882352941176471,0.997783362865448,15.5,0.06896551724137931,0,4
BringThemHomeNow,Zionist,Zionist,1,0.4937080442905426,0.1471729874610901,0.6544417440891266,0.25,0.75,0.726027397260274,0.06421729177236557,32.8,0.024070021881838075,0,5
BringThemHomeNow,Zionist,Zionist,1,0.71821129322052,0.23205476999282837,0.455141544342041,0.7,0.4,0.8676470588235294,1.0009435415267944,15.181818181818182,0.023933402705515087,0,3
BringThemHomeNow,Zionist,Zionist,1,0.655596137046814,0.23278793692588806,0.45342010259628296,0.6363636363636364,0.4545454545454546,0.8166666666666667,1.0000547170639038,27.545454545454547,0.021541950113378686,0,3
BringThemHomeNow,Zionist,Zionist,1,0.631769061088562,0.18610182404518127,0.5630379319190979,0.3333333333333333,0.6666666666666667,0.6,0.06421729177236557,13.75,0.0410958904109589,1,3
BringThemHomeNow,Zionist,Zionist,1,0.6637251377105713,0.17737862467765808,0.583519697189331,0.5,0.5,0.7543859649122807,0.06421729177236557,14.5,0.028288543140028287,1,3
BringThemHomeNow,Zionist,Right-wing,0,0.5770425796508789,0.08860339969396591,0.791961669921875,0.25,0.75,0.6521739130434783,0.9949532151222229,14.0,0.06428571428571428,0,3
BringThemHomeNow,Zionist,Zionist,1,0.5887024998664856,0.2250649482011795,0.4715534448623657,0.3333333333333333,0.6666666666666667,0.8072289156626506,0.7663443088531494,29.571428571428573,0.030115146147032774,0,3
BringThemHomeNow,Zionist,Resistance,0,0.5908376574516296,0.19329872727394104,0.5461396872997284,0.6923076923076923,0.6153846153846154,0.7804878048780488,0.6341174244880676,29.416666666666668,0.019981834695731154,0,3
BringThemHomeNow,Zionist,Zionist,1,0.5051260590553284,0.19350025057792664,0.5456665754318237,1.0,0.0,0.6666666666666666,0.06421729177236557,9.222222222222221,0.045368620037807186,0,3
BringThemHomeNow,Zionist,Zionist,1,0.7058416604995728,0.2288203090429306,0.46273601055145264,1.0,0.0,0.8064516129032258,0.06421729177236557,11.428571428571429,0.03303964757709251,0,3
BringThemHomeNow,Zionist,Right-wing,0,0.48332446813583374,0.15563362836837769,0.6345764100551605,0.4,0.6,0.725,0.06421729177236557,14.5,0.03578528827037773,1,3
BringThemHomeNow,Zionist,Resistance,0,0.4939560294151306,0.2087278515100479,0.5099124312400818,0.2727272727272727,0.7272727272727273,0.6610169491525424,0.06421729177236557,22.833333333333332,0.033647375504710635,0,3
BringThemHomeNow,Zionist,Zionist,1,0.3812808394432068,0.060427118092775345,0.8581187427043915,0.23076923076923078,0.7692307692307692,0.6606060606060606,0.7600709199905396,18.041666666666668,0.023644516918059518,0,3
BringThemHomeNow,Zionist,Western,0,0.4677395224571228,0.13440415263175964,0.6844226121902466,0.3333333333333333,0.6666666666666667,0.5714285714285714,0.06421729177236557,11.0,0.08270676691729323,0,3
BringThemHomeNow,Zionist,Zionist,1,0.4178365468978882,0.11642948538064957,0.7266266644001007,0.0,1.0,0.5625,0.06421729177236557,8.6,0.06538461538461539,0,3
BringThemHomeNow,Zionist,Zionist,1,0.5136458873748779,0.19665436446666718,0.5382606983184814,0.35294117647058826,0.7647058823529411,0.6415094339622641,0.06421729177236557,21.0,0.03938115330520394,2,3
BringThemHomeNow,Zionist,Zionist,1,0.5991764664649963,0.24748016893863678,0.41892313957214355,0.4,0.6,0.8032786885245902,0.06421729177236557,11.909090909090908,0.03229974160206718,0,3
BringThemHomeNow,Zionist,Zionist,1,0.5928536057472229,0.21503593027591705,0.49510133266448975,0.4,0.6,0.6666666666666666,0.06421729177236557,17.5,0.0380952380952381,0,3
BringThemHomeNow,Zionist,Zionist,1,0.5469568967819214,0.15340140461921692,0.639817625284195,0.4444444444444444,0.5555555555555556,0.6410256410256411,0.06421729177236557,23.666666666666668,0.0410958904109589,1,3
BringThemHomeNow,Zionist,Zionist,1,0.5832380056381226,0.2649087905883789,0.3780010938644409,0.25,0.75,0.65625,0.999897837638855,12.9,0.05405405405405406,0,0
BringThemHomeNow,Zionist,Zionist,1,0.6011715531349182,0.2603358328342438,0.3887382745742798,0.4,0.6,0.7777777777777778,0.06421729177236557,21.8,0.026771653543307086,0,3
BringThemHomeNow,Zionist,Russian,0,0.41941121220588684,0.2020101547241211,0.5256855189800262,0.3333333333333333,0.6666666666666667,0.631578947368421,0.06421729177236557,32.333333333333336,0.037300177619893425,0,6
BringThemHomeNow,Zionist,Zionist,1,0.5264186859130859,0.16675782203674316,0.6084570288658142,0.2727272727272727,0.7272727272727273,0.6825396825396826,0.9859323501586914,18.875,0.02824858757062147,0,3
BringThemHomeNow,Zionist,Zionist,1,0.518791913986206,0.2105029672384262,0.5057445764541626,0.16666666666666666,0.8333333333333334,0.759493670886076,0.06421729177236557,22.0,0.029935275080906147,0,3
BringThemHomeNow,Zionist,Zionist,1,0.4897608458995819,0.18186794221401215,0.5729788243770599,0.5,0.5,0.7469879518072289,0.9962098598480225,23.444444444444443,0.026923076923076925,0,3
BringThemHomeNow,Zionist,Zionist,1,0.5228273868560791,0.20785517990589142,0.5119615793228149,0.36363636363636365,0.7272727272727273,0.7894736842105263,0.8265880942344666,25.9,0.026200873362445413,2,3
BringThemHomeNow,Zionist,Western,0,0.4240369200706482,0.05003972351551056,0.8825080990791321,0.0,1.0,0.75,0.06421729177236557,29.583333333333332,0.02280130293159609,0,3
BringThemHomeNow,Zionist,Zionist,1,0.526117742061615,0.1983942836523056,0.534175455570221,0.35294117647058826,0.6470588235294117,0.6875,0.7156572341918945,29.5,0.03170028818443804,2,3
BringThemHomeNow,Zionist,Zionist,1,0.5697355270385742,0.23394660651683807,0.4506995677947998,0.5294117647058824,0.47058823529411764,0.7413793103448276,0.06421729177236557,23.2,0.042134831460674156,0,3
BringThemHomeNow,Zionist,Zionist,1,0.4310474693775177,0.12478142231702805,0.7070165574550629,0.8,0.6,0.5806451612903226,1.0015721321105957,16.5,0.04488778054862843,0,4
BringThemHomeNow,Zionist,Right-wing,0,0.5648949146270752,0.13403970003128052,0.6852784156799316,0.0,1.0,0.631578947368421,0.9998602867126465,9.0,0.05726872246696035,0,3
BringThemHomeNow,Zionist,Zionist,1,0.5057101845741272,0.18741749227046967,0.5599486827850342,0.1111111111111111,0.8888888888888888,0.6111111111111112,0.06421729177236557,18.8,0.03937007874015748,2,0
BringThemHomeNow,Zionist,Ukrainian,0,0.46653133630752563,0.11609411239624023,0.727414071559906,0.2777777777777778,0.7222222222222222,0.6180555555555556,0.8287233114242554,16.863636363636363,0.034306907742234584,0,3
BringThemHomeNow,Zionist,Zionist,1,0.6309309005737305,0.2218119502067566,0.4791914224624634,0.5,0.5,0.5384615384615384,0.06421729177236557,7.5,0.06735751295336788,0,3
BringThemHomeNow,Zionist,Zionist,1,0.5457649827003479,0.1596248894929886,0.6252050697803497,0.3333333333333333,0.6666666666666667,0.6,0.06421729177236557,15.75,0.036939313984168866,0,4
BringThemHomeNow,Zionist,Ukrainian,0,0.4246518313884735,0.10397401452064514,0.7558718621730804,0.0,1.0,0.375,0.06421729177236557,8.5,0.08391608391608392,2,3
BringThemHomeNow,Zionist,Zionist,1,0.6506069898605347,0.11698300391435623,0.7253270447254181,,,0.7307692307692307,0.06421729177236557,17.0,0.04451038575667656,0,3
BringThemHomeNow,Zionist,Zionist,1,0.5608455538749695,0.21428793668746948,0.4968576431274414,0.25,0.75,0.6956521739130435,0.06421729177236557,12.222222222222221,0.03307086614173228,0,3
BringThemHomeNow,Zionist,Right-wing,0,0.4620218873023987,0.10181611031293869,0.7609385102987289,0.25,0.75,0.5483870967741935,0.06421729177236557,12.8,0.0610079575596817,0,3
BringThemHomeNow,Zionist,Russian,0,0.5010935068130493,0.20600926876068115,0.5162957310676575,0.0,1.0,0.64,0.06421729177236557,13.5,0.044444444444444446,0,4
BringThemHomeNow,Zionist,Zionist,1,0.5133898854255676,0.1740272045135498,0.5913887619972229,0.2857142857142857,0.7142857142857143,0.5517241379310345,0.06421729177236557,14.0,0.043596730245231606,2,3
BringThemHomeNow,Zionist,Zionist,1,0.577056884765625,0.1904796063899994,0.5527589619159698,0.5,0.5,0.7096774193548387,0.06421729177236557,21.333333333333332,0.029490616621983913,0,3
AlJazeeraEnglish,Resistance,Ukrainian,0,0.6049150228500366,0.15900781750679016,0.6510406732559204,1.0,0.33333333333333337,0.8888888888888888,0.07422903925180435,12.0,0.043010752688172046,0,1
AlJazeeraEnglish,Resistance,Resistance,1,0.8073174953460693,0.26087692379951477,0.4274783134460449,1.0,0.0,0.875,0.07422903925180435,7.0,0.044444444444444446,0,1
AlJazeeraEnglish,Resistance,Left-wing,0,0.667892336845398,0.21474263072013855,0.528724879026413,1.0,0.0,0.8888888888888888,0.07422903925180435,13.0,0.011494252873563218,0,1
AlJazeeraEnglish,Resistance,Zionist,0,0.6998490691184998,0.2682332396507263,0.4113340377807617,1.0,0.0,0.8,0.07422903925180435,11.0,0.024691358024691357,0,1
AlJazeeraEnglish,Resistance,Zionist,0,0.7872998714447021,0.21184349060058594,0.5350873172283173,0.4,0.6,0.8571428571428571,0.07422903925180435,10.0,0.014285714285714285,0,1
AlJazeeraEnglish,Resistance,Right-wing,0,0.5006908178329468,0.08305176347494125,0.8177342861890793,1.0,0.0,0.5,0.07422903925180435,13.0,0.018518518518518517,0,1
AlJazeeraEnglish,Resistance,Russian,0,0.525650143623352,0.0765211209654808,0.8320664763450623,0.5,1.0,0.7,1.002211570739746,13.0,0.021052631578947368,0,1
AlJazeeraEnglish,Resistance,Russian,0,0.4761229157447815,0.09941867738962173,0.7818154096603394,1.0,1.0,0.5555555555555556,1.002211570739746,11.0,0.012048192771084338,0,1
AlJazeeraEnglish,Resistance,Zionist,0,0.5156198740005493,0.10355744510889053,0.7727323770523071,1.0,0.0,0.5454545454545454,0.07422903925180435,12.0,0.019230769230769232,0,1
AlJazeeraEnglish,Resistance,Right-wing,0,0.48880094289779663,0.15827180445194244,0.6526560187339783,1.0,0.0,0.875,0.07422903925180435,13.0,0.022727272727272728,0,1
AlJazeeraEnglish,Resistance,Left-wing,0,0.6428724527359009,0.17980460822582245,0.6053999960422516,1.0,0.0,0.9166666666666666,0.07422903925180435,16.0,0.009009009009009009,0,1
AlJazeeraEnglish,Resistance,Resistance,1,0.6456378102302551,0.23164241015911102,0.4916365146636963,1.0,0.0,0.9,0.07422903925180435,13.0,0.019801980198019802,0,1
AlJazeeraEnglish,Resistance,Left-wing,0,0.4975629448890686,0.11830011010169983,0.7403780817985535,1.0,0.0,0.7142857142857143,0.07422903925180435,7.5,0.05555555555555555,0,1
AlJazeeraEnglish,Resistance,Ukrainian,0,0.6769646406173706,0.21178038418293,0.5352257788181305,1.0,0.0,0.8888888888888888,0.07422903925180435,15.0,0.02247191011235955,0,1
AlJazeeraEnglish,Resistance,Zionist,0,0.6552524566650391,0.21833567321300507,0.520839512348175,1.0,0.0,0.75,0.07422903925180435,13.0,0.011494252873563218,0,1
AlJazeeraEnglish,Resistance,Resistance,1,0.6873661875724792,0.27657538652420044,0.3930264711380005,0.6,0.4,0.6666666666666666,0.07422903925180435,14.0,0.05263157894736842,0,1
AlJazeeraEnglish,Resistance,Zionist,0,0.632753849029541,0.2346002161502838,0.48514533042907715,0.5,0.5,0.7,0.07422903925180435,7.0,0.042105263157894736,0,1
AlJazeeraEnglish,Resistance,Right-wing,0,0.5167955756187439,0.09990081936120987,0.7807572335004807,1.0,0.0,0.42857142857142855,0.07422903925180435,7.0,0.02631578947368421,0,1
AlJazeeraEnglish,Resistance,Resistance,1,0.5570900440216064,0.1804046928882599,0.6040831208229065,0.0,1.0,0.5555555555555556,0.07422903925180435,11.0,0.03333333333333333,0,1
AlJazeeraEnglish,Resistance,Resistance,1,0.5526052117347717,0.16765037178993225,0.6320737600326538,1.0,1.0,0.7142857142857143,0.07422903925180435,10.0,0.03571428571428571,0,1
AlJazeeraEnglish,Resistance,Resistance,1,0.5616554021835327,0.18115350604057312,0.6024397015571594,0.5,1.0,0.6363636363636364,0.07422903925180435,16.0,0.017543859649122806,0,1
AlJazeeraEnglish,Resistance,Right-wing,0,0.5919630527496338,0.14539159834384918,0.6809229850769043,1.0,0.5,0.7777777777777778,0.07422903925180435,6.5,0.04395604395604396,0,1
AlJazeeraEnglish,Resistance,Zionist,0,0.6724721193313599,0.25828978419303894,0.43315601348876953,1.0,0.0,0.75,0.07422903925180435,7.5,0.03125,0,1
AlJazeeraEnglish,Resistance,Russian,0,0.6272678375244141,0.21103942394256592,0.5368519425392151,0.0,1.0,0.6666666666666666,0.07422903925180435,11.0,0.042105263157894736,0,1
AlJazeeraEnglish,Resistance,Left-wing,0,0.6252388954162598,0.1783832609653473,0.6085192561149597,0.75,0.5,0.6666666666666666,0.07422903925180435,14.0,0.009174311926605505,0,1
AlJazeeraEnglish,Resistance,Left-wing,0,0.6611728668212891,0.25970765948295593,0.43004441261291504,1.0,0.0,0.8,0.07422903925180435,15.0,0.04,0,1
AlJazeeraEnglish,Resistance,Zionist,0,0.38730597496032715,0.13153062760829926,0.7113422453403473,1.0,1.0,0.5,0.07422903925180435,9.0,0.03333333333333333,0,1
AlJazeeraEnglish,Resistance,Resistance,1,0.6440436840057373,0.26483315229415894,0.4187960624694824,0.75,0.25,0.7,0.07422903925180435,12.0,0.04807692307692308,0,1
AlJazeeraEnglish,Resistance,Resistance,1,0.5984479188919067,0.1763523817062378,0.6129761636257172,1.0,0.5,0.875,0.07422903925180435,10.0,0.014492753623188406,0,1
AlJazeeraEnglish,Resistance,Western,0,0.6422903537750244,0.1387666016817093,0.6954622268676758,1.0,0.33333333333333337,0.6,0.07422903925180435,5.5,0.05970149253731343,0,1
AlJazeeraEnglish,Resistance,Left-wing,0,0.6612933874130249,0.19749464094638824,0.5665773153305054,1.0,0.0,0.9090909090909091,0.9881335496902466,18.0,0.009523809523809525,0,1
AlJazeeraEnglish,Resistance,Resistance,1,0.6472452878952026,0.2760374844074249,0.3942069411277771,1.0,0.0,0.8571428571428571,0.07422903925180435,9.0,0.024691358024691357,0,1
AlJazeeraEnglish,Resistance,Russian,0,0.4956552982330322,0.11459865421056747,0.7485013008117676,0.0,1.0,0.5,0.07422903925180435,6.0,0.05,0,1
AlJazeeraEnglish,Resistance,Right-wing,0,0.6500024795532227,0.11970426887273788,0.7372964918613434,1.0,1.0,0.4444444444444444,1.0024186372756958,11.0,0.022727272727272728,0,1
AlJazeeraEnglish,Resistance,Right-wing,0,0.3907085955142975,0.07997790724039078,0.8244800865650177,1.0,1.0,0.625,0.07422903925180435,11.0,0.03529411764705882,0,1
AlJazeeraEnglish,Resistance,Right-wing,0,0.5363575220108032,0.20299655199050903,0.5545027852058411,0.6666666666666666,0.33333333333333337,0.9,0.07422903925180435,18.0,0.02,0,1
AlJazeeraEnglish,Resistance,Russian,0,0.5524705648422241,0.18502658605575562,0.5939399003982544,0.6666666666666666,0.6666666666666667,0.5833333333333334,0.07422903925180435,14.0,0.034482758620689655,0,1
AlJazeeraEnglish,Resistance,Zionist,0,0.7045773267745972,0.2663908004760742,0.4153776168823242,0.6666666666666666,0.6666666666666667,0.6666666666666666,1.002751111984253,13.0,0.020833333333333332,0,1
AlJazeeraEnglish,Resistance,Russian,0,0.6295194625854492,0.25338438153266907,0.44392144680023193,1.0,0.0,0.8,0.07422903925180435,4.0,0.07547169811320754,0,1
AlJazeeraEnglish,Resistance,Ukrainian,0,0.620931088924408,0.1978967785835266,0.5656949281692505,1.0,0.25,0.625,0.07422903925180435,11.0,0.01282051282051282,0,1
AlJazeeraEnglish,Resistance,Resistance,1,0.37092849612236023,0.11719103157520294,0.7428120374679565,1.0,1.0,0.5,0.999509871006012,10.0,0.011494252873563218,0,1
AlJazeeraEnglish,Resistance,Zionist,0,0.6937342286109924,0.2624896168708801,0.4239391088485718,0.6666666666666666,0.6666666666666667,0.5555555555555556,0.07422903925180435,13.0,0.019801980198019802,0,1
AlJazeeraEnglish,Resistance,Left-wing,0,0.5608625411987305,0.24910232424736023,0.45331889390945435,1.0,0.5,0.3333333333333333,0.07422903925180435,11.0,0.039473684210526314,1,1
AlJazeeraEnglish,Resistance,Resistance,1,0.48975521326065063,0.19371050596237183,0.5748820900917053,1.0,1.0,0.375,0.07422903925180435,10.0,0.024691358024691357,0,1
AlJazeeraEnglish,Resistance,Resistance,1,0.6190392971038818,0.1560497134923935,0.6575326323509216,1.0,0.0,0.625,0.07422903925180435,11.0,0.0125,0,1
AlJazeeraEnglish,Resistance,Western,0,0.6081579923629761,0.14756973087787628,0.6761428117752075,1.0,0.0,0.6666666666666666,0.07422903925180435,11.0,0.021505376344086023,0,1
AlJazeeraEnglish,Resistance,Right-wing,0,0.44677734375,0.006301582790911198,0.9861705144867301,0.3333333333333333,1.0,0.5454545454545454,0.07422903925180435,15.0,0.02727272727272727,0,1
AlJazeeraEnglish,Resistance,Ukrainian,0,0.42402172088623047,0.09326207637786865,0.7953266501426697,0.5,1.0,0.5,0.07422903925180435,13.0,0.021052631578947368,0,1
AlJazeeraEnglish,Resistance,Resistance,1,0.6569079160690308,0.2706701457500458,0.40598607063293457,1.0,0.0,0.75,0.07422903925180435,11.0,0.036585365853658534,0,1
AlJazeeraEnglish,Resistance,Russian,0,0.5699788331985474,0.22148185968399048,0.5139349102973938,1.0,0.5,0.7272727272727273,0.07422903925180435,12.0,0.010752688172043012,0,1
AlJazeeraEnglish,Resistance,Right-wing,0,0.5626243352890015,0.18141144514083862,0.6018736958503723,0.6666666666666666,0.6666666666666667,0.4444444444444444,0.07422903925180435,10.0,0.024691358024691357,0,1
AlJazeeraEnglish,Resistance,Left-wing,0,0.5378847122192383,0.2305857241153717,0.4939556121826172,0.3333333333333333,0.6666666666666667,0.3333333333333333,0.07422903925180435,6.5,0.04395604395604396,0,1
AlJazeeraEnglish,Resistance,Left-wing,0,0.6647830009460449,0.2624431252479553,0.42404115200042725,1.0,0.0,0.6666666666666666,0.07422903925180435,11.0,0.024691358024691357,0,1
AlJazeeraEnglish,Resistance,Resistance,1,0.5743837356567383,0.24708734452724457,0.4577409625053406,1.0,0.0,0.6,0.9917693734169006,5.5,0.04,0,1
AlJazeeraEnglish,Resistance,Ukrainian,0,0.6817606687545776,0.16791705787181854,0.6314885020256042,1.0,0.6666666666666667,0.5,0.07422903925180435,11.0,0.011764705882352941,0,1
AlJazeeraEnglish,Resistance,Resistance,1,0.6742733120918274,0.2343008816242218,0.4858022928237915,1.0,0.0,0.875,0.07422903925180435,12.0,0.013513513513513514,0,1
AlJazeeraEnglish,Resistance,Left-wing,0,0.6319470405578613,0.22507019340991974,0.5060599446296692,1.0,0.0,0.8181818181818182,0.07422903925180435,13.0,0.00980392156862745,0,1
AlJazeeraEnglish,Resistance,Zionist,0,0.6707211136817932,0.24506346881389618,0.4621826410293579,1.0,0.0,0.7777777777777778,0.07422903925180435,12.0,0.011764705882352941,0,1
AlJazeeraEnglish,Resistance,Russian,0,0.5166156888008118,0.1378803551197052,0.6974071860313416,1.0,1.0,0.7,1.002211570739746,11.0,0.021505376344086023,0,1
AlJazeeraEnglish,Resistance,Left-wing,0,0.6789109706878662,0.20707152783870697,0.5455599129199982,0.6,0.8,0.75,0.07422903925180435,9.0,0.04054054054054054,0,1
AlJazeeraEnglish,Resistance,Right-wing,0,0.5493757128715515,0.11286793649196625,0.7522995173931122,1.0,0.0,0.75,0.07422903925180435,7.5,0.030303030303030304,0,1
AlJazeeraEnglish,Resistance,Western,0,0.5991628766059875,0.11671826243400574,0.7438495755195618,1.0,0.33333333333333337,0.45454545454545453,0.07422903925180435,13.0,0.02608695652173913,0,1
AlJazeeraEnglish,Resistance,Zionist,0,0.5309116244316101,0.14800283312797546,0.6751922965049744,1.0,1.0,0.42857142857142855,1.0024186372756958,5.5,0.024691358024691357,0,1
AlJazeeraEnglish,Resistance,Zionist,0,0.541445255279541,0.10767705738544464,0.7636914551258087,1.0,0.6666666666666667,0.5454545454545454,0.07422903925180435,12.0,0.03260869565217391,0,1
AlJazeeraEnglish,Resistance,Zionist,0,0.5577811002731323,0.1765250861644745,0.61259725689888,1.0,0.25,0.5454545454545454,0.07422903925180435,15.0,0.04310344827586207,0,1
AlJazeeraEnglish,Resistance,Left-wing,0,0.5979740619659424,0.08863608539104462,0.8054788410663605,1.0,0.0,0.6923076923076923,1.0024186372756958,14.0,0.017543859649122806,0,1
AlJazeeraEnglish,Resistance,Resistance,1,0.5884023904800415,0.24151720106601715,0.4699653387069702,0.0,1.0,0.3333333333333333,0.07422903925180435,4.0,0.021739130434782608,0,1
AlJazeeraEnglish,Resistance,Resistance,1,0.661738395690918,0.28343403339385986,0.37797439098358154,1.0,0.0,0.6666666666666666,0.07422903925180435,12.0,0.01282051282051282,0,1
AlJazeeraEnglish,Resistance,Resistance,1,0.6949120759963989,0.2997102737426758,0.34225451946258545,1.0,0.0,0.8571428571428571,0.07422903925180435,12.0,0.033707865168539325,0,1
AlJazeeraEnglish,Resistance,Resistance,1,0.40224432945251465,0.13562434911727905,0.702358216047287,1.0,1.0,0.45454545454545453,0.07422903925180435,12.0,0.022727272727272728,0,1
AlJazeeraEnglish,Resistance,Western,0,0.4175114035606384,0.08608424663543701,0.8110791742801666,0.5,0.5,0.375,1.002751111984253,16.0,0.026785714285714284,0,1
AlJazeeraEnglish,Resistance,Zionist,0,0.5811644792556763,0.19433319568634033,0.5735154747962952,1.0,0.0,0.6666666666666666,0.07422903925180435,11.0,0.03225806451612903,0,1
AlJazeeraEnglish,Resistance,Right-wing,0,0.44774743914604187,0.09268056601285934,0.7966027706861496,1.0,0.33333333333333337,0.5,0.07422903925180435,8.0,0.039603960396039604,0,1
AlJazeeraEnglish,Resistance,Right-wing,0,0.476524293422699,0.14313146471977234,0.6858830749988556,0.5,0.5,0.5,0.07422903925180435,12.0,0.012195121951219513,0,1
AlJazeeraEnglish,Resistance,Russian,0,0.6871836185455322,0.17449402809143066,0.6170546412467957,1.0,0.33333333333333337,0.75,0.07422903925180435,12.0,0.022988505747126436,0,1
AlJazeeraEnglish,Resistance,Russian,0,0.6272270679473877,0.11956378072500229,0.7376048266887665,1.0,1.0,0.25,0.07422903925180435,14.0,0.017857142857142856,0,1
AlJazeeraEnglish,Resistance,Western,0,0.5003694295883179,0.06481240689754486,0.8577624261379242,1.0,1.0,0.375,0.07422903925180435,10.0,0.012195121951219513,0,1
AlJazeeraEnglish,Resistance,Russian,0,0.6046163439750671,0.2084139883518219,0.5426138043403625,0.0,1.0,0.7777777777777778,0.07422903925180435,11.0,0.03296703296703297,0,1
AlJazeeraEnglish,Resistance,Zionist,0,0.6852669715881348,0.24430258572101593,0.4638524055480957,1.0,0.0,0.7777777777777778,0.07422903925180435,13.0,0.021739130434782608,0,1
AlJazeeraEnglish,Resistance,Right-wing,0,0.6400724649429321,0.25529804825782776,0.43972182273864746,0.0,1.0,0.75,0.07422903925180435,13.0,0.028037383177570093,0,1
AlJazeeraEnglish,Resistance,Resistance,1,0.6660629510879517,0.2350814789533615,0.48408907651901245,1.0,0.0,0.6666666666666666,0.07422903925180435,14.0,0.020202020202020204,0,1
AlJazeeraEnglish,Resistance,Resistance,1,0.6168060302734375,0.2540585398674011,0.44244199991226196,1.0,0.0,0.8181818181818182,0.07422903925180435,13.0,0.020618556701030927,0,1
AlJazeeraEnglish,Resistance,Right-wing,0,0.6430308818817139,0.11615341156721115,0.7450892329216003,1.0,0.33333333333333337,0.8,0.999509871006012,17.0,0.017699115044247787,0,1
AlJazeeraEnglish,Resistance,Right-wing,0,0.5097383260726929,0.10036279261112213,0.7797433435916901,0.0,1.0,0.42857142857142855,0.07422903925180435,9.0,0.04054054054054054,0,1
AlJazeeraEnglish,Resistance,Left-wing,0,0.5096482038497925,0.13734887540340424,0.6985735595226288,0.6666666666666666,0.6666666666666667,0.36363636363636365,1.002211570739746,16.0,0.02631578947368421,0,1
AlJazeeraEnglish,Resistance,Zionist,0,0.431518018245697,0.14155986905097961,0.6893320977687836,1.0,1.0,0.625,0.07422903925180435,14.0,0.029411764705882353,0,1
AlJazeeraEnglish,Resistance,Zionist,0,0.6468966007232666,0.18396292626857758,0.5962741076946259,1.0,0.0,0.8181818181818182,0.07422903925180435,12.0,0.011111111111111112,0,1
AlJazeeraEnglish,Resistance,Resistance,1,0.5365546941757202,0.1590886414051056,0.6508633494377136,0.6666666666666666,1.0,0.36363636363636365,0.07422903925180435,16.0,0.010752688172043012,0,1
AlJazeeraEnglish,Resistance,Resistance,1,0.6984182596206665,0.2091076374053955,0.5410914719104767,1.0,0.0,0.9,0.9981363415718079,13.0,0.010526315789473684,0,1
AlJazeeraEnglish,Resistance,Ukrainian,0,0.45253559947013855,0.1195472776889801,0.7376410067081451,1.0,1.0,0.6,0.07422903925180435,13.0,0.01098901098901099,0,1
AlJazeeraEnglish,Resistance,Zionist,0,0.4491857886314392,0.11754617094993591,0.7420326471328735,0.0,1.0,0.3333333333333333,0.07422903925180435,11.0,0.010752688172043012,0,1
AlJazeeraEnglish,Resistance,Zionist,0,0.5072223544120789,0.1545446813106537,0.6608355343341827,1.0,0.0,0.7777777777777778,0.07422903925180435,12.0,0.018518518518518517,0,1
AlJazeeraEnglish,Resistance,Resistance,1,0.713748037815094,0.22842223942279816,0.4987034201622009,1.0,0.5,0.8888888888888888,0.07422903925180435,7.0,0.03296703296703297,0,1
AlJazeeraEnglish,Resistance,Zionist,0,0.6807161569595337,0.23990166187286377,0.4735107421875,1.0,0.25,0.6,0.07422903925180435,14.0,0.031578947368421054,1,1
AlJazeeraEnglish,Resistance,Zionist,0,0.6044144630432129,0.20100094377994537,0.5588823854923248,0.6666666666666666,0.33333333333333337,0.625,0.07422903925180435,12.0,0.03225806451612903,0,1
AlJazeeraEnglish,Resistance,Zionist,0,0.6160955429077148,0.24549920856952667,0.4612264037132263,1.0,0.0,0.7142857142857143,0.07422903925180435,7.0,0.014285714285714285,0,1
AlJazeeraEnglish,Resistance,Zionist,0,0.6716440320014954,0.17321476340293884,0.6198620200157166,0.5,0.5,0.75,0.07422903925180435,14.0,0.024390243902439025,0,1
AlJazeeraEnglish,Resistance,Western,0,0.41879498958587646,0.12766556441783905,0.7198246121406555,1.0,1.0,0.42857142857142855,0.07422903925180435,9.0,0.03488372093023256,0,1
AlJazeeraEnglish,Resistance,Resistance,1,0.6671377420425415,0.2492355853319168,0.4530264735221863,0.6666666666666666,0.33333333333333337,0.6666666666666666,0.07422903925180435,15.0,0.01834862385321101,0,1
AlJazeeraEnglish,Resistance,Right-wing,0,0.39397677779197693,0.0395815446972847,0.9131341502070427,,,0.6666666666666666,0.07422903925180435,6.5,0.039473684210526314,0,1
AlJazeeraEnglish,Resistance,Resistance,1,0.6261212229728699,0.20085099339485168,0.5592115521430969,1.0,0.0,0.7777777777777778,0.07422903925180435,12.0,0.011235955056179775,0,1
AlJazeeraEnglish,Resistance,Resistance,1,0.5888633131980896,0.24086631834506989,0.4713937044143677,1.0,0.6666666666666667,0.8,0.07422903925180435,14.0,0.03225806451612903,0,1
AlJazeeraEnglish,Resistance,Zionist,0,0.7037009000778198,0.19519340991973877,0.5716276168823242,1.0,0.0,0.6666666666666666,0.07422903925180435,7.0,0.03278688524590164,0,1
AlJazeeraEnglish,Resistance,Ukrainian,0,0.588192880153656,0.1522880494594574,0.6657879650592804,0.6666666666666666,0.6666666666666667,0.7777777777777778,0.07422903925180435,14.0,0.02040816326530612,0,1
AlJazeeraEnglish,Resistance,Left-wing,0,0.709079921245575,0.23562753200531006,0.4828907251358032,1.0,0.5,0.8571428571428571,0.07422903925180435,6.0,0.03896103896103896,0,1
AlJazeeraEnglish,Resistance,Resistance,1,0.727302610874176,0.2695913314819336,0.4083535671234131,0.5,0.5,0.8571428571428571,0.07422903925180435,13.0,0.024096385542168676,0,1
AlJazeeraEnglish,Resistance,Resistance,1,0.36533594131469727,0.14029595255851746,0.6921058893203735,0.6666666666666666,1.0,0.5,0.07422903925180435,14.0,0.009708737864077669,0,1
AlJazeeraEnglish,Resistance,Russian,0,0.5527775287628174,0.18158526718616486,0.601492166519165,1.0,0.0,0.8888888888888888,0.07422903925180435,12.0,0.011764705882352941,0,1
AlJazeeraEnglish,Resistance,Zionist,0,0.5467237234115601,0.22424867749214172,0.5078628659248352,0.5,0.5,0.5555555555555556,0.07422903925180435,13.0,0.022727272727272728,0,1
AlJazeeraEnglish,Resistance,Zionist,0,0.668634295463562,0.2267366200685501,0.5024027228355408,1.0,0.0,0.875,0.07422903925180435,11.0,0.023809523809523808,0,1
AlJazeeraEnglish,Resistance,Ukrainian,0,0.6321392059326172,0.12905848026275635,0.7167677283287048,1.0,0.5,0.6,0.07422903925180435,13.0,0.022727272727272728,0,1
AlJazeeraEnglish,Resistance,Resistance,1,0.6317726373672485,0.25481510162353516,0.4407815933227539,1.0,0.33333333333333337,0.6,0.07422903925180435,12.0,0.029411764705882353,0,1
AlJazeeraEnglish,Resistance,Resistance,1,0.7359044551849365,0.25233349204063416,0.4462277889251709,0.6666666666666666,0.33333333333333337,0.6666666666666666,0.07422903925180435,13.0,0.021052631578947368,0,1
AlJazeeraEnglish,Resistance,Zionist,0,0.5228700637817383,0.14723753929138184,0.6768718361854553,1.0,0.0,0.6666666666666666,0.07422903925180435,16.0,0.017857142857142856,0,1
AlJazeeraEnglish,Resistance,Resistance,1,0.663845419883728,0.21824102103710175,0.5210472643375397,1.0,0.33333333333333337,0.7777777777777778,0.07422903925180435,11.0,0.010526315789473684,0,1
AlJazeeraEnglish,Resistance,Russian,0,0.6040939092636108,0.25239619612693787,0.4460902214050293,1.0,0.0,0.7777777777777778,0.07422903925180435,12.0,0.03125,0,1
AlJazeeraEnglish,Resistance,Resistance,1,0.5816652774810791,0.18192550539970398,0.6007454097270966,1.0,0.0,0.875,0.07422903925180435,13.0,0.034482758620689655,0,1
AlJazeeraEnglish,Resistance,Russian,0,0.6180494427680969,0.16127225756645203,0.6460711359977722,0.0,1.0,0.7142857142857143,0.07422903925180435,7.0,0.04477611940298507,0,1
AlJazeeraEnglish,Resistance,Resistance,1,0.6669695377349854,0.25901854038238525,0.43155670166015625,1.0,0.0,0.8888888888888888,0.07422903925180435,14.0,0.020618556701030927,0,1
AlJazeeraEnglish,Resistance,Ukrainian,0,0.4841483533382416,0.130270853638649,0.7141069769859314,1.0,0.0,0.5555555555555556,0.07422903925180435,11.0,0.02247191011235955,0,1
AlJazeeraEnglish,Resistance,Resistance,1,0.6429630517959595,0.2794118821620941,0.3868013620376587,1.0,0.0,0.75,0.07422903925180435,13.0,0.037037037037037035,0,1
AlJazeeraEnglish,Resistance,Right-wing,0,0.6370848417282104,0.14221560955047607,0.6878929734230042,1.0,1.0,0.5555555555555556,1.0024186372756958,9.0,0.023529411764705882,0,1
AlJazeeraEnglish,Resistance,Resistance,1,0.584669291973114,0.16923049092292786,0.6286060512065887,1.0,0.0,0.9090909090909091,0.07422903925180435,12.0,0.018691588785046728,0,1
AlJazeeraEnglish,Resistance,Zionist,0,0.684319019317627,0.25107261538505554,0.4489949345588684,1.0,0.0,0.6666666666666666,0.07422903925180435,12.0,0.043478260869565216,0,1
AlJazeeraEnglish,Resistance,Resistance,1,0.6102133393287659,0.1882742941379547,0.5868123769760132,1.0,0.0,0.8,1.0012881755828857,11.0,0.019417475728155338,0,1
AlJazeeraEnglish,Resistance,Left-wing,0,0.5198422074317932,0.0515035055577755,0.8869702070951462,1.0,0.0,0.0,1.0025831460952759,9.0,0.02631578947368421,0,1
AlJazeeraEnglish,Resistance,Russian,0,0.6006439924240112,0.24919815361499786,0.45310860872268677,1.0,0.5,0.625,0.07422903925180435,10.0,0.023529411764705882,0,1
AlJazeeraEnglish,Resistance,Ukrainian,0,0.7358406782150269,0.109327532351017,0.7600693106651306,1.0,0.33333333333333337,0.8,0.07422903925180435,12.0,0.01098901098901099,0,1
AlJazeeraEnglish,Resistance,Ukrainian,0,0.7490725517272949,0.14092029631137848,0.6907357573509216,1.0,0.33333333333333337,0.7777777777777778,0.07422903925180435,11.0,0.024691358024691357,0,1
AlJazeeraEnglish,Resistance,Russian,0,0.664251446723938,0.21628963947296143,0.5253297686576843,0.75,0.25,0.7777777777777778,0.07422903925180435,13.0,0.023255813953488372,0,1
AlJazeeraEnglish,Resistance,Western,0,0.5956133604049683,0.17073886096477509,0.6252957880496979,1.0,1.0,0.5714285714285714,1.002211570739746,5.5,0.039473684210526314,0,1
AlJazeeraEnglish,Resistance,Right-wing,0,0.6838234066963196,0.11037717759609222,0.7577657997608185,0.5,1.0,0.375,1.002751111984253,13.0,0.02197802197802198,0,1
AlJazeeraEnglish,Resistance,Zionist,0,0.706635057926178,0.24933816492557526,0.45280134677886963,1.0,0.0,0.9,0.07422903925180435,13.0,0.021052631578947368,0,1
AlJazeeraEnglish,Resistance,Western,0,0.5839045643806458,0.13712716102600098,0.6990600824356079,1.0,0.5,0.75,1.002751111984253,6.0,0.0375,0,1
AlJazeeraEnglish,Resistance,Ukrainian,0,0.7737212777137756,0.19369490444660187,0.5749163329601288,1.0,0.33333333333333337,0.4444444444444444,0.07422903925180435,11.0,0.031578947368421054,0,1
AlJazeeraEnglish,Resistance,Western,0,0.6055952310562134,0.06494800746440887,0.8574648797512054,1.0,0.0,0.7272727272727273,1.002751111984253,12.0,0.042105263157894736,0,1
AlJazeeraEnglish,Resistance,Russian,0,0.5711562633514404,0.07137075066566467,0.8433694541454315,0.5,1.0,0.5,1.002211570739746,11.0,0.02197802197802198,0,1
AlJazeeraEnglish,Resistance,Russian,0,0.6043217182159424,0.22324404120445251,0.5100676417350769,1.0,0.0,0.7777777777777778,1.000591516494751,13.0,0.011494252873563218,0,1
AlJazeeraEnglish,Resistance,Western,0,0.5783138871192932,0.09237951785326004,0.797263503074646,1.0,1.0,0.4444444444444444,0.07422903925180435,11.0,0.012345679012345678,0,1
AlJazeeraEnglish,Resistance,Zionist,0,0.6758355498313904,0.24346697330474854,0.46568620204925537,1.0,0.0,0.8571428571428571,0.07422903925180435,14.0,0.02197802197802198,0,1
AlJazeeraEnglish,Resistance,Right-wing,0,0.5033375024795532,0.09324414283037186,0.7953660190105438,1.0,0.0,0.42857142857142855,0.07422903925180435,14.0,0.023809523809523808,0,1
AlJazeeraEnglish,Resistance,Resistance,1,0.720086932182312,0.2552109360694885,0.43991291522979736,0.6666666666666666,0.33333333333333337,0.625,0.07422903925180435,16.0,0.018518518518518517,0,1
AlJazeeraEnglish,Resistance,Zionist,0,0.6589908599853516,0.263784795999527,0.4210967421531677,0.5,0.5,0.8333333333333334,0.07422903925180435,10.0,0.014492753623188406,0,1
AlJazeeraEnglish,Resistance,Zionist,0,0.6077300906181335,0.23168790340423584,0.49153661727905273,1.0,0.0,0.7142857142857143,0.07422903925180435,10.0,0.0410958904109589,0,1
AlJazeeraEnglish,Resistance,Ukrainian,0,0.5459961891174316,0.20265178382396698,0.5552594661712646,1.0,0.0,0.7,0.07422903925180435,14.0,0.021505376344086023,0,1
AlJazeeraEnglish,Resistance,Resistance,1,0.4082350432872772,0.08174890279769897,0.8205935060977936,1.0,0.0,0.4444444444444444,0.07422903925180435,12.0,0.02912621359223301,0,1
AlJazeeraEnglish,Resistance,Resistance,1,0.6747828722000122,0.24497638642787933,0.4623737335205078,1.0,0.0,0.6666666666666666,0.07422903925180435,11.0,0.03225806451612903,0,1
AlJazeeraEnglish,Resistance,Russian,0,0.6283320784568787,0.18144844472408295,0.6017924547195435,1.0,0.6666666666666667,0.7272727272727273,0.07422903925180435,13.0,0.041666666666666664,0,1
AlJazeeraEnglish,Resistance,Right-wing,0,0.5920031070709229,0.11170340329408646,0.7548551857471466,1.0,0.0,0.8,1.002751111984253,10.0,0.03409090909090909,0,1
AlJazeeraEnglish,Resistance,Ukrainian,0,0.7387349605560303,0.1880359798669815,0.5873354077339172,1.0,0.6666666666666667,0.5,0.07422903925180435,12.0,0.05434782608695652,0,1
AlJazeeraEnglish,Resistance,Russian,0,0.6422361135482788,0.17436093091964722,0.6173467040061951,0.5,1.0,0.5,0.07422903925180435,15.0,0.037383177570093455,0,1
AlJazeeraEnglish,Resistance,Right-wing,0,0.5356910228729248,0.17669644951820374,0.6122211813926697,1.0,0.0,0.6666666666666666,0.07422903925180435,10.0,0.043478260869565216,0,1
AlJazeeraEnglish,Resistance,Zionist,0,0.5441173911094666,0.20522145926952362,0.5496200323104858,1.0,0.0,0.8181818181818182,0.07422903925180435,14.0,0.009615384615384616,0,1
AlJazeeraEnglish,Resistance,Resistance,1,0.6123855113983154,0.28626346588134766,0.3717648983001709,0.6666666666666666,0.33333333333333337,0.625,0.07422903925180435,11.0,0.021739130434782608,0,1
AlJazeeraEnglish,Resistance,Resistance,1,0.48641446232795715,0.1516057848930359,0.6672852635383606,1.0,0.0,0.75,0.07422903925180435,7.0,0.03571428571428571,0,1
AlJazeeraEnglish,Resistance,Right-wing,0,0.5858983397483826,0.1408933401107788,0.6907948553562164,0.5,0.5,0.5,1.0027512311935425,14.0,0.043478260869565216,0,1
AlJazeeraEnglish,Resistance,Resistance,1,0.4774947166442871,0.17873024940490723,0.6077577769756317,0.5,0.5,0.7,0.07422903925180435,13.0,0.02040816326530612,0,1
AlJazeeraEnglish,Resistance,Right-wing,0,0.6542232632637024,0.265232115983963,0.41792041063308716,0.6666666666666666,0.33333333333333337,0.7777777777777778,0.07422903925180435,12.0,0.021739130434782608,0,1
AlJazeeraEnglish,Resistance,Left-wing,0,0.6769372224807739,0.24681860208511353,0.45833081007003784,1.0,0.0,0.8,0.07422903925180435,12.0,0.022222222222222223,0,1
AlJazeeraEnglish,Resistance,Right-wing,0,0.37807708978652954,0.09891633689403534,0.7829177677631378,0.5,1.0,0.2727272727272727,0.07422903925180435,13.0,0.02727272727272727,0,1
AlJazeeraEnglish,Resistance,Resistance,1,0.5758960843086243,0.20118074119091034,0.5584878921508789,0.0,1.0,0.7142857142857143,0.07422903925180435,7.0,0.03076923076923077,0,1
AlJazeeraEnglish,Resistance,Resistance,1,0.5925388336181641,0.2232152670621872,0.510130763053894,0.5,0.5,0.7777777777777778,0.07422903925180435,13.0,0.010869565217391304,0,1
AlJazeeraEnglish,Resistance,Right-wing,0,0.6214451789855957,0.24486783146858215,0.46261197328567505,1.0,0.0,0.9,0.07422903925180435,13.0,0.019801980198019802,0,1
AlJazeeraEnglish,Resistance,Right-wing,0,0.5522829294204712,0.1391402781009674,0.6946421265602112,0.5,0.5,0.42857142857142855,0.07422903925180435,10.0,0.03571428571428571,0,1
AlJazeeraEnglish,Resistance,Russian,0,0.504217267036438,0.14181089401245117,0.688781201839447,0.0,1.0,0.5833333333333334,0.07422903925180435,15.0,0.018018018018018018,0,1
AlJazeeraEnglish,Resistance,Zionist,0,0.55987149477005,0.16976745426654816,0.6274275481700897,1.0,1.0,0.6666666666666666,0.07422903925180435,11.0,0.023255813953488372,0,1
AlJazeeraEnglish,Resistance,Left-wing,0,0.4367457330226898,0.11796245723962784,0.7411190569400787,1.0,1.0,0.6666666666666666,0.07422903925180435,13.0,0.010869565217391304,0,1
AlJazeeraEnglish,Resistance,Zionist,0,0.5796730518341064,0.13573987782001495,0.7021046578884125,0.3333333333333333,1.0,0.45454545454545453,1.0024186372756958,13.0,0.03636363636363636,0,1
AlJazeeraEnglish,Resistance,Resistance,1,0.641080915927887,0.21078351140022278,0.5374135375022888,1.0,0.25,0.75,0.07422903925180435,11.0,0.011764705882352941,0,1
AlJazeeraEnglish,Resistance,Western,0,0.7206789255142212,0.13241690397262573,0.7093971967697144,0.75,0.5,0.7777777777777778,0.07422903925180435,13.0,0.009708737864077669,0,1
AlJazeeraEnglish,Resistance,Ukrainian,0,0.6942020654678345,0.20096668601036072,0.5589576363563538,1.0,0.0,0.8181818181818182,0.07422903925180435,12.0,0.019417475728155338,0,1
AlJazeeraEnglish,Resistance,Zionist,0,0.6839213371276855,0.21042148768901825,0.5382080674171448,1.0,0.0,0.7777777777777778,0.07422903925180435,12.0,0.024390243902439025,0,1
AlJazeeraEnglish,Resistance,Zionist,0,0.6567508578300476,0.24750365316867828,0.45682740211486816,0.6,0.6,0.6,0.07422903925180435,18.0,0.01818181818181818,0,1
AlJazeeraEnglish,Resistance,Resistance,1,0.7022265195846558,0.2755783200263977,0.3952145576477051,1.0,0.0,0.7,0.07422903925180435,13.0,0.020618556701030927,0,1
AlJazeeraEnglish,Resistance,Zionist,0,0.6778368353843689,0.23649664223194122,0.4809833765029907,1.0,0.0,0.75,0.07422903925180435,11.0,0.039473684210526314,0,1
AlJazeeraEnglish,Resistance,Resistance,1,0.6294007897377014,0.245632603764534,0.4609335660934448,0.6666666666666666,0.33333333333333337,0.625,0.07422903925180435,10.0,0.011764705882352941,0,1
AlJazeeraEnglish,Resistance,Right-wing,0,0.6042540073394775,0.14185504615306854,0.6886843144893646,1.0,0.5,0.5,0.07422903925180435,18.0,0.009433962264150943,0,1
AlJazeeraEnglish,Resistance,Resistance,1,0.8408937454223633,0.24782970547676086,0.4561117887496948,1.0,0.0,0.8,0.07422903925180435,5.0,0.046875,0,1
AlJazeeraEnglish,Resistance,Zionist,0,0.561992883682251,0.25800254940986633,0.4337865114212036,1.0,0.6666666666666667,0.8181818181818182,0.07422903925180435,18.0,0.025423728813559324,0,1
AlJazeeraEnglish,Resistance,Right-wing,0,0.5273006558418274,0.10642384737730026,0.766441747546196,1.0,0.0,0.5454545454545454,0.07422903925180435,15.0,0.0196078431372549,0,1
AlJazeeraEnglish,Resistance,Left-wing,0,0.5500160455703735,0.11816472560167313,0.7406752109527588,0.0,1.0,0.5,0.07422903925180435,10.0,0.010869565217391304,0,1
AlJazeeraEnglish,Resistance,Right-wing,0,0.6042720079421997,0.09677254408597946,0.7876225262880325,1.0,0.6666666666666667,0.25,0.07422903925180435,12.0,0.03296703296703297,0,1
AlJazeeraEnglish,Resistance,Right-wing,0,0.5121815204620361,0.14479582011699677,0.6822304129600525,1.0,0.0,0.8888888888888888,0.07422903925180435,8.0,0.031914893617021274,0,1
AlJazeeraEnglish,Resistance,Zionist,0,0.5630772113800049,0.15965764224529266,0.6496146321296692,1.0,0.0,0.6666666666666666,0.07422903925180435,10.0,0.024096385542168676,0,1
AlJazeeraEnglish,Resistance,Zionist,0,0.7486062049865723,0.2762260138988495,0.39379310607910156,1.0,0.0,0.8,0.07422903925180435,10.0,0.010526315789473684,0,1
AlJazeeraEnglish,Resistance,Right-wing,0,0.6087859869003296,0.1493731439113617,0.6721850633621216,1.0,0.0,0.75,1.002751111984253,11.0,0.022222222222222223,0,1
AlJazeeraEnglish,Resistance,Left-wing,0,0.469095379114151,0.07906150817871094,0.8264912962913513,1.0,0.0,0.7272727272727273,1.0024186372756958,15.0,0.010869565217391304,0,1
AlJazeeraEnglish,Resistance,Russian,0,0.5512903928756714,0.16678567230701447,0.6339714527130127,1.0,0.25,0.6363636363636364,0.07422903925180435,13.0,0.043859649122807015,0,1
AlJazeeraEnglish,Resistance,Zionist,0,0.667752742767334,0.22911043465137482,0.4971930980682373,1.0,0.0,0.9090909090909091,0.07422903925180435,14.0,0.010101010101010102,0,1
AlJazeeraEnglish,Resistance,Russian,0,0.39865759015083313,0.1107802614569664,0.7568811774253845,,,0.5,0.07422903925180435,9.0,0.031746031746031744,0,1
AlJazeeraEnglish,Resistance,Resistance,1,0.6073112487792969,0.2595275342464447,0.43043971061706543,1.0,0.0,0.9,0.07422903925180435,13.0,0.039603960396039604,0,1
AlJazeeraEnglish,Resistance,Resistance,1,0.6747829914093018,0.24497637152671814,0.4623737335205078,1.0,0.0,0.6666666666666666,0.07422903925180435,11.0,0.03225806451612903,0,1
AlJazeeraEnglish,Resistance,Zionist,0,0.6376229524612427,0.255831241607666,0.438551664352417,1.0,0.0,0.8,0.07422903925180435,13.0,0.01098901098901099,0,1
AlJazeeraEnglish,Resistance,Ukrainian,0,0.6918700933456421,0.2049308568239212,0.5502578318119049,1.0,1.0,0.7142857142857143,0.07422903925180435,9.0,0.047058823529411764,0,1
AlJazeeraEnglish,Resistance,Left-wing,0,0.4481535851955414,0.07481565326452255,0.8358092606067657,1.0,1.0,0.625,1.0024186372756958,13.0,0.011363636363636364,0,1
AlJazeeraEnglish,Resistance,Resistance,1,0.6395871639251709,0.24411019682884216,0.4642747640609741,1.0,0.0,0.8181818181818182,1.0013742446899414,14.0,0.00980392156862745,0,1
AlJazeeraEnglish,Resistance,Zionist,0,0.5989564061164856,0.16419166326522827,0.6396642327308655,1.0,0.0,0.6666666666666666,0.07422903925180435,12.0,0.020202020202020204,0,1
AlJazeeraEnglish,Resistance,Resistance,1,0.6552004814147949,0.20519879460334778,0.5496698021888733,1.0,0.0,0.7,0.07422903925180435,14.0,0.019801980198019802,0,1
AlJazeeraEnglish,Resistance,Resistance,1,0.6123923063278198,0.24036774039268494,0.4724878668785095,0.6666666666666666,0.6666666666666667,0.375,0.07422903925180435,13.0,0.061855670103092786,0,1
AlJazeeraEnglish,Resistance,Resistance,1,0.4779128432273865,0.16754399240016937,0.6323072016239166,0.3333333333333333,0.6666666666666667,0.3,0.07422903925180435,15.0,0.041237113402061855,0,1
PressTV,Resistance,Resistance,1,0.7862868309020996,0.22668229043483734,0.48379695415496826,0.8333333333333334,0.16666666666666663,0.8421052631578947,0.8176327347755432,14.5,0.020100502512562814,0,1
PressTV,Resistance,Right-wing,0,0.5073378682136536,0.13839741051197052,0.6848402619361877,0.8,0.4,0.6666666666666666,0.989707350730896,11.5,0.05185185185185185,0,1
PressTV,Resistance,Resistance,1,0.7813680171966553,0.1466214805841446,0.6661121845245361,0.5,0.5,0.875,1.0001484155654907,10.0,0.016666666666666666,0,0
PressTV,Resistance,Resistance,1,0.7524542212486267,0.1609337329864502,0.6335203051567078,0.5,0.5,0.8571428571428571,0.0736229419708252,21.0,0.014184397163120567,0,1
PressTV,Resistance,Zionist,0,0.7115287780761719,0.2563377022743225,0.41626548767089844,0.5714285714285714,0.4285714285714286,0.8421052631578947,0.0736229419708252,22.0,0.022304832713754646,0,1
PressTV,Resistance,Resistance,1,0.6707865595817566,0.23422718048095703,0.4666157364845276,0.5,0.5,0.8235294117647058,0.0736229419708252,8.666666666666666,0.041176470588235294,0,0
PressTV,Resistance,Resistance,1,0.8523028492927551,0.2625263035297394,0.40217268466949463,0.6666666666666666,0.33333333333333337,1.0,0.0736229419708252,7.0,0.01639344262295082,0,1
PressTV,Resistance,Resistance,1,0.7527550458908081,0.16761212050914764,0.6183121204376221,0.6666666666666666,0.6666666666666667,0.8,0.521761417388916,7.5,0.02197802197802198,0,1
PressTV,Resistance,Zionist,0,0.5756657123565674,0.2226722538471222,0.4929286241531372,1.0,0.0,0.8333333333333334,0.0736229419708252,7.0,0.01639344262295082,0,0
PressTV,Resistance,Resistance,1,0.7833817005157471,0.2457723468542099,0.4403250217437744,0.5,0.5,1.0,1.0014123916625977,4.666666666666667,0.038461538461538464,0,0
PressTV,Resistance,Resistance,1,0.6459625959396362,0.20903882384300232,0.5239749252796173,0.5,0.5,0.9473684210526315,0.0736229419708252,24.0,0.02702702702702703,0,0
PressTV,Resistance,Resistance,1,0.6718133687973022,0.19277510046958923,0.5610107183456421,1.0,0.33333333333333337,1.0,0.0736229419708252,5.333333333333333,0.041666666666666664,0,0
PressTV,Resistance,Resistance,1,0.7890926599502563,0.24218226969242096,0.448500394821167,0.6666666666666666,0.33333333333333337,1.0,0.0736229419708252,14.0,0.011235955056179775,0,1
PressTV,Resistance,Resistance,1,0.7451890707015991,0.2630070447921753,0.40107786655426025,1.0,0.0,1.0,0.7201145887374878,4.0,0.03225806451612903,0,0
PressTV,Resistance,Right-wing,0,0.7033325433731079,0.11940530687570572,0.7280892133712769,0.6,0.8,0.76,0.0736229419708252,16.333333333333332,0.02877697841726619,0,0
PressTV,Resistance,Resistance,1,0.6693662405014038,0.2518825829029083,0.4264106750488281,1.0,0.6666666666666667,0.7777777777777778,0.0736229419708252,4.333333333333333,0.03773584905660377,0,0
PressTV,Resistance,Resistance,1,0.6965409517288208,0.28770720958709717,0.34483057260513306,1.0,0.0,0.75,0.0736229419708252,15.0,0.022222222222222223,0,0
PressTV,Resistance,Resistance,1,0.6822121143341064,0.19227156043052673,0.5621574521064758,0.75,0.5,1.0,0.0736229419708252,7.5,0.028037383177570093,0,1
PressTV,Resistance,Resistance,1,0.7244911789894104,0.2691214680671692,0.38715416193008423,0.8333333333333334,0.5,0.8947368421052632,0.9770103096961975,11.666666666666666,0.02531645569620253,0,0
PressTV,Resistance,Zionist,0,0.7427384853363037,0.24442751705646515,0.4433874487876892,0.6666666666666666,0.33333333333333337,0.9411764705882353,0.0736229419708252,9.666666666666666,0.018957345971563982,0,0
PressTV,Resistance,Russian,0,0.5910885334014893,0.21602335572242737,0.5080696046352386,0.8,0.19999999999999996,1.0,0.499795138835907,18.5,0.019704433497536946,0,1
PressTV,Resistance,Resistance,1,0.5877835750579834,0.20829789340496063,0.5256621241569519,1.0,0.0,0.75,0.0736229419708252,8.0,0.04716981132075472,0,0
PressTV,Resistance,Resistance,1,0.7547288537025452,0.2818421721458435,0.35818642377853394,1.0,0.0,1.0,0.0736229419708252,6.0,0.029411764705882353,0,0
PressTV,Resistance,Resistance,1,0.5812671780586243,0.18536198139190674,0.5778919458389282,0.5,0.5,0.7777777777777778,0.0736229419708252,12.0,0.042105263157894736,0,1
PressTV,Resistance,Resistance,1,0.7954587340354919,0.20713597536087036,0.5283080339431763,1.0,0.0,0.8571428571428571,0.0736229419708252,6.5,0.043478260869565216,0,0
PressTV,Resistance,Zionist,0,0.7426937818527222,0.2544100880622864,0.4206550121307373,0.8,0.19999999999999996,1.0,1.000613808631897,19.5,0.02459016393442623,0,1
PressTV,Resistance,Zionist,0,0.6984767913818359,0.28721392154693604,0.3459538221359253,0.6666666666666666,0.33333333333333337,0.8421052631578947,0.0736229419708252,10.0,0.03968253968253968,0,0
PressTV,Resistance,Resistance,1,0.585077702999115,0.21679750084877014,0.5063067674636841,0.7777777777777778,0.33333333333333337,0.6206896551724138,0.0736229419708252,24.5,0.017191977077363897,0,1
PressTV,Resistance,Russian,0,0.6644377112388611,0.23346440494060516,0.46835267543792725,0.6666666666666666,0.33333333333333337,0.5555555555555556,0.0736229419708252,23.5,0.018691588785046728,0,1
PressTV,Resistance,Ukrainian,0,0.5041636824607849,0.1208517998456955,0.7247951328754425,0.3333333333333333,0.6666666666666667,0.8181818181818182,0.0736229419708252,9.5,0.046875,0,1
PressTV,Resistance,Resistance,1,0.7861961126327515,0.2730153203010559,0.37828701734542847,0.6666666666666666,0.33333333333333337,1.0,0.0736229419708252,11.0,0.013513513513513514,0,1
PressTV,Resistance,Russian,0,0.7486225366592407,0.25502336025238037,0.4192584156990051,0.8,0.4,0.782608695652174,0.0736229419708252,23.0,0.014492753623188406,0,1
PressTV,Resistance,Russian,0,0.7463615536689758,0.23720617592334747,0.45983195304870605,0.8888888888888888,0.11111111111111116,0.9387755102040817,0.989707350730896,18.4,0.021346469622331693,0,1
PressTV,Resistance,Resistance,1,0.758190393447876,0.24478021264076233,0.4425842761993408,0.6666666666666666,0.33333333333333337,0.8571428571428571,0.9770103096961975,3.6666666666666665,0.05555555555555555,0,0
PressTV,Resistance,Resistance,1,0.7150790095329285,0.28827428817749023,0.34353911876678467,0.6666666666666666,0.33333333333333337,1.0,0.0736229419708252,7.0,0.02127659574468085,0,1
PressTV,Resistance,Resistance,1,0.788149356842041,0.20245018601417542,0.538978636264801,0.75,0.25,1.0,0.989707350730896,17.0,0.016666666666666666,0,1
PressTV,Resistance,Resistance,1,0.7787518501281738,0.1944112926721573,0.5572848320007324,0.8333333333333334,0.16666666666666663,0.8181818181818182,0.9711461663246155,15.0,0.02912621359223301,0,1
PressTV,Resistance,Resistance,1,0.7297762036323547,0.12323322147130966,0.7193721234798431,0.3333333333333333,0.6666666666666667,0.7777777777777778,0.0736229419708252,9.0,0.02702702702702703,0,0
PressTV,Resistance,Zionist,0,0.734626293182373,0.25055092573165894,0.42944324016571045,0.8333333333333334,0.16666666666666663,0.8,0.0736229419708252,17.5,0.0391304347826087,0,1
PressTV,Resistance,Resistance,1,0.7542324066162109,0.26256638765335083,0.40208137035369873,0.5,1.0,0.875,0.0736229419708252,10.0,0.05263157894736842,0,0
PressTV,Resistance,Resistance,1,0.594165027141571,0.19169633090496063,0.5634673237800598,0.625,0.625,0.9230769230769231,0.0736229419708252,6.0,0.055900621118012424,0,0
PressTV,Resistance,Resistance,1,0.6915539503097534,0.25486239790916443,0.41962510347366333,1.0,0.0,1.0,0.0736229419708252,16.0,0.0,0,0
PressTV,Resistance,Resistance,1,0.5096471309661865,0.1177719384431839,0.7318086624145508,0.0,1.0,1.0,0.0736229419708252,13.0,0.03571428571428571,0,0
PressTV,Resistance,Resistance,1,0.7237801551818848,0.2339514195919037,0.46724367141723633,0.75,0.5,0.6666666666666666,0.0736229419708252,14.0,0.03488372093023256,0,0
PressTV,Resistance,Zionist,0,0.722085177898407,0.2597091495990753,0.4085879921913147,1.0,0.0,0.9,0.0736229419708252,5.0,0.057692307692307696,0,0
PressTV,Resistance,Resistance,1,0.7415056228637695,0.2180042713880539,0.5035586953163147,0.6666666666666666,0.33333333333333337,1.0,0.0736229419708252,10.0,0.014925373134328358,0,1
PressTV,Resistance,Resistance,1,0.7218921780586243,0.2286585420370102,0.4792966842651367,0.75,0.25,0.8333333333333334,0.0736229419708252,8.5,0.023809523809523808,0,1
PressTV,Resistance,Resistance,1,0.7327790260314941,0.2567683458328247,0.41528481245040894,0.5,0.5,0.8888888888888888,0.0736229419708252,5.333333333333333,0.03669724770642202,0,0
PressTV,Resistance,Zionist,0,0.7615044116973877,0.22703565657138824,0.48299235105514526,0.8571428571428571,0.2857142857142857,1.0,0.0736229419708252,17.0,0.016260162601626018,0,1
PressTV,Resistance,Resistance,1,0.7071614265441895,0.23985689878463745,0.4537956714630127,1.0,0.0,0.7,0.0736229419708252,6.666666666666667,0.03787878787878788,0,0
PressTV,Resistance,Left-wing,0,0.6593677997589111,0.231543630361557,0.4727267026901245,0.8571428571428571,0.4285714285714286,0.7619047619047619,0.0736229419708252,20.5,0.025830258302583026,0,1
PressTV,Resistance,Resistance,1,0.5860114693641663,0.2130861133337021,0.5147583484649658,0.4,0.6,0.5384615384615384,0.0736229419708252,16.0,0.034482758620689655,0,0
PressTV,Resistance,Resistance,1,0.6293336749076843,0.20881038904190063,0.5244950652122498,0.8,0.6,0.8235294117647058,0.0736229419708252,11.333333333333334,0.03524229074889868,0,0
PressTV,Resistance,Russian,0,0.691702663898468,0.2261512577533722,0.48500633239746094,1.0,0.0,1.0,0.0736229419708252,8.0,0.05217391304347826,0,0
PressTV,Resistance,Russian,0,0.6377543210983276,0.21435874700546265,0.5118603408336639,1.0,0.0,0.7857142857142857,0.0736229419708252,8.666666666666666,0.041176470588235294,0,1
PressTV,Resistance,Zionist,0,0.8628578186035156,0.12315292656421661,0.7195550203323364,0.5,0.5,0.9285714285714286,1.0001484155654907,8.333333333333334,0.03205128205128205,0,1
PressTV,Resistance,Resistance,1,0.6045230627059937,0.15063874423503876,0.656964123249054,1.0,0.0,0.8,1.0001484155654907,7.333333333333333,0.046875,0,0
PressTV,Resistance,Resistance,1,0.7959607839584351,0.2907005846500397,0.3380139470100403,0.6666666666666666,0.33333333333333337,1.0,0.0736229419708252,6.5,0.03614457831325301,0,1
PressTV,Resistance,Western,0,0.7282394170761108,0.12245761603116989,0.7211384177207947,0.75,0.75,0.7857142857142857,1.0001484155654907,10.666666666666666,0.030927835051546393,0,0
PressTV,Resistance,Resistance,1,0.6253854036331177,0.22439804673194885,0.4889986515045166,0.6666666666666666,0.33333333333333337,0.625,0.0736229419708252,10.0,0.011627906976744186,0,0
PressTV,Resistance,Zionist,0,0.6562583446502686,0.26534008979797363,0.3957650661468506,0.5,0.5,0.7,0.0736229419708252,6.0,0.0297029702970297,0,1
PressTV,Resistance,Resistance,1,0.6283106207847595,0.1725599318742752,0.607044905424118,0.375,0.625,0.9444444444444444,1.0018305778503418,10.666666666666666,0.039603960396039604,0,0
PressTV,Resistance,Resistance,1,0.6144442558288574,0.2166023701429367,0.5067512392997742,0.5,0.6666666666666667,0.7407407407407407,0.0736229419708252,38.0,0.014388489208633094,0,0
PressTV,Resistance,Zionist,0,0.7466257810592651,0.19637101888656616,0.5528220534324646,1.0,0.25,0.9090909090909091,0.9988048672676086,7.666666666666667,0.036231884057971016,0,0
PressTV,Resistance,Resistance,1,0.7453248500823975,0.2356579452753067,0.4633575677871704,1.0,0.0,1.0,0.809083104133606,7.0,0.038461538461538464,0,0
PressTV,Resistance,Resistance,1,0.7424525618553162,0.31314727663993835,0.286898136138916,0.5,0.5,1.0,0.9841989278793335,5.666666666666667,0.032,0,0
PressTV,Resistance,Zionist,0,0.7722359895706177,0.26609641313552856,0.39404284954071045,0.5,0.5,1.0,0.0736229419708252,6.0,0.02040816326530612,0,1
PressTV,Resistance,Zionist,0,0.5662948489189148,0.22197392582893372,0.49451887607574463,0.75,0.5,0.8125,0.0736229419708252,11.5,0.01818181818181818,0,1
PressTV,Resistance,Zionist,0,0.6082414388656616,0.21397198736667633,0.5127410292625427,0.8571428571428571,0.7142857142857143,0.6666666666666666,0.0736229419708252,7.666666666666667,0.04054054054054054,0,0
PressTV,Resistance,Zionist,0,0.7061305046081543,0.1809951812028885,0.5878361463546753,0.8571428571428571,0.5714285714285714,0.8888888888888888,0.0736229419708252,10.666666666666666,0.025423728813559324,0,0
PressTV,Resistance,Zionist,0,0.7328455448150635,0.25772997736930847,0.41309499740600586,0.5,0.5,0.8,0.0736229419708252,8.5,0.019417475728155338,0,1
PressTV,Resistance,Resistance,1,0.6859880685806274,0.26395148038864136,0.39892739057540894,0.7142857142857143,0.5714285714285714,0.875,0.0736229419708252,11.333333333333334,0.04326923076923077,0,0
PressTV,Resistance,Resistance,1,0.7853449583053589,0.19684959948062897,0.5517322421073914,0.6666666666666666,0.33333333333333337,0.8571428571428571,0.0736229419708252,12.0,0.02531645569620253,0,1
PressTV,Resistance,Russian,0,0.6729921102523804,0.19746729731559753,0.5503256618976593,0.6666666666666666,0.33333333333333337,1.0,0.0736229419708252,5.5,0.02531645569620253,0,1
PressTV,Resistance,Zionist,0,0.8920959234237671,0.1561679095029831,0.6443729996681213,0.75,0.25,1.0,1.0001484155654907,12.5,0.025,0,1
PressTV,Resistance,Resistance,1,0.693943440914154,0.22231337428092957,0.49374598264694214,1.0,0.0,1.0,0.0736229419708252,4.5,0.06896551724137931,0,0
PressTV,Resistance,Russian,0,0.6388751268386841,0.2632761001586914,0.40046530961990356,0.6,0.5,0.8461538461538461,0.989707350730896,12.75,0.020958083832335328,0,1
PressTV,Resistance,Resistance,1,0.7103617191314697,0.23609642684459686,0.46235913038253784,1.0,0.0,0.875,0.0736229419708252,10.0,0.025974025974025976,0,0
PressTV,Resistance,Resistance,1,0.5610340237617493,0.20290936529636383,0.5379329919815063,0.6666666666666666,0.33333333333333337,0.8571428571428571,0.0736229419708252,23.0,0.031055900621118012,0,1
PressTV,Resistance,Russian,0,0.7077445983886719,0.23802855610847473,0.4579591751098633,0.5,0.5,1.0,0.995715320110321,8.0,0.02127659574468085,0,1
PressTV,Resistance,Zionist,0,0.7102131843566895,0.24321015179157257,0.4461596608161926,0.75,0.25,0.8888888888888888,0.7168835401535034,19.0,0.0076045627376425855,0,1
PressTV,Resistance,Russian,0,0.6717540621757507,0.24741044640541077,0.43659472465515137,0.6666666666666666,0.33333333333333337,0.7777777777777778,0.0736229419708252,11.0,0.012195121951219513,0,0
PressTV,Resistance,Russian,0,0.6501325368881226,0.18587300181388855,0.5767283141613007,0.6666666666666666,0.33333333333333337,0.8461538461538461,0.0736229419708252,12.0,0.04054054054054054,0,1
PressTV,Resistance,Right-wing,0,0.5423859357833862,0.06228761374950409,0.858158141374588,0.6666666666666666,0.5,0.6428571428571429,0.0736229419708252,10.333333333333334,0.03825136612021858,0,1
PressTV,Resistance,Zionist,0,0.6020486950874329,0.22496618330478668,0.4877049922943115,0.8333333333333334,0.33333333333333337,0.7333333333333333,0.0736229419708252,9.0,0.03314917127071823,0,1
PressTV,Resistance,Zionist,0,0.8258224129676819,0.2595325708389282,0.4089900255203247,0.6666666666666666,0.33333333333333337,0.8571428571428571,0.9963785409927368,3.3333333333333335,0.047619047619047616,0,0
PressTV,Resistance,Ukrainian,0,0.8040348291397095,0.162684366106987,0.6295337080955505,1.0,0.1428571428571429,0.8076923076923077,0.0736229419708252,41.0,0.010714285714285714,0,0
PressTV,Resistance,Resistance,1,0.6052398681640625,0.21690325438976288,0.5060659646987915,0.6,0.8,0.75,0.0736229419708252,6.0,0.04201680672268908,0,0
PressTV,Resistance,Resistance,1,0.7291767597198486,0.2979549765586853,0.3214941620826721,1.0,0.0,1.0,0.0736229419708252,5.0,0.037383177570093455,0,0
PressTV,Resistance,Resistance,1,0.6182748079299927,0.2099742591381073,0.5218447148799896,0.0,1.0,0.9,0.0736229419708252,15.0,0.018018018018018018,0,1
PressTV,Resistance,Russian,0,0.5009354948997498,0.14690883457660675,0.6654578447341919,0.5,0.5,1.0,0.0736229419708252,5.5,0.02702702702702703,0,1
PressTV,Resistance,Resistance,1,0.7202295064926147,0.22676502168178558,0.483608603477478,0.0,1.0,1.0,0.0736229419708252,9.0,0.015151515151515152,0,1
PressTV,Resistance,Resistance,1,0.650175929069519,0.2371920347213745,0.45986413955688477,0.75,0.25,1.0,0.0736229419708252,11.0,0.01282051282051282,0,1
PressTV,Resistance,Resistance,1,0.7703291177749634,0.2627916634082794,0.4015684127807617,0.5,0.5,1.0,0.7201145887374878,5.5,0.024691358024691357,0,1
PressTV,Resistance,Right-wing,0,0.5485401153564453,0.17041026055812836,0.6119402050971985,0.5,0.5,0.5238095238095238,0.0736229419708252,14.5,0.014778325123152709,0,1
PressTV,Resistance,Resistance,1,0.6986685991287231,0.15472422540187836,0.647660493850708,0.6666666666666666,0.33333333333333337,1.0,0.9988048672676086,7.5,0.0449438202247191,0,0
PressTV,Resistance,Russian,0,0.4797408878803253,0.215815469622612,0.508543074131012,0.8,0.6,0.5925925925925926,0.0736229419708252,20.0,0.019230769230769232,0,1
PressTV,Resistance,Russian,0,0.6373044848442078,0.22899296879768372,0.4785352349281311,0.75,0.25,0.7272727272727273,1.001122236251831,6.666666666666667,0.02097902097902098,0,1
PressTV,Resistance,Resistance,1,0.5741251707077026,0.17918218672275543,0.5919647514820099,0.6,0.4,0.9333333333333333,0.0736229419708252,27.0,0.006024096385542169,0,0
PressTV,Resistance,Zionist,0,0.8237677812576294,0.2757056653499603,0.37216055393218994,0.6666666666666666,0.33333333333333337,1.0,0.0736229419708252,7.0,0.031914893617021274,0,1
PressTV,Resistance,Zionist,0,0.6614531874656677,0.24325399100780487,0.44605982303619385,0.6666666666666666,0.6666666666666667,0.6153846153846154,0.0736229419708252,6.25,0.04519774011299435,0,1
PressTV,Resistance,Resistance,1,0.7620016932487488,0.28264710307121277,0.3563534617424011,0.75,0.25,0.9230769230769231,0.0736229419708252,12.0,0.029940119760479042,0,1
PressTV,Resistance,Resistance,1,0.7016335725784302,0.19022215902805328,0.566824346780777,0.5,0.5,0.6666666666666666,0.9988048672676086,7.0,0.050505050505050504,0,0
PressTV,Resistance,Zionist,0,0.9098610877990723,0.14828455448150635,0.6623250544071198,0.6666666666666666,1.0,0.4666666666666667,0.0736229419708252,12.0,0.012987012987012988,0,1
PressTV,Resistance,Resistance,1,0.8191994428634644,0.2128874957561493,0.5152106285095215,0.7,0.30000000000000004,0.8275862068965517,0.0736229419708252,26.0,0.03142857142857143,0,1
PressTV,Resistance,Right-wing,0,0.5703497529029846,0.2395571619272232,0.4544782042503357,0.3333333333333333,0.6666666666666667,0.8,0.0736229419708252,7.5,0.036036036036036036,0,1
PressTV,Resistance,Resistance,1,0.6139177083969116,0.2135748416185379,0.5136454403400421,1.0,0.2857142857142857,0.9047619047619048,0.0736229419708252,9.75,0.033582089552238806,0,0
PressTV,Resistance,Zionist,0,0.5655763745307922,0.11608973145484924,0.7356394529342651,0.6666666666666666,0.6666666666666667,0.75,0.9963189363479614,8.5,0.012345679012345678,0,0
PressTV,Resistance,Left-wing,0,0.602418065071106,0.2323434203863144,0.4709054231643677,0.6,0.4,0.6470588235294118,0.0736229419708252,15.0,0.035897435897435895,0,1
PressTV,Resistance,Resistance,1,0.6215691566467285,0.24818158149719238,0.4348387122154236,1.0,0.5,0.75,0.0736229419708252,9.0,0.024691358024691357,0,0
PressTV,Resistance,Left-wing,0,0.6941697597503662,0.23788738250732422,0.45828068256378174,0.6666666666666666,0.33333333333333337,0.8333333333333334,0.0736229419708252,10.0,0.014925373134328358,0,0
PressTV,Resistance,Resistance,1,0.7763961553573608,0.22206327319145203,0.494315505027771,0.875,0.375,0.85,0.8176327347755432,11.0,0.02608695652173913,0,0
PressTV,Resistance,Resistance,1,0.8335250616073608,0.2382286936044693,0.45750343799591064,0.8571428571428571,0.2857142857142857,0.8148148148148148,0.0736229419708252,22.5,0.017699115044247787,0,1
PressTV,Resistance,Resistance,1,0.7886949777603149,0.24873140454292297,0.43358659744262695,1.0,0.0,1.0,0.0736229419708252,5.0,0.034482758620689655,0,0
PressTV,Resistance,Resistance,1,0.8237968683242798,0.25160589814186096,0.4270407557487488,1.0,0.0,1.0,0.0736229419708252,17.0,0.019801980198019802,0,0
PressTV,Resistance,Resistance,1,0.7706984281539917,0.23496407270431519,0.464937686920166,0.6,0.4,1.0,0.7582290768623352,18.0,0.02727272727272727,0,1
PressTV,Resistance,Resistance,1,0.6924084424972534,0.167875275015831,0.6177128553390503,0.75,0.5,0.5555555555555556,0.9988048672676086,6.5,0.06451612903225806,0,0
PressTV,Resistance,Zionist,0,0.6523034572601318,0.1949632167816162,0.5560279488563538,0.8,0.19999999999999996,0.9473684210526315,0.7165034413337708,10.0,0.03864734299516908,0,0
PressTV,Resistance,Zionist,0,0.7125200033187866,0.2327505648136139,0.4699782133102417,0.8,0.19999999999999996,1.0,0.0736229419708252,12.0,0.02304147465437788,0,0
PressTV,Resistance,Russian,0,0.6395416259765625,0.17531678080558777,0.6007670164108276,0.6666666666666666,0.33333333333333337,0.72,0.0736229419708252,15.0,0.03678929765886288,0,1
PressTV,Resistance,Resistance,1,0.8199663162231445,0.2665244936943054,0.39306795597076416,0.6666666666666666,0.33333333333333337,1.0,0.0736229419708252,11.0,0.02631578947368421,0,1
PressTV,Resistance,Zionist,0,0.8438165783882141,0.2689844071865082,0.38746631145477295,0.6666666666666666,0.33333333333333337,0.8,0.0736229419708252,7.5,0.022222222222222223,0,1
PressTV,Resistance,Resistance,1,0.7420419454574585,0.23243528604507446,0.47069627046585083,0.75,0.25,1.0,0.809083104133606,10.0,0.027972027972027972,0,1
PressTV,Resistance,Zionist,0,0.720932126045227,0.19158710539340973,0.5637160837650299,1.0,0.25,1.0,0.0736229419708252,11.0,0.012345679012345678,0,0
PressTV,Resistance,Zionist,0,0.6142582893371582,0.17821663618087769,0.5941634178161621,1.0,0.0,1.0,0.0736229419708252,3.0,0.08333333333333333,0,0
PressTV,Resistance,Resistance,1,0.6961733102798462,0.2461797595024109,0.4393971562385559,1.0,0.0,1.0,0.995715320110321,4.0,0.05172413793103448,0,0
PressTV,Resistance,Resistance,1,0.6272324919700623,0.24609220027923584,0.43959665298461914,0.8333333333333334,0.16666666666666663,0.7894736842105263,0.0736229419708252,26.0,0.011764705882352941,0,0
PressTV,Resistance,Left-wing,0,0.8017227649688721,0.1913846880197525,0.5641770362854004,0.6666666666666666,0.33333333333333337,1.0,1.0011322498321533,19.0,0.02880658436213992,0,1
PressTV,Resistance,Resistance,1,0.8235715627670288,0.21354085206985474,0.513722836971283,0.4,0.6,0.9333333333333333,1.0001484155654907,9.0,0.028409090909090908,0,0
PressTV,Resistance,Resistance,1,0.7658332586288452,0.2468467652797699,0.4378783106803894,0.6666666666666666,0.33333333333333337,0.8846153846153846,0.6752354502677917,24.5,0.017595307917888565,0,1
PressTV,Resistance,Russian,0,0.6784055233001709,0.20856842398643494,0.5250461399555206,0.75,0.25,0.9411764705882353,0.0736229419708252,15.5,0.015384615384615385,0,1
PressTV,Resistance,Zionist,0,0.7894691824913025,0.22728288173675537,0.4824293851852417,0.3333333333333333,0.6666666666666667,0.875,0.0736229419708252,8.0,0.04046242774566474,0,0
PressTV,Resistance,Resistance,1,0.6305846571922302,0.2623705267906189,0.40252745151519775,0.3333333333333333,0.6666666666666667,0.6923076923076923,0.0736229419708252,10.5,0.02127659574468085,0,0
PressTV,Resistance,Resistance,1,0.7778999209403992,0.1831636130809784,0.5828981399536133,1.0,0.0,0.9565217391304348,0.886937141418457,19.5,0.02066115702479339,0,0
PressTV,Resistance,Zionist,0,0.6081933975219727,0.25595390796661377,0.4171394109725952,0.7,0.30000000000000004,0.8611111111111112,0.9986228346824646,22.0,0.02619047619047619,0,1
PressTV,Resistance,Zionist,0,0.8169141411781311,0.18971295654773712,0.5679839551448822,0.8,0.6,0.7272727272727273,0.0736229419708252,17.0,0.02727272727272727,0,1
PressTV,Resistance,Russian,0,0.6623244285583496,0.15621186792850494,0.6442728638648987,0.3333333333333333,0.6666666666666667,1.0,0.0736229419708252,6.0,0.05405405405405406,0,1
PressTV,Resistance,Resistance,1,0.7332513332366943,0.23070360720157623,0.4746396541595459,0.5,0.5,0.8,0.0736229419708252,7.0,0.03636363636363636,0,1
PressTV,Resistance,Resistance,1,0.7756476402282715,0.2764393985271454,0.37048959732055664,1.0,0.0,1.0,0.0736229419708252,6.5,0.019417475728155338,0,0
PressTV,Resistance,Zionist,0,0.7988005876541138,0.26757410168647766,0.390677809715271,0.6666666666666666,0.33333333333333337,0.9375,0.0736229419708252,12.0,0.023391812865497075,0,1
PressTV,Resistance,Zionist,0,0.712874174118042,0.24531543254852295,0.44136548042297363,0.75,0.25,0.9,0.0736229419708252,14.0,0.02247191011235955,0,1
PressTV,Resistance,Resistance,1,0.6276342868804932,0.1965104192495346,0.552504688501358,0.75,0.25,0.8181818181818182,0.0736229419708252,14.0,0.03669724770642202,0,0
PressTV,Resistance,Russian,0,0.7276932001113892,0.30000877380371094,0.31681740283966064,0.75,0.25,0.9411764705882353,1.0000057220458984,9.666666666666666,0.036458333333333336,0,1
PressTV,Resistance,Zionist,0,0.8177239298820496,0.23347073793411255,0.4683383107185364,0.25,0.75,0.875,0.0736229419708252,12.0,0.036585365853658534,0,1
PressTV,Resistance,Russian,0,0.8347516059875488,0.23894119262695312,0.45588093996047974,0.5,0.6666666666666667,0.9111111111111111,0.0736229419708252,14.4,0.019569471624266144,0,1
PressTV,Resistance,Resistance,1,0.717563271522522,0.21559801697731018,0.5090382397174835,0.8333333333333334,0.16666666666666663,0.88,0.0736229419708252,26.5,0.013623978201634877,0,1
PressTV,Resistance,Zionist,0,0.747504472732544,0.2690316438674927,0.3873586654663086,0.5,0.5,0.9,0.0736229419708252,6.666666666666667,0.037037037037037035,0,0
PressTV,Resistance,Russian,0,0.7624928951263428,0.27532556653022766,0.37302613258361816,0.8333333333333334,0.33333333333333337,0.75,0.0736229419708252,9.0,0.04580152671755725,0,1
PressTV,Resistance,Resistance,1,0.7747873067855835,0.2328697293996811,0.4697068929672241,1.0,0.0,1.0,0.0736229419708252,12.0,0.0,0,0
PressTV,Resistance,Zionist,0,0.733534574508667,0.19731920957565308,0.5506627559661865,0.75,0.25,1.0,0.0736229419708252,8.5,0.061946902654867256,0,1
PressTV,Resistance,Zionist,0,0.781787633895874,0.2732032239437103,0.3778592348098755,0.5,0.5,1.0,0.0736229419708252,6.0,0.022988505747126436,0,1
PressTV,Resistance,Resistance,1,0.7160586714744568,0.2629096210002899,0.4012998342514038,0.5,0.5,0.9310344827586207,0.9963189363479614,18.666666666666668,0.02702702702702703,0,1
PressTV,Resistance,Resistance,1,0.7618541717529297,0.23008041083812714,0.47605884075164795,0.5,0.5,1.0,0.0736229419708252,9.0,0.013513513513513514,0,1
PressTV,Resistance,Resistance,1,0.6044379472732544,0.22336748242378235,0.49134546518325806,1.0,0.0,0.8888888888888888,0.0736229419708252,10.0,0.012658227848101266,0,0
PressTV,Resistance,Resistance,1,0.7018397450447083,0.09488611668348312,0.783924400806427,0.3333333333333333,0.6666666666666667,0.7777777777777778,0.0736229419708252,17.0,0.01020408163265306,0,1
PressTV,Resistance,Russian,0,0.5969062447547913,0.23697598278522491,0.46035611629486084,0.6666666666666666,0.33333333333333337,1.0,0.989707350730896,16.0,0.019801980198019802,0,1
PressTV,Resistance,Resistance,1,0.6885333061218262,0.14868703484535217,0.6614086031913757,1.0,0.33333333333333337,0.8888888888888888,0.0736229419708252,15.0,0.022727272727272728,0,0
PressTV,Resistance,Resistance,1,0.5805284380912781,0.24340447783470154,0.44571709632873535,0.75,0.25,0.875,1.002596378326416,38.0,0.019455252918287938,0,0
PressTV,Resistance,Zionist,0,0.7976471185684204,0.24656330049037933,0.4385237693786621,0.75,0.25,1.0,0.0736229419708252,13.5,0.016304347826086956,0,0
PressTV,Resistance,Resistance,1,0.6672496795654297,0.13004040718078613,0.7038708031177521,1.0,0.0,0.8571428571428571,0.0736229419708252,8.0,0.014285714285714285,0,0
PressTV,Resistance,Zionist,0,0.7319934368133545,0.2919715344905853,0.3351198434829712,0.75,0.25,1.0,0.0736229419708252,11.0,0.013986013986013986,0,1
PressTV,Resistance,Zionist,0,0.7292559742927551,0.2805969715118408,0.3610219955444336,0.6666666666666666,0.33333333333333337,0.9230769230769231,0.0736229419708252,11.5,0.02054794520547945,0,1
PressTV,Resistance,Resistance,1,0.6725548505783081,0.28075531125068665,0.3606613874435425,0.625,0.5,0.9230769230769231,0.976592481136322,25.5,0.011049723756906077,0,1
PressTV,Resistance,Resistance,1,0.6982492208480835,0.18403834104537964,0.5809061527252197,0.3333333333333333,0.6666666666666667,0.9285714285714286,1.0021241903305054,10.5,0.024539877300613498,0,1
PressTV,Resistance,Zionist,0,0.6541765332221985,0.20930612087249756,0.5233662128448486,0.7142857142857143,0.7142857142857143,0.8333333333333334,0.0736229419708252,8.5,0.03463203463203463,0,0
PressTV,Resistance,Resistance,1,0.6724984645843506,0.192494198679924,0.5616503357887268,0.5,0.5,0.7727272727272727,0.0736229419708252,10.0,0.03461538461538462,0,1
PressTV,Resistance,Resistance,1,0.8052822351455688,0.2747710347175598,0.3742888569831848,0.6666666666666666,0.33333333333333337,0.8461538461538461,0.0736229419708252,7.333333333333333,0.03550295857988166,0,0
PressTV,Resistance,Resistance,1,0.8007776141166687,0.25205132365226746,0.42602646350860596,0.8888888888888888,0.11111111111111116,0.85,0.0736229419708252,13.333333333333334,0.025,0,0
PressTV,Resistance,Zionist,0,0.5029658675193787,0.23419086635112762,0.46669846773147583,1.0,1.0,0.6666666666666666,0.0736229419708252,23.0,0.018018018018018018,0,0
PressTV,Resistance,Zionist,0,0.6879303455352783,0.26470139622688293,0.39721959829330444,0.6666666666666666,0.6666666666666667,0.75,0.0736229419708252,10.333333333333334,0.026785714285714284,0,1
PressTV,Resistance,Right-wing,0,0.5995254516601562,0.22452566027641296,0.48870813846588135,0.42857142857142855,0.5714285714285714,0.8571428571428571,0.0736229419708252,11.0,0.05235602094240838,0,1
PressTV,Resistance,Resistance,1,0.684778094291687,0.18402698636054993,0.580932080745697,0.5,0.5,0.8636363636363636,1.0001484155654907,41.0,0.007751937984496124,0,0
PressTV,Resistance,Resistance,1,0.8772863149642944,0.2180030792951584,0.5035614371299744,0.6666666666666666,0.33333333333333337,0.875,0.0736229419708252,9.25,0.036231884057971016,0,0
PressTV,Resistance,Russian,0,0.7586102485656738,0.24250204861164093,0.44777214527130127,0.8333333333333334,0.16666666666666663,1.0,0.989707350730896,12.5,0.03870967741935484,0,1
PressTV,Resistance,Zionist,0,0.7185711860656738,0.253314733505249,0.42314934730529785,0.8333333333333334,0.16666666666666663,0.896551724137931,0.7016435861587524,14.5,0.02616279069767442,0,1
PressTV,Resistance,Resistance,1,0.7630332708358765,0.1745370626449585,0.6025426387786865,0.75,0.5,0.9444444444444444,0.0736229419708252,19.0,0.016260162601626018,0,1
PressTV,Resistance,Zionist,0,0.5520695447921753,0.15475782752037048,0.6475840508937836,0.75,0.25,0.6923076923076923,0.0736229419708252,14.0,0.047619047619047616,0,0
PressTV,Resistance,Right-wing,0,0.7805900573730469,0.20839233696460724,0.5254471302032471,1.0,0.5,1.0,0.0736229419708252,14.0,0.015209125475285171,0,1
PressTV,Resistance,Resistance,1,0.7712369561195374,0.24075910449028015,0.45174121856689453,0.8,0.19999999999999996,1.0,0.0736229419708252,19.5,0.014545454545454545,0,1
PressTV,Resistance,Resistance,1,0.6109991073608398,0.22127464413642883,0.4961113929748535,0.8,0.4,0.782608695652174,1.0003750324249268,25.0,0.026785714285714284,0,1
PressTV,Resistance,Resistance,1,0.6586027145385742,0.1663186252117157,0.6212576627731323,1.0,0.0,0.7647058823529411,0.0736229419708252,9.333333333333334,0.037037037037037035,0,0
PressTV,Resistance,Resistance,1,0.6950922012329102,0.3039613366127014,0.3078163266181946,0.75,0.25,0.9310344827586207,0.9942686557769775,21.5,0.019801980198019802,0,1
PressTV,Resistance,Resistance,1,0.8043074011802673,0.19088861346244812,0.5653066635131836,0.5,0.75,0.9333333333333333,1.0001484155654907,16.0,0.02040816326530612,0,1
PressTV,Resistance,Left-wing,0,0.6536934971809387,0.2595321238040924,0.40899109840393066,0.625,0.375,0.7037037037037037,0.0736229419708252,18.333333333333332,0.01876675603217158,0,1
PressTV,Resistance,Resistance,1,0.7492108345031738,0.20278936624526978,0.5382062792778015,0.5,0.5,0.92,0.0736229419708252,22.0,0.012738853503184714,0,1
PressTV,Resistance,Resistance,1,0.621060848236084,0.2118125557899475,0.517658531665802,0.6666666666666666,0.33333333333333337,0.96,0.0736229419708252,19.5,0.020242914979757085,0,1
PressTV,Resistance,Resistance,1,0.6726508140563965,0.28471052646636963,0.3516545295715332,0.8333333333333334,0.16666666666666663,1.0,0.0736229419708252,22.5,0.01818181818181818,0,1
PressTV,Resistance,Resistance,1,0.7328977584838867,0.2511828541755676,0.4280041456222534,0.6666666666666666,0.33333333333333337,0.9,0.0736229419708252,8.5,0.032520325203252036,0,0
PressTV,Resistance,Western,0,0.7575696706771851,0.14976833760738373,0.65894615650177,0.5,0.75,0.8636363636363636,0.0736229419708252,12.666666666666666,0.023166023166023165,0,0
PressTV,Resistance,Zionist,0,0.7151750326156616,0.28845080733299255,0.34313714504241943,0.5,0.5,0.8421052631578947,0.0736229419708252,10.0,0.04263565891472868,0,1
PressTV,Resistance,Resistance,1,0.7326899170875549,0.2402891367673874,0.4528113603591919,1.0,0.0,1.0,0.0736229419708252,6.5,0.03669724770642202,0,0
PressTV,Resistance,Russian,0,0.8298882246017456,0.23715800046920776,0.4599417448043823,1.0,0.0,1.0,0.989707350730896,41.0,0.025210084033613446,0,1
PressTV,Resistance,Resistance,1,0.5591565370559692,0.2210538685321808,0.49661409854888916,0.75,0.375,0.9285714285714286,0.0736229419708252,26.0,0.02881844380403458,0,1
PressTV,Resistance,Resistance,1,0.6194802522659302,0.2948375344276428,0.32859325408935547,0.75,0.25,0.9,0.0736229419708252,14.0,0.031578947368421054,0,0
PressTV,Resistance,Resistance,1,0.7394448518753052,0.25494396686553955,0.41943925619125366,0.75,0.25,1.0,0.0736229419708252,8.5,0.019230769230769232,0,1
PressTV,Resistance,Resistance,1,0.7678594589233398,0.23696662485599518,0.46037745475769043,0.8,0.6,0.9,0.0736229419708252,6.333333333333333,0.032,0,0
PressTV,Resistance,Resistance,1,0.6383259296417236,0.2799947261810303,0.36239349842071533,0.75,0.25,0.9375,0.0736229419708252,14.5,0.0196078431372549,0,1
PressTV,Resistance,Resistance,1,0.7000647783279419,0.22784405946731567,0.4811514616012573,1.0,0.33333333333333337,0.6363636363636364,0.0736229419708252,12.0,0.011627906976744186,0,0
PressTV,Resistance,Resistance,1,0.6523138284683228,0.2208491414785385,0.49708032608032227,0.5,0.5,1.0,0.0736229419708252,6.0,0.03389830508474576,0,0
PressTV,Resistance,Resistance,1,0.6627023816108704,0.13521850109100342,0.6920791566371918,0.75,0.25,0.9,0.9988048672676086,9.0,0.03508771929824561,0,0
PressTV,Resistance,Zionist,0,0.6724618673324585,0.2259441614151001,0.48547792434692383,0.7777777777777778,0.2222222222222222,0.8181818181818182,0.0736229419708252,20.0,0.018115942028985508,0,1
PressTV,Resistance,Zionist,0,0.6003738045692444,0.2030441164970398,0.5376260876655579,0.0,1.0,0.8571428571428571,0.0736229419708252,18.5,0.032407407407407406,0,1
PressTV,Resistance,Zionist,0,0.5240058898925781,0.21291275322437286,0.515153169631958,0.3333333333333333,0.6666666666666667,0.45454545454545453,0.0736229419708252,18.5,0.023809523809523808,0,0
PressTV,Resistance,Resistance,1,0.6716960072517395,0.22171048820018768,0.4951189160346985,0.75,0.25,0.7272727272727273,0.0736229419708252,28.0,0.021447721179624665,0,1
PressTV,Resistance,Resistance,1,0.542514979839325,0.19566816091537476,0.5544226169586182,0.5,0.75,0.9090909090909091,0.0736229419708252,16.0,0.03508771929824561,0,1
PressTV,Resistance,Resistance,1,0.555762767791748,0.11728634685277939,0.732914388179779,0.5,0.75,0.7142857142857143,0.0736229419708252,7.0,0.04597701149425287,0,1
PressTV,Resistance,Zionist,0,0.7682819366455078,0.22940558195114136,0.4775954484939575,0.8,0.19999999999999996,1.0,0.9711461663246155,12.5,0.013888888888888888,0,1
PressTV,Resistance,Resistance,1,0.6591689586639404,0.1588849276304245,0.6381857693195343,0.8,0.19999999999999996,0.7647058823529411,0.0736229419708252,13.5,0.028409090909090908,0,1
PressTV,Resistance,Right-wing,0,0.6721785664558411,0.2710736393928528,0.38270866870880127,0.6,0.4,0.8888888888888888,0.0736229419708252,11.0,0.015151515151515152,0,0
PressTV,Resistance,Resistance,1,0.5627776980400085,0.1929541528224945,0.5606030225753784,0.75,0.25,0.7457627118644068,0.0736229419708252,20.333333333333332,0.023485784919653894,0,2
PressTV,Resistance,Zionist,0,0.8781228065490723,0.13659410178661346,0.6889466643333435,0.75,0.5,0.6818181818181818,1.0021241903305054,12.0,0.01293103448275862,0,1
PressTV,Resistance,Resistance,1,0.7367043495178223,0.25052616000175476,0.4294995069503784,0.8,0.6,0.9,0.0736229419708252,7.0,0.027777777777777776,0,0
PressTV,Resistance,Resistance,1,0.7903086543083191,0.23083524405956268,0.4743398427963257,0.6428571428571429,0.3571428571428571,0.9722222222222222,0.7190062403678894,28.5,0.024128686327077747,0,1
PressTV,Resistance,Zionist,0,0.7524280548095703,0.2482391744852066,0.4347075819969177,0.6,0.4,0.8571428571428571,0.0736229419708252,9.666666666666666,0.03333333333333333,0,1
PressTV,Resistance,Resistance,1,0.732230544090271,0.29577314853668213,0.32646262645721436,1.0,0.0,1.0,0.0736229419708252,4.0,0.027777777777777776,0,0
PressTV,Resistance,Resistance,1,0.775856614112854,0.19099579751491547,0.5650625824928284,0.8571428571428571,0.2857142857142857,0.9310344827586207,0.7111126780509949,24.5,0.020958083832335328,0,1
PressTV,Resistance,Resistance,1,0.7850515842437744,0.2348414808511734,0.46521681547164917,0.6666666666666666,0.33333333333333337,0.9090909090909091,0.6998706459999084,5.666666666666667,0.058333333333333334,0,0
PressTV,Resistance,Resistance,1,0.6968848705291748,0.26590496301651,0.39447885751724243,0.8,0.4,0.8,0.0736229419708252,14.0,0.056818181818181816,0,0
PressTV,Resistance,Resistance,1,0.7397556304931641,0.26117998361587524,0.4052385687828064,1.0,0.5,1.0,0.0736229419708252,8.5,0.046153846153846156,0,0
PressTV,Resistance,Zionist,0,0.8305160999298096,0.1960216909646988,0.5536176264286041,0.75,0.25,0.9285714285714286,0.0736229419708252,12.0,0.018867924528301886,0,1
PressTV,Resistance,Resistance,1,0.6984663009643555,0.18286307156085968,0.5835825204849243,0.5,0.5,0.9285714285714286,1.0021241903305054,7.333333333333333,0.03409090909090909,0,0
PressTV,Resistance,Resistance,1,0.578601062297821,0.2501678168773651,0.43031561374664307,0.2857142857142857,0.7142857142857143,0.68,0.0736229419708252,20.0,0.014705882352941176,1,1
PressTV,Resistance,Left-wing,0,0.6890971660614014,0.22115088999271393,0.496393084526062,0.7142857142857143,0.7142857142857143,0.8181818181818182,0.0736229419708252,9.333333333333334,0.04519774011299435,0,0
PressTV,Resistance,Resistance,1,0.7661311626434326,0.18004459142684937,0.5900008380413055,0.8333333333333334,0.33333333333333337,0.9565217391304348,0.9972048997879028,25.0,0.022364217252396165,0,1
PressTV,Resistance,Zionist,0,0.7604951858520508,0.21473382413387299,0.5110061764717102,0.25,0.75,0.7272727272727273,0.0736229419708252,8.666666666666666,0.025974025974025976,0,0
PressTV,Resistance,Resistance,1,0.6435967683792114,0.21393540501594543,0.5128243267536163,0.8333333333333334,0.16666666666666663,0.8260869565217391,0.0736229419708252,24.0,0.02181818181818182,0,1
PressTV,Resistance,Resistance,1,0.6766561269760132,0.19813764095306396,0.5487991273403168,0.42857142857142855,0.5714285714285714,0.9166666666666666,0.0736229419708252,9.0,0.024096385542168676,0,0
PressTV,Resistance,Resistance,1,0.6738228797912598,0.1408279538154602,0.6793052554130554,0.5,0.5,0.9230769230769231,0.9988048672676086,9.0,0.025806451612903226,0,0
PressTV,Resistance,Resistance,1,0.6975351572036743,0.2372935712337494,0.459632933139801,0.75,0.25,0.8666666666666667,0.0736229419708252,8.666666666666666,0.05421686746987952,0,0
PressTV,Resistance,Russian,0,0.709254264831543,0.23148012161254883,0.47287142276763916,1.0,0.0,0.8,0.0736229419708252,12.0,0.010869565217391304,0,0
PressTV,Resistance,Resistance,1,0.536236047744751,0.2070835679769516,0.5284274220466614,1.0,0.0,1.0,0.0736229419708252,22.0,0.007352941176470588,0,0
PressTV,Resistance,Zionist,0,0.667029857635498,0.20605620741844177,0.5307669937610626,0.75,0.25,0.9565217391304348,0.0736229419708252,20.5,0.01090909090909091,0,0
PressTV,Resistance,Resistance,1,0.6586444973945618,0.19316215813159943,0.5601293742656708,1.0,0.0,1.0,0.0736229419708252,6.333333333333333,0.02127659574468085,0,0
PressTV,Resistance,Resistance,1,0.6437445282936096,0.24309279024600983,0.4464268684387207,0.8,0.19999999999999996,0.9090909090909091,0.6427181363105774,9.0,0.01639344262295082,0,1
PressTV,Resistance,Resistance,1,0.6230169534683228,0.23049725592136383,0.4751095771789551,0.6666666666666666,0.33333333333333337,0.8333333333333334,0.0736229419708252,21.5,0.025830258302583026,0,1
PressTV,Resistance,Resistance,1,0.5843483805656433,0.1953679770231247,0.5551062822341919,1.0,0.0,0.8,0.0736229419708252,12.0,0.012345679012345678,0,0
PressTV,Resistance,Russian,0,0.6912626028060913,0.2261303961277008,0.48505377769470215,1.0,0.0,0.9090909090909091,0.0736229419708252,13.0,0.010752688172043012,0,0
PressTV,Resistance,Resistance,1,0.8231555223464966,0.2318863421678543,0.47194623947143555,1.0,0.0,1.0,0.7166361212730408,5.0,0.04054054054054054,0,0
PressTV,Resistance,Zionist,0,0.7767211198806763,0.22811585664749146,0.48053252696990967,0.75,0.25,0.95,0.0736229419708252,18.0,0.010638297872340425,0,1
PressTV,Resistance,Resistance,1,0.6293725967407227,0.2389255166053772,0.4559165835380554,0.75,0.25,0.9090909090909091,0.0736229419708252,14.0,0.0,0,0
PressTV,Resistance,Zionist,0,0.878320574760437,0.24671639502048492,0.4381752014160156,0.6666666666666666,0.33333333333333337,1.0,0.0736229419708252,8.5,0.017543859649122806,0,1
PressTV,Resistance,Resistance,1,0.5929481983184814,0.22830887138843536,0.48009300231933594,0.6666666666666666,0.33333333333333337,0.6363636363636364,1.0003750324249268,17.0,0.04424778761061947,0,1
PressTV,Resistance,Zionist,0,0.7295327186584473,0.15618067979812622,0.644343912601471,0.3333333333333333,0.6666666666666667,1.0,1.0001484155654907,6.5,0.03529411764705882,0,1
PressTV,Resistance,Russian,0,0.7503960132598877,0.19299766421318054,0.5605040192604065,1.0,0.0,0.875,0.0736229419708252,13.0,0.02702702702702703,0,0
PressTV,Resistance,Russian,0,0.7724195718765259,0.2778177857398987,0.36735081672668457,1.0,0.0,0.8823529411764706,0.989707350730896,11.666666666666666,0.023809523809523808,0,0
PressTV,Resistance,Resistance,1,0.7123990654945374,0.1539258062839508,0.6494787931442261,0.8,0.5,0.7272727272727273,0.9986228346824646,5.285714285714286,0.035856573705179286,0,1
PressTV,Resistance,Zionist,0,0.8600273132324219,0.1798301786184311,0.5904890298843384,0.6666666666666666,0.5555555555555556,0.9032258064516129,0.989707350730896,27.5,0.0106951871657754,0,1
PressTV,Resistance,Western,0,0.5909878611564636,0.13469795882701874,0.6932645738124847,0.3333333333333333,0.6666666666666667,0.7058823529411765,0.0736229419708252,15.5,0.02127659574468085,1,1
PressTV,Resistance,Resistance,1,0.6452967524528503,0.19215816259384155,0.5624157786369324,0.6666666666666666,0.33333333333333337,1.0,0.0736229419708252,27.0,0.01764705882352941,0,1
PressTV,Resistance,Zionist,0,0.5803860425949097,0.23921926319599152,0.45524775981903076,0.3333333333333333,0.6666666666666667,0.7272727272727273,0.0736229419708252,14.0,0.017543859649122806,0,0
PressTV,Resistance,Russian,0,0.6398735046386719,0.2422180026769638,0.44841909408569336,1.0,0.0,0.875,0.0736229419708252,10.0,0.024691358024691357,0,0
PressTV,Resistance,Right-wing,0,0.6015461683273315,0.17033478617668152,0.6121121048927307,0.25,0.75,0.6666666666666666,1.0001484155654907,7.666666666666667,0.032679738562091505,0,0
PressTV,Resistance,Right-wing,0,0.738182544708252,0.18697874248027802,0.5742103457450867,0.875,0.125,0.6538461538461539,0.0736229419708252,21.5,0.02197802197802198,0,1
PressTV,Resistance,Zionist,0,0.7663676738739014,0.2725849449634552,0.37926697731018066,0.3333333333333333,0.6666666666666667,1.0,0.0736229419708252,15.0,0.03669724770642202,0,1
PressTV,Resistance,Zionist,0,0.8464148044586182,0.21093790233135223,0.5196502208709717,0.6,0.4,0.95,0.0736229419708252,20.5,0.007067137809187279,0,1
PressTV,Resistance,Resistance,1,0.5592622756958008,0.22438688576221466,0.48902416229248047,0.5,0.5,0.7857142857142857,0.0736229419708252,11.5,0.0189873417721519,0,0
PressTV,Resistance,Resistance,1,0.6592061519622803,0.25910067558288574,0.4099735617637634,0.6,0.6,0.8095238095238095,0.0736229419708252,21.0,0.0121580547112462,0,1
PressTV,Resistance,Resistance,1,0.7205879092216492,0.18230484426021576,0.5848537087440491,1.0,0.0,1.0,0.9988048672676086,4.0,0.06666666666666667,0,0
PressTV,Resistance,Resistance,1,0.742688000202179,0.2876572012901306,0.34494441747665405,0.6,0.4,1.0,0.6822752356529236,14.333333333333334,0.02527075812274368,0,1
PressTV,Resistance,Resistance,1,0.678437352180481,0.29649877548217773,0.324810266494751,0.8333333333333334,0.16666666666666663,0.9166666666666666,0.9963189363479614,9.75,0.023255813953488372,0,1
PressTV,Resistance,Russian,0,0.5770540237426758,0.13016463816165924,0.7035879492759705,0.6666666666666666,0.6666666666666667,0.625,0.0736229419708252,13.0,0.011904761904761904,0,1
PressTV,Resistance,Zionist,0,0.9702754020690918,0.22912883758544922,0.4782257080078125,0.5,0.5,0.8947368421052632,0.0736229419708252,7.6,0.044534412955465584,0,1
PressTV,Resistance,Zionist,0,0.7204269170761108,0.18222513794898987,0.5850352644920349,1.0,0.0,0.9473684210526315,0.997327446937561,29.0,0.024154589371980676,0,1
PressTV,Resistance,Resistance,1,0.7150130271911621,0.2952500283718109,0.3276538848876953,0.0,1.0,0.875,0.0736229419708252,7.0,0.047619047619047616,0,0
PressTV,Resistance,Russian,0,0.44638609886169434,0.12254120409488678,0.7209480404853821,1.0,0.0,0.7142857142857143,0.0736229419708252,7.5,0.056179775280898875,0,1
PressTV,Resistance,Zionist,0,0.6393163800239563,0.2487843632698059,0.43346601724624634,0.8571428571428571,0.1428571428571429,0.9285714285714286,0.0736229419708252,15.5,0.013392857142857142,0,1
PressTV,Resistance,Zionist,0,0.5646262764930725,0.21954147517681122,0.500058114528656,1.0,0.4,0.7777777777777778,0.0736229419708252,12.333333333333334,0.01904761904761905,0,0
PressTV,Resistance,Resistance,1,0.48364394903182983,0.17034444212913513,0.6120900809764862,0.5,0.8333333333333334,0.75,0.0736229419708252,10.333333333333334,0.03431372549019608,0,0
PressTV,Resistance,Resistance,1,0.6283377408981323,0.26097822189331055,0.4056980013847351,0.75,0.25,1.0,0.0736229419708252,20.0,0.03305785123966942,0,1
PressTV,Resistance,Left-wing,0,0.6957911252975464,0.24419978260993958,0.4439060688018799,0.7142857142857143,0.5714285714285714,0.8888888888888888,0.0736229419708252,10.666666666666666,0.021739130434782608,0,0
PressTV,Resistance,Resistance,1,0.8408651947975159,0.26092472672462463,0.40581977367401123,0.5,0.5,0.85,0.0736229419708252,21.5,0.04263565891472868,0,1
PressTV,Resistance,Resistance,1,0.7440913915634155,0.2936023771762848,0.3314060568809509,0.75,0.25,0.8,0.0736229419708252,7.5,0.06,0,1
PressTV,Resistance,Zionist,0,0.6058815121650696,0.24141035974025726,0.45025813579559326,0.6666666666666666,0.33333333333333337,0.8461538461538461,0.0736229419708252,20.5,0.02247191011235955,0,1
PressTV,Resistance,Resistance,1,0.7371822595596313,0.22387613356113434,0.49018722772598267,0.8571428571428571,0.4285714285714286,0.8333333333333334,0.9988048672676086,8.333333333333334,0.04216867469879518,0,1
PressTV,Resistance,Zionist,0,0.6958714723587036,0.19174832105636597,0.5633489489555359,0.75,0.25,0.875,0.0736229419708252,7.0,0.023529411764705882,0,1
PressTV,Resistance,Resistance,1,0.6904995441436768,0.16883499920368195,0.6155273914337158,0.3333333333333333,0.6666666666666667,0.7692307692307693,0.0736229419708252,9.333333333333334,0.024096385542168676,0,0
PressTV,Resistance,Western,0,0.6345691084861755,0.1241968423128128,0.7171778678894043,0.8333333333333334,0.16666666666666663,0.8,0.9984210729598999,18.0,0.02390438247011952,0,0
PressTV,Resistance,Zionist,0,0.5578144788742065,0.1701938807964325,0.6124329566955566,0.75,0.25,0.7142857142857143,0.0736229419708252,12.0,0.02127659574468085,0,0
PressTV,Resistance,Resistance,1,0.68901127576828,0.2043100744485855,0.5347432792186737,0.8,0.19999999999999996,1.0,0.0736229419708252,9.0,0.032520325203252036,0,1
PressTV,Resistance,Right-wing,0,0.5781176090240479,0.24657680094242096,0.438493013381958,0.5,0.5,0.8,0.0736229419708252,5.333333333333333,0.04838709677419355,0,0
PressTV,Resistance,Resistance,1,0.7456942796707153,0.22699441015720367,0.4830862283706665,1.0,0.0,1.0,0.8311849236488342,6.0,0.03389830508474576,0,0
PressTV,Resistance,Zionist,0,0.8093273043632507,0.20016367733478546,0.5441855192184448,0.8,0.4,0.9285714285714286,0.989707350730896,13.5,0.02824858757062147,0,1
PressTV,Resistance,Resistance,1,0.6105623245239258,0.2588334083557129,0.41058218479156494,0.6666666666666666,0.5,0.8,0.0736229419708252,10.333333333333334,0.032171581769437,1,1
PressTV,Resistance,Russian,0,0.8435426950454712,0.2729070484638214,0.37853360176086426,0.875,0.25,0.9245283018867925,0.6389424800872803,22.916666666666668,0.020713463751438434,0,1
PressTV,Resistance,Russian,0,0.8834660053253174,0.18557927012443542,0.5773971676826477,0.75,0.5,1.0,0.995715320110321,9.0,0.017241379310344827,0,1
PressTV,Resistance,Zionist,0,0.6357370615005493,0.23333941400051117,0.4686373472213745,0.75,0.25,0.9166666666666666,0.0736229419708252,11.0,0.047619047619047616,0,1
PressTV,Resistance,Zionist,0,0.8533616065979004,0.1883482187986374,0.5710917115211487,0.75,0.25,1.0,0.989707350730896,20.0,0.0072992700729927005,0,1
PressTV,Resistance,Zionist,0,0.6538391709327698,0.24592354893684387,0.43998056650161743,0.875,0.375,0.7777777777777778,0.0736229419708252,11.333333333333334,0.03225806451612903,0,1
PressTV,Resistance,Right-wing,0,0.7865325212478638,0.11199436336755753,0.7449654042720795,0.5,0.5,0.8333333333333334,1.0015647411346436,11.75,0.02527075812274368,0,1
PressTV,Resistance,Russian,0,0.7872453331947327,0.24634775519371033,0.4390146732330322,0.5,0.5,1.0,0.0736229419708252,12.0,0.012345679012345678,0,1
PressTV,Resistance,Resistance,1,0.6986547708511353,0.2566695213317871,0.4155099391937256,0.7,0.4,0.6666666666666666,0.0736229419708252,27.5,0.01749271137026239,0,1
PressTV,Resistance,Zionist,0,0.8136128187179565,0.22183725237846375,0.4948301911354065,0.5,0.5,0.8571428571428571,0.9963785409927368,9.0,0.014285714285714285,0,1
PressTV,Resistance,Left-wing,0,0.5836319923400879,0.15551070868968964,0.645869642496109,1.0,0.25,0.6666666666666666,0.0736229419708252,12.0,0.013157894736842105,0,0
PressTV,Resistance,Resistance,1,0.8408180475234985,0.2628460228443146,0.401444673538208,1.0,0.0,1.0,0.9998100996017456,8.0,0.02702702702702703,0,0
PressTV,Resistance,Resistance,1,0.8767076134681702,0.20662443339824677,0.5294728875160217,0.8,0.19999999999999996,1.0,0.8187487721443176,12.5,0.025157232704402517,0,1
PressTV,Resistance,Russian,0,0.6038713455200195,0.20592498779296875,0.5310657024383545,0.75,0.75,0.8461538461538461,0.0736229419708252,9.0,0.03535353535353535,0,0
PressTV,Resistance,Resistance,1,0.7319344878196716,0.178333580493927,0.5938971638679504,0.5,0.5,1.0,0.0736229419708252,13.0,0.017241379310344827,0,0
PressTV,Resistance,Resistance,1,0.7486493587493896,0.2570260763168335,0.41469788551330566,0.75,0.25,0.8888888888888888,0.0736229419708252,9.0,0.06542056074766354,0,1
PressTV,Resistance,Right-wing,0,0.58411705493927,0.2289716750383377,0.4785836338996887,0.5555555555555556,0.5555555555555556,0.6956521739130435,0.9936326146125793,21.5,0.025,0,1
PressTV,Resistance,Resistance,1,0.770338237285614,0.23422285914421082,0.4666255712509155,0.6,0.4,1.0,0.9963189363479614,8.666666666666666,0.04,0,0
PressTV,Resistance,Resistance,1,0.7437949180603027,0.24644982814788818,0.4387822151184082,1.0,0.0,0.8888888888888888,0.0736229419708252,15.0,0.011363636363636364,0,0
PressTV,Resistance,Zionist,0,0.5803535580635071,0.24325378239154816,0.44606029987335205,1.0,0.0,0.85,0.0736229419708252,16.0,0.030612244897959183,0,1
PressTV,Resistance,Left-wing,0,0.8040282726287842,0.3068074584007263,0.30133533477783203,0.6666666666666666,0.33333333333333337,1.0,0.0736229419708252,9.5,0.028368794326241134,0,1
PressTV,Resistance,Russian,0,0.8173154592514038,0.269279420375824,0.3867945671081543,0.8181818181818182,0.18181818181818177,0.8571428571428571,0.989707350730896,11.857142857142858,0.025477707006369428,0,1
PressTV,Resistance,Resistance,1,0.6368447542190552,0.19096025824546814,0.5651435256004333,0.5,0.5,0.8181818181818182,0.0736229419708252,9.0,0.04032258064516129,0,1
PressTV,Resistance,Resistance,1,0.5461291074752808,0.24351105093955994,0.44547444581985474,0.2,0.8,0.8,0.0736229419708252,11.0,0.03125,0,1
PressTV,Resistance,Resistance,1,0.5757713317871094,0.1926213800907135,0.5613608360290527,0.6666666666666666,0.33333333333333337,1.0,0.0736229419708252,37.0,0.017316017316017316,0,0
PressTV,Resistance,Resistance,1,0.7395387887954712,0.30398955941200256,0.30775219202041626,0.0,1.0,0.875,0.0736229419708252,13.0,0.043010752688172046,0,1
PressTV,Resistance,Russian,0,0.8517148494720459,0.21286705136299133,0.5152572691440582,1.0,0.0,1.0,0.989707350730896,38.0,0.022222222222222223,0,0
PressTV,Resistance,Ukrainian,0,0.6608237028121948,0.1556604504585266,0.6455285549163818,0.5,1.0,0.6363636363636364,0.9997913241386414,6.666666666666667,0.03305785123966942,0,0
PressTV,Resistance,Resistance,1,0.6952893137931824,0.27626651525497437,0.37088334560394287,1.0,0.0,0.8421052631578947,0.0736229419708252,13.0,0.015625,0,1
PressTV,Resistance,Resistance,1,0.7851977348327637,0.25304532051086426,0.4237629175186157,0.6666666666666666,0.33333333333333337,1.0,0.9963189363479614,16.5,0.016736401673640166,0,1
PressTV,Resistance,Zionist,0,0.7549468874931335,0.2795174717903137,0.3634803295135498,0.75,0.25,1.0,0.0736229419708252,12.5,0.025477707006369428,0,1
PressTV,Resistance,Zionist,0,0.7846953868865967,0.22514842450618744,0.4872899055480957,0.5,0.6666666666666667,1.0,1.0001484155654907,9.333333333333334,0.0425531914893617,0,0
PressTV,Resistance,Resistance,1,0.7954723834991455,0.2667304277420044,0.39259904623031616,1.0,0.0,1.0,0.0736229419708252,6.0,0.0449438202247191,0,0
PressTV,Resistance,Resistance,1,0.6270821690559387,0.214846670627594,0.5107492804527283,0.4,0.6,0.7272727272727273,0.0736229419708252,6.666666666666667,0.046153846153846156,0,0
PressTV,Resistance,Zionist,0,0.7509109377861023,0.26710471510887146,0.39174675941467285,0.8,0.6,0.9,0.0736229419708252,6.333333333333333,0.03225806451612903,0,0
PressTV,Resistance,Resistance,1,0.5008621215820312,0.15790216624736786,0.6404236555099487,1.0,0.0,1.0,0.9988048672676086,8.0,0.042105263157894736,0,0
PressTV,Resistance,Resistance,1,0.6533770561218262,0.21451643109321594,0.5115012526512146,0.875,0.125,0.9473684210526315,0.0736229419708252,20.5,0.015209125475285171,0,1
PressTV,Resistance,Right-wing,0,0.6876301765441895,0.20720498263835907,0.5281509160995483,0.6666666666666666,0.33333333333333337,0.7142857142857143,0.0736229419708252,5.0,0.07142857142857142,0,1
PressTV,Resistance,Resistance,1,0.8135102987289429,0.2891353964805603,0.3415781259536743,0.6666666666666666,0.33333333333333337,1.0,0.6759074330329895,10.0,0.02666666666666667,0,1
PressTV,Resistance,Ukrainian,0,0.6124818921089172,0.2025352269411087,0.5387850105762482,0.3333333333333333,0.6666666666666667,0.6666666666666666,0.0736229419708252,11.0,0.05116279069767442,0,0
PressTV,Resistance,Western,0,0.849041223526001,0.22237028181552887,0.49361640214920044,0.5,0.5,0.8125,0.7863912582397461,11.666666666666666,0.03902439024390244,0,0
PressTV,Resistance,Resistance,1,0.766660213470459,0.24730736017227173,0.43682944774627686,0.75,0.25,1.0,0.7582290768623352,9.5,0.04065040650406504,0,0
PressTV,Resistance,Resistance,1,0.7026327252388,0.2896329462528229,0.34044522047042847,0.6666666666666666,0.33333333333333337,0.8333333333333334,0.0736229419708252,5.0,0.04054054054054054,0,1
PressTV,Resistance,Resistance,1,0.613802969455719,0.17141950130462646,0.609641969203949,0.6666666666666666,0.5,0.8666666666666667,0.9988048672676086,11.5,0.0379746835443038,0,1
PressTV,Resistance,Resistance,1,0.6754744052886963,0.14618422091007233,0.6671079099178314,1.0,0.5,1.0,1.0001484155654907,9.0,0.01694915254237288,0,0
PressTV,Resistance,Resistance,1,0.7484594583511353,0.2075488567352295,0.527367889881134,0.75,0.25,1.0,0.0736229419708252,15.0,0.010752688172043012,0,1
PressTV,Resistance,Zionist,0,0.7454347610473633,0.24178294837474823,0.44940972328186035,0.75,0.25,0.8571428571428571,0.0736229419708252,9.333333333333334,0.029411764705882353,0,0
PressTV,Resistance,Right-wing,0,0.5429611802101135,0.06052195653319359,0.8621788918972015,0.8,0.4,0.6428571428571429,0.0736229419708252,8.0,0.04591836734693878,0,0
PressTV,Resistance,Resistance,1,0.8125089406967163,0.2938877046108246,0.3307562470436096,0.6666666666666666,0.33333333333333337,1.0,0.0736229419708252,11.0,0.02631578947368421,0,1
PressTV,Resistance,Zionist,0,0.8256611227989197,0.2234305590391159,0.49120187759399414,0.7142857142857143,0.5714285714285714,0.9047619047619048,0.0736229419708252,13.333333333333334,0.03663003663003663,0,1
PressTV,Resistance,Resistance,1,0.5318813920021057,0.1686747670173645,0.6158922612667084,0.625,0.5,0.72,0.0736229419708252,20.5,0.02364864864864865,2,1
PressTV,Resistance,Russian,0,0.6528134346008301,0.19867883622646332,0.5475667119026184,1.0,0.0,0.9090909090909091,0.0736229419708252,12.0,0.05442176870748299,0,1
PressTV,Resistance,Resistance,1,0.7006433010101318,0.23016442358493805,0.47586750984191895,0.5,0.5,0.8666666666666667,0.0736229419708252,10.5,0.03164556962025317,0,0
PressTV,Resistance,Zionist,0,0.6700811386108398,0.29096829891204834,0.3374043107032776,1.0,0.0,0.8235294117647058,0.0736229419708252,25.0,0.025906735751295335,0,0
PressTV,Resistance,Left-wing,0,0.6743783950805664,0.19624193012714386,0.553116112947464,0.7142857142857143,0.5714285714285714,1.0,1.0001484155654907,9.0,0.04891304347826087,0,0
PressTV,Resistance,Resistance,1,0.8314203023910522,0.21942615509033203,0.5003207325935364,0.5,0.5,1.0,0.6985909342765808,10.0,0.015873015873015872,0,1
PressTV,Resistance,Resistance,1,0.7182742357254028,0.24532419443130493,0.4413454532623291,0.6666666666666666,0.6666666666666667,1.0,0.0736229419708252,16.0,0.03418803418803419,0,1
PressTV,Resistance,Resistance,1,0.6643475294113159,0.27966606616973877,0.36314189434051514,0.8333333333333334,0.33333333333333337,0.7692307692307693,0.0736229419708252,17.0,0.03333333333333333,0,1
PressTV,Resistance,Zionist,0,0.8298361897468567,0.2031819373369217,0.5373122096061707,1.0,0.0,0.9285714285714286,0.0736229419708252,8.333333333333334,0.028735632183908046,0,0
PressTV,Resistance,Resistance,1,0.7408098578453064,0.26146864891052246,0.4045811891555786,0.5,0.5,1.0,0.0736229419708252,11.0,0.013157894736842105,0,1
PressTV,Resistance,Western,0,0.7126604318618774,0.1932300329208374,0.5599748492240906,0.8333333333333334,0.6666666666666667,0.8571428571428571,0.0736229419708252,8.333333333333334,0.030120481927710843,0,0
PressTV,Resistance,Russian,0,0.8047844171524048,0.2014348953962326,0.5412907004356384,0.8333333333333334,0.16666666666666663,0.9565217391304348,0.886937141418457,14.333333333333334,0.0234375,0,1
PressTV,Resistance,Resistance,1,0.7723270654678345,0.24121586978435516,0.4507009983062744,0.8333333333333334,0.5,0.9166666666666666,0.0736229419708252,11.0,0.047619047619047616,0,0
PressTV,Resistance,Resistance,1,0.626920759677887,0.18480108678340912,0.5791692733764648,1.0,0.0,1.0,0.0736229419708252,16.0,0.009852216748768473,0,0
PressTV,Resistance,Resistance,1,0.575411319732666,0.20221470296382904,0.5395148694515228,0.75,0.5,1.0,0.0736229419708252,17.0,0.0297029702970297,0,1
PressTV,Resistance,Left-wing,0,0.610743522644043,0.23003974556922913,0.47615134716033936,0.6666666666666666,0.33333333333333337,0.7222222222222222,0.0736229419708252,16.0,0.020161290322580645,0,1
PressTV,Resistance,Resistance,1,0.7935053110122681,0.25799572467803955,0.4124898910522461,0.6666666666666666,0.33333333333333337,0.85,0.9963189363479614,8.75,0.03017241379310345,0,0
PressTV,Resistance,Russian,0,0.6223626732826233,0.21125668287277222,0.518924355506897,0.8,0.19999999999999996,1.0,0.0736229419708252,12.0,0.036585365853658534,0,0
PressTV,Resistance,Zionist,0,0.5575206279754639,0.19821806252002716,0.5486159920692444,0.8,0.4,0.625,0.0736229419708252,16.0,0.009900990099009901,0,1
PressTV,Resistance,Resistance,1,0.7671676874160767,0.26642733812332153,0.3932892084121704,0.6666666666666666,0.33333333333333337,1.0,0.0736229419708252,7.0,0.0297029702970297,0,1
PressTV,Resistance,Zionist,0,0.675215482711792,0.25319793820381165,0.42341530323028564,0.6,0.4,0.7333333333333333,1.0021241903305054,13.8,0.03619909502262444,0,1
PressTV,Resistance,Zionist,0,0.49420613050460815,0.17725400626659393,0.5963555872440338,1.0,1.0,0.8333333333333334,0.0736229419708252,14.0,0.025,0,0
PressTV,Resistance,Zionist,0,0.753131628036499,0.17083142697811127,0.6109811067581177,1.0,0.0,1.0,1.0001484155654907,15.0,0.022727272727272728,0,0
PressTV,Resistance,Resistance,1,0.7564978003501892,0.24714581668376923,0.43719732761383057,1.0,0.0,0.9,0.0736229419708252,6.5,0.01904761904761905,0,0
PressTV,Resistance,Resistance,1,0.7937971353530884,0.1936235874891281,0.559078574180603,0.8333333333333334,0.5,0.875,0.0736229419708252,11.0,0.0319634703196347,0,0
PressTV,Resistance,Resistance,1,0.8452557921409607,0.25213858485221863,0.4258277416229248,0.6666666666666666,0.33333333333333337,1.0,0.9998100996017456,15.0,0.01020408163265306,0,1
PressTV,Resistance,Zionist,0,0.5685409307479858,0.1411535143852234,0.6785638928413391,0.3333333333333333,0.6666666666666667,0.6666666666666666,0.0736229419708252,7.5,0.02830188679245283,0,1
PressTV,Resistance,Resistance,1,0.72615647315979,0.24885031580924988,0.43331581354141235,1.0,0.0,0.8888888888888888,0.0736229419708252,6.333333333333333,0.06722689075630252,0,0
PressTV,Resistance,Resistance,1,0.6361745595932007,0.24286964535713196,0.4469350576400757,0.5,0.5,0.8888888888888888,0.0736229419708252,11.0,0.012658227848101266,0,0
PressTV,Resistance,Zionist,0,0.81626957654953,0.1900966912508011,0.5671100616455078,1.0,0.5,0.7272727272727273,0.0736229419708252,9.0,0.04065040650406504,0,0
PressTV,Resistance,Resistance,1,0.7100131511688232,0.23593993484973907,0.4627154469490051,,,1.0,0.0736229419708252,5.0,0.0379746835443038,0,0
PressTV,Resistance,Resistance,1,0.8707977533340454,0.20325684547424316,0.5371415615081787,0.6666666666666666,0.33333333333333337,1.0,0.8164818286895752,11.0,0.012048192771084338,0,1
PressTV,Resistance,Resistance,1,0.6462060213088989,0.1894058734178543,0.5686831772327423,0.6666666666666666,0.33333333333333337,0.8181818181818182,0.0736229419708252,6.333333333333333,0.057971014492753624,0,0
PressTV,Resistance,Russian,0,0.6466786861419678,0.17330171167850494,0.6053557991981506,0.6,0.4,0.68,0.0736229419708252,11.0,0.03942652329749104,0,0
PressTV,Resistance,Resistance,1,0.664249062538147,0.2215804159641266,0.4954150915145874,1.0,0.0,0.625,0.0736229419708252,10.0,0.0136986301369863,0,0
PressTV,Resistance,Resistance,1,0.5209627747535706,0.1649816632270813,0.624302327632904,0.625,0.75,0.8181818181818182,0.0736229419708252,10.25,0.041666666666666664,0,0
PressTV,Resistance,Resistance,1,0.6060919761657715,0.19561980664730072,0.5545328259468079,0.5,0.5,0.8571428571428571,0.0736229419708252,7.5,0.0392156862745098,0,0
PressTV,Resistance,Resistance,1,0.7933876514434814,0.21137841045856476,0.5186471343040466,0.75,0.25,1.0,0.0736229419708252,8.5,0.02702702702702703,0,1
PressTV,Resistance,Russian,0,0.7972379922866821,0.18150436878204346,0.5866766571998596,1.0,0.0,1.0,0.989707350730896,13.0,0.0,0,0
PressTV,Resistance,Resistance,1,0.5960171818733215,0.21295587718486786,0.5150548815727234,0.5,0.5,0.75,0.7467296123504639,19.333333333333332,0.010025062656641603,1,1
PressTV,Resistance,Resistance,1,0.7104150056838989,0.19376222789287567,0.558762788772583,0.75,0.25,0.8888888888888888,0.9988048672676086,8.0,0.05102040816326531,0,0
PressTV,Resistance,Resistance,1,0.7510071396827698,0.28267648816108704,0.35628652572631836,0.75,0.25,1.0,0.6822752356529236,19.5,0.022813688212927757,0,0
PressTV,Resistance,Resistance,1,0.7512309551239014,0.25195369124412537,0.42624878883361816,0.6666666666666666,0.33333333333333337,0.9230769230769231,0.0736229419708252,22.0,0.02,0,1
PressTV,Resistance,Resistance,1,0.6616649627685547,0.16969045996665955,0.6135793328285217,1.0,0.5,0.8888888888888888,1.0018305778503418,5.0,0.035398230088495575,0,0
PressTV,Resistance,Resistance,1,0.6656708717346191,0.2557215988636017,0.4176684617996216,0.75,0.25,0.7,0.0736229419708252,5.333333333333333,0.03305785123966942,0,0
PressTV,Resistance,Zionist,0,0.7727876901626587,0.27463871240615845,0.3745902180671692,1.0,0.0,1.0,0.0736229419708252,4.666666666666667,0.053763440860215055,0,0
PressTV,Resistance,Western,0,0.5533232688903809,0.10620225965976715,0.7581552863121033,1.0,0.5,0.625,0.0736229419708252,12.0,0.0,0,0
PressTV,Resistance,Resistance,1,0.8096105456352234,0.1544182300567627,0.6483573019504547,0.5,0.5,0.8333333333333334,0.9988048672676086,8.0,0.0,0,0
PressTV,Resistance,Resistance,1,0.7513411045074463,0.2257591336965561,0.4858992099761963,0.6666666666666666,0.33333333333333337,1.0,0.6759074330329895,14.0,0.020618556701030927,0,1
PressTV,Resistance,Resistance,1,0.6126752495765686,0.2343195229768753,0.46640545129776,1.0,0.0,0.875,0.0736229419708252,12.0,0.014285714285714285,0,0
PressTV,Resistance,Resistance,1,0.6642920970916748,0.24434539675712585,0.4435744285583496,0.75,0.75,0.7777777777777778,0.0736229419708252,6.0,0.021505376344086023,0,1
PressTV,Resistance,Resistance,1,0.8224691152572632,0.22523605823516846,0.48709040880203247,1.0,0.25,0.8636363636363636,0.989707350730896,41.0,0.02888086642599278,0,0
PressTV,Resistance,Resistance,1,0.8065652251243591,0.24959099292755127,0.43162912130355835,0.5,0.5,0.8461538461538461,0.0736229419708252,11.75,0.03287671232876712,0,1
PressTV,Resistance,Resistance,1,0.7092514038085938,0.2960183322429657,0.32590436935424805,1.0,0.0,1.0,0.0736229419708252,10.0,0.0273972602739726,0,0
PressTV,Resistance,Resistance,1,0.7813209295272827,0.27003714442253113,0.38506895303726196,1.0,0.0,1.0,0.9998100996017456,7.5,0.027777777777777776,0,0
PressTV,Resistance,Resistance,1,0.7574650645256042,0.28382107615470886,0.3536801338195801,0.8,0.6,0.9,0.0736229419708252,6.666666666666667,0.03597122302158273,0,0
PressTV,Resistance,Russian,0,0.6816555261611938,0.22785061597824097,0.4811365008354187,0.3333333333333333,0.6666666666666667,0.8666666666666667,0.0736229419708252,20.0,0.020689655172413793,0,1
PressTV,Resistance,Resistance,1,0.6288595199584961,0.2688016891479492,0.3878823518753052,1.0,0.0,0.9230769230769231,0.9973008036613464,8.25,0.02857142857142857,0,0
PressTV,Resistance,Resistance,1,0.8052910566329956,0.1923702359199524,0.5619328022003174,1.0,0.33333333333333337,1.0,0.0736229419708252,14.0,0.03296703296703297,0,0
PressTV,Resistance,Resistance,1,0.7850455641746521,0.2294662892818451,0.47745728492736816,0.8333333333333334,0.16666666666666663,0.95,0.0736229419708252,12.333333333333334,0.024691358024691357,0,0
PressTV,Resistance,Resistance,1,0.8026228547096252,0.22988562285900116,0.4765024185180664,1.0,0.0,1.0,0.9770103096961975,7.5,0.02830188679245283,0,0
PressTV,Resistance,Resistance,1,0.8073415756225586,0.298392653465271,0.3204975128173828,0.75,0.25,1.0,0.7062439918518066,8.0,0.04132231404958678,0,1
PressTV,Resistance,Resistance,1,0.7190950512886047,0.2907927930355072,0.3378039598464966,0.6,0.6,0.8461538461538461,0.0736229419708252,8.333333333333334,0.031914893617021274,0,1
PressTV,Resistance,Zionist,0,0.6099637746810913,0.22713036835193634,0.4827766418457031,0.3333333333333333,0.6666666666666667,0.7777777777777778,0.9936349391937256,12.4,0.023980815347721823,0,1
PressTV,Resistance,Zionist,0,0.7136539816856384,0.3006516993045807,0.3153531551361084,1.0,0.0,1.0,1.000613808631897,11.0,0.013333333333333334,0,0
PressTV,Resistance,Resistance,1,0.667838454246521,0.2678937315940857,0.3899500370025635,0.5,0.5,0.8,0.0736229419708252,14.0,0.020833333333333332,0,0
PressTV,Resistance,Right-wing,0,0.5657020211219788,0.22270527482032776,0.492853581905365,0.6666666666666666,0.33333333333333337,0.42857142857142855,0.0736229419708252,11.0,0.030534351145038167,0,1
PressTV,Resistance,Resistance,1,0.6623985767364502,0.2702215015888214,0.3846491575241089,1.0,0.0,0.75,0.0736229419708252,15.0,0.03225806451612903,0,0
NATO,Western,Western,1,0.6428894996643066,0.07766419649124146,0.8049304336309433,0.6666666666666666,0.6666666666666667,0.8,0.07518947124481201,40.0,0.018656716417910446,0,1
NATO,Western,Russian,0,0.596837043762207,0.2154661864042282,0.45881229639053345,1.0,0.0,0.8666666666666667,0.9994024038314819,14.5,0.021505376344086023,0,2
NATO,Western,Western,1,0.6481738090515137,0.16466987133026123,0.5863977372646332,0.75,0.25,0.92,0.8777363300323486,14.333333333333334,0.014760147601476014,0,0
NATO,Western,Ukrainian,0,0.7232294082641602,0.1363457590341568,0.6575395166873932,0.7142857142857143,0.2857142857142857,0.7727272727272727,0.07518947124481201,18.0,0.03225806451612903,2,0
NATO,Western,Ukrainian,0,0.5179265141487122,0.08708208799362183,0.7812754362821579,0.0,1.0,0.7647058823529411,1.0028226375579834,10.333333333333334,0.020942408376963352,0,0
NATO,Western,Russian,0,0.6533170938491821,0.1818397343158722,0.5432720482349396,,,0.6,1.0021322965621948,2.0,0.15789473684210525,0,0
NATO,Western,Western,1,0.6330745220184326,0.18165701627731323,0.5437310039997101,0.6666666666666666,0.33333333333333337,0.9375,0.07518947124481201,25.0,0.011695906432748537,0,0
NATO,Western,Western,1,0.7260496616363525,0.19199085235595703,0.5177754759788513,0.8,0.19999999999999996,0.9090909090909091,0.8880420923233032,18.5,0.03347280334728033,0,1
NATO,Western,Western,1,0.6205238103866577,0.17241553962230682,0.5669428706169128,0.5,0.75,0.8571428571428571,0.07518947124481201,12.0,0.05701754385964912,3,1
NATO,Western,Ukrainian,0,0.5624394416809082,0.11222866922616959,0.718114584684372,0.3333333333333333,0.8333333333333334,0.5555555555555556,1.0024811029434204,8.0,0.03305785123966942,2,1
NATO,Western,Russian,0,0.5929352641105652,0.16118985414505005,0.5951384902000427,1.0,0.33333333333333337,0.75,0.9994024038314819,10.0,0.04597701149425287,0,2
NATO,Western,Russian,0,0.5588877201080322,0.14681628346443176,0.6312406659126282,0.5,0.5,0.8095238095238095,0.9994024038314819,8.25,0.052845528455284556,0,2
NATO,Western,Western,1,0.6980204582214355,0.22467158734798431,0.4356909990310669,0.5,0.5,0.9375,0.07518947124481201,27.0,0.02185792349726776,2,0
NATO,Western,Russian,0,0.5928400158882141,0.12605313956737518,0.6833915114402771,0.6666666666666666,0.33333333333333337,0.8,0.9994024038314819,14.0,0.04716981132075472,0,2
NATO,Western,Russian,0,0.5272947549819946,0.10323792695999146,0.7406966984272003,1.0,0.0,0.8571428571428571,1.0024811029434204,11.0,0.03076923076923077,2,0
NATO,Western,Western,1,0.5691549181938171,0.1676981896162033,0.5787914991378784,0.5,0.5,0.875,0.07518947124481201,28.0,0.01675977653631285,1,0
NATO,Western,Russian,0,0.6460022330284119,0.16881054639816284,0.575997531414032,1.0,0.25,0.875,0.07518947124481201,35.0,0.022222222222222223,1,1
NATO,Western,Western,1,0.5965657234191895,0.18025970458984375,0.5472406148910522,1.0,0.0,0.9333333333333333,0.7167297601699829,15.0,0.022857142857142857,0,1
NATO,Western,Ukrainian,0,0.7957255840301514,0.1604720652103424,0.5969413816928864,0.8,0.6,0.9523809523809523,0.07518947124481201,12.0,0.04032258064516129,0,0
NATO,Western,Right-wing,0,0.8651363849639893,0.07342784106731415,0.8155708312988281,,,1.0,0.07518947124481201,2.0,0.0,0,0
NATO,Western,Ukrainian,0,0.43553853034973145,0.08853806555271149,0.777618482708931,0.5,0.5,0.5217391304347826,1.0028226375579834,9.0,0.021367521367521368,0,0
NATO,Western,Russian,0,0.6153264045715332,0.2101740688085556,0.472104549407959,0.75,0.5,0.8888888888888888,1.0024811029434204,8.75,0.0391304347826087,1,1
NATO,Western,Western,1,0.611895740032196,0.15204408764839172,0.6181100010871887,0.75,0.5,0.9047619047619048,0.07518947124481201,42.0,0.003745318352059925,0,0
NATO,Western,Ukrainian,0,0.5606342554092407,0.14131754636764526,0.6450519263744354,0.6666666666666666,0.5,0.8181818181818182,1.002822756767273,35.0,0.03418803418803419,1,0
NATO,Western,Western,1,0.6282321810722351,0.20083363354206085,0.4955649971961975,0.6666666666666666,1.0,0.8,0.07518947124481201,17.0,0.009950248756218905,0,0
NATO,Western,Russian,0,0.40555888414382935,0.07512479275465012,0.8113085925579071,,,0.6666666666666666,0.07518947124481201,5.0,0.0,0,0
NATO,Western,Russian,0,0.614233136177063,0.14456820487976074,0.6368871927261353,0.6666666666666666,0.33333333333333337,0.7777777777777778,0.9994024038314819,12.0,0.0375,0,1
NATO,Western,Russian,0,0.6371898055076599,0.24181663990020752,0.3926277160644531,0.75,0.5,0.7692307692307693,0.9994024038314819,26.0,0.03164556962025317,1,1
NATO,Western,Russian,0,0.5850263833999634,0.15834307670593262,0.6022888422012329,1.0,0.19999999999999996,0.9130434782608695,0.07518947124481201,12.666666666666666,0.025454545454545455,0,1
NATO,Western,Right-wing,0,0.504252552986145,0.041913095861673355,0.8947266638278961,0.5,1.0,0.7,1.0028226375579834,14.0,0.0,0,0
NATO,Western,Ukrainian,0,0.7116880416870117,0.1641467660665512,0.5877116024494171,1.0,0.25,0.9411764705882353,0.07518947124481201,16.0,0.02040816326530612,1,1
NATO,Western,Western,1,0.6740938425064087,0.21916523575782776,0.44952142238616943,0.6666666666666666,0.6666666666666667,0.9166666666666666,0.07518947124481201,12.0,0.02527075812274368,1,0
NATO,Western,Ukrainian,0,0.7386991381645203,0.18983441591262817,0.5231918394565582,1.0,0.0,0.8461538461538461,0.7205007672309875,15.333333333333334,0.02867383512544803,0,0
NATO,Western,Ukrainian,0,0.5642135739326477,0.1657840758562088,0.5835992097854614,0.6666666666666666,0.6666666666666667,0.8181818181818182,0.07518947124481201,40.0,0.032388663967611336,1,1
NATO,Western,Western,1,0.6772226095199585,0.17863129079341888,0.5513307452201843,1.0,0.25,0.7692307692307693,0.07518947124481201,22.0,0.02112676056338028,1,1
NATO,Western,Ukrainian,0,0.5163396596908569,0.13331085443496704,0.6651623249053955,0.0,1.0,0.8571428571428571,0.07518947124481201,16.333333333333332,0.014925373134328358,0,0
NATO,Western,Western,1,0.7068166732788086,0.23374658823013306,0.41289734840393066,0.6666666666666666,0.6666666666666667,0.9230769230769231,0.07518947124481201,26.0,0.006666666666666667,1,0
NATO,Western,Western,1,0.7104169130325317,0.2006164938211441,0.49611037969589233,1.0,0.0,1.0,0.07518947124481201,15.5,0.005780346820809248,0,0
NATO,Western,Western,1,0.7150624990463257,0.16678479313850403,0.5810856819152832,0.8,0.4,0.9166666666666666,0.07518947124481201,22.0,0.011673151750972763,0,0
NATO,Western,Ukrainian,0,0.6107497215270996,0.18345949053764343,0.5392037332057953,0.6666666666666666,0.33333333333333337,0.9333333333333333,1.0024811029434204,28.0,0.024390243902439025,1,1
NATO,Western,Russian,0,0.5422881841659546,0.1332722306251526,0.6652594208717346,0.7142857142857143,0.5714285714285714,0.7142857142857143,1.002822756767273,34.0,0.009302325581395349,0,0
NATO,Western,Western,1,0.673865556716919,0.20593175292015076,0.48276007175445557,0.6,0.6,0.8695652173913043,1.002822756767273,20.0,0.007575757575757576,0,0
NATO,Western,Russian,0,0.5936369895935059,0.20137472450733185,0.49420595169067383,1.0,0.0,1.0,0.07518947124481201,19.0,0.015748031496062992,0,1
NATO,Western,Ukrainian,0,0.6668038368225098,0.19237010180950165,0.5168228149414062,0.3333333333333333,0.6666666666666667,0.75,0.9994024038314819,12.0,0.04597701149425287,0,2
NATO,Western,Ukrainian,0,0.6234358549118042,0.0991772934794426,0.7508958280086517,1.0,0.0,0.7857142857142857,1.0028226375579834,13.0,0.006802721088435374,0,0
NATO,Western,Western,1,0.670387327671051,0.1860445737838745,0.5327107906341553,0.8,0.4,0.9375,0.07518947124481201,15.5,0.010810810810810811,0,0
NATO,Western,Western,1,0.6428380012512207,0.18830275535583496,0.5270389318466187,0.75,0.75,0.8888888888888888,1.002822756767273,12.0,0.01276595744680851,0,0
NATO,Western,Western,1,0.5533437728881836,0.17410244047641754,0.5627058744430542,0.75,0.25,0.8636363636363636,0.07518947124481201,13.333333333333334,0.029850746268656716,0,0
NATO,Western,Russian,0,0.6645328998565674,0.2063610702753067,0.4816817045211792,0.8333333333333334,0.5,1.0,0.884131669998169,16.0,0.015544041450777202,0,1
NATO,Western,Russian,0,0.5965523719787598,0.11683452874422073,0.7065459787845612,0.6666666666666666,0.6666666666666667,0.75,0.9994024038314819,10.0,0.04938271604938271,0,2
NATO,Western,Ukrainian,0,0.5870325565338135,0.13801564276218414,0.6533453464508057,1.0,0.0,1.0,0.07518947124481201,11.0,0.014492753623188406,0,0
NATO,Western,Ukrainian,0,0.6092919111251831,0.18589714169502258,0.5330811142921448,0.5,0.5,0.7647058823529411,0.7109318971633911,12.5,0.006711409395973154,0,0
NATO,Western,Ukrainian,0,0.6104918718338013,0.19469818472862244,0.5109754204750061,0.8,0.4,0.631578947368421,0.07518947124481201,33.0,0.019230769230769232,0,1
NATO,Western,Ukrainian,0,0.4295276701450348,0.05965320020914078,0.8501687049865723,0.0,1.0,0.5,1.0028226375579834,13.5,0.023529411764705882,0,0
NATO,Western,Ukrainian,0,0.6901907920837402,0.11940526217222214,0.700089156627655,0.8571428571428571,0.4285714285714286,0.7142857142857143,1.0028226375579834,17.5,0.02242152466367713,0,0
NATO,Western,Ukrainian,0,0.6279482841491699,0.19147469103336334,0.5190718770027161,0.75,0.5,0.7083333333333334,0.07518947124481201,15.0,0.014184397163120567,0,1
NATO,Western,Ukrainian,0,0.5910305976867676,0.1828611195087433,0.5407067239284515,1.0,0.0,0.9523809523809523,0.07518947124481201,15.0,0.019230769230769232,0,1
NATO,Western,Western,1,0.7480931282043457,0.17038476467132568,0.5720435380935669,0.75,0.5,0.9,1.0021322965621948,11.333333333333334,0.03937007874015748,0,0
NATO,Western,Ukrainian,0,0.4959365725517273,0.11578931659460068,0.7091712653636932,0.2857142857142857,0.8571428571428572,0.85,1.0024811029434204,19.0,0.022727272727272728,1,1
NATO,Western,Zionist,0,0.7122069597244263,0.10364124178886414,0.739683598279953,,,1.0,0.07518947124481201,5.0,0.04,0,0
NATO,Western,Western,1,0.6135762929916382,0.09444604068994522,0.7627793252468109,1.0,0.0,0.6190476190476191,0.07518947124481201,10.666666666666666,0.025423728813559324,0,0
NATO,Western,Ukrainian,0,0.5200703740119934,0.11018290370702744,0.723252922296524,0.5,1.0,0.625,1.0024811029434204,7.5,0.028037383177570093,1,1
NATO,Western,Ukrainian,0,0.6532086133956909,0.16301608085632324,0.5905516147613525,0.5,0.5,0.8636363636363636,1.0028226375579834,22.0,0.011029411764705883,0,0
NATO,Western,Russian,0,0.55150306224823,0.13448789715766907,0.6622059941291809,0.3333333333333333,0.8333333333333334,0.75,1.002822756767273,18.5,0.038314176245210725,1,1
NATO,Western,Ukrainian,0,0.6491057872772217,0.23922836780548096,0.3991287350654602,0.75,0.5,0.9565217391304348,0.7162225246429443,12.5,0.021352313167259787,0,1
NATO,Western,Ukrainian,0,0.6170320510864258,0.11657442152500153,0.707199364900589,1.0,0.33333333333333337,0.6666666666666666,1.002822756767273,10.666666666666666,0.03153153153153153,0,0
NATO,Western,Western,1,0.7120863199234009,0.1993570327758789,0.49927377700805664,0.8333333333333334,0.33333333333333337,0.8214285714285714,0.07518947124481201,15.333333333333334,0.025,0,1
NATO,Western,Russian,0,0.5834059715270996,0.12551358342170715,0.6847468316555023,1.0,0.0,0.9375,0.07518947124481201,25.0,0.0,0,0
NATO,Western,Ukrainian,0,0.6112200617790222,0.21192888915538788,0.46769702434539795,0.5,0.5,0.9285714285714286,0.07518947124481201,6.75,0.030120481927710843,1,0
NATO,Western,Ukrainian,0,0.6430283784866333,0.17946112155914307,0.5492464900016785,0.75,0.5,0.9565217391304348,0.07518947124481201,23.5,0.019083969465648856,1,1
NATO,Western,Ukrainian,0,0.48134687542915344,0.13865093886852264,0.6517496407032013,0.6666666666666666,0.5,0.7142857142857143,0.9994024038314819,11.75,0.02888086642599278,0,1
NATO,Western,Ukrainian,0,0.6029825210571289,0.04781785607337952,0.8798956423997879,0.0,1.0,0.5,0.07518947124481201,31.0,0.023148148148148147,0,0
NATO,Western,Russian,0,0.5328264832496643,0.1286066770553589,0.6769778728485107,0.3333333333333333,0.6666666666666667,0.75,0.07518947124481201,38.0,0.016,0,1
NATO,Western,Russian,0,0.6156334280967712,0.204464390873909,0.4864455461502075,0.5,0.5,0.7857142857142857,0.07518947124481201,32.0,0.02252252252252252,3,0
NATO,Western,Russian,0,0.5570871233940125,0.09502308070659637,0.7613299936056137,0.4,1.0,0.8095238095238095,1.002822756767273,8.0,0.03056768558951965,0,1
NATO,Western,Western,1,0.5590488314628601,0.18946748971939087,0.5241134762763977,0.6,0.8,0.7142857142857143,0.07518947124481201,17.5,0.035856573705179286,1,1
NATO,Western,Russian,0,0.6122696399688721,0.215178981423378,0.45953369140625,0.0,1.0,0.9285714285714286,0.07518947124481201,30.0,0.041666666666666664,1,1
NATO,Western,Russian,0,0.5509074926376343,0.13787011802196503,0.6537107825279236,0.5714285714285714,0.7142857142857143,0.7727272727272727,0.7757545113563538,13.666666666666666,0.031746031746031744,1,1
NATO,Western,Ukrainian,0,0.6900022029876709,0.12792347371578217,0.6786938905715942,1.0,0.0,0.9130434782608695,0.07518947124481201,20.5,0.0149812734082397,0,0
NATO,Western,Ukrainian,0,0.5683260560035706,0.11883801221847534,0.7015138864517212,0.8,0.6,0.7777777777777778,0.07518947124481201,10.333333333333334,0.021739130434782608,0,2
NATO,Western,Russian,0,0.6276487112045288,0.13592346012592316,0.6586002111434937,0.6666666666666666,0.33333333333333337,0.8,0.9994024038314819,12.0,0.04,0,2
NATO,Western,Russian,0,0.7023690938949585,0.18570366501808167,0.533566951751709,0.6,0.6,0.85,1.0021464824676514,14.666666666666666,0.028985507246376812,0,1
NATO,Western,Western,1,0.6186737418174744,0.1529441922903061,0.6158491969108582,0.6,0.6,0.7727272727272727,1.002822756767273,9.5,0.03435114503816794,0,0
NATO,Western,Western,1,0.631964921951294,0.1713000237941742,0.569744735956192,0.6666666666666666,0.5,0.96,1.0024811029434204,21.0,0.014285714285714285,0,0
NATO,Western,Ukrainian,0,0.6753377914428711,0.2128848135471344,0.46529603004455566,0.0,1.0,0.8333333333333334,0.07518947124481201,18.0,0.03296703296703297,1,1
NATO,Western,Western,1,0.6614320278167725,0.1791049987077713,0.550140917301178,1.0,0.33333333333333337,0.9090909090909091,0.07518947124481201,11.0,0.007692307692307693,0,0
NATO,Western,Ukrainian,0,0.6427581310272217,0.1407567411661148,0.6464604735374451,1.0,0.16666666666666663,0.8235294117647058,0.07518947124481201,32.0,0.0,0,0
NATO,Western,Ukrainian,0,0.6005194187164307,0.14865726232528687,0.6266166567802429,0.42857142857142855,0.7142857142857143,0.9375,0.07518947124481201,12.0,0.02631578947368421,0,0
NATO,Western,Russian,0,0.4647480547428131,0.12143321335315704,0.6949954926967621,0.5,0.75,0.65,0.07518947124481201,17.5,0.020161290322580645,0,2
NATO,Western,Ukrainian,0,0.559300422668457,0.10098081082105637,0.7463659346103668,0.375,0.625,0.9,0.9999433755874634,37.0,0.0,0,0
NATO,Western,Ukrainian,0,0.500376284122467,0.12327882647514343,0.6903598606586456,0.25,0.75,0.75,1.0024811029434204,8.0,0.02727272727272727,1,1
NATO,Western,Zionist,0,0.740958571434021,0.06746412068605423,0.8305499255657196,,,1.0,0.07518947124481201,3.0,0.0,0,0
NATO,Western,Russian,0,0.6326979398727417,0.1441783905029297,0.6378662586212158,1.0,0.33333333333333337,1.0,0.9994024038314819,9.0,0.02531645569620253,0,2
NATO,Western,Ukrainian,0,0.5564956665039062,0.10986237227916718,0.7240580320358276,0.25,1.0,0.5,1.0024811029434204,7.5,0.03,1,1
NATO,Western,Russian,0,0.5734684467315674,0.1817476749420166,0.5435032546520233,0.6666666666666666,0.6666666666666667,0.7272727272727273,0.07518947124481201,26.0,0.029585798816568046,1,1
NATO,Western,Western,1,0.667547345161438,0.16263647377490997,0.5915050208568573,0.6666666666666666,0.4444444444444444,0.8095238095238095,0.7261459827423096,11.333333333333334,0.027777777777777776,1,1
NATO,Western,Western,1,0.5945799946784973,0.14038412272930145,0.6473964154720306,0.3333333333333333,0.6666666666666667,0.8333333333333334,1.002822756767273,18.0,0.015151515151515152,0,0
NATO,Western,Ukrainian,0,0.591442883014679,0.14236880838871002,0.6424114108085632,0.6,0.4,0.8235294117647058,0.9999433755874634,8.75,0.034782608695652174,1,0
NATO,Western,Russian,0,0.614715576171875,0.11591988056898117,0.7088433504104614,0.5,0.5,0.5454545454545454,0.9994024038314819,13.0,0.037037037037037035,0,2
NATO,Western,Russian,0,0.6533941030502319,0.16720373928546906,0.5800334215164185,1.0,0.0,0.875,0.9968659281730652,13.0,0.05,0,1
NATO,Western,Russian,0,0.6014739274978638,0.19333702325820923,0.5143942534923553,1.0,0.0,0.8571428571428571,0.07518947124481201,39.0,0.026717557251908396,2,2
NATO,Western,Ukrainian,0,0.5700969696044922,0.12614984810352325,0.6831487119197845,0.6363636363636364,0.36363636363636365,0.75,1.0024811029434204,5.5,0.05204460966542751,3,4
NATO,Western,Ukrainian,0,0.5612077713012695,0.15590427815914154,0.6084143221378326,0.2,0.8,0.782608695652174,0.07518947124481201,23.0,0.019083969465648856,1,1
NATO,Western,Western,1,0.6684085130691528,0.19115188717842102,0.5198827385902405,0.5,0.5,0.8846153846153846,0.07518947124481201,11.75,0.017857142857142856,0,0
NATO,Western,Ukrainian,0,0.5870179533958435,0.15610364079475403,0.6079135537147522,0.0,1.0,0.4666666666666667,0.07518947124481201,4.5,0.026845637583892617,0,0
NATO,Western,Ukrainian,0,0.7372106313705444,0.170963317155838,0.5705904364585876,1.0,0.25,1.0,0.9994024038314819,11.25,0.03272727272727273,1,1
NATO,Western,Russian,0,0.6985435485839844,0.21332217752933502,0.46419745683670044,1.0,0.0,0.8181818181818182,1.002822756767273,18.0,0.023809523809523808,0,1
NATO,Western,Russian,0,0.5261905193328857,0.1535530537366867,0.6143198609352112,0.5714285714285714,0.7142857142857143,0.6,0.07518947124481201,30.0,0.029411764705882353,0,2
NATO,Western,Western,1,0.677728533744812,0.1587357521057129,0.6013025045394897,0.75,0.75,0.8421052631578947,0.07518947124481201,33.0,0.013157894736842105,1,0
NATO,Western,Western,1,0.6098401546478271,0.1990259736776352,0.5001053512096405,0.5,0.5,0.8,0.07518947124481201,13.0,0.048327137546468404,2,1
NATO,Western,Western,1,0.5910202860832214,0.18990997970104218,0.5230019986629486,,,1.0,0.07518947124481201,27.0,0.02040816326530612,0,0
NATO,Western,Russian,0,0.6490888595581055,0.16782191395759583,0.5784807801246643,0.75,0.5,0.7333333333333333,1.0028226375579834,13.5,0.029239766081871343,0,2
NATO,Western,Western,1,0.7001055479049683,0.14181064069271088,0.64381343126297,1.0,0.25,0.9375,0.07518947124481201,13.0,0.011764705882352941,0,0
NATO,Western,Ukrainian,0,0.5648846626281738,0.15008804202079773,0.6230229437351227,0.4,0.8,0.625,1.0024811029434204,7.5,0.039603960396039604,1,1
NATO,Western,Ukrainian,0,0.6369189023971558,0.1298755258321762,0.6737908720970154,0.4,0.6,0.6666666666666666,1.002822756767273,4.0,0.06372549019607843,4,3
NATO,Western,Ukrainian,0,0.5481900572776794,0.11560901254415512,0.709624171257019,0.4,0.8,0.625,1.0024811029434204,7.5,0.028846153846153848,1,1
NATO,Western,Western,1,0.5584756135940552,0.18874692916870117,0.5259231328964233,0.0,1.0,0.8181818181818182,0.07518947124481201,11.5,0.03759398496240601,1,1
NATO,Western,Ukrainian,0,0.5320678353309631,0.1667993664741516,0.5810490250587463,0.6666666666666666,0.6666666666666667,0.8846153846153846,0.07518947124481201,20.5,0.011194029850746268,0,0
NATO,Western,Western,1,0.5444002151489258,0.14581264555454254,0.6337615251541138,1.0,0.5,0.8636363636363636,1.0028226375579834,39.0,0.007547169811320755,0,0
NATO,Western,Ukrainian,0,0.7106682658195496,0.20485953986644745,0.48545312881469727,1.0,0.33333333333333337,1.0,0.07518947124481201,16.333333333333332,0.014652014652014652,0,0
NATO,Western,Western,1,0.6655996441841125,0.16429497301578522,0.5873393416404724,1.0,0.0,1.0,0.07518947124481201,11.0,0.014492753623188406,0,0
NATO,Western,Ukrainian,0,0.6813551187515259,0.1790330708026886,0.5503215491771698,0.75,0.5,0.8333333333333334,0.07518947124481201,15.333333333333334,0.014285714285714285,0,1
NATO,Western,Ukrainian,0,0.5999854803085327,0.09082542359828949,0.771873265504837,1.0,0.25,0.782608695652174,1.0028226375579834,21.5,0.007272727272727273,0,0
NATO,Western,Russian,0,0.7570145726203918,0.18704956769943237,0.5301865339279175,0.8333333333333334,0.16666666666666663,0.9,0.8551962971687317,16.5,0.03414634146341464,0,1
NATO,Western,Western,1,0.5556803941726685,0.1408194601535797,0.6463029384613037,1.0,0.6,0.9285714285714286,0.07518947124481201,8.0,0.02877697841726619,0,0
NATO,Western,Russian,0,0.5136178135871887,0.12515778839588165,0.6856404542922974,1.0,0.0,1.0,0.07518947124481201,8.0,0.0425531914893617,0,1
NATO,Western,Ukrainian,0,0.5629157423973083,0.08557355403900146,0.7850644290447235,0.3,0.8,0.68,0.07518947124481201,19.0,0.024489795918367346,0,0
NATO,Western,Western,1,0.6658897399902344,0.2211703509092331,0.4444851875305176,1.0,0.0,0.9047619047619048,0.07518947124481201,8.75,0.04609929078014184,1,1
NATO,Western,Zionist,0,0.543900728225708,0.07339546084403992,0.8156521916389465,0.2,0.8,0.5,1.0024811029434204,6.666666666666667,0.04195804195804196,3,1
NATO,Western,Western,1,0.6381094455718994,0.15815338492393494,0.6027652323246002,0.5,0.5,0.8333333333333334,0.07518947124481201,7.4,0.04779411764705882,1,0
NATO,Western,Ukrainian,0,0.6186269521713257,0.14826756715774536,0.6275955140590668,0.5,0.5,0.9047619047619048,0.07518947124481201,37.0,0.013215859030837005,1,0
NATO,Western,Ukrainian,0,0.7086695432662964,0.19237512350082397,0.5168102383613586,1.0,0.0,1.0,0.07518947124481201,9.75,0.029411764705882353,0,0
NATO,Western,Russian,0,0.6119668483734131,0.18257904052734375,0.5414151549339294,0.5,0.6666666666666667,0.8636363636363636,0.07518947124481201,23.5,0.021505376344086023,1,0
NATO,Western,Western,1,0.5839493274688721,0.22895249724388123,0.4249386787414551,1.0,0.0,0.9,0.07518947124481201,14.0,0.03260869565217391,1,0
NATO,Western,Russian,0,0.62647545337677,0.15583716332912445,0.6085828542709351,0.6666666666666666,0.33333333333333337,0.7272727272727273,0.8792763948440552,15.0,0.04854368932038835,2,1
NATO,Western,Russian,0,0.6431844234466553,0.18573838472366333,0.5334798097610474,0.8,0.19999999999999996,0.9523809523809523,0.9994024038314819,15.5,0.017937219730941704,1,1
NATO,Western,Russian,0,0.5943697690963745,0.1891942024230957,0.5247997641563416,0.5,0.75,0.8095238095238095,0.9994024038314819,19.5,0.03308823529411765,0,1
NATO,Western,Zionist,0,0.6148048043251038,0.15133270621299744,0.6198967099189758,,,1.0,0.07518947124481201,4.0,0.0,0,0
NATO,Western,Ukrainian,0,0.5602808594703674,0.10949079692363739,0.7249913513660431,1.0,1.0,0.8461538461538461,0.07518947124481201,23.0,0.03333333333333333,0,0
NATO,Western,Russian,0,0.6732419729232788,0.1509951502084732,0.6207445561885834,0.4,0.6,0.7058823529411765,0.9994024038314819,21.0,0.032467532467532464,1,2
NATO,Western,Ukrainian,0,0.6162159442901611,0.15675467252731323,0.6062783598899841,1.0,0.0,1.0,0.07518947124481201,9.0,0.02631578947368421,0,0
NATO,Western,Zionist,0,0.5228325724601746,0.056183330714702606,0.8588839471340179,,,1.0,0.07518947124481201,3.0,0.0,0,0
NATO,Western,Western,1,0.6090724468231201,0.17303051054477692,0.565398246049881,0.75,0.25,0.8571428571428571,0.07518947124481201,28.0,0.015463917525773196,0,1
NATO,Western,Russian,0,0.6379162073135376,0.19200092554092407,0.5177501440048218,0.6666666666666666,0.6666666666666667,0.8666666666666667,1.002822756767273,13.0,0.022222222222222223,0,0
NATO,Western,Ukrainian,0,0.4810625910758972,0.10561616718769073,0.734723299741745,1.0,0.0,0.8666666666666667,0.07518947124481201,10.666666666666666,0.010582010582010581,0,0
NATO,Western,Russian,0,0.6129583120346069,0.19907400012016296,0.4999846816062927,0.5,0.5,0.8571428571428571,1.002822756767273,24.0,0.006896551724137931,0,0
NATO,Western,Russian,0,0.6102490425109863,0.1975208967924118,0.5038855969905853,0.75,0.5,0.8461538461538461,1.0024811029434204,28.0,0.0223463687150838,2,0
NATO,Western,Russian,0,0.5583657026290894,0.14682722091674805,0.6312131583690643,0.5,0.75,0.875,0.9994024038314819,12.0,0.03529411764705882,1,1
NATO,Western,Western,1,0.6471824645996094,0.1282079517841339,0.6779793202877045,1.0,0.5,0.6956521739130435,0.07518947124481201,12.0,0.039711191335740074,0,0
NATO,Western,Ukrainian,0,0.5156437754631042,0.18760445713996887,0.5287927687168121,0.5,1.0,0.8333333333333334,1.0024811029434204,12.5,0.01818181818181818,0,1
NATO,Western,Ukrainian,0,0.5230121612548828,0.1626879870891571,0.5913756191730499,0.8333333333333334,0.5,0.8695652173913043,0.07518947124481201,14.333333333333334,0.03333333333333333,0,0
NATO,Western,Russian,0,0.5933165550231934,0.10482367873191833,0.7367137670516968,0.0,1.0,0.6538461538461539,1.002822756767273,32.0,0.019083969465648856,1,0
NATO,Western,Western,1,0.5851558446884155,0.10901736468076706,0.7261804342269897,0.8333333333333334,0.5,0.8333333333333334,0.07518947124481201,10.333333333333334,0.035555555555555556,0,0
NATO,Western,Zionist,0,0.559937059879303,0.03741529956459999,0.906023770570755,0.5,0.5,0.5217391304347826,1.0028226375579834,21.0,0.015748031496062992,0,0
NATO,Western,Left-wing,0,0.6760443449020386,0.1497025340795517,0.6239912807941437,1.0,0.0,0.9411764705882353,0.07518947124481201,17.5,0.013513513513513514,0,0
NATO,Western,Western,1,0.6113227009773254,0.21756185591220856,0.4535485506057739,0.5,1.0,0.9,0.07518947124481201,21.0,0.01652892561983471,1,0
NATO,Western,Russian,0,0.6141262054443359,0.16966521739959717,0.5738508701324463,0.6666666666666666,0.33333333333333337,0.6428571428571429,0.07518947124481201,5.75,0.05,0,0
NATO,Western,Russian,0,0.7068052291870117,0.1780325174331665,0.552834689617157,0.6,0.4,0.9473684210526315,0.07518947124481201,44.0,0.0199203187250996,1,1
NATO,Western,Ukrainian,0,0.6948326826095581,0.20575149357318878,0.4832127094268799,0.8,0.4,0.7857142857142857,0.9994024038314819,9.5,0.05517241379310345,1,2
NATO,Western,Western,1,0.6898329257965088,0.1711469143629074,0.5701293051242828,1.0,0.0,0.8235294117647058,0.07518947124481201,18.5,0.02109704641350211,0,0
NATO,Western,Russian,0,0.5110385417938232,0.0743638426065445,0.8132198601961136,0.5,0.5,0.7142857142857143,0.9994024038314819,8.0,0.0625,1,1
NATO,Western,Russian,0,0.6679352521896362,0.18553844094276428,0.5339820086956024,0.6666666666666666,0.6666666666666667,0.85,1.0006794929504395,17.0,0.0045871559633027525,0,0
NATO,Western,Western,1,0.6629350185394287,0.1958378255367279,0.5081129968166351,1.0,0.75,0.9444444444444444,0.07518947124481201,12.0,0.018691588785046728,1,0
NATO,Western,Zionist,0,0.690268874168396,0.20371653139591217,0.48832398653030396,0.6666666666666666,0.33333333333333337,0.7727272727272727,0.9992808103561401,14.0,0.011235955056179775,0,0
NATO,Western,Ukrainian,0,0.5540878176689148,0.12794865667819977,0.6786306500434875,0.5,0.5,0.75,0.07518947124481201,37.0,0.015384615384615385,0,0
NATO,Western,Ukrainian,0,0.5476279258728027,0.05083359405398369,0.8723209649324417,0.5,1.0,0.7,1.0028226375579834,35.0,0.008368200836820083,0,0
NATO,Western,Russian,0,0.5059624910354614,0.13752371072769165,0.6545808613300323,1.0,0.0,0.875,1.0024811029434204,15.0,0.023255813953488372,2,0
NATO,Western,Ukrainian,0,0.715611457824707,0.20197071135044098,0.4927089214324951,1.0,0.4,0.8571428571428571,0.07518947124481201,16.0,0.02252252252252252,1,0
NATO,Western,Ukrainian,0,0.6381595134735107,0.1940871924161911,0.5125100612640381,0.6,0.4,0.8181818181818182,0.07518947124481201,36.0,0.017857142857142856,0,1
NATO,Western,Russian,0,0.5869988203048706,0.1718033403158188,0.568480521440506,0.0,1.0,0.7916666666666666,0.07518947124481201,14.0,0.03597122302158273,0,2
NATO,Western,Russian,0,0.5760228633880615,0.19521835446357727,0.5096689462661743,0.5,0.5,0.8421052631578947,1.002822756767273,18.0,0.01293103448275862,0,1
NATO,Western,Western,1,0.596161961555481,0.17949305474758148,0.5491662919521332,0.6666666666666666,0.6666666666666667,0.8846153846153846,0.07518947124481201,14.666666666666666,0.02877697841726619,0,0
NATO,Western,Russian,0,0.584814190864563,0.10996187478303909,0.7238081395626068,0.5714285714285714,0.4285714285714286,0.7916666666666666,0.9994024038314819,14.0,0.040293040293040296,0,2
NATO,Western,Russian,0,0.4696914553642273,0.08371184766292572,0.7897404581308365,0.25,0.75,0.6,0.07518947124481201,16.0,0.0380952380952381,2,1
NATO,Western,Ukrainian,0,0.3794287443161011,0.08021567761898041,0.7985218316316605,0.0,1.0,0.42857142857142855,0.07518947124481201,2.6666666666666665,0.046153846153846156,0,0
NATO,Western,Ukrainian,0,0.6437945365905762,0.16692718863487244,0.5807280242443085,,,0.8,0.7487768530845642,6.333333333333333,0.061224489795918366,0,0
NATO,Western,Ukrainian,0,0.49332395195961,0.1655271351337433,0.5842445194721222,0.6,0.4,0.7272727272727273,0.9990307688713074,15.0,0.01858736059479554,0,0
NATO,Western,Russian,0,0.6382355690002441,0.15690752863883972,0.6058944463729858,0.8,0.19999999999999996,0.85,0.07518947124481201,12.333333333333334,0.03759398496240601,1,2
NATO,Western,Russian,0,0.651148796081543,0.21927553415298462,0.4492443799972534,0.5,0.5,0.8571428571428571,1.002822756767273,25.0,0.013605442176870748,0,0
NATO,Western,Russian,0,0.5640935897827148,0.1162026897072792,0.7081330418586731,,,0.3333333333333333,1.0021322965621948,1.0,0.2,0,0
NATO,Western,Russian,0,0.610506534576416,0.13304756581783295,0.6658236384391785,0.5,0.5,0.7142857142857143,1.0024811029434204,9.0,0.03389830508474576,2,0
NATO,Western,Zionist,0,0.43603038787841797,0.07246798276901245,0.8179817050695419,,,1.0,0.07518947124481201,4.0,0.047619047619047616,0,0
NATO,Western,Western,1,0.6485087275505066,0.18938863277435303,0.5243114531040192,0.5714285714285714,0.5714285714285714,0.8333333333333334,0.07518947124481201,15.333333333333334,0.02142857142857143,1,1
NATO,Western,Western,1,0.7069218754768372,0.22159850597381592,0.44340980052948,0.5,0.5,1.0,0.07518947124481201,15.0,0.022222222222222223,0,0
NATO,Western,Ukrainian,0,0.7104076147079468,0.1757356971502304,0.5586036443710327,0.75,0.25,0.9473684210526315,0.07518947124481201,30.0,0.008968609865470852,1,0
NATO,Western,Russian,0,0.5959558486938477,0.14670759439468384,0.6315136551856995,0.3333333333333333,0.6666666666666667,0.8260869565217391,1.002822756767273,11.0,0.04564315352697095,3,0
NATO,Western,Ukrainian,0,0.6883724927902222,0.17280177772045135,0.5659727454185486,1.0,0.0,0.9411764705882353,1.0017017126083374,38.0,0.009615384615384616,1,0
NATO,Western,Russian,0,0.624678373336792,0.12877985835075378,0.6765428781509399,0.3333333333333333,0.6666666666666667,0.6666666666666666,0.9994024038314819,7.5,0.0546875,0,2
NATO,Western,Western,1,0.6075969338417053,0.15940319001674652,0.5996260344982147,0.8,0.19999999999999996,0.8333333333333334,1.0024811029434204,12.666666666666666,0.0449438202247191,1,3
NATO,Western,Russian,0,0.5309990644454956,0.14416837692260742,0.6378914415836334,0.2,0.8,0.7272727272727273,0.9994024038314819,19.5,0.017467248908296942,0,1
NATO,Western,Russian,0,0.6583025455474854,0.16673904657363892,0.5812005400657654,0.6666666666666666,0.33333333333333337,0.75,0.9994024038314819,8.5,0.057971014492753624,2,1
NATO,Western,Russian,0,0.6061985492706299,0.1394185572862625,0.6498215794563293,1.0,0.25,0.7142857142857143,0.9994024038314819,11.0,0.02702702702702703,1,1
NATO,Western,Ukrainian,0,0.7093455791473389,0.1878020465373993,0.5282964706420898,1.0,0.0,1.0,0.07518947124481201,9.0,0.04310344827586207,2,1
NATO,Western,Ukrainian,0,0.5326688289642334,0.13848794996738434,0.6521591246128082,1.0,0.19999999999999996,0.7647058823529411,1.0028226375579834,21.0,0.038135593220338986,0,0
NATO,Western,Western,1,0.7385262250900269,0.21859832108020782,0.4509453773498535,1.0,0.0,1.0,0.07518947124481201,20.5,0.024691358024691357,0,1
NATO,Western,Ukrainian,0,0.5592321157455444,0.11422307789325714,0.7131052017211914,0.5,0.5,0.5714285714285714,0.07518947124481201,17.5,0.03383458646616541,4,2
NATO,Western,Russian,0,0.5380488634109497,0.14749407768249512,0.6295382380485535,0.3333333333333333,0.6666666666666667,0.7391304347826086,0.9994024038314819,29.0,0.035555555555555556,1,2
NATO,Western,Russian,0,0.5234448909759521,0.12885574996471405,0.6763522922992706,0.5,0.5,0.65,0.9994024038314819,11.0,0.03333333333333333,3,1
NATO,Western,Western,1,0.5950173735618591,0.16853106021881104,0.5766995847225189,0.6666666666666666,0.33333333333333337,0.7333333333333333,0.07518947124481201,29.0,0.019704433497536946,1,0
NATO,Western,Western,1,0.5574504733085632,0.1506146341562271,0.6217002868652344,0.3333333333333333,0.6666666666666667,0.7727272727272727,1.0024811029434204,11.333333333333334,0.039301310043668124,1,0
NATO,Western,Ukrainian,0,0.5590245723724365,0.14901074767112732,0.6257288157939911,0.75,0.75,0.85,0.07518947124481201,19.5,0.01984126984126984,0,1
NATO,Western,Russian,0,0.6467839479446411,0.1873987466096878,0.5293093919754028,1.0,0.33333333333333337,0.85,0.9994024038314819,15.333333333333334,0.024734982332155476,1,2
NATO,Western,Russian,0,0.4789697527885437,0.08038043975830078,0.7981079816818237,0.25,0.75,0.6086956521739131,1.0028226375579834,21.5,0.007782101167315175,0,0
NATO,Western,Ukrainian,0,0.5098708868026733,0.11857116222381592,0.7021841406822205,0.6,1.0,0.6666666666666666,1.0024811029434204,7.5,0.030612244897959183,1,1
NATO,Western,Zionist,0,0.38355281949043274,0.08361216634511948,0.7899907827377319,,,1.0,0.07518947124481201,5.0,0.0,0,0
NATO,Western,Ukrainian,0,0.521716296672821,0.13366328179836273,0.6642771363258362,0.5,1.0,0.85,0.07518947124481201,37.0,0.024509803921568627,0,0
NATO,Western,Russian,0,0.5557169914245605,0.12749473750591278,0.6797707676887512,0.5,1.0,0.7142857142857143,0.8738634586334229,34.0,0.008403361344537815,1,0
NATO,Western,Ukrainian,0,0.684808611869812,0.12449144572019577,0.6873141527175903,0.6666666666666666,0.6666666666666667,0.8181818181818182,0.07518947124481201,12.333333333333334,0.018656716417910446,0,0
NATO,Western,Western,1,0.7163408994674683,0.2011573165655136,0.4947519898414612,1.0,0.0,0.9,1.0024811029434204,22.0,0.010676156583629894,0,1
Bloomberg,Western,Left-wing,0,0.47407177090644836,0.05919992923736572,0.858401820063591,0.6666666666666666,0.33333333333333337,0.5652173913043478,0.9997560381889343,14.0,0.051094890510948905,0,0
Bloomberg,Western,Right-wing,0,0.5350335240364075,0.08310674875974655,0.8012199550867081,1.0,0.0,0.8,0.08113022893667221,7.333333333333333,0.05063291139240506,0,0
Bloomberg,Western,Western,1,0.44613462686538696,0.09508019685745239,0.7725810706615448,0.5,0.5,0.5862068965517241,0.08113022893667221,13.666666666666666,0.03773584905660377,0,0
Bloomberg,Western,Left-wing,0,0.6729960441589355,0.1480725258588791,0.6458306312561035,1.0,0.0,0.9166666666666666,1.0010062456130981,13.333333333333334,0.031496062992125984,0,0
Bloomberg,Western,Zionist,0,0.4121997058391571,0.11194810271263123,0.7322353720664978,0.3333333333333333,0.6666666666666667,0.42857142857142855,0.08113022893667221,11.0,0.036734693877551024,0,0
Bloomberg,Western,Right-wing,0,0.5257159471511841,0.06363171339035034,0.847801610827446,0.5,1.0,0.5714285714285714,1.003285527229309,12.333333333333334,0.04932735426008968,0,0
Bloomberg,Western,Right-wing,0,0.39037153124809265,0.06588908284902573,0.8424022644758224,0.75,0.5,0.5652173913043478,0.08113022893667221,9.25,0.02867383512544803,0,0
Bloomberg,Western,Right-wing,0,0.44043806195259094,0.11493665724992752,0.7250871658325195,1.0,0.5,0.65,0.08113022893667221,10.666666666666666,0.03773584905660377,0,0
Bloomberg,Western,Russian,0,0.6495798826217651,0.17516832053661346,0.5810211896896362,0.75,0.25,0.7333333333333333,0.08113022893667221,6.666666666666667,0.05442176870748299,0,0
Bloomberg,Western,Right-wing,0,0.5770255327224731,0.07201653718948364,0.82774618268013,0.25,0.75,0.47058823529411764,0.9966145157814026,7.333333333333333,0.06779661016949153,0,0
Bloomberg,Western,Resistance,0,0.4194301962852478,0.0792868509888649,0.810356616973877,0.625,0.75,0.6,0.08113022893667221,8.0,0.04827586206896552,0,0
Bloomberg,Western,Right-wing,0,0.5415860414505005,0.042404912412166595,0.8985732197761536,0.5,0.75,0.6666666666666666,0.08113022893667221,14.25,0.03856749311294766,0,0
Bloomberg,Western,Resistance,0,0.6270200610160828,0.07831809669733047,0.8126737475395203,0.8,0.19999999999999996,0.6388888888888888,0.08113022893667221,22.666666666666668,0.031026252983293555,0,0
Bloomberg,Western,Right-wing,0,0.5602017641067505,0.15663525462150574,0.6253498196601868,0.8,0.19999999999999996,0.7142857142857143,0.9966145157814026,8.6,0.043333333333333335,0,0
Bloomberg,Western,Right-wing,0,0.6203981637954712,0.11163821071386337,0.7329765856266022,0.3333333333333333,0.6666666666666667,0.7272727272727273,0.08113022893667221,13.333333333333334,0.04819277108433735,0,0
Bloomberg,Western,Right-wing,0,0.5598998665809631,0.07704363018274307,0.8157221376895905,1.0,0.0,0.6666666666666666,0.08113022893667221,8.0,0.052941176470588235,0,0
Bloomberg,Western,Right-wing,0,0.5693498849868774,0.1433476060628891,0.6571320295333862,1.0,0.0,0.8125,0.08113022893667221,7.666666666666667,0.043478260869565216,0,0
Bloomberg,Western,Right-wing,0,0.5879431962966919,0.08111441880464554,0.8059853613376617,1.0,0.33333333333333337,0.6666666666666666,0.9955240488052368,6.333333333333333,0.058823529411764705,0,0
Bloomberg,Western,Right-wing,0,0.5519198775291443,0.06703423708677292,0.8396632075309753,0.375,0.75,0.4444444444444444,0.08113022893667221,16.0,0.043037974683544304,0,0
Bloomberg,Western,Left-wing,0,0.5012739896774292,0.11327458173036575,0.7290626168251038,1.0,0.0,0.7777777777777778,0.08113022893667221,9.666666666666666,0.0446927374301676,0,0
Bloomberg,Western,Western,1,0.39469510316848755,0.11305288225412369,0.7295929193496704,0.4,0.8,0.5,0.08113022893667221,11.5,0.04833836858006042,0,0
Bloomberg,Western,Right-wing,0,0.6348646879196167,0.12304402142763138,0.705695390701294,0.375,0.875,0.6410256410256411,0.08113022893667221,13.6,0.030162412993039442,0,0
Bloomberg,Western,Right-wing,0,0.5369932651519775,0.09622713178396225,0.7698377966880798,1.0,0.0,0.8,0.9997560381889343,12.0,0.025925925925925925,0,0
Bloomberg,Western,Zionist,0,0.5756092667579651,0.04498298466205597,0.8924068063497543,0.6,0.4,0.5957446808510638,0.08113022893667221,19.25,0.028169014084507043,0,0
Bloomberg,Western,Zionist,0,0.48385098576545715,0.04239649698138237,0.8985933437943459,0.5,1.0,0.55,1.0032856464385986,9.0,0.038461538461538464,0,0
Bloomberg,Western,Right-wing,0,0.6803594827651978,0.14105768501758575,0.6626091599464417,0.8571428571428571,0.7142857142857143,0.625,0.9838258624076843,14.666666666666666,0.045936395759717315,0,0
Bloomberg,Western,Right-wing,0,0.6846885085105896,0.16466467082500458,0.6061445474624634,1.0,0.0,0.8181818181818182,0.08113022893667221,14.333333333333334,0.035211267605633804,0,0
Bloomberg,Western,Right-wing,0,0.6133450269699097,0.15145283937454224,0.6377453804016113,0.6,0.4,0.6,0.9966145157814026,9.333333333333334,0.04326923076923077,0,0
Bloomberg,Western,Left-wing,0,0.5521998405456543,0.0967191830277443,0.768660843372345,0.6,0.6,0.65,1.00083589553833,10.333333333333334,0.05025125628140704,0,0
Bloomberg,Western,Zionist,0,0.47407931089401245,0.03640741854906082,0.91291843354702,0.4,1.0,0.7,0.08113022893667221,12.75,0.03636363636363636,0,0
Bloomberg,Western,Right-wing,0,0.5539126992225647,0.13182346522808075,0.6846961379051208,1.0,0.0,0.9166666666666666,0.08113022893667221,7.0,0.06164383561643835,0,0
Bloomberg,Western,Zionist,0,0.7824236154556274,0.16795837879180908,0.5982664525508881,1.0,0.0,0.7857142857142857,0.08113022893667221,7.333333333333333,0.05228758169934641,0,0
Bloomberg,Western,Right-wing,0,0.5774444937705994,0.1295860856771469,0.6900476813316345,1.0,0.0,0.7333333333333333,0.08113022893667221,7.666666666666667,0.05421686746987952,0,0
Bloomberg,Western,Left-wing,0,0.452863872051239,0.16107553243637085,0.6147292256355286,0.3333333333333333,1.0,0.3684210526315789,0.08113022893667221,8.666666666666666,0.042328042328042326,0,0
Bloomberg,Western,Right-wing,0,0.32348036766052246,-0.025261450558900833,1.0604219250380993,0.75,0.5,0.36363636363636365,1.0032856464385986,11.666666666666666,0.048672566371681415,0,0
Bloomberg,Western,Zionist,0,0.44912824034690857,0.09376893192529678,0.7757174074649811,0.6,0.6,0.72,0.08113022893667221,10.75,0.034482758620689655,0,0
Bloomberg,Western,Zionist,0,0.6214393973350525,0.07305847853422165,0.8252540528774261,0.75,0.5,0.7142857142857143,0.08113022893667221,10.333333333333334,0.04,0,0
Bloomberg,Western,Right-wing,0,0.5139822363853455,0.11350952833890915,0.7285006642341614,0.5,1.0,0.56,0.08113022893667221,12.666666666666666,0.03557312252964427,0,0
Bloomberg,Western,Right-wing,0,0.6644347906112671,0.1289852261543274,0.6914848685264587,0.7777777777777778,0.4444444444444444,0.5714285714285714,1.0022530555725098,16.0,0.032818532818532815,0,0
Bloomberg,Western,Zionist,0,0.5161874294281006,0.06402386724948883,0.8468635678291321,0.75,0.25,0.7407407407407407,0.9966145157814026,14.0,0.03571428571428571,0,0
Bloomberg,Western,Right-wing,0,0.42302876710891724,0.09856125712394714,0.7642548829317093,0.3333333333333333,1.0,0.6666666666666666,0.08113022893667221,11.0,0.040983606557377046,0,0
Bloomberg,Western,Western,1,0.5340436100959778,0.14620395004749298,0.6503000855445862,0.3333333333333333,0.6666666666666667,0.5333333333333333,0.08113022893667221,7.0,0.05917159763313609,0,0
Bloomberg,Western,Left-wing,0,0.5520092248916626,0.06192123889923096,0.8518928438425064,1.0,0.5,0.5238095238095238,0.08113022893667221,8.5,0.044,0,0
Bloomberg,Western,Left-wing,0,0.4434349834918976,0.08539754897356033,0.7957406342029572,0.5,0.5,0.75,0.08113022893667221,8.0,0.04150943396226415,0,0
Bloomberg,Western,Right-wing,0,0.6282683610916138,0.08009976148605347,0.8084123134613037,1.0,0.16666666666666663,0.8095238095238095,0.08113022893667221,13.0,0.035856573705179286,0,0
Bloomberg,Western,Russian,0,0.5050849914550781,0.11601421982049942,0.7225097417831421,0.5,0.6666666666666667,0.7619047619047619,0.08113022893667221,8.25,0.045081967213114756,0,0
Bloomberg,Western,Zionist,0,0.7063528895378113,0.18790368735790253,0.5505600571632385,1.0,0.19999999999999996,0.8823529411764706,0.08113022893667221,31.0,0.03333333333333333,0,0
Bloomberg,Western,Left-wing,0,0.6094552278518677,0.02209463343024254,0.9471525996923447,0.5,1.0,0.56,0.08113022893667221,10.5,0.05190311418685121,0,0
Bloomberg,Western,Resistance,0,0.4433329999446869,0.0403728149831295,0.9034336879849434,0.4,0.8,0.6428571428571429,1.0032856464385986,13.333333333333334,0.03558718861209965,0,0
Bloomberg,Western,Left-wing,0,0.5311100482940674,0.1337762176990509,0.6800255179405212,0.75,0.75,0.7222222222222222,0.08113022893667221,7.4,0.045871559633027525,0,0
Bloomberg,Western,Right-wing,0,0.5466704368591309,0.12976108491420746,0.6896291375160217,1.0,0.0,0.8125,1.00083589553833,10.0,0.04678362573099415,0,0
Bloomberg,Western,Right-wing,0,0.5498692989349365,0.12441762536764145,0.7024099230766296,1.0,0.33333333333333337,0.5384615384615384,1.0032856464385986,6.0,0.05442176870748299,0,0
Bloomberg,Western,Left-wing,0,0.441145658493042,0.09297691285610199,0.7776118516921997,0.5,1.0,0.5714285714285714,0.08113022893667221,7.666666666666667,0.05172413793103448,0,0
Bloomberg,Western,Zionist,0,0.4728084206581116,0.12409698963165283,0.703176885843277,1.0,0.0,0.5454545454545454,0.08113022893667221,6.0,0.059322033898305086,0,0
Bloomberg,Western,Left-wing,0,0.45827171206474304,0.0245178434997797,0.9413566701114178,0.5,1.0,0.7,0.08113022893667221,9.166666666666666,0.056338028169014086,0,0
Bloomberg,Western,Left-wing,0,0.38452333211898804,0.04675733298063278,0.8881627917289734,0.0,1.0,0.7,0.08113022893667221,9.4,0.033962264150943396,0,0
Bloomberg,Western,Left-wing,0,0.3720666468143463,0.06725480407476425,0.8391356468200684,0.5,0.75,0.4,0.08113022893667221,7.333333333333333,0.05732484076433121,0,0
Bloomberg,Western,Russian,0,0.4648466110229492,0.07921162247657776,0.810536578297615,0.2222222222222222,0.8888888888888888,0.43478260869565216,0.08113022893667221,8.8,0.06143344709897611,0,0
Bloomberg,Western,Zionist,0,0.46762728691101074,0.08247433602809906,0.8027326613664627,0.3333333333333333,1.0,0.7037037037037037,1.0032856464385986,13.666666666666666,0.03558718861209965,0,0
Bloomberg,Western,Left-wing,0,0.42074263095855713,0.09463892132043839,0.7736365795135498,1.0,0.33333333333333337,0.7272727272727273,0.08113022893667221,10.0,0.03980099502487562,0,0
Bloomberg,Western,Zionist,0,0.426352322101593,0.13894487917423248,0.6676627397537231,0.3333333333333333,1.0,0.5454545454545454,0.08113022893667221,8.25,0.045871559633027525,0,0
Bloomberg,Western,Russian,0,0.6177533864974976,0.11240220069885254,0.7311492562294006,1.0,0.25,0.55,1.0032856464385986,13.666666666666666,0.031007751937984496,0,0
Bloomberg,Western,Zionist,0,0.5029247999191284,0.04610758647322655,0.8897169530391693,0.0,1.0,0.7307692307692307,1.0032856464385986,16.0,0.02768166089965398,0,0
Bloomberg,Western,Western,1,0.6206983327865601,0.17434164881706238,0.5829984545707703,0.8333333333333334,0.16666666666666663,0.8,0.08113022893667221,10.25,0.03717472118959108,0,0
Bloomberg,Western,Right-wing,0,0.5770866870880127,0.19093137979507446,0.5433180928230286,0.5,1.0,0.5,0.08113022893667221,10.666666666666666,0.05668016194331984,0,0
Bloomberg,Western,Russian,0,0.6288248300552368,0.15797841548919678,0.6221370697021484,0.75,0.25,0.8181818181818182,0.08113022893667221,7.5,0.04608294930875576,0,0
Bloomberg,Western,Right-wing,0,0.6147799491882324,0.15452316403388977,0.630401611328125,1.0,0.0,0.8333333333333334,0.08113022893667221,6.333333333333333,0.07407407407407407,0,0
Bloomberg,Western,Resistance,0,0.6132066249847412,0.0824510008096695,0.8027883768081665,1.0,0.8333333333333334,0.75,0.9995675683021545,14.666666666666666,0.036065573770491806,0,0
Bloomberg,Western,Left-wing,0,0.45214614272117615,0.044272080063819885,0.8941071629524231,1.0,0.0,0.5,0.08113022893667221,9.666666666666666,0.04455445544554455,0,0
Bloomberg,Western,Left-wing,0,0.5439444780349731,0.09715070575475693,0.7676287740468979,0.3333333333333333,0.6666666666666667,0.5,0.08113022893667221,9.25,0.05363984674329502,0,0
Bloomberg,Western,Left-wing,0,0.4919210970401764,0.08104509860277176,0.8061511218547821,0.5,0.5,0.5294117647058824,0.08113022893667221,9.0,0.052941176470588235,0,0
Bloomberg,Western,Right-wing,0,0.6038870215415955,0.12597200274467468,0.6986920833587646,1.0,0.0,0.8461538461538461,0.08113022893667221,7.666666666666667,0.06944444444444445,0,0
Bloomberg,Western,Zionist,0,0.46482840180397034,0.10139908641576767,0.757467195391655,0.75,1.0,0.5333333333333333,0.08113022893667221,8.666666666666666,0.049723756906077346,0,0
Bloomberg,Western,Right-wing,0,0.4372991919517517,-0.011984975077211857,1.0286664236336946,0.3333333333333333,1.0,0.6129032258064516,0.08113022893667221,11.75,0.0429042904290429,0,0
Bloomberg,Western,Right-wing,0,0.5300950407981873,0.06702395528554916,0.8396877646446228,0.75,0.5,0.5454545454545454,0.08113022893667221,12.666666666666666,0.04743083003952569,0,0
Bloomberg,Western,Left-wing,0,0.5943682193756104,0.14318309724330902,0.6575255692005157,0.5,0.5,0.6428571428571429,0.08113022893667221,8.0,0.053475935828877004,0,0
Bloomberg,Western,Right-wing,0,0.5241153836250305,0.14945246279239655,0.6425300240516663,0.6666666666666666,0.33333333333333337,0.7619047619047619,0.08113022893667221,12.0,0.040892193308550186,0,0
Bloomberg,Western,Left-wing,0,0.6354175209999084,0.07589468359947205,0.8184702396392822,0.75,0.75,0.5294117647058824,1.0032856464385986,7.333333333333333,0.05113636363636364,0,0
Bloomberg,Western,Right-wing,0,0.4957934021949768,0.07675141096115112,0.8164210915565491,0.6666666666666666,0.6666666666666667,0.5555555555555556,0.08113022893667221,9.0,0.053475935828877004,0,0
Bloomberg,Western,Ukrainian,0,0.39501523971557617,0.05792386457324028,0.8614540100097656,0.5,0.5,0.42857142857142855,0.08113022893667221,9.666666666666666,0.04784688995215311,0,0
Bloomberg,Western,Russian,0,0.42453914880752563,0.05195065960288048,0.8757410794496536,0.5,0.5,0.5555555555555556,0.08113022893667221,9.0,0.046875,0,0
Bloomberg,Western,Zionist,0,0.6321654319763184,0.16206064820289612,0.6123729944229126,1.0,0.33333333333333337,0.65,0.08113022893667221,9.666666666666666,0.04784688995215311,0,0
Bloomberg,Western,Right-wing,0,0.5136649012565613,0.0002770111314021051,0.9993374403566122,0.42857142857142855,1.0,0.6818181818181818,1.0032856464385986,16.5,0.049107142857142856,0,0
Bloomberg,Western,Russian,0,0.5285941362380981,0.19096031785011292,0.5432488918304443,0.8,0.19999999999999996,0.8518518518518519,0.08113022893667221,11.25,0.03546099290780142,0,0
Bloomberg,Western,Russian,0,0.4429469108581543,0.01844952628016472,0.9558712057769299,0.3333333333333333,0.6666666666666667,0.5365853658536586,0.08113022893667221,17.25,0.031578947368421054,0,0
Bloomberg,Western,Russian,0,0.4934149384498596,0.10914181917905807,0.7389475703239441,0.4444444444444444,0.8888888888888888,0.43478260869565216,0.08113022893667221,7.8,0.05905511811023622,0,0
Bloomberg,Western,Right-wing,0,0.4356320798397064,0.10023797303438187,0.7602443993091583,0.5,0.5,0.5294117647058824,1.00083589553833,7.333333333333333,0.05714285714285714,0,0
Bloomberg,Western,Ukrainian,0,0.41464918851852417,0.051889773458242416,0.8758867084980011,0.0,1.0,0.5,0.08113022893667221,9.333333333333334,0.06030150753768844,0,0
Bloomberg,Western,Resistance,0,0.4904727339744568,0.1618794947862625,0.6128062307834625,0.5,0.875,0.6666666666666666,0.08113022893667221,8.4,0.05090909090909091,0,0
Bloomberg,Western,Right-wing,0,0.4157765507698059,0.0765470638871193,0.8169098496437073,1.0,0.0,0.7058823529411765,0.08113022893667221,9.333333333333334,0.03867403314917127,0,0
Bloomberg,Western,Right-wing,0,0.39755868911743164,0.06446966528892517,0.8457973599433899,0.6666666666666666,0.33333333333333337,0.5555555555555556,0.08113022893667221,9.333333333333334,0.057291666666666664,0,0
Bloomberg,Western,Right-wing,0,0.5470389127731323,0.14521872997283936,0.6526564955711365,1.0,0.75,0.6521739130434783,0.08113022893667221,10.0,0.0319634703196347,0,0
Bloomberg,Western,Right-wing,0,0.6254682540893555,0.07750138640403748,0.8146272599697113,0.5,1.0,0.6538461538461539,0.08113022893667221,14.666666666666666,0.033444816053511704,0,0
Bloomberg,Western,Ukrainian,0,0.5181009769439697,0.11245331168174744,0.7310269773006439,0.6,0.8,0.35294117647058826,0.08113022893667221,12.0,0.04790419161676647,0,0
Bloomberg,Western,Resistance,0,0.4682803452014923,0.09073839336633682,0.7829660773277283,0.6666666666666666,0.6666666666666667,0.6538461538461539,0.9995675683021545,14.666666666666666,0.03819444444444445,0,0
Bloomberg,Western,Right-wing,0,0.6249450445175171,0.046773433685302734,0.8881243094801903,1.0,0.5,0.6521739130434783,0.08113022893667221,11.333333333333334,0.03389830508474576,0,0
Bloomberg,Western,Left-wing,0,0.6192048192024231,0.12815797328948975,0.6934636235237122,1.0,0.25,0.782608695652174,1.00083589553833,12.0,0.03501945525291829,0,0
Bloomberg,Western,Zionist,0,0.4227052330970764,0.07678051292896271,0.816351443529129,1.0,1.0,0.6875,0.08113022893667221,9.0,0.03867403314917127,0,0
Bloomberg,Western,Right-wing,0,0.6193125247955322,0.1473657637834549,0.6475211977958679,0.3333333333333333,0.6666666666666667,0.6923076923076923,1.0001035928726196,10.75,0.03125,0,0
Bloomberg,Western,Resistance,0,0.46220001578330994,0.07030341029167175,0.831843763589859,0.5,1.0,0.5357142857142857,0.08113022893667221,14.333333333333334,0.04054054054054054,0,0
Bloomberg,Western,Russian,0,0.5526376962661743,0.1471717357635498,0.6479852497577667,1.0,0.6666666666666667,0.6538461538461539,0.08113022893667221,8.2,0.046875,0,0
Bloomberg,Western,Right-wing,0,0.6084319353103638,0.10680436342954636,0.7445384860038757,0.6666666666666666,0.33333333333333337,0.7,0.08113022893667221,7.25,0.043478260869565216,0,0
Bloomberg,Western,Zionist,0,0.5825525522232056,0.08713995665311813,0.7915730476379395,1.0,0.33333333333333337,0.8235294117647058,0.08113022893667221,9.0,0.04371584699453552,0,0
Bloomberg,Western,Left-wing,0,0.43664318323135376,0.05061442032456398,0.878937229514122,0.25,1.0,0.5294117647058824,1.0025854110717773,10.0,0.06132075471698113,0,0
Bloomberg,Western,Left-wing,0,0.4497634470462799,0.03981088101863861,0.9047777354717255,0.5,0.5,0.782608695652174,0.08113022893667221,8.75,0.05627705627705628,0,0
Bloomberg,Western,Right-wing,0,0.5138236284255981,0.12903164327144623,0.6913739442825317,0.5,0.5,0.5625,0.08113022893667221,17.666666666666668,0.03468208092485549,0,0
Bloomberg,Western,Ukrainian,0,0.441702663898468,0.09014903008937836,0.7843757122755051,1.0,0.0,0.8,0.08113022893667221,10.333333333333334,0.041666666666666664,0,0
Bloomberg,Western,Left-wing,0,0.47546064853668213,0.08370936661958694,0.7997785359621048,0.5,0.5,0.6304347826086957,1.0027929544448853,17.8,0.02617801047120419,0,0
Bloomberg,Western,Right-wing,0,0.5061760544776917,0.010917880572378635,0.9738858118653297,0.5,1.0,0.38461538461538464,0.08113022893667221,12.0,0.04242424242424243,0,0
Bloomberg,Western,Western,1,0.7425739169120789,0.17505592107772827,0.5812900066375732,0.6,0.4,0.7222222222222222,0.08113022893667221,9.25,0.04819277108433735,0,0
Bloomberg,Western,Russian,0,0.5334539413452148,0.18067999184131622,0.567838042974472,0.8333333333333334,0.33333333333333337,0.75,1.0006933212280273,11.5,0.03741496598639456,0,0
Bloomberg,Western,Zionist,0,0.6770316362380981,0.14449816942214966,0.6543800234794617,0.6,0.4,0.6666666666666666,0.08113022893667221,9.666666666666666,0.05339805825242718,0,0
Bloomberg,Western,Zionist,0,0.6203720569610596,0.03591963276267052,0.9140851646661758,0.3333333333333333,0.6666666666666667,0.45454545454545453,0.08113022893667221,11.666666666666666,0.04017857142857143,0,0
Bloomberg,Western,Western,1,0.4209340810775757,0.08206477761268616,0.8037121891975403,0.75,1.0,0.6111111111111112,0.08113022893667221,8.666666666666666,0.05128205128205128,0,0
Bloomberg,Western,Right-wing,0,0.4785527288913727,0.06899285316467285,0.8349784910678864,1.0,0.0,0.6818181818181818,0.08113022893667221,9.0,0.04145077720207254,0,0
Bloomberg,Western,Western,1,0.5102030634880066,0.17631539702415466,0.5782775580883026,0.5,0.75,0.65,0.08113022893667221,9.666666666666666,0.05641025641025641,0,0
Bloomberg,Western,Right-wing,0,0.8425977230072021,0.18890085816383362,0.5481749176979065,0.8,0.4,0.7619047619047619,0.08113022893667221,10.666666666666666,0.03305785123966942,0,0
Bloomberg,Western,Right-wing,0,0.5661119818687439,0.12326658517122269,0.7051630914211273,0.75,0.75,0.5882352941176471,0.08113022893667221,9.0,0.06521739130434782,0,0
Bloomberg,Western,Left-wing,0,0.37026312947273254,0.06379468739032745,0.8474117815494537,0.5,0.5,0.3684210526315789,0.08113022893667221,10.0,0.04128440366972477,0,0
Bloomberg,Western,Zionist,0,0.4076187014579773,0.006244415417313576,0.9850642029196024,0.75,0.75,0.5714285714285714,0.08113022893667221,14.0,0.03571428571428571,0,0
Bloomberg,Western,Zionist,0,0.459023118019104,0.03978822007775307,0.9048320427536964,0.6666666666666666,0.6666666666666667,0.6,1.001699447631836,12.666666666666666,0.045936395759717315,0,0
Bloomberg,Western,Ukrainian,0,0.7082387208938599,0.18834823369979858,0.5494967103004456,1.0,0.0,0.8333333333333334,1.0005568265914917,12.666666666666666,0.03137254901960784,0,0
Bloomberg,Western,Russian,0,0.5062691569328308,0.1420019268989563,0.6603506803512573,0.5,0.8333333333333334,0.6923076923076923,1.0025854110717773,9.25,0.0321285140562249,0,0
Bloomberg,Western,Western,1,0.6687412858009338,0.15691576898097992,0.6246788203716278,0.75,0.25,0.7083333333333334,0.08113022893667221,10.666666666666666,0.04680851063829787,0,0
Bloomberg,Western,Right-wing,0,0.43354353308677673,0.06179044023156166,0.8522056639194489,0.3333333333333333,1.0,0.5135135135135135,0.08113022893667221,14.5,0.030456852791878174,0,0
Bloomberg,Western,Right-wing,0,0.4061330258846283,0.07077045738697052,0.8307266682386398,0.6666666666666666,0.6666666666666667,0.4230769230769231,0.08113022893667221,13.333333333333334,0.040740740740740744,0,0
Bloomberg,Western,Russian,0,0.5444257259368896,0.1837201863527298,0.5605662167072296,0.6666666666666666,0.6666666666666667,0.6470588235294118,0.08113022893667221,11.0,0.049773755656108594,0,0
Bloomberg,Western,Right-wing,0,0.5522145628929138,0.06751898676156998,0.8385037779808044,0.3333333333333333,0.6666666666666667,0.5769230769230769,0.08113022893667221,13.333333333333334,0.03597122302158273,0,0
Bloomberg,Western,Ukrainian,0,0.5314434766769409,0.11476218700408936,0.725504457950592,0.3333333333333333,0.6666666666666667,0.5454545454545454,0.08113022893667221,11.0,0.06306306306306306,0,0
Bloomberg,Western,Russian,0,0.5991482734680176,0.1369687169790268,0.672389417886734,0.8,0.6,0.7307692307692307,0.08113022893667221,11.25,0.034722222222222224,0,0
Bloomberg,Western,Left-wing,0,0.40884703397750854,0.02463214285671711,0.9410832598805428,0.0,1.0,0.36363636363636365,0.08113022893667221,12.333333333333334,0.04182509505703422,0,0
Bloomberg,Western,Right-wing,0,0.49092867970466614,0.10280972719192505,0.7540931403636932,0.4,1.0,0.47368421052631576,0.08113022893667221,7.75,0.05217391304347826,0,0
Bloomberg,Western,Left-wing,0,0.5599542856216431,0.12085747718811035,0.7109254002571106,0.6666666666666666,0.33333333333333337,0.6111111111111112,0.08113022893667221,12.0,0.049107142857142856,0,0
Bloomberg,Western,Zionist,0,0.7678189873695374,0.15816137194633484,0.6216995120048523,1.0,0.0,0.7333333333333333,0.08113022893667221,7.333333333333333,0.043478260869565216,0,0
Bloomberg,Western,Left-wing,0,0.49560803174972534,0.06033439189195633,0.8556882739067078,0.5,0.5,0.5909090909090909,0.08113022893667221,10.333333333333334,0.036036036036036036,0,0
Bloomberg,Western,Resistance,0,0.45782703161239624,0.0976499691605568,0.7664345353841782,0.6666666666666666,1.0,0.7142857142857143,0.08113022893667221,10.666666666666666,0.03587443946188341,0,0
Bloomberg,Western,Zionist,0,0.5067902207374573,0.10325011610984802,0.7530398219823837,0.75,0.25,0.5294117647058824,1.00083589553833,7.333333333333333,0.05389221556886228,0,0
Bloomberg,Western,Resistance,0,0.5858581066131592,0.13555248081684113,0.6757768392562866,0.625,0.375,0.7692307692307693,1.001246690750122,10.6,0.03680981595092025,0,0
Bloomberg,Western,Right-wing,0,0.46743711829185486,0.019894415512681007,0.9524152241647243,1.0,0.0,0.5714285714285714,0.08113022893667221,13.0,0.045081967213114756,0,0
Bloomberg,Western,Zionist,0,0.820366621017456,0.06665408611297607,0.8405725061893463,0.8333333333333334,0.5,0.8205128205128205,1.0032856464385986,20.0,0.02736318407960199,0,0
Bloomberg,Western,Left-wing,0,0.42145800590515137,0.05143708735704422,0.876969501376152,0.0,1.0,0.6923076923076923,0.08113022893667221,7.666666666666667,0.043478260869565216,0,0
Bloomberg,Western,Right-wing,0,0.5426653623580933,0.04270925000309944,0.8978452607989311,0.25,0.75,0.6296296296296297,0.08113022893667221,13.333333333333334,0.04411764705882353,0,0
Bloomberg,Western,Zionist,0,0.4673525094985962,0.1483432501554489,0.6451830863952637,1.0,0.0,0.7777777777777778,0.08113022893667221,8.666666666666666,0.03827751196172249,0,0
Bloomberg,Western,Right-wing,0,0.5279208421707153,0.13209635019302368,0.6840435266494751,0.75,0.5,0.5263157894736842,0.08113022893667221,9.333333333333334,0.03902439024390244,0,0
Bloomberg,Western,Western,1,0.4097086489200592,0.1047174483537674,0.7495301067829132,1.0,0.0,0.5263157894736842,0.08113022893667221,9.666666666666666,0.05555555555555555,0,0
Bloomberg,Western,Right-wing,0,0.5136019587516785,0.0973082110285759,0.7672519534826279,1.0,0.5,0.64,0.7256031632423401,13.0,0.03065134099616858,0,0
Bloomberg,Western,Western,1,0.7333264946937561,0.2188945710659027,0.47643399238586426,1.0,0.0,0.8666666666666667,0.08113022893667221,9.0,0.04891304347826087,0,0
Bloomberg,Western,Left-wing,0,0.40543586015701294,0.0920834094285965,0.7797489762306213,0.0,1.0,0.6451612903225806,0.08113022893667221,12.5,0.037463976945244955,0,0
Bloomberg,Western,Zionist,0,0.40753602981567383,0.1132429987192154,0.7291381657123566,0.6666666666666666,0.6666666666666667,0.75,0.08113022893667221,9.25,0.04119850187265917,0,0
Bloomberg,Western,Right-wing,0,0.6271841526031494,0.021354323253035545,0.9489233419299126,0.5555555555555556,1.0,0.46153846153846156,1.003285527229309,12.333333333333334,0.04263565891472868,0,0
Bloomberg,Western,Russian,0,0.4490760564804077,0.06092309579253197,0.8542802631855011,0.6666666666666666,0.6666666666666667,0.45,0.08113022893667221,9.666666666666666,0.037037037037037035,0,0
Bloomberg,Western,Left-wing,0,0.42203399538993835,0.07919236272573471,0.81058269739151,1.0,0.0,0.75,0.08113022893667221,8.0,0.05128205128205128,0,0
Bloomberg,Western,Right-wing,0,0.5989217758178711,0.12733981013298035,0.695420503616333,0.8333333333333334,0.16666666666666663,0.8,0.08113022893667221,9.2,0.04075235109717868,0,0
Bloomberg,Western,Right-wing,0,0.6559021472930908,0.18801289796829224,0.5502987205982208,1.0,0.0,0.9130434782608695,0.08113022893667221,23.0,0.043137254901960784,0,0
Bloomberg,Western,Left-wing,0,0.4141263961791992,0.0874236449599266,0.7908945232629776,0.0,1.0,0.29411764705882354,0.08113022893667221,8.666666666666666,0.045714285714285714,0,0
Bloomberg,Western,Right-wing,0,0.5429292917251587,0.1225842759013176,0.7067950665950775,0.6666666666666666,0.6666666666666667,0.7058823529411765,0.08113022893667221,8.0,0.065,0,0
Bloomberg,Western,Left-wing,0,0.48866164684295654,0.17095693945884705,0.5910942554473877,0.4,0.6,0.6153846153846154,1.0032856464385986,11.75,0.02912621359223301,0,0
Bloomberg,Western,Resistance,0,0.5435881614685059,0.0830472856760025,0.8013621866703033,0.5555555555555556,0.7777777777777778,0.4411764705882353,0.08113022893667221,10.4,0.04398826979472141,0,0
Bloomberg,Western,Right-wing,0,0.6075805425643921,0.14283284544944763,0.6583632826805115,0.6666666666666666,0.33333333333333337,0.7083333333333334,0.08113022893667221,9.75,0.03745318352059925,0,0
Bloomberg,Western,Zionist,0,0.7685707807540894,0.12134694308042526,0.70975461602211,1.0,0.0,0.6190476190476191,0.08113022893667221,11.0,0.046511627906976744,0,0
Bloomberg,Western,Left-wing,0,0.4265371263027191,0.04495960474014282,0.8924627974629402,0.75,0.75,0.6071428571428571,1.0004557371139526,10.25,0.04013377926421405,0,0
Bloomberg,Western,Left-wing,0,0.47285890579223633,0.04540204629302025,0.891404502093792,0.5,1.0,0.6190476190476191,0.08113022893667221,9.666666666666666,0.05263157894736842,0,0
Bloomberg,Western,Right-wing,0,0.6102511882781982,0.13242357969284058,0.6832607984542847,0.6,0.4,0.6363636363636364,0.08113022893667221,10.666666666666666,0.04608294930875576,0,0
Bloomberg,Western,Right-wing,0,0.5216270089149475,0.07582329213619232,0.8186410069465637,0.6666666666666666,0.6666666666666667,0.5789473684210527,0.08113022893667221,8.666666666666666,0.04975124378109453,0,0
Bloomberg,Western,Right-wing,0,0.7266993522644043,0.1356082409620285,0.6756435632705688,1.0,0.0,0.9166666666666666,1.0010062456130981,12.0,0.036290322580645164,0,0
Bloomberg,Western,Left-wing,0,0.579708456993103,0.1336623579263687,0.6802978217601776,1.0,0.25,0.6153846153846154,0.08113022893667221,13.333333333333334,0.02711864406779661,0,0
Bloomberg,Western,Left-wing,0,0.3498886823654175,0.037629518657922745,0.9099952876567841,0.3333333333333333,1.0,0.5555555555555556,0.08113022893667221,15.333333333333334,0.03296703296703297,0,0
Bloomberg,Western,Right-wing,0,0.453880250453949,-0.006026575341820717,1.0144147500395775,0.5,0.5,0.5238095238095238,1.0012412071228027,12.0,0.05128205128205128,0,0
Bloomberg,Western,Left-wing,0,0.6147912740707397,0.1780882477760315,0.5740370452404022,0.625,0.5,0.7272727272727273,0.08113022893667221,10.2,0.041935483870967745,0,0
Bloomberg,Western,Left-wing,0,0.6181515455245972,0.15189136564731598,0.6366965174674988,0.6666666666666666,0.33333333333333337,0.8076923076923077,0.08113022893667221,11.666666666666666,0.03861003861003861,0,0
Bloomberg,Western,Right-wing,0,0.47260257601737976,0.09136200696229935,0.7814745306968689,0.5,0.6666666666666667,0.6451612903225806,0.08113022893667221,9.4,0.03908794788273615,0,0
Bloomberg,Western,Right-wing,0,0.5991628170013428,0.13801012933254242,0.6698985397815704,0.5,0.5,0.7692307692307693,0.08113022893667221,9.75,0.05,0,0
Bloomberg,Western,Right-wing,0,0.6538273096084595,0.11960083246231079,0.7139310240745544,0.8333333333333334,0.16666666666666663,0.8260869565217391,0.08113022893667221,12.0,0.043478260869565216,0,0
Bloomberg,Western,Right-wing,0,0.6443599462509155,0.14936654269695282,0.6427355110645294,0.6666666666666666,0.6666666666666667,0.6086956521739131,0.08113022893667221,13.0,0.029850746268656716,0,0
Bloomberg,Western,Right-wing,0,0.6391063928604126,0.07968419790267944,0.8094062209129333,0.75,0.75,0.5714285714285714,0.08113022893667221,10.0,0.05194805194805195,0,0
Bloomberg,Western,Right-wing,0,0.49416404962539673,0.10013436526060104,0.760492205619812,0.4444444444444444,0.7777777777777778,0.4,0.08113022893667221,11.5,0.05901639344262295,0,0
Bloomberg,Western,Right-wing,0,0.5450884103775024,0.12618985772132874,0.6981709599494934,0.875,0.5,0.625,0.08113022893667221,11.0,0.030434782608695653,0,0
Bloomberg,Western,Right-wing,0,0.6671716570854187,0.08018366992473602,0.8082115948200226,0.6666666666666666,0.5,0.7272727272727273,0.08113022893667221,16.333333333333332,0.042682926829268296,0,0
Bloomberg,Western,Left-wing,0,0.466606080532074,0.0805000588297844,0.8074547946453094,0.3333333333333333,0.6666666666666667,0.6666666666666666,0.08113022893667221,6.4,0.059907834101382486,0,0
Bloomberg,Western,Right-wing,0,0.5597721338272095,0.08346640318632126,0.8003597408533096,0.75,0.5,0.6875,0.08113022893667221,11.0,0.045,0,0
Bloomberg,Western,Right-wing,0,0.5094696283340454,0.1018543466925621,0.7563782334327698,0.5,0.5,0.5555555555555556,0.9966145157814026,12.0,0.04559270516717325,0,0
Bloomberg,Western,Left-wing,0,0.5103129148483276,0.05539536848664284,0.8675017952919006,1.0,0.33333333333333337,0.7,1.00083589553833,9.666666666666666,0.039603960396039604,0,0
Bloomberg,Western,Left-wing,0,0.5434036254882812,0.11837933212518692,0.7168527245521545,0.5714285714285714,0.5714285714285714,0.6923076923076923,0.08113022893667221,10.75,0.033962264150943396,0,0
Bloomberg,Western,Right-wing,0,0.46207737922668457,0.11758554726839066,0.7187513709068298,0.8333333333333334,0.33333333333333337,0.7931034482758621,0.08113022893667221,9.8,0.0339943342776204,0,0
Bloomberg,Western,Right-wing,0,0.44432032108306885,0.053385745733976364,0.8723085522651672,0.5,0.5,0.4444444444444444,0.08113022893667221,10.25,0.05,0,0
Bloomberg,Western,Russian,0,0.5139990448951721,0.08671806007623672,0.7925821244716644,0.6666666666666666,0.5,0.5,0.08113022893667221,10.333333333333334,0.036036036036036036,0,0
Bloomberg,Western,Russian,0,0.5057955384254456,0.14300695061683655,0.6579467952251434,0.6666666666666666,0.6666666666666667,0.7727272727272727,0.08113022893667221,11.666666666666666,0.03669724770642202,0,0
Bloomberg,Western,Resistance,0,0.6411393880844116,0.12582294642925262,0.699048638343811,1.0,0.0,0.8095238095238095,0.08113022893667221,10.666666666666666,0.03982300884955752,0,0
Bloomberg,Western,Right-wing,0,0.5591369867324829,0.19137994945049286,0.5422452092170715,0.8333333333333334,0.33333333333333337,0.7647058823529411,0.08113022893667221,8.5,0.04608294930875576,0,0
Bloomberg,Western,Left-wing,0,0.48958754539489746,0.03892919048666954,0.906886637210846,0.5,0.75,0.53125,0.08113022893667221,11.8,0.032171581769437,0,0
Bloomberg,Western,Russian,0,0.4758231043815613,0.07402520626783371,0.8229417055845261,1.0,0.33333333333333337,0.7777777777777778,0.08113022893667221,14.0,0.025362318840579712,0,0
Bloomberg,Western,Right-wing,0,0.43435484170913696,0.07270833104848862,0.8260916173458099,0.6666666666666666,0.33333333333333337,0.6818181818181818,1.00083589553833,11.666666666666666,0.047619047619047616,0,0
Bloomberg,Western,Western,1,0.46687227487564087,0.03886200860142708,0.9070473164319992,1.0,0.0,0.5862068965517241,0.08113022893667221,10.25,0.04697986577181208,0,0
Bloomberg,Western,Russian,0,0.5749304294586182,0.1655409038066864,0.6040486097335815,0.6666666666666666,0.33333333333333337,0.75,0.08113022893667221,8.75,0.037383177570093455,0,0
Bloomberg,Western,Right-wing,0,0.6337169408798218,0.12193939089775085,0.7083375453948975,1.0,0.33333333333333337,0.8846153846153846,1.0032856464385986,13.666666666666666,0.02857142857142857,0,0
Bloomberg,Western,Right-wing,0,0.4757879376411438,0.0566214881837368,0.8645690977573395,0.5,0.5,0.625,1.0022534132003784,11.0,0.045454545454545456,0,0
Bloomberg,Western,Zionist,0,0.5666255354881287,0.061965588480234146,0.8517867475748062,0.42857142857142855,0.7142857142857143,0.5,1.0025854110717773,11.6,0.03978779840848806,0,0
Bloomberg,Western,Right-wing,0,0.5158461332321167,0.10981284081935883,0.7373425960540771,0.6666666666666666,0.33333333333333337,0.625,0.08113022893667221,8.75,0.03879310344827586,0,0
Bloomberg,Western,Right-wing,0,0.5947872400283813,0.14719626307487488,0.6479265689849854,0.6666666666666666,0.33333333333333337,0.5555555555555556,0.08113022893667221,6.4,0.0673076923076923,0,0
Bloomberg,Western,Zionist,0,0.46317803859710693,0.07450215518474579,0.8218009918928146,0.25,0.75,0.631578947368421,0.08113022893667221,9.666666666666666,0.05188679245283019,0,0
KremlinRussia_E,Russian,Russian,1,0.6390816569328308,0.17869476974010468,0.5821592211723328,0.6,0.4,0.7692307692307693,0.10660210996866226,9.5,0.03007518796992481,0,1
KremlinRussia_E,Russian,Zionist,0,0.6599687337875366,0.15678174793720245,0.6333982050418854,1.0,0.5,0.7272727272727273,1.0047109127044678,5.0,0.02586206896551724,0,0
KremlinRussia_E,Russian,Russian,1,0.4452880620956421,0.15405628085136414,0.6397712528705597,0.3333333333333333,0.6666666666666667,0.3333333333333333,0.10660210996866226,5.0,0.05102040816326531,1,0
KremlinRussia_E,Russian,Russian,1,0.5852279663085938,0.23337487876415253,0.45430105924606323,1.0,0.0,0.7692307692307693,0.10660210996866226,9.0,0.021897810218978103,0,0
KremlinRussia_E,Russian,Russian,1,0.5960828065872192,0.1520734578371048,0.6444076299667358,0.5,0.5,1.0,0.10660210996866226,5.666666666666667,0.043478260869565216,0,1
KremlinRussia_E,Russian,Russian,1,0.46140360832214355,0.1276584267616272,0.7014970779418945,0.0,1.0,0.7142857142857143,0.10660210996866226,5.0,0.024691358024691357,0,0
KremlinRussia_E,Russian,Russian,1,0.5195020437240601,0.14215023815631866,0.6676110327243805,0.6666666666666666,0.6666666666666667,0.6923076923076923,0.10660210996866226,8.0,0.045112781954887216,1,0
KremlinRussia_E,Russian,Russian,1,0.6630985140800476,0.21118825674057007,0.5061798095703125,0.6666666666666666,0.33333333333333337,0.8461538461538461,1.0047109127044678,7.5,0.031007751937984496,0,0
KremlinRussia_E,Russian,Russian,1,0.644874095916748,0.1749190092086792,0.590988039970398,1.0,0.0,0.9,0.10660210996866226,7.0,0.05309734513274336,1,0
KremlinRussia_E,Russian,Russian,1,0.569021463394165,0.1461915522813797,0.6581612825393677,0.8,0.19999999999999996,0.9285714285714286,1.0047109127044678,8.5,0.03205128205128205,0,0
KremlinRussia_E,Russian,Russian,1,0.5995349287986755,0.14322088658809662,0.6651075184345245,1.0,0.0,1.0,1.0047109127044678,7.5,0.035211267605633804,0,0
KremlinRussia_E,Russian,Russian,1,0.6558514833450317,0.18197791278362274,0.574482262134552,1.0,0.0,0.7692307692307693,0.10660210996866226,9.5,0.04827586206896552,1,0
KremlinRussia_E,Russian,Ukrainian,0,0.5770255923271179,0.11385457217693329,0.7337746024131775,0.6666666666666666,0.33333333333333337,0.7777777777777778,1.0055910348892212,6.5,0.03225806451612903,0,0
KremlinRussia_E,Russian,Russian,1,0.6372435688972473,0.21549460291862488,0.49611032009124756,0.75,0.25,0.8,1.0047109127044678,9.0,0.02097902097902098,0,0
KremlinRussia_E,Russian,Russian,1,0.6807113289833069,0.19739125669002533,0.5384413003921509,1.0,0.25,0.9285714285714286,0.10660210996866226,20.0,0.0,0,0
KremlinRussia_E,Russian,Russian,1,0.525770902633667,0.17499111592769623,0.5908193290233612,0.5,0.5,0.7,0.10660210996866226,7.5,0.05343511450381679,0,1
KremlinRussia_E,Russian,Russian,1,0.6249356269836426,0.261079341173172,0.3895198106765747,0.6666666666666666,0.33333333333333337,0.5714285714285714,0.10660210996866226,4.5,0.0547945205479452,1,0
KremlinRussia_E,Russian,Western,0,0.56893390417099,0.21372534334659576,0.5002474188804626,1.0,0.0,1.0,0.10660210996866226,8.0,0.02702702702702703,0,0
KremlinRussia_E,Russian,Left-wing,0,0.41386663913726807,0.10323873907327652,0.7585974931716919,0.5,1.0,0.5,1.0047109127044678,8.0,0.0,0,0
KremlinRussia_E,Russian,Zionist,0,0.5466437339782715,0.20532454550266266,0.5198909044265747,1.0,0.0,0.9230769230769231,1.0047109127044678,10.0,0.027210884353741496,0,0
KremlinRussia_E,Russian,Russian,1,0.5254311561584473,0.23742416501045227,0.44483256340026855,0.3333333333333333,0.6666666666666667,0.42857142857142855,1.0047109127044678,4.5,0.05,1,0
KremlinRussia_E,Russian,Resistance,0,0.6579688787460327,0.14159630239009857,0.6689062714576721,0.3333333333333333,0.6666666666666667,0.3333333333333333,0.10660210996866226,4.0,0.046153846153846156,0,1
KremlinRussia_E,Russian,Russian,1,0.6352928280830383,0.270090252161026,0.36844968795776367,1.0,0.0,0.8571428571428571,0.10660210996866226,4.5,0.04878048780487805,1,0
KremlinRussia_E,Russian,Russian,1,0.7550729513168335,0.21717354655265808,0.49218446016311646,1.0,0.0,1.0,0.10660210996866226,17.0,0.017094017094017096,0,0
KremlinRussia_E,Russian,Zionist,0,0.5198581218719482,0.13541437685489655,0.6833613812923431,1.0,0.0,0.9,0.10660210996866226,7.0,0.01639344262295082,0,0
KremlinRussia_E,Russian,Ukrainian,0,0.6170212626457214,0.20503626763820648,0.5205650329589844,1.0,0.5,0.8333333333333334,1.0047109127044678,4.5,0.023529411764705882,0,0
KremlinRussia_E,Russian,Ukrainian,0,0.5033285617828369,0.14568418264389038,0.6593475937843323,0.5,0.5,0.5,1.0047109127044678,5.0,0.03333333333333333,0,1
KremlinRussia_E,Russian,Right-wing,0,0.5200105309486389,0.10062696784734726,0.7647045850753784,,,0.6,0.10660210996866226,8.0,0.03361344537815126,0,0
KremlinRussia_E,Russian,Western,0,0.6272596120834351,0.1766614019870758,0.5869137048721313,1.0,0.0,0.7272727272727273,0.10660210996866226,22.0,0.015503875968992248,0,0
KremlinRussia_E,Russian,Ukrainian,0,0.6134355664253235,0.20059198141098022,0.530957043170929,0.75,0.5,0.7857142857142857,0.10660210996866226,8.5,0.02142857142857143,0,0
KremlinRussia_E,Russian,Ukrainian,0,0.6355559825897217,0.24006855487823486,0.4386492371559143,0.5,0.5,0.7777777777777778,0.10660210996866226,6.5,0.019417475728155338,0,0
KremlinRussia_E,Russian,Russian,1,0.49744510650634766,0.15239739418029785,0.6436501443386078,1.0,0.5,0.625,1.0047109127044678,5.0,0.024691358024691357,0,0
KremlinRussia_E,Russian,Russian,1,0.5828737020492554,0.16837510466575623,0.6062895059585571,,,0.8,0.10660210996866226,2.5,0.038461538461538464,0,0
KremlinRussia_E,Russian,Russian,1,0.5984092950820923,0.2607402801513672,0.39031267166137695,0.75,0.25,0.8333333333333334,1.0047109127044678,5.333333333333333,0.046511627906976744,0,0
KremlinRussia_E,Russian,Zionist,0,0.5379525423049927,0.12545131146907806,0.7066579759120941,0.5,0.5,0.7142857142857143,1.0047109127044678,9.0,0.014925373134328358,0,0
KremlinRussia_E,Russian,Russian,1,0.6594100594520569,0.17509368062019348,0.5905795693397522,0.8,0.4,0.7692307692307693,1.0047109127044678,8.5,0.015037593984962405,0,0
KremlinRussia_E,Russian,Resistance,0,0.5357301831245422,0.13617420196533203,0.6815847158432007,0.5,0.5,0.75,1.0047109127044678,10.0,0.011764705882352941,0,1
KremlinRussia_E,Russian,Zionist,0,0.5931127667427063,0.1997649073600769,0.5328909456729889,1.0,0.0,0.8,0.10660210996866226,5.333333333333333,0.04424778761061947,1,0
KremlinRussia_E,Russian,Zionist,0,0.7214056253433228,0.15983016788959503,0.6262701153755188,0.6666666666666666,0.33333333333333337,0.75,0.10660210996866226,6.666666666666667,0.027210884353741496,1,0
KremlinRussia_E,Russian,Russian,1,0.612546443939209,0.23823636770248413,0.4429335594177246,0.5,0.5,0.9,0.10660210996866226,6.5,0.04081632653061224,1,0
KremlinRussia_E,Russian,Russian,1,0.614675760269165,0.2515983581542969,0.4116891622543335,0.3333333333333333,0.6666666666666667,0.7272727272727273,1.0047109127044678,14.0,0.022727272727272728,0,0
KremlinRussia_E,Russian,Right-wing,0,0.5114008188247681,0.10933273285627365,0.7443479299545288,0.0,1.0,0.6666666666666666,0.10660210996866226,16.0,0.020202020202020204,0,1
KremlinRussia_E,Russian,Russian,1,0.5713368654251099,0.17632386088371277,0.5877030491828918,0.6666666666666666,0.33333333333333337,0.6666666666666666,0.10660210996866226,5.0,0.06451612903225806,1,0
KremlinRussia_E,Russian,Russian,1,0.6829642057418823,0.11420650780200958,0.7329517006874084,1.0,0.0,1.0,0.10660210996866226,13.0,0.0,0,0
KremlinRussia_E,Russian,Ukrainian,0,0.5302944183349609,0.16426098346710205,0.6159095764160156,0.5,0.5,0.7142857142857143,1.0047109127044678,4.5,0.025,0,0
KremlinRussia_E,Russian,Russian,1,0.4932088255882263,0.15906885266304016,0.6280503571033478,0.0,1.0,0.75,1.0056660175323486,8.5,0.027777777777777776,0,0
KremlinRussia_E,Russian,Zionist,0,0.5901777744293213,0.14156024158000946,0.6689906120300293,1.0,0.5,0.7142857142857143,1.0047109127044678,4.5,0.02531645569620253,0,0
KremlinRussia_E,Russian,Russian,1,0.6255383491516113,0.1883438378572464,0.559596836566925,0.6,0.4,0.75,0.10660210996866226,9.0,0.023255813953488372,0,0
KremlinRussia_E,Russian,Russian,1,0.5124999284744263,0.1943114995956421,0.545642614364624,0.0,1.0,0.6153846153846154,0.10660210996866226,6.666666666666667,0.03225806451612903,0,0
KremlinRussia_E,Russian,Ukrainian,0,0.3790804147720337,0.08285660296678543,0.8062569200992584,0.0,1.0,0.38461538461538464,0.10660210996866226,9.5,0.03333333333333333,0,0
KremlinRussia_E,Russian,Russian,1,0.6487312316894531,0.23171836137771606,0.458174467086792,0.6666666666666666,0.33333333333333337,0.8,1.0047109127044678,7.0,0.025806451612903226,0,0
KremlinRussia_E,Russian,Russian,1,0.6069238185882568,0.26145216822624207,0.3886480927467346,0.6666666666666666,0.33333333333333337,0.7142857142857143,0.10660210996866226,4.0,0.05970149253731343,1,0
KremlinRussia_E,Russian,Russian,1,0.6517473459243774,0.24249887466430664,0.43296635150909424,1.0,0.33333333333333337,0.75,1.0053688287734985,5.0,0.05194805194805195,1,0
KremlinRussia_E,Russian,Left-wing,0,0.49031245708465576,0.126445934176445,0.7043322324752808,0.0,1.0,0.8571428571428571,0.10660210996866226,5.0,0.028985507246376812,0,0
KremlinRussia_E,Russian,Russian,1,0.5715985298156738,0.17343778908252716,0.5944515764713287,0.5,0.5,0.8181818181818182,0.10660210996866226,9.5,0.014814814814814815,0,0
KremlinRussia_E,Russian,Zionist,0,0.48794621229171753,0.146445170044899,0.6575682163238525,,,0.8181818181818182,0.10660210996866226,7.0,0.05128205128205128,0,1
KremlinRussia_E,Russian,Ukrainian,0,0.6569934487342834,0.2464512288570404,0.42372459173202515,1.0,0.0,0.9,0.10660210996866226,5.666666666666667,0.02631578947368421,0,0
KremlinRussia_E,Russian,Zionist,0,0.6871833801269531,0.09803494065999985,0.7707655280828476,1.0,0.5,0.8333333333333334,1.0047109127044678,8.0,0.0,0,0
KremlinRussia_E,Russian,Ukrainian,0,0.5701477527618408,0.19697564840316772,0.5394131243228912,1.0,0.0,0.9090909090909091,0.10660210996866226,20.0,0.008064516129032258,0,0
KremlinRussia_E,Russian,Russian,1,0.616756796836853,0.1989814192056656,0.5347230434417725,0.6666666666666666,0.33333333333333337,0.7142857142857143,1.0047109127044678,4.5,0.033707865168539325,0,0
KremlinRussia_E,Russian,Zionist,0,0.5330449342727661,0.14809133112430573,0.6537189483642578,0.5,0.5,0.625,1.0047109127044678,5.0,0.03614457831325301,0,0
KremlinRussia_E,Russian,Right-wing,0,0.48625409603118896,0.1450011432170868,0.6609447002410889,0.5,0.5,0.5555555555555556,0.10660210996866226,7.0,0.022222222222222223,0,0
KremlinRussia_E,Russian,Russian,1,0.5224286317825317,0.1922629177570343,0.5504328310489655,0.75,0.25,0.8333333333333334,1.0047109127044678,8.5,0.033783783783783786,0,0
KremlinRussia_E,Russian,Zionist,0,0.4669816792011261,0.14063717424869537,0.6711490154266357,1.0,0.0,0.8571428571428571,1.0047109127044678,4.5,0.024691358024691357,0,0
KremlinRussia_E,Russian,Russian,1,0.5134043097496033,0.17492762207984924,0.5909678339958191,0.0,1.0,0.7777777777777778,0.10660210996866226,10.0,0.02112676056338028,0,0
KremlinRussia_E,Russian,Resistance,0,0.6539971828460693,0.20161108672618866,0.5285740792751312,0.5,0.5,0.625,1.0047109127044678,5.0,0.024390243902439025,0,0
KremlinRussia_E,Russian,Western,0,0.4905824661254883,0.12687908113002777,0.7033194005489349,0.5,0.5,0.7777777777777778,0.10660210996866226,6.5,0.020833333333333332,0,0
KremlinRussia_E,Russian,Russian,1,0.6261006593704224,0.25479042530059814,0.40422523021698,0.5,0.5,0.8571428571428571,0.10660210996866226,4.5,0.05555555555555555,1,0
KremlinRussia_E,Russian,Russian,1,0.7323092818260193,0.2652149796485901,0.37984955310821533,1.0,0.0,1.0,0.9962260127067566,7.0,0.03773584905660377,1,0
KremlinRussia_E,Russian,Zionist,0,0.6215109825134277,0.2089337408542633,0.5114515125751495,1.0,0.0,0.9090909090909091,1.0046159029006958,12.0,0.014598540145985401,0,0
KremlinRussia_E,Russian,Western,0,0.6708834171295166,0.11212027817964554,0.7378298938274384,0.5,0.5,0.8461538461538461,0.10660210996866226,9.0,0.03731343283582089,0,0
KremlinRussia_E,Russian,Zionist,0,0.6148656010627747,0.14250196516513824,0.6667885780334473,1.0,0.5,0.7142857142857143,1.0047109127044678,4.5,0.02531645569620253,0,0
KremlinRussia_E,Russian,Zionist,0,0.6098731756210327,0.15843099355697632,0.62954181432724,1.0,0.6,0.8333333333333334,0.10660210996866226,9.5,0.04697986577181208,1,0
KremlinRussia_E,Russian,Russian,1,0.4733656942844391,0.12476284056901932,0.708267867565155,0.3333333333333333,0.6666666666666667,0.7272727272727273,0.10660210996866226,11.5,0.026490066225165563,1,0
KremlinRussia_E,Russian,Ukrainian,0,0.633772075176239,0.15349595248699188,0.6410813629627228,1.0,0.5,0.6666666666666666,1.0047109127044678,4.0,0.03225806451612903,0,0
KremlinRussia_E,Russian,Ukrainian,0,0.574819028377533,0.22235827147960663,0.48006105422973633,0.0,1.0,0.5555555555555556,0.10660210996866226,5.5,0.021739130434782608,0,0
KremlinRussia_E,Russian,Right-wing,0,0.5355644822120667,0.10112830251455307,0.7635323703289032,,,1.0,0.10660210996866226,6.0,0.022222222222222223,0,0
KremlinRussia_E,Russian,Russian,1,0.6279406547546387,0.20425108075141907,0.5224009454250336,0.0,1.0,0.7777777777777778,0.10660210996866226,4.5,0.04807692307692308,0,0
KremlinRussia_E,Russian,Russian,1,0.4594169855117798,0.166583850979805,0.6104780435562134,0.5,0.5,0.5714285714285714,0.10660210996866226,5.0,0.0547945205479452,1,0
KremlinRussia_E,Russian,Right-wing,0,0.5525550246238708,0.213432177901268,0.5009328722953796,,,0.8,0.10660210996866226,6.0,0.05084745762711865,0,0
KremlinRussia_E,Russian,Russian,1,0.4728546142578125,0.15922574698925018,0.6276834309101105,0.3333333333333333,0.6666666666666667,0.9166666666666666,0.10660210996866226,10.5,0.021897810218978103,0,0
KremlinRussia_E,Russian,Russian,1,0.6290588974952698,0.20155908167362213,0.5286956429481506,0.6666666666666666,0.33333333333333337,0.7142857142857143,1.0047109127044678,4.5,0.033707865168539325,0,0
KremlinRussia_E,Russian,Russian,1,0.6594171524047852,0.24017761647701263,0.4383941888809204,0.6666666666666666,0.6666666666666667,0.7333333333333333,1.0047109127044678,7.0,0.0196078431372549,0,0
KremlinRussia_E,Russian,Russian,1,0.6897087097167969,0.27721306681632996,0.35179436206817627,1.0,0.0,0.9166666666666666,0.10660210996866226,7.333333333333333,0.03546099290780142,0,0
KremlinRussia_E,Russian,Western,0,0.5363206267356873,0.09780499339103699,0.7713032513856888,,,0.75,1.005171775817871,10.5,0.022222222222222223,0,0
KremlinRussia_E,Russian,Western,0,0.4832538962364197,0.13382220268249512,0.6870844066143036,0.5,0.5,0.6666666666666666,0.10660210996866226,10.0,0.0,0,0
KremlinRussia_E,Russian,Resistance,0,0.5626117587089539,0.13703586161136627,0.6795699298381805,0.3333333333333333,0.6666666666666667,0.42857142857142855,0.10660210996866226,4.5,0.037037037037037035,0,1
KremlinRussia_E,Russian,Russian,1,0.6099460124969482,0.2563004493713379,0.4006943702697754,0.6666666666666666,0.33333333333333337,0.8571428571428571,0.10660210996866226,9.0,0.014705882352941176,0,0
KremlinRussia_E,Russian,Zionist,0,0.5719984769821167,0.17160819470882416,0.5987296104431152,0.5,0.5,0.75,1.0047109127044678,5.0,0.023809523809523808,0,0
KremlinRussia_E,Russian,Russian,1,0.5853751301765442,0.14077512919902802,0.6708264052867889,1.0,0.5,0.7142857142857143,1.0047109127044678,4.5,0.02531645569620253,0,0
KremlinRussia_E,Russian,Western,0,0.44312626123428345,0.051748596131801605,0.8789965510368347,,,1.0,0.10660210996866226,4.0,0.0,0,0
KremlinRussia_E,Russian,Russian,1,0.5609362125396729,0.21838366985321045,0.48935478925704956,0.0,1.0,0.6666666666666666,0.10660210996866226,3.5,0.03389830508474576,0,0
KremlinRussia_E,Russian,Ukrainian,0,0.5118538737297058,0.20250414311885834,0.526485800743103,0.6666666666666666,0.33333333333333337,0.8888888888888888,0.10660210996866226,11.0,0.03076923076923077,0,0
KremlinRussia_E,Russian,Russian,1,0.516718327999115,0.2049712985754013,0.5207169055938721,0.3333333333333333,0.6666666666666667,0.7142857142857143,0.10660210996866226,4.5,0.04878048780487805,1,0
KremlinRussia_E,Russian,Russian,1,0.5280555486679077,0.14273498952388763,0.6662437319755554,0.0,1.0,0.8,0.10660210996866226,11.0,0.023076923076923078,0,0
KremlinRussia_E,Russian,Russian,1,0.6111253499984741,0.1530447006225586,0.6421365737915039,1.0,0.0,0.7142857142857143,0.10660210996866226,5.0,0.02564102564102564,0,0
KremlinRussia_E,Russian,Russian,1,0.5005593299865723,0.1670278012752533,0.6094399690628052,0.0,1.0,0.4,1.0047109127044678,3.0,0.03508771929824561,0,0
KremlinRussia_E,Russian,Russian,1,0.6079654693603516,0.2468288391828537,0.4228416681289673,0.0,1.0,0.5714285714285714,0.10660210996866226,4.5,0.0379746835443038,0,0
KremlinRussia_E,Russian,Russian,1,0.5594761371612549,0.21096506714820862,0.5067017674446106,0.6666666666666666,0.33333333333333337,0.8571428571428571,0.10660210996866226,5.0,0.05128205128205128,1,0
KremlinRussia_E,Russian,Russian,1,0.5928852558135986,0.20893780887126923,0.5114420652389526,1.0,0.0,0.8571428571428571,0.10660210996866226,9.5,0.03546099290780142,1,0
KremlinRussia_E,Russian,Russian,1,0.49246153235435486,0.16613121330738068,0.6115364134311676,0.0,1.0,0.625,1.0047109127044678,5.0,0.023255813953488372,0,0
KremlinRussia_E,Russian,Russian,1,0.5457913875579834,0.15023843944072723,0.6486984193325043,0.5,0.5,0.46153846153846156,0.10660210996866226,7.666666666666667,0.027972027972027972,0,0
KremlinRussia_E,Russian,Russian,1,0.5528789758682251,0.22101211547851562,0.48320871591567993,1.0,0.0,0.8333333333333334,0.10660210996866226,8.5,0.022058823529411766,0,0
KremlinRussia_E,Russian,Russian,1,0.5488969087600708,0.18418000638484955,0.569333016872406,1.0,0.0,0.9090909090909091,1.0004595518112183,10.5,0.024193548387096774,0,0
KremlinRussia_E,Russian,Ukrainian,0,0.7433441877365112,0.18947550654411316,0.5569505989551544,1.0,0.5,0.7857142857142857,1.0047109127044678,9.5,0.02564102564102564,0,0
KremlinRussia_E,Russian,Western,0,0.492992103099823,0.10056527704000473,0.7648488879203796,1.0,0.0,0.9090909090909091,0.10660210996866226,7.5,0.03225806451612903,0,0
KremlinRussia_E,Russian,Ukrainian,0,0.5602456331253052,0.11601357907056808,0.7287262082099915,0.5,0.5,0.8571428571428571,1.0047109127044678,9.0,0.0,0,0
KremlinRussia_E,Russian,Ukrainian,0,0.5583177208900452,0.22547563910484314,0.4727717638015747,1.0,0.25,0.8333333333333334,1.0047109127044678,8.0,0.04081632653061224,0,0
KremlinRussia_E,Russian,Ukrainian,0,0.6378614902496338,0.2215215563774109,0.48201751708984375,1.0,0.0,0.9090909090909091,1.0047109127044678,11.0,0.014084507042253521,0,0
KremlinRussia_E,Russian,Ukrainian,0,0.6844485998153687,0.2590453028678894,0.3942759037017822,1.0,0.33333333333333337,0.8461538461538461,1.0047109127044678,9.0,0.03225806451612903,0,0
KremlinRussia_E,Russian,Russian,1,0.45450472831726074,0.17128010094165802,0.5994968414306641,0.5,0.5,0.7692307692307693,0.10660210996866226,7.5,0.046875,0,0
KremlinRussia_E,Russian,Russian,1,0.5977905988693237,0.12932130694389343,0.6976088285446167,0.0,1.0,0.5714285714285714,0.10660210996866226,8.0,0.022727272727272728,0,0
KremlinRussia_E,Russian,Ukrainian,0,0.6457635164260864,0.22738805413246155,0.4682999849319458,0.75,0.25,0.7272727272727273,1.0047109127044678,8.5,0.029411764705882353,0,0
KremlinRussia_E,Russian,Ukrainian,0,0.5177702903747559,0.1380586177110672,0.6771783828735352,,,0.75,0.10660210996866226,2.5,0.047619047619047616,0,0
KremlinRussia_E,Russian,Russian,1,0.6216222047805786,0.20213235914707184,0.5273551940917969,0.5,0.5,0.7857142857142857,0.10660210996866226,7.0,0.047619047619047616,0,0
KremlinRussia_E,Russian,Ukrainian,0,0.69145667552948,0.19821441173553467,0.5365164875984192,0.6666666666666666,0.33333333333333337,0.75,1.0047109127044678,12.0,0.0,0,0
KremlinRussia_E,Russian,Russian,1,0.5325073599815369,0.22909103333950043,0.4643179178237915,0.3333333333333333,0.6666666666666667,0.625,0.10660210996866226,4.5,0.05063291139240506,1,0
KremlinRussia_E,Russian,Ukrainian,0,0.5013757944107056,0.14235572516918182,0.6671305298805237,1.0,0.0,0.8333333333333334,0.10660210996866226,4.0,0.030303030303030304,0,0
KremlinRussia_E,Russian,Ukrainian,0,0.6256039142608643,0.2107519656419754,0.5072000324726105,1.0,0.0,1.0,0.10660210996866226,11.0,0.02054794520547945,0,0
KremlinRussia_E,Russian,Russian,1,0.4940667450428009,0.17819112539291382,0.5833368301391602,0.0,1.0,0.6666666666666666,0.10660210996866226,4.0,0.03125,0,0
KremlinRussia_E,Russian,Russian,1,0.6301611661911011,0.21706579625606537,0.49243640899658203,0.6666666666666666,0.6666666666666667,0.5714285714285714,0.10660210996866226,4.5,0.047058823529411764,1,0
KremlinRussia_E,Russian,Ukrainian,0,0.6296778917312622,0.1506606489419937,0.6477111577987671,1.0,0.0,0.875,0.10660210996866226,6.5,0.02197802197802198,0,0
KremlinRussia_E,Russian,Western,0,0.5688481330871582,0.15795651078224182,0.6306512951850891,,,0.9166666666666666,0.10660210996866226,19.0,0.028985507246376812,1,0
KremlinRussia_E,Russian,Resistance,0,0.5307581424713135,0.13469402492046356,0.6850458681583405,0.5,0.5,1.0,0.10660210996866226,7.5,0.021052631578947368,0,0
KremlinRussia_E,Russian,Russian,1,0.5075252652168274,0.160140261054039,0.6255450546741486,0.0,1.0,0.75,0.10660210996866226,8.0,0.039735099337748346,0,0
KremlinRussia_E,Russian,Russian,1,0.4837442934513092,0.14748649299144745,0.6551332771778107,0.0,1.0,0.8571428571428571,0.10660210996866226,5.5,0.023255813953488372,0,0
KremlinRussia_E,Russian,Russian,1,0.5632568597793579,0.23397639393806458,0.45289450883865356,1.0,0.33333333333333337,0.9166666666666666,0.10660210996866226,9.0,0.027972027972027972,1,0
KremlinRussia_E,Russian,Zionist,0,0.4437236487865448,0.11115185171365738,0.7400943338871002,1.0,0.5,0.625,1.0047109127044678,5.0,0.024691358024691357,0,0
KremlinRussia_E,Russian,Russian,1,0.4466434121131897,0.16477814316749573,0.6147003173828125,0.6666666666666666,0.33333333333333337,0.7142857142857143,0.10660210996866226,4.5,0.04597701149425287,1,0
KremlinRussia_E,Russian,Resistance,0,0.47030770778656006,0.13603395223617554,0.6819126904010773,0.3333333333333333,0.6666666666666667,0.6666666666666666,1.0047109127044678,11.0,0.011627906976744186,0,0
KremlinRussia_E,Russian,Ukrainian,0,0.612407922744751,0.23384936153888702,0.45319151878356934,1.0,0.0,0.9166666666666666,0.10660210996866226,6.0,0.024793388429752067,0,0
KremlinRussia_E,Russian,Right-wing,0,0.4647487998008728,0.08546856045722961,0.8001494258642197,,,0.8461538461538461,0.10660210996866226,21.0,0.014285714285714285,0,0
KremlinRussia_E,Russian,Russian,1,0.46420881152153015,0.14688293635845184,0.6565446257591248,0.3333333333333333,0.6666666666666667,0.8,0.10660210996866226,7.5,0.02040816326530612,0,0
KremlinRussia_E,Russian,Russian,1,0.6238361597061157,0.24011752009391785,0.4385347366333008,1.0,0.0,0.8333333333333334,0.10660210996866226,3.0,0.03636363636363636,0,0
KremlinRussia_E,Russian,Ukrainian,0,0.6601449847221375,0.18692883849143982,0.5629055202007294,1.0,0.6666666666666667,0.7,1.0047109127044678,7.5,0.018018018018018018,0,0
KremlinRussia_E,Russian,Russian,1,0.6811681389808655,0.20329764485359192,0.5246303975582123,1.0,0.25,0.8181818181818182,1.0053688287734985,8.5,0.03636363636363636,1,0
KremlinRussia_E,Russian,Zionist,0,0.49372828006744385,0.176287442445755,0.5877882242202759,0.5,0.5,0.6923076923076923,1.0047109127044678,8.0,0.02962962962962963,0,0
KremlinRussia_E,Russian,Ukrainian,0,0.6721336841583252,0.21081016957759857,0.5070638954639435,1.0,0.33333333333333337,0.8571428571428571,1.0053688287734985,9.5,0.015267175572519083,0,0
KremlinRussia_E,Russian,Russian,1,0.642996072769165,0.2291233092546463,0.4642423987388611,1.0,0.0,0.9,1.0047109127044678,7.0,0.02,0,0
KremlinRussia_E,Russian,Russian,1,0.5220460891723633,0.15503400564193726,0.6374849379062653,0.0,1.0,0.6666666666666666,0.10660210996866226,8.0,0.03076923076923077,1,1
KremlinRussia_E,Russian,Russian,1,0.651749849319458,0.20940908789634705,0.5103400647640228,0.8,0.19999999999999996,0.8,0.10660210996866226,7.0,0.05309734513274336,1,0
KremlinRussia_E,Russian,Ukrainian,0,0.6179593801498413,0.20336413383483887,0.5244749486446381,1.0,0.33333333333333337,0.8571428571428571,1.0047109127044678,11.0,0.012195121951219513,0,0
KremlinRussia_E,Russian,Russian,1,0.6710165143013,0.2053782343864441,0.5197653770446777,0.75,0.25,0.7272727272727273,0.10660210996866226,8.0,0.04504504504504504,1,0
KremlinRussia_E,Russian,Ukrainian,0,0.6712773442268372,0.24610084295272827,0.42454397678375244,0.6666666666666666,0.6666666666666667,0.6,1.0053688287734985,5.5,0.04040404040404041,0,0
KremlinRussia_E,Russian,Russian,1,0.436946839094162,0.1524667739868164,0.6434878706932068,0.5,0.5,0.5714285714285714,0.10660210996866226,4.5,0.02564102564102564,0,0
KremlinRussia_E,Russian,Zionist,0,0.5261549949645996,0.1429278701543808,0.6657926440238953,0.0,1.0,0.7777777777777778,0.10660210996866226,7.0,0.020833333333333332,0,0
KremlinRussia_E,Russian,Right-wing,0,0.4358105957508087,0.08117648959159851,0.8101855218410492,0.0,1.0,1.0,0.10660210996866226,10.0,0.014492753623188406,0,0
KremlinRussia_E,Russian,Right-wing,0,0.4176312983036041,0.12985748052597046,0.6963551044464111,0.0,1.0,0.6,0.10660210996866226,8.0,0.016260162601626018,0,0
KremlinRussia_E,Russian,Ukrainian,0,0.6608086228370667,0.09747866541147232,0.7720662653446198,,,0.5,0.10660210996866226,1.6666666666666667,0.08333333333333333,0,0
KremlinRussia_E,Russian,Ukrainian,0,0.6291831135749817,0.22308145463466644,0.4783700704574585,1.0,0.0,1.0,0.10660210996866226,19.0,0.0,0,0
KremlinRussia_E,Russian,Russian,1,0.6592693328857422,0.23427033424377441,0.45220720767974854,0.5,0.5,0.8571428571428571,1.0047109127044678,5.0,0.03571428571428571,0,1
KremlinRussia_E,Russian,Russian,1,0.5746453404426575,0.20897716283798218,0.5113500356674194,0.0,1.0,0.6666666666666666,0.10660210996866226,3.5,0.03389830508474576,0,0
KremlinRussia_E,Russian,Ukrainian,0,0.7143802642822266,0.23337286710739136,0.4543057084083557,1.0,0.25,0.8181818181818182,1.0047109127044678,7.5,0.032,0,0
KremlinRussia_E,Russian,Russian,1,0.6329357028007507,0.26904329657554626,0.3708977699279785,1.0,0.0,1.0,0.10660210996866226,12.0,0.027777777777777776,0,0
KremlinRussia_E,Russian,Russian,1,0.6536288261413574,0.20630303025245667,0.5176029801368713,0.3333333333333333,0.6666666666666667,0.6,1.0047109127044678,7.5,0.02702702702702703,0,0
KremlinRussia_E,Russian,Resistance,0,0.6450095176696777,0.13060064613819122,0.6946173906326294,1.0,0.5,0.625,0.10660210996866226,4.333333333333333,0.04950495049504951,0,0
KremlinRussia_E,Russian,Zionist,0,0.5770353078842163,0.13007952272891998,0.6958358883857727,1.0,0.33333333333333337,0.625,0.10660210996866226,5.0,0.05333333333333334,1,0
KremlinRussia_E,Russian,Ukrainian,0,0.6309782266616821,0.22481238842010498,0.4743225574493408,0.5,0.5,0.7692307692307693,1.0047109127044678,8.5,0.03896103896103896,0,0
KremlinRussia_E,Russian,Ukrainian,0,0.5761322379112244,0.19622471928596497,0.5411689877510071,0.6666666666666666,0.33333333333333337,0.8461538461538461,0.10660210996866226,8.0,0.017391304347826087,0,0
KremlinRussia_E,Russian,Russian,1,0.4844399094581604,0.15718227624893188,0.632461667060852,0.6666666666666666,0.6666666666666667,0.6363636363636364,0.10660210996866226,7.5,0.017094017094017096,0,0
KremlinRussia_E,Russian,Ukrainian,0,0.6315981149673462,0.2109564244747162,0.5067219734191895,1.0,0.25,0.8333333333333334,1.0047109127044678,8.0,0.015151515151515152,0,0
KremlinRussia_E,Russian,Ukrainian,0,0.7180625200271606,0.2185906320810318,0.48887091875076294,1.0,0.25,0.8888888888888888,1.0047109127044678,13.0,0.0,0,0
KremlinRussia_E,Russian,Western,0,0.5809109807014465,0.177999347448349,0.5837852358818054,1.0,0.5,0.7333333333333333,0.10660210996866226,10.5,0.0136986301369863,0,0
KremlinRussia_E,Russian,Russian,1,0.5485804080963135,0.1584240198135376,0.6295581758022308,1.0,0.0,0.9230769230769231,1.0047109127044678,8.5,0.03355704697986577,0,0
KremlinRussia_E,Russian,Russian,1,0.5691549181938171,0.1490834653377533,0.6513990461826324,0.0,1.0,0.7142857142857143,0.10660210996866226,10.5,0.034482758620689655,0,0
KremlinRussia_E,Russian,Russian,1,0.5881395936012268,0.163230761885643,0.618318647146225,0.4,0.6,0.5,0.10660210996866226,8.5,0.022727272727272728,1,0
KremlinRussia_E,Russian,Russian,1,0.5701280832290649,0.17128154635429382,0.5994935035705566,0.5,0.5,0.8333333333333334,0.10660210996866226,9.5,0.015873015873015872,0,0
KremlinRussia_E,Russian,Left-wing,0,0.49274998903274536,0.13922730088233948,0.6744456589221954,0.0,1.0,0.7142857142857143,0.10660210996866226,7.5,0.04807692307692308,0,1
KremlinRussia_E,Russian,Russian,1,0.6732164025306702,0.1829092651605606,0.5723044574260712,0.6666666666666666,0.33333333333333337,0.75,1.0047109127044678,12.0,0.012048192771084338,0,0
KremlinRussia_E,Russian,Russian,1,0.5746641755104065,0.22259114682674408,0.47951650619506836,0.5,0.5,0.7692307692307693,0.10660210996866226,8.0,0.0234375,0,0
KremlinRussia_E,Russian,Ukrainian,0,0.5603016018867493,0.18579572439193726,0.5655549764633179,0.3333333333333333,0.6666666666666667,0.75,0.10660210996866226,6.333333333333333,0.02857142857142857,0,0
KremlinRussia_E,Russian,Right-wing,0,0.5961768627166748,0.10877333581447601,0.7456560134887695,0.0,1.0,0.5384615384615384,1.0056660175323486,7.5,0.028985507246376812,0,0
KremlinRussia_E,Russian,Russian,1,0.5376452803611755,0.18326273560523987,0.5714779496192932,0.6666666666666666,0.33333333333333337,0.8333333333333334,0.10660210996866226,10.0,0.036231884057971016,1,0
KremlinRussia_E,Russian,Left-wing,0,0.5407981872558594,0.15010449290275574,0.6490116119384766,0.5,0.5,0.5,0.10660210996866226,4.0,0.029850746268656716,0,0
KremlinRussia_E,Russian,Right-wing,0,0.4586848020553589,0.1300535351037979,0.6958966851234436,,,0.7777777777777778,0.10660210996866226,6.666666666666667,0.03571428571428571,0,0
KremlinRussia_E,Russian,Zionist,0,0.44824862480163574,0.10900532454252243,0.7451135516166687,0.5,1.0,0.7142857142857143,1.0047109127044678,9.0,0.0,0,0
KremlinRussia_E,Russian,Ukrainian,0,0.5404002666473389,0.2011745274066925,0.529594898223877,0.6666666666666666,0.33333333333333337,0.6923076923076923,1.0047109127044678,7.0,0.03816793893129771,0,0
KremlinRussia_E,Russian,Russian,1,0.6642475128173828,0.20356343686580658,0.5240088701248169,1.0,0.0,0.875,0.10660210996866226,6.5,0.021052631578947368,0,0
KremlinRussia_E,Russian,Ukrainian,0,0.6749952435493469,0.21595220267772675,0.4950403571128845,0.6666666666666666,0.33333333333333337,0.7777777777777778,1.0047109127044678,8.0,0.02857142857142857,0,0
KremlinRussia_E,Russian,Ukrainian,0,0.6158353090286255,0.1738012731075287,0.5936016142368317,0.3333333333333333,0.6666666666666667,0.9090909090909091,0.10660210996866226,9.5,0.032467532467532464,1,0
KremlinRussia_E,Russian,Ukrainian,0,0.55283522605896,0.18601477146148682,0.5650427937507629,0.5,0.5,0.6666666666666666,0.10660210996866226,7.5,0.024793388429752067,0,0
KremlinRussia_E,Russian,Western,0,0.5711637139320374,0.18797622621059418,0.560456395149231,,,1.0,0.9746288061141968,4.333333333333333,0.04938271604938271,0,0
KremlinRussia_E,Russian,Russian,1,0.5637072920799255,0.2208683341741562,0.4835449457168579,0.6666666666666666,0.33333333333333337,0.8181818181818182,0.10660210996866226,7.0,0.04065040650406504,0,0
KremlinRussia_E,Russian,Russian,1,0.48646214604377747,0.1912907361984253,0.5527061223983765,0.5,0.5,0.75,0.10660210996866226,4.5,0.03529411764705882,0,0
KremlinRussia_E,Russian,Russian,1,0.5553019046783447,0.16453517973423004,0.6152683794498444,1.0,0.0,0.8181818181818182,0.10660210996866226,7.0,0.036036036036036036,1,0
KremlinRussia_E,Russian,Resistance,0,0.5673043131828308,0.18599069118499756,0.5650991201400757,0.5,0.75,0.6,0.10660210996866226,9.5,0.03731343283582089,0,0
KremlinRussia_E,Russian,Zionist,0,0.4876442551612854,0.09644056856632233,0.7744936048984528,1.0,0.5,0.7142857142857143,1.0047109127044678,9.0,0.0,0,0
KremlinRussia_E,Russian,Russian,1,0.6360535621643066,0.13783010840415955,0.6777127683162689,1.0,0.0,1.0,1.0047109127044678,9.0,0.0,0,0
KremlinRussia_E,Russian,Russian,1,0.6768744587898254,0.2402706891298294,0.43817663192749023,0.75,0.25,0.7272727272727273,1.0047109127044678,8.5,0.017857142857142856,0,0
KremlinRussia_E,Russian,Russian,1,0.591156005859375,0.1852845698595047,0.5667502880096436,0.75,0.25,0.7,0.10660210996866226,8.0,0.03669724770642202,1,0
KremlinRussia_E,Russian,Zionist,0,0.46719908714294434,0.1339898705482483,0.6866923272609711,0.5,1.0,0.625,1.0047109127044678,5.0,0.023529411764705882,0,0
KremlinRussia_E,Russian,Russian,1,0.6255344152450562,0.22637587785720825,0.470666766166687,0.6666666666666666,0.6666666666666667,0.7,1.0047109127044678,6.0,0.03,0,0
KremlinRussia_E,Russian,Ukrainian,0,0.5272114276885986,0.14535072445869446,0.6601273119449615,1.0,0.0,0.8333333333333334,0.10660210996866226,4.5,0.02857142857142857,0,0
KremlinRussia_E,Russian,Western,0,0.4636257588863373,0.03453287109732628,0.9192520156502724,0.0,1.0,0.875,0.10660210996866226,7.5,0.03305785123966942,1,0
KremlinRussia_E,Russian,Russian,1,0.5512406826019287,0.17589454352855682,0.5887068808078766,0.5,0.5,0.8333333333333334,1.0047109127044678,4.0,0.037037037037037035,0,1
KremlinRussia_E,Russian,Resistance,0,0.5709148049354553,0.17796199023723602,0.5838726162910461,0.5,0.5,0.7142857142857143,1.0047109127044678,4.5,0.025,0,0
KremlinRussia_E,Russian,Ukrainian,0,0.4865141808986664,0.15773026645183563,0.6311802864074707,0.5,0.5,0.5714285714285714,1.0047109127044678,4.5,0.02531645569620253,0,0
KremlinRussia_E,Russian,Russian,1,0.6555389761924744,0.22822950780391693,0.4663323163986206,1.0,0.19999999999999996,0.8461538461538461,1.0047109127044678,9.0,0.02857142857142857,0,0
KremlinRussia_E,Russian,Russian,1,0.49780136346817017,0.1598118245601654,0.6263130903244019,1.0,0.0,0.7,0.10660210996866226,4.666666666666667,0.04950495049504951,0,0
KremlinRussia_E,Russian,Ukrainian,0,0.6756105422973633,0.2153816521167755,0.4963744878768921,1.0,0.33333333333333337,0.8333333333333334,1.0047109127044678,7.0,0.031746031746031744,0,0
Slavyangrad,Russian,Russian,1,0.6073645949363708,0.21384215354919434,0.5024356842041016,0.625,0.5,0.65,1.006149411201477,11.75,0.02973977695167286,0,1
Slavyangrad,Russian,Ukrainian,0,0.8575787544250488,0.21753372251987457,0.49384617805480957,0.6,0.4,0.8461538461538461,0.1110699325799942,12.5,0.02666666666666667,0,1
Slavyangrad,Russian,Resistance,0,0.6026089191436768,0.21410179138183594,0.5018315613269806,0.75,0.25,0.8947368421052632,0.1110699325799942,13.666666666666666,0.03463203463203463,0,1
Slavyangrad,Russian,Zionist,0,0.7211923599243164,0.10810837894678116,0.7484552264213562,0.6666666666666666,0.33333333333333337,0.8461538461538461,0.1110699325799942,6.666666666666667,0.03225806451612903,0,1
Slavyangrad,Russian,Zionist,0,0.6792459487915039,0.2204749882221222,0.48700249195098877,0.4,0.6,0.85,0.1110699325799942,13.5,0.043010752688172046,0,1
Slavyangrad,Russian,Russian,1,0.5352687835693359,0.07969225943088531,0.8145733773708344,,,1.0,0.1110699325799942,6.0,0.0,0,0
Slavyangrad,Russian,Ukrainian,0,0.7369821071624756,0.24342118203639984,0.4336116313934326,0.5,0.6666666666666667,0.8421052631578947,0.1110699325799942,8.666666666666666,0.033707865168539325,0,1
Slavyangrad,Russian,Resistance,0,0.4960906505584717,0.12349162995815277,0.7126616835594177,0.42857142857142855,0.5714285714285714,0.8076923076923077,0.1110699325799942,9.666666666666666,0.04709141274238227,0,1
Slavyangrad,Russian,Ukrainian,0,0.7179156541824341,0.12326531857252121,0.7131883502006531,0.875,0.125,0.9487179487179487,1.0013502836227417,21.666666666666668,0.021897810218978103,0,1
Slavyangrad,Russian,Ukrainian,0,0.48384931683540344,0.08695336431264877,0.7976784408092499,0.6666666666666666,0.6666666666666667,0.3333333333333333,0.1110699325799942,3.0,0.06896551724137931,0,1
Slavyangrad,Russian,Resistance,0,0.817315936088562,0.22536878287792206,0.4756156802177429,0.7142857142857143,0.4285714285714286,0.9117647058823529,1.0013502836227417,9.0,0.020134228187919462,0,1
Slavyangrad,Russian,Zionist,0,0.38845670223236084,0.08327119797468185,0.8062460124492645,0.0,1.0,0.3333333333333333,0.1110699325799942,3.0,0.07407407407407407,0,1
Slavyangrad,Russian,Zionist,0,0.8655909299850464,0.1980055719614029,0.5392839312553406,0.75,0.25,0.8333333333333334,1.005264163017273,9.0,0.025210084033613446,0,1
Slavyangrad,Russian,Zionist,0,0.6760201454162598,0.20759758353233337,0.516965389251709,1.0,0.0,0.9,0.1110699325799942,10.0,0.014705882352941176,0,0
Slavyangrad,Russian,Russian,1,0.6654489040374756,0.21858802437782288,0.4913930892944336,1.0,0.0,1.0,0.1110699325799942,10.0,0.0,0,0
Slavyangrad,Russian,Russian,1,0.558107852935791,0.039483338594436646,0.9081308543682098,1.0,0.0,1.0,0.1110699325799942,5.0,0.0,0,0
Slavyangrad,Russian,Resistance,0,0.8006225824356079,0.2194412797689438,0.48940765857696533,0.8,0.4,0.9354838709677419,1.0013502836227417,13.4,0.04197530864197531,0,1
Slavyangrad,Russian,Resistance,0,0.8185045719146729,0.15098066627979279,0.6487007141113281,0.625,0.375,0.9743589743589743,1.0055620670318604,12.0,0.030434782608695653,0,1
Slavyangrad,Russian,Ukrainian,0,0.5126103758811951,0.12054518610239029,0.7195175290107727,0.75,0.25,0.7777777777777778,1.0013502836227417,22.0,0.01060070671378092,0,1
Slavyangrad,Russian,Ukrainian,0,0.8406724333763123,0.1571008265018463,0.63446044921875,0.8571428571428571,0.2857142857142857,0.9459459459459459,0.1110699325799942,18.0,0.03824091778202677,0,1
Slavyangrad,Russian,Resistance,0,0.656633734703064,0.2471664845943451,0.4248971939086914,0.6842105263157895,0.368421052631579,0.7758620689655172,0.6049857139587402,11.821428571428571,0.03062117235345582,0,0
Slavyangrad,Russian,Zionist,0,0.5759086012840271,0.11532977968454361,0.7316526174545288,0.5,0.5,0.6666666666666666,0.1110699325799942,7.0,0.03614457831325301,0,1
Slavyangrad,Russian,Zionist,0,0.5556302070617676,0.051352329552173615,0.8805143237113953,1.0,0.0,0.6666666666666666,0.1110699325799942,5.0,0.0,0,0
Slavyangrad,Russian,Right-wing,0,0.6570518612861633,0.20125848054885864,0.5317150950431824,0.6666666666666666,0.33333333333333337,0.9,0.1110699325799942,7.666666666666667,0.03007518796992481,0,1
Slavyangrad,Russian,Resistance,0,0.602813184261322,0.12754997611045837,0.7032188773155212,0.6363636363636364,0.36363636363636365,0.8431372549019608,1.0013502836227417,14.428571428571429,0.02576489533011272,0,1
Slavyangrad,Russian,Russian,1,0.6804362535476685,0.2607634365558624,0.3932599425315857,0.75,0.25,0.9,0.1110699325799942,5.333333333333333,0.02857142857142857,0,1
Slavyangrad,Russian,Russian,1,0.6641320586204529,0.18231122195720673,0.5758013129234314,0.3333333333333333,0.6666666666666667,0.8,0.1110699325799942,3.0,0.08163265306122448,0,0
Slavyangrad,Russian,Resistance,0,0.7826758027076721,0.17132842540740967,0.6013559103012085,1.0,0.0,1.0,0.7585391402244568,7.0,0.0,0,0
Slavyangrad,Russian,Russian,1,0.4649059772491455,0.15091729164123535,0.6488482356071472,,,1.0,0.1110699325799942,5.0,0.0,0,0
Slavyangrad,Russian,Zionist,0,0.7802647352218628,0.1595752239227295,0.6287030577659607,0.5,0.625,0.8378378378378378,0.7986724376678467,16.0,0.02557544757033248,0,1
Slavyangrad,Russian,Left-wing,0,0.602065920829773,0.15725338459014893,0.6341055035591125,0.6666666666666666,0.33333333333333337,0.8461538461538461,0.1110699325799942,10.0,0.03424657534246575,0,1
Slavyangrad,Russian,Western,0,0.5609189867973328,0.19499722123146057,0.5462837219238281,0.0,1.0,0.625,0.1110699325799942,4.666666666666667,0.04,0,1
Slavyangrad,Russian,Russian,1,0.661885142326355,0.23395569622516632,0.45563578605651855,0.625,0.375,0.8983050847457628,0.1110699325799942,25.2,0.02383939774153074,0,1
Slavyangrad,Russian,Ukrainian,0,0.8199664354324341,0.23461920022964478,0.4540919065475464,0.5,0.5,0.875,0.1110699325799942,8.0,0.02830188679245283,0,1
Slavyangrad,Russian,Ukrainian,0,0.7551009654998779,0.19934207201004028,0.5361742079257965,0.7777777777777778,0.4444444444444444,0.8,0.1110699325799942,13.333333333333334,0.04194260485651214,0,1
Slavyangrad,Russian,Resistance,0,0.849041223526001,0.20929600298404694,0.5130136013031006,0.8571428571428571,0.2857142857142857,0.9523809523809523,1.0045994520187378,18.5,0.03463203463203463,0,1
Slavyangrad,Russian,Zionist,0,0.7672557830810547,0.15983960032463074,0.6280878782272339,1.0,0.0,1.0,0.1110699325799942,5.0,0.0,0,0
Slavyangrad,Russian,Zionist,0,0.7763571739196777,0.24110020697116852,0.4390121102333069,0.7142857142857143,0.4285714285714286,0.8823529411764706,1.0054343938827515,14.5,0.027624309392265192,0,1
Slavyangrad,Russian,Resistance,0,0.8208088874816895,0.13470381498336792,0.6865734457969666,0.8333333333333334,0.33333333333333337,0.8888888888888888,0.1110699325799942,25.75,0.02631578947368421,0,1
Slavyangrad,Russian,Zionist,0,0.6982922554016113,0.18861427903175354,0.5611354112625122,1.0,0.0,0.8666666666666667,0.1110699325799942,28.0,0.0,0,0
Slavyangrad,Russian,Russian,1,0.41265395283699036,0.04101976007223129,0.904555931687355,1.0,0.0,0.5,0.1110699325799942,6.5,0.04411764705882353,0,0
Slavyangrad,Russian,Zionist,0,0.6915723085403442,0.04249759763479233,0.9011172950267792,0.5,0.5,0.7777777777777778,0.1110699325799942,13.0,0.022222222222222223,0,1
Slavyangrad,Russian,Russian,1,0.5972737073898315,0.14327149093151093,0.6666382849216461,,,0.7142857142857143,0.1110699325799942,5.5,0.029411764705882353,0,0
Slavyangrad,Russian,Ukrainian,0,0.4413074553012848,0.13766945898532867,0.6796730160713196,0.0,1.0,0.6666666666666666,0.1110699325799942,6.0,0.030303030303030304,0,1
Slavyangrad,Russian,Left-wing,0,0.3466228246688843,0.025236686691641808,0.9412797018885612,0.25,1.0,0.7222222222222222,1.0027531385421753,11.0,0.031746031746031744,0,1
Slavyangrad,Russian,Russian,1,0.4702220559120178,0.17833711206912994,0.5850481986999512,0.5,0.5,0.9,1.000361442565918,21.0,0.023622047244094488,0,1
Slavyangrad,Russian,Zionist,0,0.3832555413246155,0.08900786191225052,0.7928979843854904,,,0.3333333333333333,0.1110699325799942,12.0,0.10144927536231885,0,0
Slavyangrad,Russian,Zionist,0,0.6833738684654236,0.16125738620758057,0.6247890293598175,1.0,0.0,1.0,0.1110699325799942,16.0,0.0,0,0
Slavyangrad,Russian,Western,0,0.37060120701789856,0.09016142040491104,0.790213942527771,0.0,1.0,0.5,0.1110699325799942,8.0,0.02127659574468085,0,0
Slavyangrad,Russian,Western,0,0.7117348909378052,0.2325846254825592,0.458825945854187,0.875,0.125,0.9259259259259259,0.9978646039962769,13.75,0.029411764705882353,0,1
Slavyangrad,Russian,Zionist,0,0.38461846113204956,0.0624079555273056,0.8547902405261993,,,0.8,0.1110699325799942,6.0,0.0273972602739726,0,0
Slavyangrad,Russian,Resistance,0,0.8389602303504944,0.15452000498771667,0.6404654383659363,0.5,0.5,0.9180327868852459,1.0013502836227417,18.333333333333332,0.02442528735632184,0,1
Slavyangrad,Russian,Left-wing,0,0.7296476364135742,0.13681763410568237,0.6816550195217133,0.8571428571428571,0.1428571428571429,0.9615384615384616,0.1110699325799942,9.333333333333334,0.03003003003003003,0,1
Slavyangrad,Russian,Left-wing,0,0.6141986846923828,0.23178043961524963,0.46069711446762085,0.6666666666666666,0.5,0.9,0.1110699325799942,13.0,0.03189792663476874,0,1
Slavyangrad,Russian,Resistance,0,0.7825120687484741,0.18563255667686462,0.5680732429027557,0.6666666666666666,1.0,0.6,0.1110699325799942,11.0,0.025,0,1
Slavyangrad,Russian,Right-wing,0,0.8562749624252319,0.1807929426431656,0.5793340504169464,0.6666666666666666,0.5,0.8888888888888888,0.1110699325799942,7.6,0.052830188679245285,0,1
Slavyangrad,Russian,Ukrainian,0,0.6104783415794373,0.1321777105331421,0.692451149225235,0.8571428571428571,0.2857142857142857,0.9354838709677419,0.1110699325799942,14.6,0.025,0,1
Slavyangrad,Russian,Right-wing,0,0.4456983208656311,0.11107178032398224,0.7415600419044495,0.3333333333333333,0.8333333333333334,0.8032786885245902,0.9700050354003906,13.8,0.02689486552567237,0,1
Slavyangrad,Russian,Russian,1,0.7873893976211548,0.11671502143144608,0.7284294664859772,0.5,0.75,0.8421052631578947,1.0049474239349365,15.0,0.018604651162790697,0,1
Slavyangrad,Russian,Zionist,0,0.6868810653686523,0.21896809339523315,0.49050867557525635,0.8,0.19999999999999996,0.8181818181818182,0.1110699325799942,8.5,0.02608695652173913,0,1
Slavyangrad,Russian,Ukrainian,0,0.7692174911499023,0.1700914204120636,0.6042341589927673,0.7692307692307693,0.23076923076923073,0.8135593220338984,0.1110699325799942,19.666666666666668,0.038781163434903045,0,1
Slavyangrad,Russian,Resistance,0,0.6327399015426636,0.1294575035572052,0.6987804770469666,0.5,0.5833333333333333,0.8611111111111112,0.1110699325799942,14.166666666666666,0.023346303501945526,0,1
Slavyangrad,Russian,Resistance,0,0.822568416595459,0.2262135148048401,0.47365015745162964,0.8571428571428571,0.2857142857142857,0.9215686274509803,0.1110699325799942,18.333333333333332,0.020958083832335328,0,1
Slavyangrad,Russian,Left-wing,0,0.7636775970458984,0.17010994255542755,0.6041910350322723,0.7777777777777778,0.33333333333333337,0.9487179487179487,0.1110699325799942,20.0,0.019522776572668113,0,1
Slavyangrad,Russian,Right-wing,0,0.6289493441581726,0.19451762735843658,0.5473996698856354,0.6666666666666666,0.33333333333333337,0.6956521739130435,0.8296442031860352,12.75,0.030959752321981424,0,1
Slavyangrad,Russian,Resistance,0,0.970275342464447,0.22248892486095428,0.4823164939880371,0.6666666666666666,0.5,0.8888888888888888,0.1110699325799942,6.8,0.059574468085106386,0,1
Slavyangrad,Russian,Ukrainian,0,0.48080798983573914,0.05309499427676201,0.8764594942331314,0.0,1.0,0.75,0.1110699325799942,9.0,0.03614457831325301,0,1
Slavyangrad,Russian,Zionist,0,0.5621961355209351,0.11915656179189682,0.7227484583854675,0.2857142857142857,0.7142857142857143,0.7941176470588235,0.6578506827354431,16.0,0.028169014084507043,0,1
Slavyangrad,Russian,Ukrainian,0,0.7570934295654297,0.17494112253189087,0.5929499268531799,0.7,0.4,0.8214285714285714,1.005630373954773,15.857142857142858,0.03212290502793296,0,1
Slavyangrad,Russian,Russian,1,0.7134352922439575,0.19840720295906067,0.538349449634552,0.7857142857142857,0.5,0.775,1.0054343938827515,20.5,0.027613412228796843,0,1
Slavyangrad,Russian,Zionist,0,0.6536107659339905,0.19991156458854675,0.5348491072654724,0.6666666666666666,0.33333333333333337,0.7333333333333333,1.0001188516616821,10.666666666666666,0.03007518796992481,0,1
Slavyangrad,Russian,Right-wing,0,0.4605293869972229,0.06374828517436981,0.8516715466976166,0.0,1.0,0.6190476190476191,0.1110699325799942,11.833333333333334,0.021231422505307854,0,1
Slavyangrad,Russian,Ukrainian,0,0.5057953596115112,0.18856489658355713,0.5612503290176392,0.3333333333333333,0.6666666666666667,0.7096774193548387,0.1110699325799942,12.0,0.050997782705099776,0,1
Slavyangrad,Russian,Resistance,0,0.6915543079376221,0.14951615035533905,0.6521083414554596,0.75,0.375,0.9512195121951219,0.1110699325799942,13.333333333333334,0.023529411764705882,0,1
Slavyangrad,Russian,Zionist,0,0.6885614991188049,0.19165213406085968,0.5540670156478882,0.7142857142857143,0.2857142857142857,0.7692307692307693,0.1110699325799942,17.6,0.02086677367576244,0,1
Slavyangrad,Russian,Resistance,0,0.7951721549034119,0.2135465294122696,0.5031234920024872,0.8,0.19999999999999996,0.958904109589041,1.0013502836227417,18.375,0.025219298245614034,0,1
Slavyangrad,Russian,Ukrainian,0,0.7264431715011597,0.19950786232948303,0.535788357257843,0.6666666666666666,0.33333333333333337,0.9615384615384616,0.7148534655570984,15.75,0.036414565826330535,0,1
Slavyangrad,Russian,Left-wing,0,0.4370555579662323,0.12664538621902466,0.7053235769271851,0.3333333333333333,1.0,0.7391304347826086,0.1110699325799942,12.25,0.023952095808383235,0,0
Slavyangrad,Russian,Ukrainian,0,0.6167569160461426,0.1166178360581398,0.7286555767059326,0.7777777777777778,0.2222222222222222,0.7777777777777778,1.0013502836227417,8.666666666666666,0.049079754601226995,0,2
Slavyangrad,Russian,Ukrainian,0,0.9330494403839111,0.17823120951652527,0.585294634103775,0.7142857142857143,0.2857142857142857,0.9354838709677419,0.1110699325799942,12.4,0.03333333333333333,0,1
Slavyangrad,Russian,Western,0,0.5659875273704529,0.23687644302845,0.44883978366851807,0.5,0.5,0.8181818181818182,0.1110699325799942,10.5,0.016,0,0
Slavyangrad,Russian,Resistance,0,0.6379446387290955,0.18161578476428986,0.5774194598197937,0.7142857142857143,0.4285714285714286,0.8275862068965517,0.1110699325799942,16.666666666666668,0.03205128205128205,0,1
Slavyangrad,Russian,Zionist,0,0.6359952092170715,0.16806785762310028,0.6089425086975098,0.5,0.5,0.7692307692307693,0.1110699325799942,4.6,0.039735099337748346,0,1
Slavyangrad,Russian,Resistance,0,0.8421973586082458,0.17265120148658752,0.5982780754566193,0.75,0.25,0.8666666666666667,0.998677670955658,22.25,0.02831858407079646,0,1
Slavyangrad,Russian,Zionist,0,0.5090768337249756,0.20224225521087646,0.529426097869873,0.5,0.5,0.7,0.1110699325799942,10.5,0.031746031746031744,0,1
Slavyangrad,Russian,Ukrainian,0,0.5905178785324097,0.19617289304733276,0.5435481667518616,0.5714285714285714,0.4285714285714286,0.8157894736842105,0.1110699325799942,22.25,0.03327495621716287,0,1
Slavyangrad,Russian,Ukrainian,0,0.7051148414611816,0.20966513454914093,0.5121546983718872,0.6666666666666666,0.33333333333333337,0.8888888888888888,0.1110699325799942,4.333333333333333,0.03260869565217391,0,1
Slavyangrad,Russian,Right-wing,0,0.662945032119751,0.21458660066127777,0.5007034540176392,0.8181818181818182,0.36363636363636365,0.7803468208092486,0.4986533224582672,18.785714285714285,0.015,0,0
Slavyangrad,Russian,Russian,1,0.6498605608940125,0.2541638910770416,0.40861570835113525,0.6666666666666666,0.5,0.8181818181818182,1.0060935020446777,8.0,0.03773584905660377,0,1
Slavyangrad,Russian,Resistance,0,0.7518002390861511,0.217132568359375,0.4947795867919922,0.25,1.0,0.875,0.1110699325799942,13.0,0.011235955056179775,0,1
Slavyangrad,Russian,Resistance,0,0.5979424715042114,0.1642475426197052,0.6178315281867981,0.75,0.75,0.8333333333333334,0.1110699325799942,6.0,0.0410958904109589,0,1
Slavyangrad,Russian,Ukrainian,0,0.6476011276245117,0.22744493186473846,0.4707849621772766,0.375,0.875,0.8,0.1110699325799942,29.5,0.0110803324099723,0,1
Slavyangrad,Russian,Russian,1,0.5831767916679382,0.08026792854070663,0.8132339417934418,1.0,0.0,1.0,0.1110699325799942,9.0,0.0,0,0
Slavyangrad,Russian,Western,0,0.596327006816864,0.13381913304328918,0.6886318922042847,0.8,0.19999999999999996,0.8095238095238095,0.1110699325799942,17.5,0.02631578947368421,0,1
Slavyangrad,Russian,Russian,1,0.5926149487495422,0.22532746195793152,0.4757118225097656,0.3333333333333333,0.6666666666666667,0.8888888888888888,0.1110699325799942,7.0,0.043010752688172046,0,1
Slavyangrad,Russian,Russian,1,0.49941062927246094,0.13995696604251862,0.6743505001068115,0.3333333333333333,0.6666666666666667,0.5714285714285714,0.1110699325799942,6.5,0.03488372093023256,0,1
Slavyangrad,Russian,Russian,1,0.6400411128997803,0.19430403411388397,0.547896683216095,0.8333333333333334,0.33333333333333337,0.8596491228070176,0.998677670955658,16.571428571428573,0.024,0,1
Slavyangrad,Russian,Ukrainian,0,0.5065888166427612,0.08513209968805313,0.8019161075353622,0.3333333333333333,0.6666666666666667,0.3333333333333333,0.1110699325799942,3.0,0.075,0,1
Slavyangrad,Russian,Zionist,0,0.6385982036590576,0.16695041954517365,0.6115425229072571,0.4,0.6,0.8292682926829268,0.998677670955658,10.625,0.030364372469635626,0,1
Slavyangrad,Russian,Russian,1,0.5501217842102051,0.15678799152374268,0.6351883709430695,0.0,1.0,0.0,0.1110699325799942,2.0,0.06666666666666667,0,1
Slavyangrad,Russian,Zionist,0,0.8223509192466736,0.19335657358169556,0.5501011312007904,0.8333333333333334,0.16666666666666663,0.8947368421052632,0.1110699325799942,12.0,0.02608695652173913,0,1
Slavyangrad,Russian,Zionist,0,0.5954469442367554,0.16638875007629395,0.6128493547439575,0.75,0.25,0.7142857142857143,1.006149411201477,13.0,0.01948051948051948,0,0
Slavyangrad,Russian,Zionist,0,0.7315130829811096,0.22437146306037903,0.4779362678527832,0.75,0.25,0.75,0.1110699325799942,10.0,0.0379746835443038,0,1
Slavyangrad,Russian,Russian,1,0.861190676689148,0.20852278172969818,0.5148126780986786,0.75,0.25,0.9473684210526315,0.1110699325799942,11.666666666666666,0.03524229074889868,0,1
Slavyangrad,Russian,Russian,1,0.6214983463287354,0.20152710378170013,0.5310900807380676,0.3333333333333333,0.6666666666666667,0.8461538461538461,0.1110699325799942,12.0,0.03289473684210526,0,1
Slavyangrad,Russian,Ukrainian,0,0.6019902229309082,0.19378748536109924,0.549098551273346,0.3333333333333333,0.6666666666666667,0.9411764705882353,0.1110699325799942,13.0,0.01744186046511628,0,1
Slavyangrad,Russian,Russian,1,0.6192047595977783,0.19026552140712738,0.5572933554649353,1.0,0.5,0.8,0.1110699325799942,8.0,0.018867924528301886,0,0
Slavyangrad,Russian,Zionist,0,0.7204936742782593,0.173375204205513,0.5965934693813324,0.8235294117647058,0.23529411764705888,0.9037037037037037,0.1110699325799942,27.181818181818183,0.029304029304029304,0,1
Slavyangrad,Russian,Resistance,0,0.7394448518753052,0.18479926884174347,0.5700122117996216,0.3333333333333333,0.6666666666666667,0.75,0.1110699325799942,10.0,0.026143790849673203,0,1
Slavyangrad,Russian,Zionist,0,0.6544468402862549,0.1938350945711136,0.5489878058433533,0.9615384615384616,0.2692307692307693,0.85,0.1110699325799942,20.333333333333332,0.05530973451327434,0,1
Slavyangrad,Russian,Ukrainian,0,0.4091719388961792,0.1303628832101822,0.6966739296913147,1.0,0.0,0.7777777777777778,0.1110699325799942,10.333333333333334,0.011111111111111112,0,0
Slavyangrad,Russian,Ukrainian,0,0.4114363193511963,0.13341504335403442,0.6895721256732941,0.0,1.0,0.4,1.006149411201477,8.0,0.019230769230769232,0,0
Slavyangrad,Russian,Resistance,0,0.6634323596954346,0.1766815185546875,0.5889003574848175,0.5,0.6666666666666667,0.5555555555555556,0.1110699325799942,13.0,0.045714285714285714,0,1
Slavyangrad,Russian,Ukrainian,0,0.5733999013900757,0.1206662654876709,0.719235748052597,0.6666666666666666,0.5,0.8541666666666666,1.0052437782287598,10.375,0.04267161410018553,0,1
Slavyangrad,Russian,Russian,1,0.6485999822616577,0.19848205149173737,0.5381752848625183,0.5,0.5714285714285714,0.7926829268292683,0.7255982756614685,19.375,0.017189079878665317,0,1
Slavyangrad,Russian,Zionist,0,0.7018550634384155,0.2423573136329651,0.43608707189559937,1.0,0.0,1.0,0.1110699325799942,8.0,0.037037037037037035,0,0
Slavyangrad,Russian,Zionist,0,0.7282999753952026,0.20144788920879364,0.5312743186950684,0.5,0.5,1.0,0.1110699325799942,5.5,0.0379746835443038,0,0
Slavyangrad,Russian,Zionist,0,0.6658589243888855,0.15052169561386108,0.6497686505317688,0.8,0.19999999999999996,0.9285714285714286,0.7405776977539062,8.5,0.024390243902439025,0,1
Slavyangrad,Russian,Russian,1,0.5889812707901001,0.17456617951393127,0.5938223600387573,0.0,1.0,0.5,0.1110699325799942,6.0,0.02564102564102564,0,1
Slavyangrad,Russian,Western,0,0.6677806973457336,0.2583702504634857,0.3988284468650818,0.9166666666666666,0.33333333333333337,0.8085106382978723,0.1110699325799942,14.375,0.03234501347708895,0,1
Slavyangrad,Russian,Western,0,0.45171940326690674,0.06798577308654785,0.8418119102716446,,,1.0,0.1110699325799942,5.0,0.057692307692307696,0,0
Slavyangrad,Russian,Resistance,0,0.7185909748077393,0.21656492352485657,0.49610036611557007,0.5,0.5,0.75,0.1110699325799942,6.0,0.021505376344086023,0,1
Slavyangrad,Russian,Russian,1,0.5951246023178101,0.19145922362804413,0.5545158088207245,0.5,0.5,0.8108108108108109,0.1110699325799942,13.833333333333334,0.018083182640144666,0,1
Slavyangrad,Russian,Resistance,0,0.5725729465484619,0.14744265377521515,0.656932920217514,1.0,0.0,0.8181818181818182,0.1110699325799942,11.0,0.016,0,0
Slavyangrad,Russian,Zionist,0,0.7368685007095337,0.19542215764522552,0.545295000076294,0.6666666666666666,0.33333333333333337,0.9024390243902439,0.1110699325799942,12.0,0.04158790170132325,0,1
Slavyangrad,Russian,Western,0,0.5843256711959839,0.1349952220916748,0.6858953237533569,0.6666666666666666,0.4285714285714286,0.8022598870056498,0.7839992046356201,23.333333333333332,0.030206112295664535,0,1
Slavyangrad,Russian,Russian,1,0.45125439763069153,0.13902896642684937,0.6765097081661224,0.0,1.0,0.5,0.1110699325799942,6.0,0.023809523809523808,0,1
Slavyangrad,Russian,Russian,1,0.5749304890632629,0.1396867334842682,0.6749792098999023,0.5,0.5,0.7142857142857143,0.1110699325799942,15.5,0.0196078431372549,0,1
Slavyangrad,Russian,Russian,1,0.45344817638397217,0.14384113252162933,0.6653128564357758,0.6,0.6,0.625,0.1110699325799942,7.0,0.033707865168539325,0,1
Slavyangrad,Russian,Russian,1,0.6664851903915405,0.15112172067165375,0.6483725011348724,0.5,0.5,0.8,0.1110699325799942,5.25,0.032679738562091505,0,1
Slavyangrad,Russian,Russian,1,0.5254548788070679,0.19697384536266327,0.5416845679283142,0.6,0.4,0.6842105263157895,0.1110699325799942,14.0,0.032388663967611336,0,1
Slavyangrad,Russian,Ukrainian,0,0.4591093361377716,0.14139613509178162,0.6710018813610077,0.3333333333333333,1.0,0.4,0.1110699325799942,10.0,0.01818181818181818,0,1
Slavyangrad,Russian,Ukrainian,0,0.531139075756073,0.2078959047794342,0.5162713527679443,0.5,0.5,0.8947368421052632,0.1110699325799942,18.0,0.023255813953488372,0,1
Slavyangrad,Russian,Resistance,0,0.8354505300521851,0.17914479970932007,0.5831689834594727,0.9090909090909091,0.09090909090909094,0.9705882352941176,1.0013502836227417,16.75,0.022988505747126436,0,1
Slavyangrad,Russian,Russian,1,0.6150448322296143,0.20545609295368195,0.5219481587409973,0.8,0.19999999999999996,0.9230769230769231,0.1110699325799942,10.5,0.014814814814814815,0,1
Slavyangrad,Russian,Zionist,0,0.7679873704910278,0.14326217770576477,0.6666600108146667,0.6666666666666666,1.0,0.6666666666666666,1.006149411201477,6.333333333333333,0.04201680672268908,0,1
Slavyangrad,Russian,Resistance,0,0.727088451385498,0.2162122279405594,0.4969210624694824,0.42857142857142855,0.5714285714285714,0.782608695652174,0.1110699325799942,10.2,0.03793103448275862,0,1
Slavyangrad,Russian,Resistance,0,0.49220502376556396,0.1876160204410553,0.5634581744670868,0.6666666666666666,0.33333333333333337,0.8666666666666667,0.1110699325799942,6.0,0.041666666666666664,0,0
Slavyangrad,Russian,Resistance,0,0.8149465918540955,0.2047651708126068,0.5235558152198792,0.8571428571428571,0.2857142857142857,0.7777777777777778,1.0055620670318604,27.0,0.015873015873015872,0,1
Slavyangrad,Russian,Resistance,0,0.7017513513565063,0.22747096419334412,0.47072434425354004,0.9285714285714286,0.1428571428571429,0.8571428571428571,1.0013502836227417,28.166666666666668,0.02443609022556391,0,1
Slavyangrad,Russian,Zionist,0,0.7667096853256226,0.21006225049495697,0.5112307071685791,1.0,0.5,0.8,1.0056380033493042,17.0,0.0,0,0
Slavyangrad,Russian,Ukrainian,0,0.41143637895584106,0.13341504335403442,0.6895721256732941,0.0,1.0,0.4,1.006149411201477,8.0,0.019230769230769232,0,0
Slavyangrad,Russian,Russian,1,0.7132402062416077,0.18219639360904694,0.5760684609413147,0.375,0.625,0.8928571428571429,0.1110699325799942,18.0,0.017391304347826087,0,1
Slavyangrad,Russian,Western,0,0.6271449327468872,0.18530742824077606,0.5688298046588898,0.8571428571428571,0.1428571428571429,0.9130434782608695,0.1110699325799942,15.666666666666666,0.011152416356877323,0,1
Slavyangrad,Russian,Resistance,0,0.798725962638855,0.2430780678987503,0.43441009521484375,0.6666666666666666,0.33333333333333337,0.9,0.1110699325799942,8.0,0.02830188679245283,0,1
Slavyangrad,Russian,Right-wing,0,0.7563191652297974,0.17238344252109528,0.598901093006134,0.6666666666666666,0.5,0.7777777777777778,0.1110699325799942,14.0,0.031413612565445025,0,1
Slavyangrad,Russian,Right-wing,0,0.5767041444778442,0.19418996572494507,0.548162043094635,0.5714285714285714,0.4285714285714286,0.7843137254901961,0.1110699325799942,14.142857142857142,0.03754266211604096,0,0
Slavyangrad,Russian,Resistance,0,0.8291680812835693,0.18518611788749695,0.5691120326519012,0.6666666666666666,0.5555555555555556,0.8309859154929577,0.1110699325799942,27.0,0.016304347826086956,0,1
Slavyangrad,Russian,Russian,1,0.5197854042053223,0.15112343430519104,0.6483684778213501,0.5,0.625,0.88,0.1110699325799942,11.0,0.04032258064516129,0,1
Slavyangrad,Russian,Left-wing,0,0.4223563075065613,0.09285137802362442,0.7839549481868744,0.4,0.6,0.5789473684210527,0.1110699325799942,11.0,0.023076923076923078,0,1
Slavyangrad,Russian,Resistance,0,0.6016749143600464,0.12577174603939056,0.7073563635349274,0.375,0.625,0.8888888888888888,0.1110699325799942,9.333333333333334,0.03783783783783784,0,1
Slavyangrad,Russian,Resistance,0,0.6719835996627808,0.1993100494146347,0.5362487137317657,1.0,0.0,0.8947368421052632,0.1110699325799942,10.333333333333334,0.015228426395939087,0,0
Slavyangrad,Russian,Zionist,0,0.6500978469848633,0.17646951973438263,0.5893936455249786,0.3333333333333333,0.6666666666666667,0.6666666666666666,1.0058101415634155,17.0,0.00909090909090909,0,1
Slavyangrad,Russian,Resistance,0,0.8321384191513062,0.1740727722644806,0.5949703752994537,0.8333333333333334,0.33333333333333337,0.9375,1.0054343938827515,11.0,0.013793103448275862,0,1
Slavyangrad,Russian,Russian,1,0.752272367477417,0.22892509400844574,0.46734094619750977,1.0,0.5,1.0,1.0029445886611938,3.3333333333333335,0.023809523809523808,0,0
Slavyangrad,Russian,Zionist,0,0.7112939357757568,0.12919488549232483,0.6993914842605591,0.4,0.6,0.8947368421052632,0.1110699325799942,11.333333333333334,0.033816425120772944,0,1
Slavyangrad,Russian,Russian,1,0.7278903722763062,0.23407961428165436,0.45534747838974,0.5,0.5,0.8333333333333334,0.1110699325799942,3.0,0.05747126436781609,0,1
Slavyangrad,Russian,Russian,1,0.7269583940505981,0.22656358778476715,0.4728356599807739,0.6,0.4,0.8,0.1110699325799942,14.5,0.022988505747126436,0,1
Slavyangrad,Russian,Resistance,0,0.7725303173065186,0.2277485430240631,0.4700784683227539,0.75,0.25,0.9090909090909091,0.1110699325799942,14.333333333333334,0.024793388429752067,0,1
Slavyangrad,Russian,Ukrainian,0,0.7328473329544067,0.20679360628128052,0.5188360810279846,0.8235294117647058,0.23529411764705888,0.8571428571428571,0.1110699325799942,27.5,0.045454545454545456,0,1
Slavyangrad,Russian,Resistance,0,0.7378697395324707,0.1695709526538849,0.605445146560669,0.9444444444444444,0.05555555555555558,0.9375,0.7116868495941162,20.933333333333334,0.02502553626149132,0,1
Slavyangrad,Russian,Ukrainian,0,0.6817103624343872,0.20687611401081085,0.5186440944671631,0.8,0.30000000000000004,0.7428571428571429,1.006149411201477,20.142857142857142,0.02875399361022364,0,1
Slavyangrad,Russian,Ukrainian,0,0.713913083076477,0.20520593225955963,0.5225302577018738,0.5,0.5,0.8571428571428571,0.1110699325799942,11.333333333333334,0.01646090534979424,0,1
Slavyangrad,Russian,Ukrainian,0,0.5316387414932251,0.1562391072511673,0.6364654898643494,0.0,1.0,0.5,0.1110699325799942,1.5,0.07692307692307693,0,1
Slavyangrad,Russian,Zionist,0,0.8032809495925903,0.1626037359237671,0.6216562986373901,0.9,0.19999999999999996,0.8902439024390244,0.7961562275886536,15.076923076923077,0.020202020202020204,0,1
Slavyangrad,Russian,Ukrainian,0,0.48032376170158386,0.1510995626449585,0.6484240889549255,0.0,1.0,0.8333333333333334,0.1110699325799942,4.5,0.0989010989010989,0,1
Slavyangrad,Russian,Zionist,0,0.3279494047164917,0.03433135896921158,0.9201183766126633,,,0.6666666666666666,0.1110699325799942,4.5,0.047619047619047616,0,0
Slavyangrad,Russian,Resistance,0,0.7145352363586426,0.21457883715629578,0.5007215440273285,1.0,0.33333333333333337,0.875,0.1110699325799942,12.0,0.012345679012345678,0,0
Slavyangrad,Russian,Western,0,0.92694091796875,0.17199784517288208,0.5997982621192932,0.9090909090909091,0.2727272727272727,0.9122807017543859,1.0054343938827515,20.5,0.02544529262086514,0,1
Slavyangrad,Russian,Zionist,0,0.655942976474762,0.2121008336544037,0.5064873099327087,0.3333333333333333,0.6666666666666667,0.8571428571428571,1.0013502836227417,7.0,0.02247191011235955,0,1
Slavyangrad,Russian,Ukrainian,0,0.5376673340797424,0.13821327686309814,0.6784076690673828,0.6666666666666666,0.33333333333333337,0.7142857142857143,0.1110699325799942,5.5,0.029411764705882353,0,1
Slavyangrad,Russian,Zionist,0,0.7901222705841064,0.2623480558395386,0.3895729184150696,0.8,0.19999999999999996,0.9166666666666666,0.1110699325799942,14.0,0.032679738562091505,0,1
Slavyangrad,Russian,Resistance,0,0.7095957398414612,0.1678050309419632,0.60955411195755,0.6666666666666666,0.6666666666666667,0.7142857142857143,0.1110699325799942,9.0,0.026455026455026454,0,1
Slavyangrad,Russian,Resistance,0,0.6717175841331482,0.24156281352043152,0.4379357099533081,0.6842105263157895,0.42105263157894735,0.8478260869565217,1.0013502836227417,16.714285714285715,0.03480589022757698,0,1
Slavyangrad,Russian,Russian,1,0.5706537961959839,0.179796501994133,0.5816525220870972,0.5,0.5,0.8,0.1110699325799942,8.5,0.02631578947368421,0,1
Slavyangrad,Russian,Russian,1,0.6460214257240295,0.07341371476650238,0.8291821926832199,1.0,0.0,1.0,0.1110699325799942,7.0,0.0,0,0
Slavyangrad,Russian,Western,0,0.7996383309364319,0.24155870079994202,0.43794524669647217,0.8,0.30000000000000004,0.9130434782608695,0.1110699325799942,20.0,0.028328611898016998,0,1
Slavyangrad,Russian,Right-wing,0,0.6074385643005371,0.16824327409267426,0.6085344552993774,0.5,0.5,0.8823529411764706,1.0036630630493164,6.0,0.05056179775280899,0,1
Slavyangrad,Russian,Western,0,0.829960823059082,0.183451846241951,0.5731472969055176,0.8,0.4,0.84,0.1110699325799942,20.0,0.017543859649122806,0,1
Slavyangrad,Russian,Resistance,0,0.7471765875816345,0.1690540313720703,0.6066479086875916,0.6666666666666666,0.33333333333333337,0.8125,0.1110699325799942,17.333333333333332,0.02108433734939759,0,1
Slavyangrad,Russian,Resistance,0,0.8502845764160156,0.13751313090324402,0.6800368130207062,0.8,0.5,0.92,1.0054216384887695,16.857142857142858,0.021592442645074223,0,1
Slavyangrad,Russian,Resistance,0,0.7825493216514587,0.21294498443603516,0.5045231580734253,0.8333333333333334,0.45833333333333337,0.8715596330275229,1.0061492919921875,29.5,0.0185799601857996,0,0
Slavyangrad,Russian,Resistance,0,0.6375552415847778,0.19825169444084167,0.538711279630661,1.0,0.0,0.8333333333333334,1.0047513246536255,46.0,0.013793103448275862,0,0
Slavyangrad,Russian,Zionist,0,0.6379880905151367,0.12717124819755554,0.7041000723838806,0.6666666666666666,0.33333333333333337,0.6153846153846154,0.1110699325799942,8.666666666666666,0.030120481927710843,0,1
Slavyangrad,Russian,Ukrainian,0,0.8515814542770386,0.2088586390018463,0.5140312016010284,0.8571428571428571,0.5714285714285714,0.7457627118644068,1.006149411201477,12.875,0.028241335044929396,0,1
Slavyangrad,Russian,Ukrainian,0,0.370381236076355,0.04878418892621994,0.8864897936582565,,,0.5,0.1110699325799942,2.0,0.07142857142857142,0,0
Slavyangrad,Russian,Russian,1,0.6525559425354004,0.14579136669635773,0.6607750654220581,0.8,0.4,0.8450704225352113,0.998677670955658,24.714285714285715,0.01857282502443793,0,1
Slavyangrad,Russian,Western,0,0.4462505578994751,0.12995393574237823,0.6976253986358643,0.5,0.5,0.8260869565217391,0.1110699325799942,12.0,0.019230769230769232,0,1
Slavyangrad,Russian,Russian,1,0.6285206079483032,0.15774478018283844,0.6329620778560638,0.5714285714285714,0.8571428571428572,0.8148148148148148,0.993786633014679,16.0,0.02471169686985173,0,1
Slavyangrad,Russian,Ukrainian,0,0.7410751581192017,0.2018754482269287,0.5302796065807343,0.5714285714285714,0.4285714285714286,0.9444444444444444,1.0045831203460693,18.5,0.02040816326530612,0,1
Slavyangrad,Russian,Russian,1,0.5789423584938049,0.21453920006752014,0.5008137822151184,1.0,0.0,0.7272727272727273,1.0056965351104736,22.0,0.015503875968992248,0,0
Slavyangrad,Russian,Russian,1,0.5501217842102051,0.15678799152374268,0.6351883709430695,0.0,1.0,0.0,0.1110699325799942,2.0,0.06666666666666667,0,1
Slavyangrad,Russian,Resistance,0,0.5221764445304871,0.16165585815906525,0.6238618195056915,0.7142857142857143,0.2857142857142857,0.7307692307692307,0.1110699325799942,14.25,0.04143646408839779,0,1
Slavyangrad,Russian,Russian,1,0.763951301574707,0.22289419174194336,0.48137354850769043,0.75,0.25,0.8771929824561403,1.0020077228546143,18.428571428571427,0.02962962962962963,0,1
Slavyangrad,Russian,Western,0,0.4665650427341461,0.13174694776535034,0.6934534311294556,0.6666666666666666,0.5,0.85,0.629490077495575,10.0,0.04408352668213457,0,1
Slavyangrad,Russian,Ukrainian,0,0.5922991037368774,0.13452522456645966,0.6869889199733734,0.6666666666666666,0.33333333333333337,0.8854166666666666,0.1110699325799942,20.77777777777778,0.02075812274368231,0,1
Slavyangrad,Russian,Russian,1,0.8145788311958313,0.22038741409778595,0.4872063398361206,0.5,0.5,0.9166666666666666,0.1110699325799942,12.0,0.02877697841726619,0,1
Slavyangrad,Russian,Resistance,0,0.7454434037208557,0.18106073141098022,0.5787109732627869,0.75,0.5,0.8125,0.1110699325799942,9.0,0.06097560975609756,0,1
Slavyangrad,Russian,Ukrainian,0,0.3997178375720978,0.13623011112213135,0.6830220818519592,0.0,1.0,0.5,0.1110699325799942,6.0,0.024691358024691357,0,1
Slavyangrad,Russian,Western,0,0.7276372313499451,0.21780361235141754,0.49321818351745605,0.9,0.09999999999999998,0.9411764705882353,0.770635187625885,21.714285714285715,0.024008350730688934,0,1
Babel,Ukrainian,Ukrainian,1,0.7626591324806213,0.19532042741775513,0.5357094705104828,0.9230769230769231,0.07692307692307687,0.9393939393939394,0.059030938893556595,13.2,0.033810143042912875,0,1
Babel,Ukrainian,Western,0,0.41844743490219116,0.0913182720541954,0.7829300165176392,0.3,0.8,0.6271186440677966,0.7882431745529175,16.444444444444443,0.03033980582524272,0,1
Babel,Ukrainian,Ukrainian,1,0.6909974813461304,0.20793932676315308,0.505713552236557,0.75,0.3125,0.875,0.7208930253982544,20.555555555555557,0.026501766784452298,0,1
Babel,Ukrainian,Left-wing,0,0.7798082828521729,0.08082489669322968,0.8078735619783401,1.0,0.4,0.8636363636363636,0.059030938893556595,14.833333333333334,0.03189493433395872,0,1
Babel,Ukrainian,Right-wing,0,0.8064893484115601,0.08448832482099533,0.799165278673172,1.0,0.6,0.9,1.0017409324645996,13.5,0.03734439834024896,0,1
Babel,Ukrainian,Ukrainian,1,0.7696109414100647,0.2507955729961395,0.40384119749069214,0.625,0.375,0.8333333333333334,0.059030938893556595,8.75,0.037444933920704845,0,1
Babel,Ukrainian,Ukrainian,1,0.8013735413551331,0.14104217290878296,0.6647327840328217,0.75,0.25,0.8627450980392157,1.000724196434021,18.0,0.027285129604365622,0,1
Babel,Ukrainian,Ukrainian,1,0.7467421889305115,0.2401677817106247,0.4291040897369385,1.0,0.0,0.9354838709677419,0.059030938893556595,10.857142857142858,0.03125,0,1
Babel,Ukrainian,Ukrainian,1,0.7347999215126038,0.2464466691017151,0.414178729057312,0.7391304347826086,0.30434782608695654,0.8609625668449198,0.7010720372200012,25.35,0.021333333333333333,0,0
Babel,Ukrainian,Ukrainian,1,0.737629771232605,0.17818252742290497,0.5764475464820862,1.0,0.0,0.8125,0.9904353618621826,9.333333333333334,0.032432432432432434,0,1
Babel,Ukrainian,Ukrainian,1,0.6749098300933838,0.18861018121242523,0.5516602098941803,0.6666666666666666,0.33333333333333337,0.717391304347826,1.000724196434021,15.333333333333334,0.027257240204429302,0,1
Babel,Ukrainian,Ukrainian,1,0.782184362411499,0.09074408560991287,0.7842948883771896,1.0,0.0,0.8333333333333334,1.0010333061218262,20.0,0.03524804177545692,0,1
Babel,Ukrainian,Ukrainian,1,0.8253986835479736,0.13389162719249725,0.6817301213741302,0.75,0.375,0.847457627118644,1.0002155303955078,16.875,0.01694915254237288,0,1
Babel,Ukrainian,Ukrainian,1,0.8016856908798218,0.2835202217102051,0.32605230808258057,0.9333333333333333,0.06666666666666665,0.9565217391304348,0.996917724609375,15.875,0.021352313167259787,0,1
Babel,Ukrainian,Russian,0,0.6961815357208252,0.2533875107765198,0.3976799249649048,0.8695652173913043,0.13043478260869568,0.8928571428571429,0.8048534989356995,15.294117647058824,0.02232435981615233,0,1
Babel,Ukrainian,Russian,0,0.4974208474159241,0.07976523786783218,0.8103924095630646,0.36363636363636365,0.6363636363636364,0.72,0.9924669861793518,12.5,0.04059539918809202,0,1
Babel,Ukrainian,Ukrainian,1,0.7979053854942322,0.15458530187606812,0.6325398087501526,0.5,0.5,0.8,0.9966081976890564,14.25,0.027247956403269755,0,1
Babel,Ukrainian,Zionist,0,0.7966303825378418,0.168323814868927,0.5998823642730713,1.0,0.5,0.75,0.8298470377922058,12.875,0.028409090909090908,0,1
Babel,Ukrainian,Ukrainian,1,0.7963054180145264,0.1480618417263031,0.6480465531349182,1.0,0.0,0.9459459459459459,0.059030938893556595,10.428571428571429,0.031914893617021274,0,1
Babel,Ukrainian,Ukrainian,1,0.8691816329956055,0.2196875810623169,0.4777870178222656,1.0,0.0,0.9487179487179487,0.059030938893556595,17.571428571428573,0.03056768558951965,0,1
Babel,Ukrainian,Ukrainian,1,0.6777188777923584,0.17945602536201477,0.5734203457832336,0.9230769230769231,0.3076923076923077,0.8636363636363636,0.7037836313247681,17.875,0.019296254256526674,0,1
Babel,Ukrainian,Ukrainian,1,0.7939339876174927,0.2705228328704834,0.35694801807403564,0.75,0.25,0.8372093023255814,0.059030938893556595,8.909090909090908,0.03542673107890499,0,1
Babel,Ukrainian,Ukrainian,1,0.6556739807128906,0.22810183465480804,0.45778578519821167,1.0,0.0,0.9,0.8017798066139221,9.75,0.02459016393442623,0,1
Babel,Ukrainian,Left-wing,0,0.7450958490371704,0.1867128312587738,0.5561703741550446,1.0,0.3846153846153846,0.7441860465116279,0.059030938893556595,21.5,0.0213089802130898,0,1
Babel,Ukrainian,Ukrainian,1,0.8076697587966919,0.23806023597717285,0.4341139793395996,0.7142857142857143,0.2857142857142857,0.9130434782608695,0.9924669861793518,14.0,0.033112582781456956,0,1
Babel,Ukrainian,Russian,0,0.8853402733802795,0.1272902935743332,0.6974219679832458,0.9285714285714286,0.2857142857142857,0.8936170212765957,0.059030938893556595,16.285714285714285,0.030303030303030304,0,1
Babel,Ukrainian,Russian,0,0.5919898748397827,0.11562979966402054,0.7251397669315338,0.4,0.6,0.7966101694915254,0.059030938893556595,13.333333333333334,0.025606469002695417,0,1
Babel,Ukrainian,Ukrainian,1,0.8412586450576782,0.07866509258747101,0.813007578253746,0.5625,0.6875,0.7540983606557377,0.059030938893556595,13.444444444444445,0.03382949932341001,0,1
Babel,Ukrainian,Russian,0,0.6205934286117554,0.19199879467487335,0.5436052978038788,0.3,0.8,0.6666666666666666,0.059030938893556595,13.2,0.042643923240938165,0,1
Babel,Ukrainian,Ukrainian,1,0.793265163898468,0.2016025185585022,0.5207765102386475,0.9090909090909091,0.09090909090909094,0.9090909090909091,0.996917724609375,15.571428571428571,0.022857142857142857,0,1
Babel,Ukrainian,Russian,0,0.6250754594802856,0.2030247151851654,0.5173958539962769,0.7142857142857143,0.33333333333333337,0.8578431372549019,0.49635207653045654,25.0,0.020666666666666667,0,0
Babel,Ukrainian,Zionist,0,0.7639512419700623,0.1635407954454422,0.611251950263977,1.0,0.41666666666666663,0.8333333333333334,0.059030938893556595,23.5,0.03314917127071823,0,1
Babel,Ukrainian,Ukrainian,1,0.6216780543327332,0.11730150133371353,0.7211660444736481,1.0,0.0,0.7872340425531915,0.059030938893556595,14.285714285714286,0.02875399361022364,0,1
Babel,Ukrainian,Western,0,0.6939815282821655,0.20716571807861328,0.5075524747371674,0.8421052631578947,0.26315789473684215,0.8527131782945736,0.7852431535720825,22.733333333333334,0.02358036573628489,1,1
Babel,Ukrainian,Ukrainian,1,0.6890205144882202,0.22891677916049957,0.4558485746383667,0.6666666666666666,0.6666666666666667,0.7692307692307693,0.059030938893556595,8.333333333333334,0.024539877300613498,0,1
Babel,Ukrainian,Western,0,0.49999380111694336,0.10066130757331848,0.7607209384441376,1.0,0.0,0.7948717948717948,0.7706443667411804,15.666666666666666,0.024013722126929673,0,1
Babel,Ukrainian,Western,0,0.6191380620002747,-0.013865627348423004,1.0329595729708672,0.6363636363636364,1.0,0.5909090909090909,0.059030938893556595,15.142857142857142,0.03908794788273615,0,1
Babel,Ukrainian,Western,0,0.6810190677642822,0.23168505728244781,0.4492682218551636,0.9333333333333333,0.1333333333333333,0.9545454545454546,0.9982064366340637,16.833333333333332,0.03806228373702422,0,1
Babel,Ukrainian,Ukrainian,1,0.7978420257568359,0.23131749033927917,0.45014190673828125,0.6428571428571429,0.3571428571428571,0.9508196721311475,0.7312390804290771,10.733333333333333,0.03225806451612903,0,1
Babel,Ukrainian,Ukrainian,1,0.7303059101104736,0.14994071424007416,0.643580287694931,0.6666666666666666,0.33333333333333337,0.8947368421052632,0.059030938893556595,12.3,0.023047375160051217,0,1
Babel,Ukrainian,Ukrainian,1,0.7146082520484924,0.2197365015745163,0.4776707887649536,0.8333333333333334,0.33333333333333337,0.8571428571428571,0.9990816116333008,11.6,0.02,0,1
Babel,Ukrainian,Russian,0,0.8369966745376587,0.19762232899665833,0.5302377343177795,0.6,0.4,0.9464285714285714,0.6706063151359558,17.142857142857142,0.0291005291005291,0,1
Babel,Ukrainian,Ukrainian,1,0.8020081520080566,0.21452030539512634,0.49007004499435425,1.0,0.0,0.92,0.9903512597084045,11.0,0.03869047619047619,0,1
Babel,Ukrainian,Left-wing,0,0.7898700833320618,0.15003125369548798,0.6433650851249695,1.0,0.19999999999999996,0.8888888888888888,0.059030938893556595,13.75,0.042483660130718956,0,1
Babel,Ukrainian,Left-wing,0,0.34131723642349243,0.03661446273326874,0.9129648208618164,0.0,1.0,0.6909090909090909,0.9967962503433228,11.272727272727273,0.03225806451612903,0,1
Babel,Ukrainian,Ukrainian,1,0.8170031905174255,0.24940276145935059,0.407151997089386,0.6428571428571429,0.4285714285714286,0.9066666666666666,0.059030938893556595,10.526315789473685,0.03096234309623431,0,1
Babel,Ukrainian,Zionist,0,0.8003723621368408,0.18558359146118164,0.558854728937149,0.7,0.7,0.8275862068965517,1.00174081325531,16.0,0.016455696202531647,0,1
Babel,Ukrainian,Ukrainian,1,0.7618697881698608,0.2415744662284851,0.4257603883743286,1.0,0.1428571428571429,0.9565217391304348,0.996917724609375,11.25,0.028070175438596492,0,1
Babel,Ukrainian,Ukrainian,1,0.9668581485748291,0.005496934521943331,0.9869334474205971,0.6,0.8,0.8125,0.059030938893556595,7.0,0.03773584905660377,0,1
Babel,Ukrainian,Zionist,0,0.3445783853530884,0.03347267955541611,0.9204330295324326,0.3333333333333333,0.6666666666666667,0.7878787878787878,0.059030938893556595,15.6,0.026373626373626374,0,1
Babel,Ukrainian,Left-wing,0,0.411235511302948,0.006374689284712076,0.984846867620945,0.23076923076923078,0.9230769230769231,0.5813953488372093,1.001232624053955,16.8,0.03877551020408163,0,1
Babel,Ukrainian,Ukrainian,1,0.7800613045692444,0.24302423000335693,0.4223141670227051,0.9411764705882353,0.05882352941176472,0.9571428571428572,0.781693160533905,18.875,0.015511892450879007,0,1
Babel,Ukrainian,Ukrainian,1,0.7918136119842529,0.19397605955600739,0.5389052033424377,0.42857142857142855,0.6428571428571428,0.8596491228070176,0.7919888496398926,17.285714285714285,0.0325,0,1
Babel,Ukrainian,Ukrainian,1,0.7676444053649902,0.058454472571611404,0.8610495924949646,0.6666666666666666,0.6666666666666667,0.6857142857142857,0.9903512597084045,9.0,0.038461538461538464,0,1
Babel,Ukrainian,Ukrainian,1,0.847093939781189,0.054865915328264236,0.8695798516273499,0.75,0.5,0.7755102040816326,0.915468692779541,14.428571428571429,0.03220338983050847,0,1
Babel,Ukrainian,Ukrainian,1,0.6892790794372559,0.21612362563610077,0.48625892400741577,0.4166666666666667,0.6666666666666667,0.7843137254901961,0.9985600709915161,13.428571428571429,0.0288,0,1
Babel,Ukrainian,Ukrainian,1,0.5859421491622925,0.17451174557209015,0.5851731896400452,0.42857142857142855,0.5714285714285714,0.8181818181818182,0.059030938893556595,22.0,0.06732117812061711,0,1
Babel,Ukrainian,Ukrainian,1,0.6051025390625,0.16180409491062164,0.6153801083564758,0.5,0.75,0.7222222222222222,0.059030938893556595,13.8,0.048355899419729204,0,1
Babel,Ukrainian,Right-wing,0,0.38496747612953186,0.040990620851516724,0.9025624170899391,0.5,0.75,0.5581395348837209,0.6945866346359253,14.75,0.0182648401826484,0,1
Babel,Ukrainian,Ukrainian,1,0.8415324687957764,0.22407463192939758,0.46735870838165283,1.0,0.0,0.9333333333333333,1.000298261642456,16.5,0.018867924528301886,0,1
Babel,Ukrainian,Resistance,0,0.748797595500946,0.14834646880626678,0.647369921207428,0.8333333333333334,0.33333333333333337,0.6875,0.059030938893556595,9.333333333333334,0.028089887640449437,0,1
Babel,Ukrainian,Russian,0,0.9439122676849365,0.1489732265472412,0.6458801329135895,1.0,0.0,0.9807692307692307,0.778480589389801,15.11111111111111,0.027672955974842768,0,1
Babel,Ukrainian,Ukrainian,1,0.9140216112136841,0.26945966482162476,0.359475314617157,0.875,0.125,0.9433962264150944,0.059030938893556595,16.125,0.026525198938992044,0,1
Babel,Ukrainian,Ukrainian,1,0.7962732315063477,0.20790375769138336,0.5057980716228485,0.6842105263157895,0.4736842105263158,0.9047619047619048,0.9989305734634399,18.0,0.022727272727272728,0,1
Babel,Ukrainian,Ukrainian,1,0.739837646484375,0.24273212254047394,0.4230085611343384,0.75,0.375,0.875,0.059030938893556595,7.076923076923077,0.048576214405360134,0,1
Babel,Ukrainian,Western,0,0.5281705856323242,0.1717817783355713,0.5916625261306763,0.6666666666666666,0.5,0.7704918032786885,0.9986262321472168,13.5,0.034993270524899055,0,1
Babel,Ukrainian,Ukrainian,1,0.6904609203338623,0.21247118711471558,0.4949408769607544,0.8571428571428571,0.1428571428571429,0.9,0.059030938893556595,13.857142857142858,0.024154589371980676,0,1
Babel,Ukrainian,Left-wing,0,0.37188291549682617,0.028807416558265686,0.9315226972103119,1.0,1.0,0.6617647058823529,0.7262855172157288,14.0,0.023681377825618945,0,1
Babel,Ukrainian,Ukrainian,1,0.7056350708007812,0.16188451647758484,0.6151890158653259,1.0,0.0,0.953125,0.5424217581748962,19.125,0.034482758620689655,0,1
Babel,Ukrainian,Western,0,0.4516729712486267,0.030638862401247025,0.9271692037582397,0.4,0.8,0.6938775510204082,0.7030072808265686,12.125,0.030595813204508857,0,1
Babel,Ukrainian,Ukrainian,1,0.8017563819885254,0.1708337366580963,0.593916118144989,0.7,0.30000000000000004,0.9047619047619048,0.9990816116333008,12.125,0.02555366269165247,0,1
Babel,Ukrainian,Ukrainian,1,0.8409366011619568,0.1561461091041565,0.6288295984268188,1.0,0.0,0.9152542372881356,0.059030938893556595,13.4,0.03795811518324607,0,1
Babel,Ukrainian,Resistance,0,0.8076425790786743,0.1544332653284073,0.6329012513160706,1.0,0.0,0.9459459459459459,0.8196267485618591,19.2,0.029850746268656716,0,1
Babel,Ukrainian,Left-wing,0,0.58547043800354,0.1659841537475586,0.605443924665451,0.6,0.4,0.8085106382978723,0.059030938893556595,13.375,0.031932773109243695,0,1
Babel,Ukrainian,Ukrainian,1,0.39115288853645325,0.0871453732252121,0.7928492277860641,0.6,0.7,0.5609756097560976,0.059030938893556595,14.166666666666666,0.030501089324618737,0,1
Babel,Ukrainian,Ukrainian,1,0.6815657615661621,0.0981736034154892,0.7666344493627548,0.9,0.09999999999999998,0.8727272727272727,0.059030938893556595,14.222222222222221,0.02316076294277929,0,1
Babel,Ukrainian,Russian,0,0.7969927787780762,0.2632697522640228,0.37418925762176514,0.6666666666666666,0.4444444444444444,0.8846153846153846,0.059030938893556595,8.538461538461538,0.03168044077134986,0,1
Babel,Ukrainian,Zionist,0,0.7224774360656738,0.13740259408950806,0.6733843088150024,0.8333333333333334,0.16666666666666663,0.9428571428571428,0.059030938893556595,17.5,0.016203703703703703,0,1
Babel,Ukrainian,Western,0,0.5581279397010803,0.057123735547065735,0.8642128258943558,1.0,0.6,0.75,1.0013278722763062,19.75,0.03138075313807531,0,1
Babel,Ukrainian,Ukrainian,1,0.5470582842826843,0.1887698918581009,0.5512805879116058,0.9166666666666666,0.16666666666666663,0.9090909090909091,0.059030938893556595,13.2,0.03598971722365039,0,1
Babel,Ukrainian,Ukrainian,1,0.7652347087860107,0.14911934733390808,0.6455327272415161,1.0,0.0,0.8108108108108109,0.7071759104728699,14.0,0.017716535433070866,0,1
Babel,Ukrainian,Ukrainian,1,0.8399989604949951,0.19544658064842224,0.5354096293449402,0.75,0.25,0.9166666666666666,0.9988946914672852,20.714285714285715,0.03225806451612903,0,1
Babel,Ukrainian,Ukrainian,1,0.6110268831253052,0.2303035706281662,0.45255208015441895,0.6296296296296297,0.37037037037037035,0.8823529411764706,0.9104029536247253,15.052631578947368,0.02865497076023392,0,1
Babel,Ukrainian,Western,0,0.5831130743026733,0.15812988579273224,0.6241140067577362,0.9,0.4,0.8554216867469879,0.7543991208076477,17.0,0.03218210361067504,0,1
Babel,Ukrainian,Western,0,0.683776319026947,0.15390843152999878,0.6341488361358643,0.75,0.375,0.8653846153846154,1.0002295970916748,16.666666666666668,0.019769357495881382,0,1
Babel,Ukrainian,Ukrainian,1,0.733500063419342,0.20941010117530823,0.5022172927856445,1.0,0.0,0.9824561403508771,0.059030938893556595,11.181818181818182,0.031578947368421054,0,1
Babel,Ukrainian,Russian,0,0.5235113501548767,0.12133260816335678,0.7115837931632996,0.8888888888888888,0.33333333333333337,0.7121212121212122,0.9845452308654785,20.0,0.01990049751243781,0,1
Babel,Ukrainian,Ukrainian,1,0.510047972202301,0.14939166605472565,0.6448854804039001,0.7142857142857143,0.2857142857142857,0.6486486486486487,0.059030938893556595,11.857142857142858,0.04504504504504504,0,1
Babel,Ukrainian,Ukrainian,1,0.7380738854408264,0.20771349966526031,0.5062503218650818,0.6666666666666666,0.33333333333333337,0.9464285714285714,0.059030938893556595,18.166666666666668,0.02582496413199426,0,1
Babel,Ukrainian,Ukrainian,1,0.7705633640289307,0.1409832388162613,0.6648728847503662,0.5,0.5,0.9375,0.059030938893556595,14.5,0.032432432432432434,0,1
Babel,Ukrainian,Resistance,0,0.702515721321106,0.18521007895469666,0.5597425401210785,1.0,0.33333333333333337,0.775,0.059030938893556595,20.4,0.02861952861952862,0,1
Babel,Ukrainian,Zionist,0,0.7521343231201172,0.15982697904109955,0.6200799345970154,0.7692307692307693,0.6153846153846154,0.8181818181818182,1.00174081325531,15.5,0.026016260162601626,0,1
Babel,Ukrainian,Ukrainian,1,0.787684440612793,0.09668896347284317,0.7701634615659714,1.0,0.0,0.9767441860465116,0.7129032611846924,12.625,0.03741496598639456,0,1
Babel,Ukrainian,Ukrainian,1,0.8539425134658813,0.20173224806785583,0.5204682350158691,0.875,0.125,0.9210526315789473,0.059030938893556595,15.166666666666666,0.019261637239165328,0,1
Babel,Ukrainian,Russian,0,0.8554142713546753,0.19578984379768372,0.5345937311649323,0.8571428571428571,0.1428571428571429,0.9019607843137255,0.059030938893556595,15.875,0.022871664548919948,0,1
Babel,Ukrainian,Zionist,0,0.5082443952560425,0.13597945868968964,0.6767672300338745,0.47368421052631576,0.631578947368421,0.6239316239316239,0.9985600709915161,15.428571428571429,0.02197802197802198,0,1
Babel,Ukrainian,Ukrainian,1,0.6711803674697876,0.1324913650751114,0.6850587129592896,0.9,0.30000000000000004,0.8548387096774194,0.9959959387779236,19.428571428571427,0.022565320665083134,0,1
Babel,Ukrainian,Ukrainian,1,0.683569073677063,0.17504756152629852,0.583899587392807,0.9,0.19999999999999996,0.8723404255319149,0.6027860641479492,13.625,0.02635431918008785,0,1
Babel,Ukrainian,Ukrainian,1,0.5489593148231506,0.2186732292175293,0.4801982045173645,0.6153846153846154,0.46153846153846156,0.8333333333333334,0.7006582617759705,18.3,0.030303030303030304,0,1
Babel,Ukrainian,Ukrainian,1,0.6815921068191528,0.2736974358558655,0.34940171241760254,0.8846153846153846,0.15384615384615385,0.8293838862559242,0.6639087796211243,19.692307692307693,0.025529056096741685,1,1
Babel,Ukrainian,Western,0,0.805510401725769,0.13252386450767517,0.6849814057350159,0.8181818181818182,0.18181818181818177,0.90625,0.9941519498825073,17.11111111111111,0.020703933747412008,0,1
Babel,Ukrainian,Left-wing,0,0.4239998459815979,0.1146824061870575,0.7273918390274048,0.25,0.75,0.7111111111111111,0.9813823699951172,14.933333333333334,0.0228310502283105,0,1
Babel,Ukrainian,Russian,0,0.7391616106033325,0.27489280700683594,0.3465602397918701,0.68,0.36,0.875,0.059030938893556595,20.842105263157894,0.02257154373236598,1,1
Babel,Ukrainian,Ukrainian,1,0.8922712802886963,0.14707602560520172,0.6503898501396179,1.0,0.0,0.9642857142857143,0.059030938893556595,14.375,0.03404255319148936,0,1
Babel,Ukrainian,Resistance,0,0.7436118125915527,0.15777342021465302,0.6249613761901855,0.9090909090909091,0.5454545454545454,0.82,1.00174081325531,22.4,0.02785923753665689,0,1
Babel,Ukrainian,Ukrainian,1,0.7822985649108887,0.17047634720802307,0.5947656333446503,0.7333333333333333,0.33333333333333337,0.8823529411764706,0.9945208430290222,14.5,0.027426160337552744,0,1
Babel,Ukrainian,Ukrainian,1,0.8603928685188293,0.25695809721946716,0.38919246196746826,0.7777777777777778,0.2222222222222222,0.9056603773584906,0.059030938893556595,7.733333333333333,0.028534370946822308,0,1
Babel,Ukrainian,Ukrainian,1,0.8159206509590149,0.198476642370224,0.528207004070282,0.9333333333333333,0.06666666666666665,0.9615384615384616,0.059030938893556595,17.0,0.021520803443328552,0,1
Babel,Ukrainian,Russian,0,0.8677765130996704,0.24656075239181519,0.41390764713287354,0.8333333333333334,0.2777777777777778,0.9333333333333333,0.059030938893556595,21.166666666666668,0.047619047619047616,0,1
Babel,Ukrainian,Left-wing,0,0.8560009002685547,0.1641034185886383,0.6099145412445068,1.0,0.5,0.8064516129032258,1.00174081325531,16.75,0.028871391076115485,0,1
Babel,Ukrainian,Ukrainian,1,0.7971810102462769,0.13974639773368835,0.6678129434585571,0.5555555555555556,0.5555555555555556,0.7755102040816326,0.059030938893556595,11.1,0.027149321266968326,0,1
Babel,Ukrainian,Zionist,0,0.7435122728347778,0.20029842853546143,0.5238764584064484,1.0,0.368421052631579,0.8588235294117647,0.7630230188369751,18.818181818181817,0.02702702702702703,0,1
Babel,Ukrainian,Ukrainian,1,0.8214879631996155,0.24143774807453156,0.42608535289764404,0.8181818181818182,0.18181818181818177,0.8888888888888888,0.059030938893556595,16.714285714285715,0.04915730337078652,0,1
Babel,Ukrainian,Ukrainian,1,0.5986136198043823,0.10511712729930878,0.7501291632652283,0.42857142857142855,0.5714285714285714,0.8823529411764706,0.953158974647522,15.5,0.01838235294117647,0,1
Babel,Ukrainian,Resistance,0,0.7118054628372192,0.20725342631340027,0.5073438882827759,0.8148148148148148,0.2962962962962963,0.8888888888888888,0.9945208430290222,14.764705882352942,0.0311284046692607,0,1
Babel,Ukrainian,Ukrainian,1,0.5005396008491516,0.05875888839364052,0.8603259325027466,0.4,0.6,0.5714285714285714,0.6776207089424133,19.333333333333332,0.03611111111111111,0,1
Babel,Ukrainian,Western,0,0.45012524724006653,0.07127876579761505,0.8305652737617493,0.2857142857142857,0.8571428571428572,0.7454545454545455,0.997343897819519,20.0,0.023591087811271297,0,1
Babel,Ukrainian,Western,0,0.7576244473457336,0.2328672707080841,0.44645798206329346,0.9285714285714286,0.1428571428571429,0.9032258064516129,0.9959959387779236,16.77777777777778,0.02857142857142857,0,1
Babel,Ukrainian,Russian,0,0.5435079336166382,0.0967140719294548,0.7701037675142288,0.25,0.75,0.6794871794871795,1.0014108419418335,13.076923076923077,0.029493087557603687,0,1
Babel,Ukrainian,Ukrainian,1,0.7748140692710876,0.21441200375556946,0.49032747745513916,0.7142857142857143,0.3571428571428571,0.8253968253968254,0.9845452308654785,12.727272727272727,0.02965599051008304,0,1
Babel,Ukrainian,Russian,0,0.7390000820159912,0.244272381067276,0.41934722661972046,1.0,0.18181818181818177,0.9361702127659575,0.059030938893556595,13.0,0.024179620034542316,0,1
Babel,Ukrainian,Russian,0,0.5636001825332642,0.14520558714866638,0.6548360288143158,1.0,0.0,0.8913043478260869,0.9945208430290222,20.0,0.01639344262295082,0,1
Babel,Ukrainian,Russian,0,0.5277833342552185,0.10508035868406296,0.7502164989709854,0.75,0.25,0.8780487804878049,0.059030938893556595,13.571428571428571,0.01730103806228374,0,1
Babel,Ukrainian,Zionist,0,0.8236063718795776,0.19519031047821045,0.5360188484191895,0.75,0.625,0.7901234567901234,1.00174081325531,17.0,0.027184466019417475,0,1
Babel,Ukrainian,Ukrainian,1,0.8164319396018982,0.14278040826320648,0.660600870847702,0.6111111111111112,0.4444444444444444,0.703125,0.9669643640518188,16.181818181818183,0.023875114784205693,0,1
Babel,Ukrainian,Ukrainian,1,0.7991030216217041,0.1535571813583374,0.6349837183952332,0.9090909090909091,0.09090909090909094,0.975,0.5534049868583679,17.4,0.03219315895372234,0,1
Babel,Ukrainian,Ukrainian,1,0.7414253950119019,0.12532958388328552,0.7020827233791351,0.42857142857142855,0.5714285714285714,0.6923076923076923,0.059030938893556595,11.0,0.04421768707482993,0,1
Babel,Ukrainian,Ukrainian,1,0.5253086686134338,0.0637144073843956,0.8485463261604309,0.6666666666666666,0.33333333333333337,0.8333333333333334,0.059030938893556595,12.0,0.03090507726269316,0,1
Babel,Ukrainian,Ukrainian,1,0.8246325850486755,0.09382952004671097,0.7769606113433838,1.0,0.0,0.9354838709677419,0.776555597782135,13.0,0.02159827213822894,0,1
Babel,Ukrainian,Ukrainian,1,0.5186983346939087,0.16411878168582916,0.6098780930042267,0.375,0.75,0.8243243243243243,0.059030938893556595,22.25,0.02644003777148253,0,1
Babel,Ukrainian,Right-wing,0,0.31072235107421875,0.0127982497215271,0.9695776607841253,0.2727272727272727,0.9090909090909091,0.5151515151515151,1.001232624053955,14.6,0.035046728971962614,0,1
Babel,Ukrainian,Russian,0,0.5407951474189758,0.1181759312748909,0.7190874516963959,1.0,0.25,0.7878787878787878,0.7402922511100769,16.0,0.020737327188940093,0,1
Babel,Ukrainian,Ukrainian,1,0.6837068200111389,0.2077411264181137,0.5061845779418945,0.6666666666666666,0.5,0.7241379310344828,0.059030938893556595,13.2,0.023980815347721823,0,1
Babel,Ukrainian,Ukrainian,1,0.6693248152732849,0.10993308573961258,0.7386813163757324,0.7272727272727273,0.36363636363636365,0.8148148148148148,0.059030938893556595,16.285714285714285,0.01870503597122302,0,1
Babel,Ukrainian,Ukrainian,1,0.7859699726104736,0.2462395578622818,0.4146711826324463,0.8333333333333334,0.25,0.9090909090909091,0.059030938893556595,9.727272727272727,0.03469079939668175,0,1
Babel,Ukrainian,Ukrainian,1,0.6901788115501404,0.27868959307670593,0.3375350832939148,0.9411764705882353,0.11764705882352944,0.890625,0.5676532983779907,14.826086956521738,0.029577464788732393,0,1
Babel,Ukrainian,Ukrainian,1,0.7836417555809021,0.1366407871246338,0.6751951575279236,0.6923076923076923,0.3076923076923077,0.8571428571428571,1.000724196434021,19.857142857142858,0.03229665071770335,0,1
Babel,Ukrainian,Ukrainian,1,0.7978805899620056,0.27090534567832947,0.3560389280319214,0.7,0.4,0.94,0.059030938893556595,7.428571428571429,0.03687315634218289,0,1
Babel,Ukrainian,Ukrainian,1,0.44677531719207764,0.12347850203514099,0.7064828276634216,1.0,0.0,0.7073170731707317,0.059030938893556595,15.4,0.0196078431372549,0,1
Babel,Ukrainian,Ukrainian,1,0.6527791023254395,0.21692411601543427,0.4843560457229614,0.8,0.19999999999999996,0.84375,0.9959959387779236,13.333333333333334,0.021141649048625793,0,1
Babel,Ukrainian,Russian,0,0.6178382635116577,0.21330200135707855,0.49296605587005615,0.6666666666666666,0.5,0.8571428571428571,1.000298261642456,15.666666666666666,0.02304964539007092,0,1
Babel,Ukrainian,Ukrainian,1,0.8637387156486511,0.13906553387641907,0.6694313883781433,0.8333333333333334,0.16666666666666663,0.9090909090909091,0.9032034873962402,10.285714285714286,0.025,0,1
Babel,Ukrainian,Western,0,0.5827462673187256,0.213077113032341,0.49350064992904663,0.5909090909090909,0.5454545454545454,0.7121212121212122,0.059030938893556595,15.25,0.03146853146853147,0,1
Babel,Ukrainian,Russian,0,0.44399499893188477,0.15377560257911682,0.6344645023345947,0.5,0.5,0.7368421052631579,0.9813823699951172,18.142857142857142,0.026246719160104987,0,1
Babel,Ukrainian,Russian,0,0.6845036745071411,0.2089310884475708,0.503356009721756,0.6363636363636364,0.4545454545454546,0.8666666666666667,0.7681285738945007,13.375,0.021538461538461538,0,1
Babel,Ukrainian,Russian,0,0.6734125018119812,0.14804713428020477,0.6480814218521118,0.6,0.4,0.8157894736842105,0.059030938893556595,19.0,0.025157232704402517,0,1
Babel,Ukrainian,Zionist,0,0.8208088874816895,0.11883679777383804,0.7175165414810181,1.0,0.0,0.9318181818181818,0.059030938893556595,14.857142857142858,0.021015761821366025,0,1
Babel,Ukrainian,Ukrainian,1,0.8380180597305298,0.13045017421245575,0.6899107098579407,0.8333333333333334,0.16666666666666663,0.90625,0.059030938893556595,13.75,0.033426183844011144,0,1
Babel,Ukrainian,Ukrainian,1,0.8594363927841187,0.2506261467933655,0.4042438864707947,0.7142857142857143,0.2857142857142857,0.9767441860465116,0.059030938893556595,12.625,0.03289473684210526,0,1
Babel,Ukrainian,Russian,0,0.6792084574699402,0.1215037852525711,0.711176872253418,0.75,0.25,0.8529411764705882,0.7079057693481445,8.444444444444445,0.027184466019417475,0,1
Babel,Ukrainian,Ukrainian,1,0.6995229721069336,0.09094017744064331,0.7838287353515625,1.0,0.0,0.8888888888888888,0.9924669861793518,6.5,0.024390243902439025,0,1
Babel,Ukrainian,Ukrainian,1,0.7775601744651794,0.11391732841730118,0.7292104959487915,0.42857142857142855,0.6428571428571428,0.7850467289719626,1.0010392665863037,21.3125,0.023413111342351717,0,1
Babel,Ukrainian,Ukrainian,1,0.7708120346069336,0.2273615002632141,0.4595456123352051,0.5833333333333334,0.41666666666666663,0.918918918918919,0.059030938893556595,9.727272727272727,0.027993779160186624,0,1
Babel,Ukrainian,Ukrainian,1,0.8761512041091919,0.18871638178825378,0.5514078736305237,1.0,0.0,0.9574468085106383,0.8995558023452759,17.6,0.01929824561403509,0,1
Babel,Ukrainian,Right-wing,0,0.5361241698265076,0.005381124094128609,0.9872087389230728,0.875,0.75,0.7631578947368421,0.059030938893556595,12.5,0.03523489932885906,0,1
Babel,Ukrainian,Ukrainian,1,0.892913281917572,0.20814350247383118,0.5052281022071838,1.0,0.0,0.9354838709677419,0.9988946914672852,12.6,0.020356234096692113,0,1
Babel,Ukrainian,Russian,0,0.7378424406051636,0.16829349100589752,0.5999544262886047,0.625,0.5625,0.8481012658227848,0.059030938893556595,17.0,0.026032315978456014,0,1
Babel,Ukrainian,Ukrainian,1,0.6894202828407288,0.12481062114238739,0.7033163011074066,1.0,0.41666666666666663,0.7894736842105263,0.7102470993995667,15.4,0.017391304347826087,0,1
Babel,Ukrainian,Ukrainian,1,0.504826545715332,0.15321144461631775,0.635805606842041,0.625,0.625,0.7894736842105263,1.00174081325531,13.1,0.027131782945736434,0,1
Babel,Ukrainian,Ukrainian,1,0.7577066421508789,0.16138869524002075,0.6163676977157593,0.7142857142857143,0.3571428571428571,0.8873239436619719,0.5766782164573669,21.142857142857142,0.026030368763557483,0,1
Babel,Ukrainian,Zionist,0,0.7138659954071045,0.16204169392585754,0.6148154437541962,1.0,0.16666666666666663,0.9,0.059030938893556595,17.5,0.02457002457002457,0,1
Babel,Ukrainian,Ukrainian,1,0.7679320573806763,0.11135666817426682,0.735297292470932,0.6,0.55,0.7121212121212122,0.811412513256073,17.88888888888889,0.06742738589211618,0,1
Babel,Ukrainian,Ukrainian,1,0.7691780924797058,0.2318992018699646,0.44875919818878174,0.625,0.375,0.8484848484848485,0.9981873631477356,9.714285714285714,0.028070175438596492,0,1
Babel,Ukrainian,Ukrainian,1,0.8448684811592102,0.12884198129177094,0.6937335133552551,1.0,0.0,0.8620689655172413,0.059030938893556595,8.666666666666666,0.03313253012048193,0,1
Babel,Ukrainian,Ukrainian,1,0.7479683756828308,0.19626657664775848,0.5334604978561401,0.6666666666666666,0.33333333333333337,0.9411764705882353,0.059030938893556595,11.166666666666666,0.02830188679245283,0,1
Babel,Ukrainian,Ukrainian,1,0.8823738694190979,0.13733674585819244,0.6735408306121826,0.6153846153846154,0.5384615384615384,0.78,0.059030938893556595,13.857142857142858,0.027303754266211604,0,1
Babel,Ukrainian,Ukrainian,1,0.7308578491210938,0.20481877028942108,0.5131312310695648,0.8,0.30000000000000004,0.9649122807017544,0.9959959387779236,19.0,0.018867924528301886,0,1
Babel,Ukrainian,Ukrainian,1,0.8350467681884766,0.13673464953899384,0.6749721169471741,1.0,0.0,0.9375,0.9904353618621826,8.5,0.05154639175257732,0,1
Babel,Ukrainian,Russian,0,0.7042360901832581,0.21642743051052094,0.4855366349220276,0.875,0.375,0.8421052631578947,0.059030938893556595,13.5,0.020872865275142316,0,1
Babel,Ukrainian,Western,0,0.4815201759338379,0.032230183482170105,0.9233865365386009,0.125,0.875,0.6136363636363636,1.00174081325531,12.571428571428571,0.041121495327102804,0,1
Babel,Ukrainian,Ukrainian,1,0.818905234336853,0.24886836111545563,0.4084222912788391,0.7692307692307693,0.23076923076923073,0.9782608695652174,0.9924669861793518,20.2,0.024630541871921183,0,1
Babel,Ukrainian,Ukrainian,1,0.7675408720970154,0.181441992521286,0.5686995387077332,0.6666666666666666,0.4666666666666667,0.75,0.059030938893556595,17.142857142857142,0.028241335044929396,0,1
Babel,Ukrainian,Ukrainian,1,0.746842622756958,0.17884112894535065,0.5748819410800934,0.6666666666666666,0.33333333333333337,0.9375,0.059030938893556595,13.5,0.029585798816568046,0,1
Babel,Ukrainian,Western,0,0.775510311126709,0.16587917506694794,0.6056933999061584,1.0,0.08333333333333337,0.8732394366197183,0.059030938893556595,14.5,0.023386342376052385,0,1
Babel,Ukrainian,Ukrainian,1,0.6104841828346252,0.18850697576999664,0.5519055724143982,0.7142857142857143,0.3571428571428571,0.8360655737704918,1.0012327432632446,21.166666666666668,0.04534313725490196,0,1
Babel,Ukrainian,Ukrainian,1,0.8562344312667847,0.2486986666917801,0.40882575511932373,1.0,0.0,0.9444444444444444,0.9924669861793518,12.333333333333334,0.0234375,0,1
Babel,Ukrainian,Russian,0,0.7753702402114868,0.19721634685993195,0.5312027931213379,1.0,0.0,0.9333333333333333,0.059030938893556595,9.5,0.01646090534979424,0,1
Babel,Ukrainian,Russian,0,0.37936121225357056,0.0701630488038063,0.833217442035675,0.5,0.5,0.7916666666666666,0.7074244022369385,17.571428571428573,0.026124818577648767,0,1
Babel,Ukrainian,Resistance,0,0.8331613540649414,0.15437917411327362,0.6330296993255615,0.4444444444444444,0.5555555555555556,0.82,0.059030938893556595,16.0,0.02106969205834684,0,1
Babel,Ukrainian,Ukrainian,1,0.8417388200759888,0.02562170848250389,0.9390954375267029,0.5,0.6666666666666667,0.782608695652174,1.0004498958587646,9.0,0.03383458646616541,0,1
Babel,Ukrainian,Western,0,0.7365707159042358,0.19940067827701569,0.5260105729103088,0.9285714285714286,0.1428571428571429,0.868421052631579,1.0003337860107422,18.4,0.03484320557491289,0,1
Babel,Ukrainian,Ukrainian,1,0.7539600133895874,0.24880775809288025,0.40856629610061646,0.9615384615384616,0.11538461538461542,0.9655172413793104,0.996917724609375,17.666666666666668,0.02872260015117158,0,1
Babel,Ukrainian,Right-wing,0,0.42007943987846375,0.027784548699855804,0.9339541420340538,1.0,0.0,0.5652173913043478,0.059030938893556595,16.0,0.032490974729241874,0,1
Babel,Ukrainian,Western,0,0.49755603075027466,0.11216448992490768,0.7333770990371704,0.5714285714285714,0.5714285714285714,0.78125,0.059030938893556595,16.0,0.02619047619047619,0,1
Babel,Ukrainian,Ukrainian,1,0.8309684991836548,0.19799216091632843,0.5293585360050201,1.0,0.0,0.9,0.059030938893556595,15.0,0.016722408026755852,0,1
Babel,Ukrainian,Ukrainian,1,0.7442935705184937,0.160095676779747,0.6194412708282471,0.8571428571428571,0.1428571428571429,0.875,0.7298862934112549,16.6,0.017716535433070866,0,1
Babel,Ukrainian,Ukrainian,1,0.6844744682312012,0.23123976588249207,0.45032668113708496,1.0,0.0,0.9130434782608695,0.7334625124931335,8.2,0.03333333333333333,0,1
Babel,Ukrainian,Ukrainian,1,0.7780691385269165,0.10881872475147247,0.7413302063941956,0.75,0.25,0.9264705882352942,0.738848865032196,13.8,0.025670945157526253,0,1
Babel,Ukrainian,Russian,0,0.6194558143615723,0.18603935837745667,0.5577712059020996,0.9333333333333333,0.06666666666666665,0.8378378378378378,0.059030938893556595,28.0,0.021515434985968196,0,1
Babel,Ukrainian,Ukrainian,1,0.8449470400810242,0.2088976353406906,0.503435492515564,1.0,0.0,0.9230769230769231,0.059030938893556595,12.0,0.047058823529411764,0,1
Babel,Ukrainian,Ukrainian,1,0.861481785774231,0.2464340776205063,0.4142087697982788,0.8333333333333334,0.16666666666666663,0.9807692307692307,0.059030938893556595,18.8,0.026755852842809364,0,1
Babel,Ukrainian,Russian,0,0.7808729410171509,0.21425342559814453,0.4907044768333435,0.8888888888888888,0.11111111111111116,0.8507462686567164,0.8548061847686768,16.77777777777778,0.021604938271604937,0,1
Babel,Ukrainian,Left-wing,0,0.7321314811706543,0.08301802724599838,0.8026602864265442,1.0,0.4444444444444444,0.717391304347826,1.0017406940460205,17.0,0.023633677991137372,0,1
Babel,Ukrainian,Russian,0,0.5956568717956543,0.16987819969654083,0.5961874127388,0.625,0.375,0.8571428571428571,0.059030938893556595,15.666666666666666,0.03327495621716287,0,1
Babel,Ukrainian,Ukrainian,1,0.6415397524833679,0.1541222780942917,0.633640468120575,1.0,0.2222222222222222,0.9090909090909091,0.9990816116333008,11.833333333333334,0.028465346534653466,0,1
Babel,Ukrainian,Ukrainian,1,0.662402331829071,0.17358464002609253,0.5873770415782928,1.0,0.0,0.9375,0.9945208430290222,17.75,0.02027027027027027,0,1
Babel,Ukrainian,Right-wing,0,0.659831702709198,0.2150297462940216,0.48885905742645264,1.0,0.0714285714285714,0.9508196721311475,0.9945208430290222,17.25,0.024630541871921183,0,1
Babel,Ukrainian,Ukrainian,1,0.8697171211242676,0.2105940878391266,0.4994029998779297,0.8,0.19999999999999996,0.9565217391304348,0.9990816116333008,10.0,0.02531645569620253,0,1
Babel,Ukrainian,Western,0,0.4433329999446869,0.044429175555706024,0.8943886384367943,0.23076923076923078,0.8461538461538461,0.4146341463414634,1.001232624053955,15.8,0.04970178926441352,0,1
Babel,Ukrainian,Ukrainian,1,0.5685021877288818,0.19564194977283478,0.5349451899528503,0.38461538461538464,0.6153846153846154,0.7582417582417582,0.059030938893556595,15.454545454545455,0.03035878564857406,0,1
United24Media,Ukrainian,Russian,0,0.7112332582473755,0.1512058973312378,0.6370097100734711,1.0,0.0,0.7941176470588235,0.8132691383361816,16.0,0.013550135501355014,0,0
United24Media,Ukrainian,Ukrainian,1,0.9189764261245728,0.1128469854593277,0.7290955483913422,0.8,0.4,0.8787878787878788,0.05927908420562744,13.833333333333334,0.03512396694214876,0,0
United24Media,Ukrainian,Ukrainian,1,0.6995564103126526,0.2246505320072174,0.46069586277008057,1.0,0.0,1.0,0.7497559785842896,18.0,0.01818181818181818,0,0
United24Media,Ukrainian,Ukrainian,1,0.7710940837860107,0.1572171151638031,0.6225790083408356,0.6666666666666666,0.33333333333333337,0.8780487804878049,0.05927908420562744,18.0,0.02054794520547945,0,0
United24Media,Ukrainian,Ukrainian,1,0.5080416798591614,0.0915655791759491,0.7801844477653503,0.0,1.0,0.8,0.9889735579490662,26.0,0.011560693641618497,0,0
United24Media,Ukrainian,Ukrainian,1,0.6684921979904175,0.0938919335603714,0.7745997309684753,0.36363636363636365,0.8181818181818181,0.75,0.05927908420562744,20.6,0.031055900621118012,0,0
United24Media,Ukrainian,Ukrainian,1,0.6529403924942017,0.1943730264902115,0.5333811640739441,1.0,0.0,0.9487179487179487,0.7305396795272827,15.6,0.016359918200409,0,0
United24Media,Ukrainian,Ukrainian,1,0.8901070356369019,0.20749206840991974,0.5018871128559113,1.0,0.0,1.0,0.05927908420562744,13.25,0.016611295681063124,0,0
United24Media,Ukrainian,Ukrainian,1,0.6955434083938599,0.24793918430805206,0.4047882556915283,0.8,0.19999999999999996,1.0,0.9951831102371216,16.25,0.024,0,0
United24Media,Ukrainian,Ukrainian,1,0.7060039043426514,0.23173490166664124,0.44368886947631836,0.7777777777777778,0.2222222222222222,0.9285714285714286,0.9958747029304504,17.125,0.01643192488262911,0,0
United24Media,Ukrainian,Ukrainian,1,0.6469415426254272,0.20139940083026886,0.5165133774280548,1.0,0.0,0.9523809523809523,0.05927908420562744,16.333333333333332,0.012903225806451613,0,0
United24Media,Ukrainian,Ukrainian,1,0.699103593826294,0.1560479998588562,0.625385582447052,1.0,0.125,0.8113207547169812,0.9952815771102905,16.666666666666668,0.01765650080256822,0,0
United24Media,Ukrainian,Zionist,0,0.49305781722068787,0.06199749931693077,0.8511665463447571,0.0,1.0,1.0,0.05927908420562744,13.0,0.011494252873563218,0,0
United24Media,Ukrainian,Ukrainian,1,0.8357182741165161,0.1406390517950058,0.6623768508434296,0.875,0.125,0.9310344827586207,0.9958747029304504,16.666666666666668,0.015873015873015872,0,0
United24Media,Ukrainian,Ukrainian,1,0.6917371153831482,0.1866208016872406,0.5519914031028748,0.5,0.5,0.9230769230769231,0.05927908420562744,16.0,0.031007751937984496,0,0
United24Media,Ukrainian,Ukrainian,1,0.6895691156387329,0.1668100208044052,0.5995500087738037,1.0,0.0,0.84,0.9969869256019592,13.666666666666666,0.019157088122605363,0,0
United24Media,Ukrainian,Ukrainian,1,0.6627717614173889,0.2002989649772644,0.5191550850868225,0.3333333333333333,0.6666666666666667,1.0,0.05927908420562744,22.0,0.012987012987012988,0,0
United24Media,Ukrainian,Ukrainian,1,0.7235946655273438,0.1983734667301178,0.5237776041030884,1.0,0.0,0.9130434782608695,0.05927908420562744,12.333333333333334,0.026200873362445413,0,0
United24Media,Ukrainian,Ukrainian,1,0.6303625106811523,0.22327204048633575,0.46400517225265503,1.0,0.125,0.8372093023255814,0.05927908420562744,20.0,0.020249221183800622,0,0
United24Media,Ukrainian,Ukrainian,1,0.6919420957565308,0.22512926161289215,0.45954662561416626,1.0,0.0,1.0,0.05927908420562744,21.0,0.015873015873015872,0,0
United24Media,Ukrainian,Ukrainian,1,0.9181563854217529,0.2285226732492447,0.4514002799987793,1.0,0.0,1.0,0.9958747029304504,26.0,0.028125,0,0
United24Media,Ukrainian,Ukrainian,1,0.6759346723556519,0.19450652599334717,0.5330606400966644,0.9166666666666666,0.16666666666666663,0.8888888888888888,1.0002117156982422,19.5,0.02040816326530612,0,0
United24Media,Ukrainian,Ukrainian,1,0.7386460900306702,0.21918566524982452,0.47381508350372314,0.75,0.25,0.9642857142857143,0.9925829768180847,18.333333333333332,0.02654867256637168,0,0
United24Media,Ukrainian,Ukrainian,1,0.5980195999145508,0.1597452610731125,0.6165098547935486,0.8,0.19999999999999996,0.8275862068965517,0.05927908420562744,16.0,0.01440922190201729,0,0
United24Media,Ukrainian,Russian,0,0.671207845211029,0.2033032923936844,0.5119427740573883,0.875,0.25,0.8611111111111112,0.8448160886764526,22.666666666666668,0.010683760683760684,0,0
United24Media,Ukrainian,Ukrainian,1,0.8936747312545776,0.25302112102508545,0.39258843660354614,0.875,0.3125,0.975,0.6840542554855347,28.666666666666668,0.015503875968992248,0,0
United24Media,Ukrainian,Ukrainian,1,0.6482811570167542,0.21556608378887177,0.48250436782836914,1.0,0.0,1.0,0.05927908420562744,20.0,0.022900763358778626,0,0
United24Media,Ukrainian,Ukrainian,1,0.7308578491210938,0.21850769221782684,0.47544264793395996,0.7777777777777778,0.2222222222222222,1.0,0.05927908420562744,28.0,0.009505703422053232,0,0
United24Media,Ukrainian,Resistance,0,0.47165048122406006,0.1240718886256218,0.7021485567092896,0.0,1.0,0.8823529411764706,0.9889735579490662,9.666666666666666,0.015463917525773196,0,0
United24Media,Ukrainian,Ukrainian,1,0.6734881401062012,0.1529732346534729,0.6327669620513916,0.3333333333333333,0.6666666666666667,0.8571428571428571,0.05927908420562744,11.0,0.030303030303030304,0,0
United24Media,Ukrainian,Ukrainian,1,0.8558728694915771,0.1900799423456192,0.5436872839927673,0.6666666666666666,0.33333333333333337,1.0,0.9925829768180847,20.0,0.047619047619047616,0,0
United24Media,Ukrainian,Ukrainian,1,0.6315128207206726,0.17403730750083923,0.5821998119354248,0.7777777777777778,0.4444444444444444,0.8837209302325582,0.9960817694664001,15.666666666666666,0.01870748299319728,0,0
United24Media,Ukrainian,Ukrainian,1,0.8236119747161865,0.2296028584241867,0.4488071799278259,0.75,0.25,0.9090909090909091,0.7648646235466003,18.5,0.02145922746781116,0,0
United24Media,Ukrainian,Ukrainian,1,0.6206912994384766,0.1792214810848236,0.5697544813156128,0.6666666666666666,0.5,0.7916666666666666,0.05927908420562744,15.666666666666666,0.01238390092879257,0,0
United24Media,Ukrainian,Western,0,0.5917015075683594,0.15362119674682617,0.6312114000320435,0.4,0.6,0.9375,0.05927908420562744,19.0,0.030837004405286344,0,0
United24Media,Ukrainian,Western,0,0.6527791023254395,0.24275657534599304,0.41722989082336426,0.9375,0.125,0.9382716049382716,0.05927908420562744,26.666666666666668,0.020348837209302327,0,0
United24Media,Ukrainian,Ukrainian,1,0.7241808176040649,0.16874490678310394,0.5949049293994904,0.6153846153846154,0.3846153846153846,0.8571428571428571,0.999272346496582,26.2,0.021464646464646464,0,0
United24Media,Ukrainian,Ukrainian,1,0.7731267213821411,0.2557063698768616,0.38614213466644287,1.0,0.0,1.0,0.05927908420562744,17.5,0.02252252252252252,0,0
United24Media,Ukrainian,Ukrainian,1,0.7505792379379272,0.19823914766311646,0.5241000056266785,0.75,0.25,0.9772727272727273,0.05927908420562744,13.5,0.024253731343283583,0,0
United24Media,Ukrainian,Ukrainian,1,0.7987399101257324,0.25578540563583374,0.385952353477478,1.0,0.19999999999999996,0.8372093023255814,0.8336837291717529,15.8,0.021235521235521235,0,0
United24Media,Ukrainian,Ukrainian,1,0.8990974426269531,0.17236749827861786,0.5862084031105042,1.0,0.0,1.0,0.9925829768180847,12.333333333333334,0.019417475728155338,0,0
United24Media,Ukrainian,Russian,0,0.6928499937057495,0.18254093825817108,0.5617857277393341,1.0,0.2857142857142857,0.9523809523809523,0.05927908420562744,38.0,0.0076045627376425855,0,0
United24Media,Ukrainian,Ukrainian,1,0.68288654088974,0.18999002873897552,0.5439031422138214,1.0,0.0,0.9310344827586207,0.7638882398605347,18.666666666666668,0.018867924528301886,0,0
United24Media,Ukrainian,Ukrainian,1,0.6717119216918945,0.20852382481098175,0.4994102120399475,0.7142857142857143,0.2857142857142857,0.88,0.9958747029304504,18.333333333333332,0.011799410029498525,0,0
United24Media,Ukrainian,Left-wing,0,0.8226230144500732,0.05176977813243866,0.8757196143269539,1.0,0.0,1.0,0.05927908420562744,15.5,0.015789473684210527,0,0
United24Media,Ukrainian,Ukrainian,1,0.6548047065734863,0.20266523957252502,0.5134745836257935,1.0,0.0,1.0,0.05927908420562744,16.333333333333332,0.021238938053097345,0,0
United24Media,Ukrainian,Zionist,0,0.5271608829498291,0.11296497285366058,0.7288122177124023,0.0,1.0,0.6666666666666666,0.05927908420562744,20.0,0.025423728813559324,0,0
United24Media,Ukrainian,Ukrainian,1,0.7096266746520996,0.2224051058292389,0.46608632802963257,0.5384615384615384,0.5384615384615384,0.84,0.05927908420562744,25.666666666666668,0.025145067698259187,0,0
United24Media,Ukrainian,Ukrainian,1,0.5449217557907104,0.13803645968437195,0.6686247289180756,0.5,0.5,0.9166666666666666,0.05927908420562744,19.0,0.007936507936507936,0,0
United24Media,Ukrainian,Ukrainian,1,0.7853753566741943,0.21025411784648895,0.4952564239501953,0.5714285714285714,0.4285714285714286,0.8611111111111112,0.05927908420562744,24.333333333333332,0.020179372197309416,0,0
United24Media,Ukrainian,Russian,0,0.7179156541824341,0.1538732647895813,0.6306062638759613,1.0,0.0,0.8837209302325582,0.9952815771102905,19.25,0.020179372197309416,0,0
United24Media,Ukrainian,Ukrainian,1,0.8670288920402527,0.0811077207326889,0.8052899241447449,0.8461538461538461,0.23076923076923073,0.9032258064516129,0.7928176522254944,14.0,0.0189873417721519,0,0
United24Media,Ukrainian,Ukrainian,1,0.8371492624282837,0.23153498768806458,0.4441688060760498,1.0,0.0,0.9285714285714286,0.05927908420562744,11.6,0.020348837209302327,0,0
United24Media,Ukrainian,Western,0,0.8515815734863281,0.1706525832414627,0.5903252363204956,1.0,0.375,0.7818181818181819,1.0017554759979248,13.428571428571429,0.026785714285714284,0,0
United24Media,Ukrainian,Ukrainian,1,0.6779885292053223,0.22857864201068878,0.4512658715248108,0.6666666666666666,0.5,0.9069767441860465,1.0011954307556152,22.75,0.018581081081081082,0,0
United24Media,Ukrainian,Ukrainian,1,0.6404109597206116,0.14639057219028473,0.6485695838928223,1.0,0.19999999999999996,0.8148148148148148,0.05927908420562744,13.333333333333334,0.020689655172413793,0,0
United24Media,Ukrainian,Western,0,0.7063047289848328,0.18240031599998474,0.5621232390403748,1.0,0.0,0.7083333333333334,0.05927908420562744,9.25,0.07027027027027027,0,0
United24Media,Ukrainian,Ukrainian,1,0.7499542236328125,0.2419096827507019,0.41926300525665283,1.0,0.0,1.0,0.05927908420562744,12.588235294117647,0.03215926493108729,0,0
United24Media,Ukrainian,Ukrainian,1,0.8823738098144531,0.13387948274612427,0.6786041259765625,1.0,0.0,1.0,0.05927908420562744,12.0,0.021897810218978103,0,0
United24Media,Ukrainian,Ukrainian,1,0.7471254467964172,0.22397150099277496,0.4623260498046875,1.0,0.0,0.9523809523809523,0.643141508102417,23.666666666666668,0.012181616832779624,0,0
United24Media,Ukrainian,Right-wing,0,0.6488965153694153,0.062338147312402725,0.8503488004207611,1.0,0.33333333333333337,0.8375,0.7323917746543884,18.7,0.0215633423180593,0,0
United24Media,Ukrainian,Western,0,0.7166358232498169,0.2827105224132538,0.3213149309158325,0.5555555555555556,0.4444444444444444,0.8769230769230769,0.05927908420562744,17.714285714285715,0.022700119474313024,0,0
United24Media,Ukrainian,Ukrainian,1,0.7091741561889648,0.21197985112667084,0.491113543510437,0.7777777777777778,0.2222222222222222,0.9130434782608695,0.9958747029304504,16.77777777777778,0.022684310018903593,0,0
United24Media,Ukrainian,Zionist,0,0.4127563536167145,0.006419213488698006,0.9845897667109966,0.4444444444444444,0.5555555555555556,0.6470588235294118,0.05927908420562744,15.5,0.020050125313283207,0,0
United24Media,Ukrainian,Ukrainian,1,0.6755611896514893,0.15192560851573944,0.6352819800376892,0.9,0.19999999999999996,0.9245283018867925,0.7600957155227661,18.142857142857142,0.01971090670170828,0,0
United24Media,Ukrainian,Western,0,0.622177243232727,0.1368304193019867,0.6715199947357178,0.5833333333333334,0.5833333333333333,0.8461538461538461,0.8103967308998108,16.2,0.023346303501945526,0,0
United24Media,Ukrainian,Russian,0,0.5267590284347534,0.18552330136299133,0.5546261072158813,0.5,0.625,0.82,1.0008890628814697,20.4,0.017964071856287425,0,0
United24Media,Ukrainian,Ukrainian,1,0.7713063359260559,0.18174542486667633,0.5636954605579376,0.5333333333333333,0.4666666666666667,0.7848101265822784,0.5784539580345154,16.583333333333332,0.01810699588477366,0,0
United24Media,Ukrainian,Ukrainian,1,0.733626127243042,0.1769055277109146,0.5753142833709717,1.0,0.33333333333333337,0.9166666666666666,0.9925829768180847,9.5,0.025423728813559324,0,0
United24Media,Ukrainian,Ukrainian,1,0.7245022058486938,0.24787035584449768,0.4049535393714905,1.0,0.0,1.0,0.05927908420562744,16.333333333333332,0.01845018450184502,0,0
United24Media,Ukrainian,Ukrainian,1,0.697442889213562,0.12777753174304962,0.6932526230812073,0.3333333333333333,0.6666666666666667,1.0,0.05927908420562744,17.0,0.01694915254237288,0,0
United24Media,Ukrainian,Ukrainian,1,0.8691763877868652,0.18141897022724152,0.5644790828227997,0.9,0.19999999999999996,0.84375,0.05927908420562744,11.333333333333334,0.015521064301552107,0,0
United24Media,Ukrainian,Ukrainian,1,0.8871544599533081,0.061894308775663376,0.8514143526554108,1.0,0.0,0.9333333333333333,0.9942970275878906,12.5,0.03428571428571429,0,0
United24Media,Ukrainian,Ukrainian,1,0.8110966682434082,0.14338722825050354,0.6557795107364655,0.5,0.5,1.0,0.05927908420562744,23.0,0.034482758620689655,0,0
United24Media,Ukrainian,Russian,0,0.6059099435806274,0.10397996753454208,0.7503818869590759,0.3333333333333333,0.6666666666666667,0.85,0.05927908420562744,7.555555555555555,0.035398230088495575,0,0
United24Media,Ukrainian,Ukrainian,1,0.7962732315063477,0.20759645104408264,0.5016365051269531,0.7,0.44999999999999996,0.7922077922077922,0.05927908420562744,21.375,0.016498625114573784,0,0
United24Media,Ukrainian,Ukrainian,1,0.706598162651062,0.2482667863368988,0.4040018320083618,0.7142857142857143,0.4285714285714286,0.9423076923076923,0.05927908420562744,17.166666666666668,0.015827338129496403,0,0
United24Media,Ukrainian,Ukrainian,1,0.8562344312667847,0.25928542017936707,0.3775501847267151,1.0,0.0,1.0,1.0015758275985718,8.375,0.02512562814070352,0,0
United24Media,Ukrainian,Ukrainian,1,0.6990807056427002,0.22161762416362762,0.46797674894332886,1.0,0.0,0.8679245283018868,0.05927908420562744,21.4,0.019471488178025034,0,0
United24Media,Ukrainian,Ukrainian,1,0.6788387298583984,0.16592110693454742,0.6016837954521179,0.75,0.25,0.9545454545454546,0.05927908420562744,17.5,0.008771929824561403,0,0
United24Media,Ukrainian,Ukrainian,1,0.5231821537017822,0.17783880233764648,0.5730738639831543,0.5,0.5,0.92,0.05927908420562744,8.6,0.023809523809523808,0,0
United24Media,Ukrainian,Ukrainian,1,0.7616763114929199,0.20954419672489166,0.4969606399536133,0.75,0.33333333333333337,0.8939393939393939,0.7936076521873474,24.8,0.012345679012345678,0,0
United24Media,Ukrainian,Ukrainian,1,0.7025071978569031,0.24711385369300842,0.40676963329315186,1.0,0.0,0.8095238095238095,0.05927908420562744,16.5,0.013333333333333334,0,0
United24Media,Ukrainian,Ukrainian,1,0.6173385381698608,0.12026315927505493,0.7112919688224792,0.5714285714285714,0.5714285714285714,0.8085106382978723,0.7015841007232666,22.9,0.01925722145804677,0,0
United24Media,Ukrainian,Ukrainian,1,0.8755487203598022,0.20489072799682617,0.5081319808959961,0.5,0.5,1.0,0.9925829768180847,13.0,0.02373887240356083,0,0
United24Media,Ukrainian,Ukrainian,1,0.5683072209358215,0.1014053001999855,0.756562814116478,,,0.9230769230769231,0.05927908420562744,10.0,0.022058823529411766,0,0
United24Media,Ukrainian,Ukrainian,1,0.6642547845840454,0.22086979448795319,0.4697720408439636,0.9,0.09999999999999998,1.0,0.05927908420562744,14.857142857142858,0.018518518518518517,0,0
United24Media,Ukrainian,Ukrainian,1,0.7164044380187988,0.17415864765644073,0.5819085240364075,0.9090909090909091,0.18181818181818177,0.9384615384615385,0.9969869256019592,18.333333333333332,0.01834862385321101,0,0
United24Media,Ukrainian,Ukrainian,1,0.8739222884178162,0.20809519290924072,0.5004392862319946,0.6666666666666666,0.33333333333333337,1.0,0.9925829768180847,10.4,0.031055900621118012,0,0
United24Media,Ukrainian,Ukrainian,1,0.6069259643554688,0.1588381975889206,0.6186873614788055,1.0,0.19999999999999996,0.8823529411764706,0.05927908420562744,13.5,0.023255813953488372,0,0
United24Media,Ukrainian,Ukrainian,1,0.7572394609451294,0.23672837018966675,0.4317014217376709,1.0,0.33333333333333337,0.8771929824561403,0.05927908420562744,21.6,0.018361581920903956,0,0
United24Media,Ukrainian,Ukrainian,1,0.8986994624137878,0.17224322259426117,0.5865066647529602,0.4444444444444444,0.5555555555555556,0.9142857142857143,0.05927908420562744,23.0,0.01583710407239819,0,0
United24Media,Ukrainian,Ukrainian,1,0.7507306933403015,0.16322341561317444,0.6081600785255432,0.7142857142857143,0.2857142857142857,0.8378378378378378,1.0007039308547974,14.333333333333334,0.03065134099616858,0,0
United24Media,Ukrainian,Resistance,0,0.7430029511451721,0.05568346008658409,0.8663242906332016,0.8,0.4,0.8444444444444444,0.9952815771102905,22.0,0.02631578947368421,0,0
United24Media,Ukrainian,Ukrainian,1,0.8573901653289795,0.11862760037183762,0.7152183055877686,0.4,0.6,0.8405797101449275,0.7083481550216675,20.714285714285715,0.018306636155606407,0,0
United24Media,Ukrainian,Ukrainian,1,0.694961428642273,0.18110528588294983,0.5652321577072144,0.8,0.19999999999999996,0.8636363636363636,0.05927908420562744,20.5,0.016260162601626018,0,0
United24Media,Ukrainian,Ukrainian,1,0.6729523539543152,0.23987510800361633,0.42414724826812744,1.0,0.5,0.9230769230769231,1.0012472867965698,23.0,0.011583011583011582,0,0
United24Media,Ukrainian,Ukrainian,1,0.7678890228271484,0.23180484771728516,0.44352102279663086,0.8,0.4,0.967741935483871,0.05927908420562744,14.166666666666666,0.023391812865497075,0,0
United24Media,Ukrainian,Ukrainian,1,0.686249852180481,0.24879281222820282,0.40273916721343994,1.0,0.0,0.9069767441860465,0.9992122054100037,17.2,0.03015075376884422,0,0
United24Media,Ukrainian,Ukrainian,1,0.8428725004196167,0.19834685325622559,0.5238414406776428,0.75,0.25,0.9130434782608695,0.05927908420562744,22.5,0.02527075812274368,0,0
United24Media,Ukrainian,Ukrainian,1,0.4597359299659729,0.04580755531787872,0.8900326937437057,0.4444444444444444,0.6666666666666667,0.5490196078431373,0.05927908420562744,24.25,0.021341463414634148,0,0
United24Media,Ukrainian,Russian,0,0.6104702353477478,0.21172402799129486,0.4917277693748474,0.6111111111111112,0.4444444444444444,0.8260869565217391,0.705102801322937,17.125,0.012048192771084338,0,0
United24Media,Ukrainian,Ukrainian,1,0.5360353589057922,0.1725989133119583,0.5856528282165527,0.75,0.25,0.72,0.05927908420562744,23.0,0.01730103806228374,0,0
United24Media,Ukrainian,Ukrainian,1,0.684475302696228,0.20154328644275665,0.5161679089069366,1.0,0.0,1.0,0.05927908420562744,15.0,0.009615384615384616,0,0
United24Media,Ukrainian,Ukrainian,1,0.8328354358673096,0.20254632830619812,0.5137600898742676,1.0,0.0,0.9743589743589743,0.05927908420562744,10.88888888888889,0.040453074433656956,0,0
United24Media,Ukrainian,Ukrainian,1,0.852767288684845,0.13854123651981354,0.6674129366874695,1.0,0.0,1.0,0.9958747029304504,15.5,0.015873015873015872,0,0
United24Media,Ukrainian,Ukrainian,1,0.6795538663864136,0.2154344618320465,0.4828202724456787,0.5555555555555556,0.4444444444444444,0.9411764705882353,0.05927908420562744,29.0,0.01256281407035176,0,0
United24Media,Ukrainian,Ukrainian,1,0.7361158728599548,0.20766018331050873,0.5014835596084595,1.0,0.0,0.9130434782608695,0.05927908420562744,10.75,0.027586206896551724,0,0
United24Media,Ukrainian,Ukrainian,1,0.5262861847877502,0.11996343731880188,0.7120114862918854,0.3333333333333333,0.6666666666666667,0.8333333333333334,0.05927908420562744,12.5,0.022727272727272728,0,0
United24Media,Ukrainian,Ukrainian,1,0.9019249677658081,0.15748895704746246,0.6219263672828674,0.875,0.125,0.9534883720930233,0.9338136911392212,18.6,0.020484171322160148,0,0
United24Media,Ukrainian,Russian,0,0.646998405456543,0.21580298244953156,0.48193562030792236,1.0,0.0,0.8709677419354839,0.9992122054100037,31.5,0.023529411764705882,0,0
United24Media,Ukrainian,Ukrainian,1,0.5923967957496643,0.20157307386398315,0.5160964727401733,1.0,0.0,0.8918918918918919,0.9958747029304504,22.666666666666668,0.014314928425357873,0,0
United24Media,Ukrainian,Ukrainian,1,0.8938764333724976,0.2513485550880432,0.39660364389419556,0.875,0.25,0.9354838709677419,0.05927908420562744,23.333333333333332,0.019736842105263157,0,0
United24Media,Ukrainian,Ukrainian,1,0.782490611076355,0.20061013102531433,0.5184081196784973,0.75,0.5,0.9615384615384616,0.05927908420562744,14.0,0.025089605734767026,0,0
United24Media,Ukrainian,Ukrainian,1,0.5326213836669922,0.19960004091262817,0.5208330154418945,0.2857142857142857,0.8571428571428572,0.813953488372093,0.05927908420562744,15.166666666666666,0.021238938053097345,0,0
United24Media,Ukrainian,Ukrainian,1,0.6267231702804565,0.21899113059043884,0.47428202629089355,0.75,0.25,0.9166666666666666,1.0012083053588867,11.0,0.02066115702479339,0,0
United24Media,Ukrainian,Western,0,0.4444955885410309,0.12418203800916672,0.7018841207027435,0.5833333333333334,0.5833333333333333,0.75,0.05927908420562744,11.75,0.024193548387096774,0,0
United24Media,Ukrainian,Ukrainian,1,0.7002332210540771,0.17547781765460968,0.5787416696548462,0.8,0.19999999999999996,0.8947368421052632,0.05927908420562744,14.5,0.009523809523809525,0,0
United24Media,Ukrainian,Russian,0,0.5136321783065796,0.15549114346504211,0.6267223656177521,0.7692307692307693,0.7692307692307692,0.7222222222222222,0.05927908420562744,21.833333333333332,0.01877346683354193,0,0
United24Media,Ukrainian,Russian,0,0.7344683408737183,0.2921363115310669,0.2986871004104614,1.0,0.0,1.0,0.05927908420562744,12.0,0.012987012987012988,0,0
United24Media,Ukrainian,Ukrainian,1,0.7883065938949585,0.2487742304801941,0.40278369188308716,1.0,0.0,1.0,0.7575846314430237,17.666666666666668,0.01875,0,0
United24Media,Ukrainian,Ukrainian,1,0.7474603652954102,0.19968430697917938,0.5206307172775269,0.7,0.30000000000000004,0.9245283018867925,0.7710980176925659,19.166666666666668,0.017191977077363897,0,0
United24Media,Ukrainian,Resistance,0,0.6155056953430176,0.1321515142917633,0.6827523112297058,0.8888888888888888,0.2222222222222222,0.8,0.05927908420562744,28.0,0.015105740181268883,0,0
United24Media,Ukrainian,Western,0,0.6901907920837402,0.16993868350982666,0.592039167881012,0.7272727272727273,0.36363636363636365,0.875,1.0015934705734253,18.0,0.024475524475524476,0,0
United24Media,Ukrainian,Western,0,0.5847679376602173,0.2047235071659088,0.508533388376236,1.0,0.1428571428571429,0.8043478260869565,0.7643204927444458,19.2,0.020512820512820513,0,0
United24Media,Ukrainian,Ukrainian,1,0.6364062428474426,0.2362060844898224,0.432955265045166,0.6,0.6,0.7831325301204819,0.05927908420562744,21.77777777777778,0.01775625504439064,0,0
United24Media,Ukrainian,Ukrainian,1,0.7133011817932129,0.15583012998104095,0.625908613204956,0.875,0.125,0.9090909090909091,0.9969869256019592,45.0,0.007462686567164179,0,0
United24Media,Ukrainian,Ukrainian,1,0.7651240825653076,0.2065274566411972,0.5042028427124023,1.0,0.0,0.9090909090909091,0.05927908420562744,21.0,0.015151515151515152,0,0
United24Media,Ukrainian,Ukrainian,1,0.7511112689971924,0.25843507051467896,0.37959152460098267,0.9166666666666666,0.33333333333333337,0.8333333333333334,1.0012472867965698,48.0,0.013874066168623266,0,0
United24Media,Ukrainian,Russian,0,0.579085111618042,0.1778852343559265,0.5729623734951019,1.0,0.0,0.8823529411764706,0.05927908420562744,12.5,0.017543859649122806,0,0
United24Media,Ukrainian,Ukrainian,1,0.607454776763916,0.19879524409770966,0.5227649807929993,0.25,0.75,0.8,0.9889735579490662,16.0,0.013636363636363636,0,0
United24Media,Ukrainian,Ukrainian,1,0.5633417367935181,0.18861255049705505,0.5472100079059601,0.4,0.6,0.8333333333333334,0.9889735579490662,22.333333333333332,0.016018306636155607,0,0
United24Media,Ukrainian,Ukrainian,1,0.6539484858512878,0.18890409171581268,0.5465100109577179,0.6666666666666666,0.33333333333333337,0.9166666666666666,0.05927908420562744,17.0,0.018018018018018018,0,0
United24Media,Ukrainian,Ukrainian,1,0.8338098526000977,0.21671058237552643,0.47975683212280273,1.0,0.0,1.0,0.9925829768180847,7.0,0.025157232704402517,0,0
United24Media,Ukrainian,Ukrainian,1,0.5575380325317383,0.14717455208301544,0.6466875076293945,0.6666666666666666,0.33333333333333337,0.7777777777777778,0.05927908420562744,11.5,0.021739130434782608,0,0
United24Media,Ukrainian,Ukrainian,1,0.5563664436340332,0.189704030752182,0.5445896983146667,0.6,0.4,0.84,0.05927908420562744,15.333333333333334,0.017064846416382253,0,0
United24Media,Ukrainian,Zionist,0,0.3809405565261841,-0.012814220041036606,1.0307622887194157,0.2,1.0,0.7741935483870968,0.05927908420562744,15.5,0.031914893617021274,0,0
United24Media,Ukrainian,Russian,0,0.5310417413711548,0.16927777230739594,0.5936257243156433,0.7,0.5,0.8,0.05927908420562744,20.0,0.018975332068311195,0,0
United24Media,Ukrainian,Ukrainian,1,0.6430286169052124,0.24181684851646423,0.419485867023468,1.0,0.0,0.9259259259259259,0.05927908420562744,19.666666666666668,0.01729106628242075,0,0
United24Media,Ukrainian,Ukrainian,1,0.6255151629447937,0.1986917406320572,0.523013561964035,0.75,0.25,0.9393939393939394,0.05927908420562744,16.75,0.026829268292682926,0,0
United24Media,Ukrainian,Ukrainian,1,0.737842321395874,0.1604914367198944,0.614718496799469,0.6666666666666666,0.33333333333333337,0.8928571428571429,0.05927908420562744,20.5,0.030927835051546393,0,0
United24Media,Ukrainian,Ukrainian,1,0.6909976005554199,0.21875129640102386,0.4748578667640686,1.0,0.0,0.9791666666666666,0.05927908420562744,25.2,0.014104372355430184,0,0
United24Media,Ukrainian,Resistance,0,0.6205254197120667,0.08455764502286911,0.7970078140497208,0.8888888888888888,0.5555555555555556,0.7441860465116279,0.05927908420562744,16.727272727272727,0.026200873362445413,0,0
United24Media,Ukrainian,Ukrainian,1,0.8589409589767456,0.14386607706546783,0.6546300053596497,0.6153846153846154,0.46153846153846156,0.9158878504672897,0.5884683728218079,16.8125,0.025891829689298044,0,0
United24Media,Ukrainian,Ukrainian,1,0.7580549120903015,0.27162954211235046,0.3479164242744446,0.8333333333333334,0.16666666666666663,0.9444444444444444,1.0007389783859253,25.333333333333332,0.006289308176100629,0,0
United24Media,Ukrainian,Russian,0,0.6172431707382202,0.18223212659358978,0.5625270307064056,1.0,0.0,0.7142857142857143,0.05927908420562744,14.0,0.016483516483516484,0,0
United24Media,Ukrainian,Zionist,0,0.576992392539978,0.11344470828771591,0.727660596370697,0.5,0.5,0.9333333333333333,0.05927908420562744,9.0,0.025157232704402517,0,0
United24Media,Ukrainian,Ukrainian,1,0.8143897652626038,0.20852796733379364,0.4994003176689148,0.75,0.25,0.8571428571428571,0.05927908420562744,19.5,0.011450381679389313,0,0
United24Media,Ukrainian,Ukrainian,1,0.8005439043045044,0.1843433529138565,0.5574587881565094,1.0,0.0,0.9655172413793104,0.05927908420562744,11.0,0.025069637883008356,0,0
United24Media,Ukrainian,Western,0,0.5516411066055298,0.138569176197052,0.6673458814620972,0.6666666666666666,0.33333333333333337,0.7096774193548387,0.05927908420562744,24.0,0.02112676056338028,0,0
United24Media,Ukrainian,Ukrainian,1,0.609412670135498,0.24128396809101105,0.4207650423049927,0.6666666666666666,0.33333333333333337,0.9642857142857143,0.997711181640625,21.0,0.026246719160104987,0,0
United24Media,Ukrainian,Ukrainian,1,0.6651986837387085,0.15930692851543427,0.6175621151924133,0.5714285714285714,0.4285714285714286,0.9375,0.9889735579490662,30.0,0.016666666666666666,0,0
United24Media,Ukrainian,Zionist,0,0.47913312911987305,0.08548470586538315,0.7947824001312256,0.0,1.0,0.875,1.0012083053588867,16.0,0.022222222222222223,0,0
United24Media,Ukrainian,Ukrainian,1,0.6132537126541138,0.19633425772190094,0.5286729335784912,0.3333333333333333,0.6666666666666667,0.875,0.05927908420562744,27.0,0.011049723756906077,0,0
United24Media,Ukrainian,Ukrainian,1,0.5750487446784973,0.20033273100852966,0.5190740823745728,0.8,0.4,0.8378378378378378,0.05927908420562744,19.75,0.017167381974248927,0,0
United24Media,Ukrainian,Ukrainian,1,0.7584177255630493,0.18952985107898712,0.5450078845024109,0.9,0.09999999999999998,0.9487179487179487,0.9969869256019592,22.2,0.017094017094017096,0,0
United24Media,Ukrainian,Ukrainian,1,0.8337079286575317,0.18055090308189392,0.566563069820404,0.9090909090909091,0.18181818181818177,0.9318181818181818,0.05927908420562744,10.3,0.022189349112426034,0,0
United24Media,Ukrainian,Resistance,0,0.5509132146835327,0.11573008447885513,0.722174197435379,0.4,0.6,0.6428571428571429,0.05927908420562744,21.0,0.03333333333333333,0,0
United24Media,Ukrainian,Russian,0,0.7314585447311401,0.2416495680809021,0.4198874235153198,0.9310344827586207,0.13793103448275867,0.8970588235294118,0.9963831901550293,19.571428571428573,0.037076271186440676,0,0
United24Media,Ukrainian,Ukrainian,1,0.6962069272994995,0.23775392770767212,0.4292394518852234,1.0,0.0,0.9464285714285714,0.9889735579490662,15.142857142857142,0.019390581717451522,0,0
United24Media,Ukrainian,Western,0,0.7283024191856384,0.27742519974708557,0.3340030908584595,0.8461538461538461,0.15384615384615385,0.875,0.6938347220420837,25.2,0.016726403823178016,0,0
United24Media,Ukrainian,Ukrainian,1,0.5853186249732971,0.17327308654785156,0.5840343236923218,0.6666666666666666,0.33333333333333337,0.9333333333333333,0.05927908420562744,11.5,0.032467532467532464,0,0
United24Media,Ukrainian,Ukrainian,1,0.6619155406951904,0.12741859257221222,0.6941143274307251,1.0,0.0,0.9583333333333334,0.05927908420562744,13.333333333333334,0.027888446215139442,0,0
United24Media,Ukrainian,Ukrainian,1,0.6333561539649963,0.15543684363365173,0.6268526911735535,1.0,0.25,0.9615384615384616,0.9958747029304504,15.5,0.019417475728155338,0,0
United24Media,Ukrainian,Ukrainian,1,0.6741878390312195,0.21256017684936523,0.48972034454345703,0.5,0.625,0.8979591836734694,0.05927908420562744,15.5,0.027243589743589744,0,0
United24Media,Ukrainian,Ukrainian,1,0.6154601573944092,0.22070834040641785,0.470159649848938,0.7272727272727273,0.4545454545454546,0.8166666666666667,0.7715283632278442,25.0,0.015514809590973202,0,0
United24Media,Ukrainian,Ukrainian,1,0.5846152305603027,0.14332865178585052,0.6559200882911682,0.5,0.5,0.9166666666666666,0.05927908420562744,16.5,0.032,0,0
United24Media,Ukrainian,Ukrainian,1,0.5260931849479675,0.17158910632133484,0.588077038526535,0.625,0.625,0.9230769230769231,0.05927908420562744,20.25,0.013513513513513514,0,0
United24Media,Ukrainian,Ukrainian,1,0.6933029294013977,0.15565411746501923,0.6263311505317688,0.8181818181818182,0.18181818181818177,0.9230769230769231,0.9941385388374329,17.0,0.01971326164874552,0,0
United24Media,Ukrainian,Ukrainian,1,0.757987380027771,0.17742475867271423,0.5740677118301392,1.0,0.125,0.8571428571428571,0.05927908420562744,20.666666666666668,0.01839080459770115,0,0
United24Media,Ukrainian,Ukrainian,1,0.706729531288147,0.21843762695789337,0.47561079263687134,0.8888888888888888,0.11111111111111116,0.975609756097561,0.05927908420562744,24.0,0.018425460636515914,0,0
United24Media,Ukrainian,Ukrainian,1,0.699652373790741,0.21896673738956451,0.47434067726135254,0.7777777777777778,0.33333333333333337,0.8490566037735849,0.05927908420562744,24.4,0.03638814016172507,0,0
United24Media,Ukrainian,Ukrainian,1,0.7813630104064941,0.1647576540708542,0.6044768691062927,1.0,0.25,1.0,0.05927908420562744,12.2,0.018276762402088774,0,0
United24Media,Ukrainian,Ukrainian,1,0.5572992563247681,0.12117661535739899,0.7090990543365479,0.3333333333333333,1.0,0.7692307692307693,0.05927908420562744,25.0,0.017777777777777778,0,0
United24Media,Ukrainian,Western,0,0.7497684955596924,0.04828578606247902,0.8840834125876427,0.6,0.6,0.9069767441860465,0.05927908420562744,24.333333333333332,0.015053763440860216,0,0
United24Media,Ukrainian,Western,0,0.44953709840774536,0.11077402532100677,0.7340718507766724,0.4,0.6,0.6470588235294118,0.05927908420562744,19.0,0.008438818565400843,0,0
United24Media,Ukrainian,Ukrainian,1,0.6128476858139038,0.18748505413532257,0.5499166548252106,0.8,0.19999999999999996,0.8860759493670886,0.05927908420562744,19.25,0.021052631578947368,0,0
United24Media,Ukrainian,Ukrainian,1,0.683837890625,0.15595951676368713,0.6255980432033539,0.6923076923076923,0.3076923076923077,0.8448275862068966,0.05927908420562744,23.4,0.018159806295399514,0,0
United24Media,Ukrainian,Ukrainian,1,0.636507511138916,0.22131389379501343,0.4687058925628662,0.5,0.6666666666666667,0.7727272727272727,0.05927908420562744,19.5,0.019455252918287938,0,0
United24Media,Ukrainian,Ukrainian,1,0.48235026001930237,0.10801292955875397,0.7407002449035645,0.3333333333333333,0.6666666666666667,0.7553191489361702,0.05927908420562744,18.166666666666668,0.020833333333333332,0,0
United24Media,Ukrainian,Russian,0,0.7144206762313843,0.16655948758125305,0.6001513600349426,1.0,0.0,1.0,0.05927908420562744,13.0,0.024539877300613498,0,0
United24Media,Ukrainian,Ukrainian,1,0.7320549488067627,0.27715635299682617,0.3346484899520874,0.8333333333333334,0.16666666666666663,0.8676470588235294,0.5625648498535156,13.0,0.04397905759162304,0,0
United24Media,Ukrainian,Right-wing,0,0.5800395011901855,0.11476990580558777,0.7244791984558105,0.6666666666666666,0.33333333333333337,0.9545454545454546,0.05927908420562744,20.0,0.024691358024691357,0,0
United24Media,Ukrainian,Ukrainian,1,0.53233402967453,0.12277274578809738,0.7052673101425171,0.6666666666666666,0.5,0.8666666666666667,0.05927908420562744,15.0,0.017191977077363897,0,0
United24Media,Ukrainian,Ukrainian,1,0.6915721893310547,0.12201575189828873,0.707084596157074,0.6,0.6,0.6666666666666666,0.05927908420562744,22.0,0.028169014084507043,0,0
United24Media,Ukrainian,Ukrainian,1,0.7689346671104431,0.21856267750263214,0.47531068325042725,0.7,0.30000000000000004,0.7954545454545454,0.9969869256019592,19.8,0.018633540372670808,0,0
United24Media,Ukrainian,Western,0,0.736911952495575,0.24490804970264435,0.41206496953964233,1.0,0.0,0.9489795918367347,0.551934540271759,11.64,0.022342995169082124,0,0
United24Media,Ukrainian,Ukrainian,1,0.6295648813247681,0.15395383536815643,0.6304129362106323,0.3333333333333333,1.0,0.8846153846153846,0.05927908420562744,15.666666666666666,0.025974025974025976,0,0
United24Media,Ukrainian,Ukrainian,1,0.8086956143379211,0.15388616919517517,0.6305753588676453,1.0,0.0,1.0,0.05927908420562744,9.5,0.03125,0,0
United24Media,Ukrainian,Ukrainian,1,0.7707616686820984,0.16786670684814453,0.5970131754875183,0.6363636363636364,0.36363636363636365,0.8360655737704918,0.05927908420562744,24.166666666666668,0.026136363636363635,0,0
United24Media,Ukrainian,Zionist,0,0.5648074150085449,0.08634438365697861,0.7927185595035553,,,1.0,0.05927908420562744,6.0,0.025,0,0
United24Media,Ukrainian,Ukrainian,1,0.5392730236053467,0.17979848384857178,0.5683692693710327,0.75,0.5,0.8863636363636364,0.05927908420562744,18.5,0.019305019305019305,0,0
United24Media,Ukrainian,Ukrainian,1,0.589831531047821,0.1327255517244339,0.6813743114471436,0.5714285714285714,0.5714285714285714,0.9285714285714286,0.7054829001426697,15.666666666666666,0.02631578947368421,0,0
United24Media,Ukrainian,Russian,0,0.6369985342025757,0.20703817903995514,0.5029767155647278,0.5,0.6666666666666667,0.9130434782608695,0.05927908420562744,40.0,0.013452914798206279,0,0
United24Media,Ukrainian,Ukrainian,1,0.7164615988731384,0.1646871417760849,0.6046460866928101,0.9230769230769231,0.3846153846153846,0.9,0.707711935043335,20.75,0.020771513353115726,0,0
United24Media,Ukrainian,Ukrainian,1,0.6759085655212402,0.18835635483264923,0.547825038433075,0.6666666666666666,0.33333333333333337,0.9090909090909091,0.05927908420562744,14.5,0.03442340791738382,0,0
United24Media,Ukrainian,Ukrainian,1,0.6438395977020264,0.1851024031639099,0.5556365847587585,0.8571428571428571,0.1428571428571429,0.9285714285714286,0.7069142460823059,26.5,0.020895522388059702,0,0
United24Media,Ukrainian,Ukrainian,1,0.8848216533660889,0.13811159133911133,0.6684443950653076,1.0,0.19999999999999996,0.9642857142857143,0.05927908420562744,15.0,0.03089887640449438,0,0
United24Media,Ukrainian,Ukrainian,1,0.4048713445663452,0.09703987091779709,0.7670425772666931,0.5714285714285714,0.4285714285714286,0.6956521739130435,0.9904583692550659,4.7,0.034055727554179564,0,0
United24Media,Ukrainian,Western,0,0.5949098467826843,0.15897780656814575,0.6183521747589111,0.875,0.25,0.8656716417910447,0.736914873123169,28.8,0.016177957532861477,0,0
ThePostMillennial,Right-wing,Left-wing,0,0.47541218996047974,0.10292760282754898,0.7109207212924957,0.5,0.5,0.6111111111111112,0.06369246542453766,11.0,0.06358381502890173,0,0
ThePostMillennial,Right-wing,Right-wing,1,0.4990333020687103,0.11597026884555817,0.6742894351482391,1.0,0.0,0.9,0.06369246542453766,8.5,0.03496503496503497,0,0
ThePostMillennial,Right-wing,Left-wing,0,0.4810725450515747,0.10759957134723663,0.6977992057800293,1.0,0.5,0.35714285714285715,0.06369246542453766,9.5,0.04487179487179487,0,0
ThePostMillennial,Right-wing,Right-wing,1,0.6859462261199951,0.14749616384506226,0.5857469141483307,0.5,0.5,0.6428571428571429,0.9995226263999939,8.5,0.0472972972972973,0,0
ThePostMillennial,Right-wing,Right-wing,1,0.7788107395172119,0.18852560222148895,0.47051286697387695,1.0,0.0,0.8,0.992404580116272,6.0,0.0673076923076923,0,0
ThePostMillennial,Right-wing,Left-wing,0,0.5165030360221863,0.12062419205904007,0.6612187027931213,0.0,1.0,0.8181818181818182,0.9993951916694641,6.5,0.049586776859504134,0,0
ThePostMillennial,Right-wing,Left-wing,0,0.5077337026596069,0.11544512957334518,0.6757643818855286,0.8,0.19999999999999996,0.4666666666666667,0.06369246542453766,8.5,0.050955414012738856,0,0
ThePostMillennial,Right-wing,Right-wing,1,0.44093379378318787,0.14547058939933777,0.5914357900619507,0.6666666666666666,0.33333333333333337,0.5833333333333334,0.06369246542453766,6.5,0.0625,0,0
ThePostMillennial,Right-wing,Right-wing,1,0.7322760224342346,0.17115069925785065,0.5193114876747131,1.0,0.0,0.6666666666666666,1.0001122951507568,5.0,0.05357142857142857,0,0
ThePostMillennial,Right-wing,Zionist,0,0.37805303931236267,0.057560332119464874,0.8383378684520721,0.0,1.0,0.2857142857142857,1.0015006065368652,6.0,0.06060606060606061,0,0
ThePostMillennial,Right-wing,Right-wing,1,0.8305624127388,0.20857128500938416,0.4142131805419922,1.0,0.0,0.8,0.06369246542453766,5.0,0.05555555555555555,0,0
ThePostMillennial,Right-wing,Right-wing,1,0.6929640769958496,0.15708521008491516,0.5588153600692749,1.0,0.0,0.7692307692307693,0.06369246542453766,10.0,0.03896103896103896,0,0
ThePostMillennial,Right-wing,Right-wing,1,0.764809250831604,0.09723681211471558,0.7269036769866943,1.0,1.0,0.7272727272727273,0.9994755387306213,7.0,0.046153846153846156,0,0
ThePostMillennial,Right-wing,Zionist,0,0.7829420566558838,0.11063859611749649,0.6892638802528381,1.0,0.0,0.6666666666666666,0.9948405623435974,5.5,0.05357142857142857,0,0
ThePostMillennial,Right-wing,Right-wing,1,0.6523321270942688,0.12378942221403122,0.6523288488388062,0.75,0.25,0.75,0.06369246542453766,7.0,0.04716981132075472,0,0
ThePostMillennial,Right-wing,Zionist,0,0.48605501651763916,0.022011157125234604,0.9381801672279835,0.5,0.5,0.3,0.06369246542453766,6.0,0.04424778761061947,0,0
ThePostMillennial,Right-wing,Right-wing,1,0.6461134552955627,0.11837231367826462,0.6675432026386261,1.0,0.5,0.6666666666666666,1.0020263195037842,7.5,0.05673758865248227,0,0
ThePostMillennial,Right-wing,Right-wing,1,0.6345646977424622,0.161429762840271,0.5466134548187256,0.5,0.5,0.7142857142857143,0.992404580116272,5.0,0.06593406593406594,0,0
ThePostMillennial,Right-wing,Left-wing,0,0.4866330921649933,0.13570798933506012,0.6188547611236572,1.0,1.0,0.6875,0.06369246542453766,9.0,0.045112781954887216,0,0
ThePostMillennial,Right-wing,Left-wing,0,0.5354667901992798,0.07643454521894455,0.7853283286094666,1.0,0.0,0.7,0.06369246542453766,7.5,0.05303030303030303,0,0
ThePostMillennial,Right-wing,Right-wing,1,0.7227206230163574,0.2059953510761261,0.42144787311553955,1.0,0.5,0.8571428571428571,0.992404580116272,5.0,0.06097560975609756,0,0
ThePostMillennial,Right-wing,Right-wing,1,0.5142573118209839,0.10885745286941528,0.6942663490772247,0.5,0.5,0.8181818181818182,0.06369246542453766,7.0,0.043859649122807015,0,0
ThePostMillennial,Right-wing,Right-wing,1,0.4972834587097168,0.11838188022375107,0.6675163507461548,0.5,0.5,0.5454545454545454,0.06369246542453766,7.0,0.05084745762711865,0,0
ThePostMillennial,Right-wing,Right-wing,1,0.4712969660758972,0.10626928508281708,0.7015354037284851,0.5,0.5,0.5555555555555556,0.06369246542453766,5.5,0.05,0,0
ThePostMillennial,Right-wing,Left-wing,0,0.5073522329330444,0.11355629563331604,0.6810692548751831,1.0,0.0,0.7692307692307693,0.06369246542453766,7.5,0.05755395683453238,0,0
ThePostMillennial,Right-wing,Right-wing,1,0.4205482602119446,0.10245386511087418,0.7122512459754944,0.0,1.0,0.4,0.06369246542453766,7.5,0.039735099337748346,0,0
ThePostMillennial,Right-wing,Right-wing,1,0.52211594581604,0.11010527610778809,0.6907617747783661,1.0,0.0,0.8333333333333334,0.06369246542453766,7.5,0.038461538461538464,0,0
ThePostMillennial,Right-wing,Right-wing,1,0.40592634677886963,0.08829328417778015,0.7520222812891006,1.0,0.0,0.5454545454545454,0.06369246542453766,6.5,0.03816793893129771,0,0
ThePostMillennial,Right-wing,Right-wing,1,0.5138850212097168,0.12136565893888474,0.6591362059116364,1.0,0.0,0.6363636363636364,0.06369246542453766,6.0,0.06451612903225806,0,0
ThePostMillennial,Right-wing,Right-wing,1,0.48494598269462585,0.18357963860034943,0.48440390825271606,1.0,0.0,0.7777777777777778,0.06369246542453766,6.0,0.044642857142857144,0,0
ThePostMillennial,Right-wing,Right-wing,1,0.5438669323921204,0.11239415407180786,0.6843332946300507,0.5,0.5,0.6428571428571429,1.0009747743606567,10.5,0.045454545454545456,0,0
ThePostMillennial,Right-wing,Right-wing,1,0.477890282869339,0.12228570878505707,0.6565521657466888,1.0,0.0,0.7272727272727273,0.06369246542453766,6.0,0.06306306306306306,0,0
ThePostMillennial,Right-wing,Right-wing,1,0.4568368196487427,0.14016789197921753,0.6063288450241089,0.5,0.5,0.6666666666666666,0.06369246542453766,7.0,0.04201680672268908,0,0
ThePostMillennial,Right-wing,Left-wing,0,0.720645010471344,0.16599056124687195,0.5338041484355927,1.0,0.0,0.7,0.99878990650177,5.0,0.05660377358490566,0,0
ThePostMillennial,Right-wing,Right-wing,1,0.7450550198554993,0.14619044959545135,0.5894140601158142,1.0,0.0,0.8181818181818182,0.992404580116272,8.0,0.0423728813559322,0,0
ThePostMillennial,Right-wing,Left-wing,0,0.6304416060447693,0.12787207961082458,0.6408624649047852,0.5,0.5,0.5714285714285714,1.0009747743606567,8.0,0.050724637681159424,0,0
ThePostMillennial,Right-wing,Right-wing,1,0.5212606191635132,0.08460793644189835,0.7623727768659592,0.25,0.75,0.5882352941176471,0.06369246542453766,9.5,0.0472972972972973,0,0
ThePostMillennial,Right-wing,Right-wing,1,0.6515935659408569,0.15579639375209808,0.5624351501464844,0.0,1.0,0.8461538461538461,1.0009747743606567,8.0,0.03968253968253968,0,0
ThePostMillennial,Right-wing,Left-wing,0,0.5575978755950928,0.15515872836112976,0.564225971698761,1.0,0.4285714285714286,0.7727272727272727,0.9999219179153442,12.0,0.059113300492610835,0,0
ThePostMillennial,Right-wing,Left-wing,0,0.487517774105072,0.10461407154798508,0.7061841487884521,1.0,0.0,0.6363636363636364,0.06369246542453766,5.333333333333333,0.06060606060606061,0,0
ThePostMillennial,Right-wing,Right-wing,1,0.5154942274093628,0.05892522260546684,0.8345044255256653,1.0,0.0,0.5454545454545454,0.9934252500534058,6.0,0.043478260869565216,0,0
ThePostMillennial,Right-wing,Left-wing,0,0.4367813169956207,0.13644397258758545,0.6167876422405243,0.8,0.4,0.3076923076923077,0.06369246542453766,9.0,0.04861111111111111,0,0
ThePostMillennial,Right-wing,Right-wing,1,0.7524377703666687,0.15582159161567688,0.5623642802238464,1.0,0.0,0.7272727272727273,0.9986490607261658,6.0,0.056,0,0
ThePostMillennial,Right-wing,Right-wing,1,0.8096135854721069,0.15587446093559265,0.5622158348560333,1.0,0.0,0.8571428571428571,0.9931308627128601,9.0,0.04,0,0
ThePostMillennial,Right-wing,Right-wing,1,0.47302162647247314,0.12076494842767715,0.6608232855796814,0.8,0.4,0.5454545454545454,0.06369246542453766,6.5,0.04580152671755725,0,0
ThePostMillennial,Right-wing,Right-wing,1,0.5939078330993652,0.14384230971336365,0.5960089266300201,1.0,0.0,0.7,0.995518684387207,5.0,0.052083333333333336,0,0
ThePostMillennial,Right-wing,Left-wing,0,0.4914637804031372,0.12048134207725525,0.6616199314594269,0.5,0.5,0.4166666666666667,0.06369246542453766,8.5,0.03546099290780142,0,0
ThePostMillennial,Right-wing,Left-wing,0,0.4632357656955719,0.1274566501379013,0.6420292258262634,0.5,0.5,0.6428571428571429,0.06369246542453766,8.5,0.03759398496240601,0,0
ThePostMillennial,Right-wing,Right-wing,1,0.49831122159957886,0.08786645531654358,0.7532209753990173,0.6666666666666666,0.6666666666666667,0.5714285714285714,0.06369246542453766,5.0,0.07216494845360824,0,0
ThePostMillennial,Right-wing,Zionist,0,0.7018606662750244,0.03446631133556366,0.9031990170478821,1.0,1.0,0.5714285714285714,0.06369246542453766,4.5,0.06666666666666667,0,0
ThePostMillennial,Right-wing,Right-wing,1,0.5406938791275024,0.1167316809296608,0.6721509993076324,0.6666666666666666,0.33333333333333337,0.8181818181818182,0.06369246542453766,6.0,0.05309734513274336,0,0
ThePostMillennial,Right-wing,Right-wing,1,0.4624200761318207,0.08060617744922638,0.77361199259758,1.0,0.0,0.7142857142857143,0.9997174143791199,9.0,0.056962025316455694,0,0
ThePostMillennial,Right-wing,Zionist,0,0.5076584219932556,0.11517687886953354,0.6765178143978119,1.0,0.0,0.5454545454545454,0.06369246542453766,6.5,0.05555555555555555,0,0
ThePostMillennial,Right-wing,Right-wing,1,0.7876918315887451,0.09158738702535629,0.7427704930305481,1.0,0.0,0.8,0.06369246542453766,8.5,0.04195804195804196,0,0
ThePostMillennial,Right-wing,Zionist,0,0.5881991386413574,0.1191694363951683,0.6653043627738953,0.5,0.5,0.6923076923076923,0.06369246542453766,7.5,0.04580152671755725,0,0
ThePostMillennial,Right-wing,Russian,0,0.49758899211883545,0.12028264999389648,0.6621778905391693,1.0,0.0,0.7777777777777778,0.06369246542453766,5.5,0.05357142857142857,0,0
ThePostMillennial,Right-wing,Right-wing,1,0.5537647008895874,0.1706407368183136,0.5207437574863434,0.6666666666666666,0.33333333333333337,0.6666666666666666,0.995518684387207,7.5,0.048,0,0
ThePostMillennial,Right-wing,Left-wing,0,0.5661882162094116,0.11385420709848404,0.6802326440811157,0.5,1.0,0.6363636363636364,0.06369246542453766,6.5,0.05555555555555555,0,0
ThePostMillennial,Right-wing,Right-wing,1,0.8453960418701172,0.10921985656023026,0.6932485103607178,1.0,0.0,0.7777777777777778,0.9984410405158997,5.0,0.05504587155963303,0,0
ThePostMillennial,Right-wing,Right-wing,1,0.4626007676124573,0.14669501781463623,0.5879969000816345,0.8,0.4,0.6153846153846154,0.06369246542453766,9.0,0.04430379746835443,0,0
ThePostMillennial,Right-wing,Right-wing,1,0.44519639015197754,0.087661512196064,0.7537966370582581,1.0,0.0,0.6,0.06369246542453766,5.5,0.07692307692307693,0,0
ThePostMillennial,Right-wing,Right-wing,1,0.4455736577510834,0.12782511115074158,0.6409943401813507,1.0,0.0,0.75,1.0018064975738525,4.5,0.050505050505050504,0,0
ThePostMillennial,Right-wing,Right-wing,1,0.5206648707389832,0.14957742393016815,0.5799014568328857,1.0,0.0,0.5833333333333334,1.0015007257461548,7.5,0.05511811023622047,0,0
ThePostMillennial,Right-wing,Right-wing,1,0.522578239440918,0.11068493872880936,0.6891337037086487,1.0,0.0,0.8181818181818182,0.06369246542453766,8.0,0.07042253521126761,0,0
ThePostMillennial,Right-wing,Right-wing,1,0.5917562246322632,0.11949107050895691,0.6644010543823242,0.5,0.5,0.6666666666666666,0.06369246542453766,7.5,0.04132231404958678,0,0
ThePostMillennial,Right-wing,Left-wing,0,0.45026451349258423,0.11971556395292282,0.6637705862522125,1.0,0.0,0.7272727272727273,0.06369246542453766,8.5,0.0547945205479452,0,0
ThePostMillennial,Right-wing,Right-wing,1,0.43064290285110474,0.08789186924695969,0.7531495988368988,0.5,0.5,0.625,0.06369246542453766,9.0,0.04,0,0
ThePostMillennial,Right-wing,Right-wing,1,0.7645202875137329,0.1924571543931961,0.4594707489013672,1.0,0.0,0.625,0.06369246542453766,3.5,0.08333333333333333,0,0
ThePostMillennial,Right-wing,Left-wing,0,0.5415154695510864,0.11826425045728683,0.6678466796875,1.0,0.0,0.4444444444444444,0.06369246542453766,5.5,0.05102040816326531,0,0
ThePostMillennial,Right-wing,Right-wing,1,0.8069344162940979,0.08076947182416916,0.7731533944606781,1.0,0.0,0.8,0.9984410405158997,3.5,0.0821917808219178,0,0
ThePostMillennial,Right-wing,Right-wing,1,0.46267062425613403,0.1569141298532486,0.5592958927154541,0.6666666666666666,0.33333333333333337,0.375,0.06369246542453766,5.5,0.053763440860215055,0,0
ThePostMillennial,Right-wing,Zionist,0,0.3307547867298126,0.06289440393447876,0.8233567774295807,0.6666666666666666,0.33333333333333337,0.7,1.0020263195037842,6.5,0.05217391304347826,0,0
ThePostMillennial,Right-wing,Left-wing,0,0.518748939037323,0.06919993460178375,0.805647224187851,1.0,0.0,0.6666666666666666,1.000502586364746,6.5,0.05982905982905983,0,0
ThePostMillennial,Right-wing,Right-wing,1,0.4548230767250061,0.084088534116745,0.7638315409421921,0.6,0.4,0.7058823529411765,0.9934252500534058,11.0,0.05,0,0
ThePostMillennial,Right-wing,Right-wing,1,0.565575122833252,0.10853506624698639,0.6951717734336853,1.0,0.0,0.75,1.0009747743606567,7.5,0.045112781954887216,0,0
ThePostMillennial,Right-wing,Left-wing,0,0.580706775188446,0.12693645060062408,0.6434902548789978,1.0,0.0,0.75,0.06369246542453766,5.0,0.061946902654867256,0,0
ThePostMillennial,Right-wing,Left-wing,0,0.46563613414764404,0.08285102993249893,0.7673071622848511,1.0,0.0,0.5555555555555556,0.06369246542453766,5.5,0.045871559633027525,0,0
ThePostMillennial,Right-wing,Left-wing,0,0.5914850234985352,0.1509988009929657,0.575909435749054,1.0,0.0,0.6666666666666666,0.06369246542453766,6.5,0.05217391304347826,0,0
ThePostMillennial,Right-wing,Left-wing,0,0.5903621912002563,0.14951840043067932,0.5800671875476837,0.75,0.25,0.9090909090909091,1.0007106065750122,7.0,0.049019607843137254,0,0
ThePostMillennial,Right-wing,Right-wing,1,0.36751532554626465,0.07477249950170517,0.7899962961673737,1.0,0.0,0.6666666666666666,0.06369246542453766,6.5,0.05343511450381679,0,0
ThePostMillennial,Right-wing,Right-wing,1,0.559182345867157,0.12768061459064484,0.6414002180099487,1.0,0.0,0.7777777777777778,0.9973351955413818,9.0,0.041666666666666664,0,0
ThePostMillennial,Right-wing,Right-wing,1,0.571492075920105,0.13922326266765594,0.6089818477630615,1.0,0.0,0.7777777777777778,0.06369246542453766,10.5,0.053763440860215055,0,0
ThePostMillennial,Right-wing,Right-wing,1,0.4382087290287018,0.11830517649650574,0.667731761932373,0.5,0.5,0.4166666666666667,0.9941084384918213,8.5,0.050724637681159424,0,0
ThePostMillennial,Right-wing,Right-wing,1,0.5482867956161499,0.15901947021484375,0.5533828437328339,1.0,0.0,0.8181818181818182,0.06369246542453766,8.5,0.04580152671755725,0,0
ThePostMillennial,Right-wing,Left-wing,0,0.4633169174194336,0.13845664262771606,0.6111349761486053,0.5,0.5,0.6,1.0015007257461548,8.5,0.05228758169934641,0,0
ThePostMillennial,Right-wing,Right-wing,1,0.7184323072433472,0.11526986956596375,0.6762566268444061,1.0,0.0,0.7142857142857143,0.06369246542453766,8.5,0.04242424242424243,0,0
ThePostMillennial,Right-wing,Right-wing,1,0.7600208520889282,0.13126209378242493,0.6313413679599762,1.0,0.0,0.75,0.06369246542453766,5.0,0.053763440860215055,0,0
ThePostMillennial,Right-wing,Right-wing,1,0.5323529243469238,0.1736990213394165,0.5121543109416962,1.0,0.0,0.7142857142857143,1.0004982948303223,4.5,0.04950495049504951,0,0
ThePostMillennial,Right-wing,Right-wing,1,0.7129195928573608,0.15299122035503387,0.5703136026859283,1.0,0.0,0.9,0.06369246542453766,6.0,0.04504504504504504,0,0
ThePostMillennial,Right-wing,Zionist,0,0.7282335162162781,0.15673601627349854,0.5597960948944092,1.0,0.0,0.8,0.06369246542453766,9.5,0.04794520547945205,0,0
ThePostMillennial,Right-wing,Right-wing,1,0.8409229516983032,0.15029655396938324,0.577881783246994,1.0,0.0,0.8181818181818182,0.06369246542453766,7.0,0.07086614173228346,0,0
ThePostMillennial,Right-wing,Left-wing,0,0.6042719483375549,0.08446259796619415,0.7627809941768646,0.75,0.25,0.7333333333333333,0.06369246542453766,9.0,0.04794520547945205,0,0
ThePostMillennial,Right-wing,Right-wing,1,0.4993863105773926,0.10097263753414154,0.7164113521575928,0.5,0.5,0.6666666666666666,0.06369246542453766,9.5,0.04081632653061224,0,0
ThePostMillennial,Right-wing,Right-wing,1,0.7024743556976318,0.14211125671863556,0.6008707582950592,1.0,0.0,0.7692307692307693,0.9995226263999939,7.5,0.06870229007633588,0,0
ThePostMillennial,Right-wing,Right-wing,1,0.4619755744934082,0.12827959656715393,0.6397179067134857,0.0,1.0,0.5384615384615384,0.06369246542453766,7.0,0.05161290322580645,0,0
ThePostMillennial,Right-wing,Right-wing,1,0.5440407395362854,0.09175004810094833,0.7423136830329895,0.75,0.25,0.7142857142857143,0.9934252500534058,8.5,0.04411764705882353,0,0
ThePostMillennial,Right-wing,Left-wing,0,0.5205868482589722,0.13517795503139496,0.6203433871269226,1.0,0.0,0.9230769230769231,1.0007623434066772,9.0,0.04,0,0
ThePostMillennial,Right-wing,Right-wing,1,0.7614062428474426,0.11337397247552872,0.6815813779830933,1.0,0.0,0.8333333333333334,0.9995226263999939,7.5,0.05343511450381679,0,0
ThePostMillennial,Right-wing,Zionist,0,0.5901333689689636,0.1468101143836975,0.5876736342906952,1.0,0.0,0.5,0.06369246542453766,6.0,0.08571428571428572,0,0
ThePostMillennial,Right-wing,Right-wing,1,0.36857205629348755,0.05079660564661026,0.8573342263698578,0.25,1.0,0.42105263157894735,0.06369246542453766,10.5,0.05172413793103448,0,0
ThePostMillennial,Right-wing,Right-wing,1,0.5671828389167786,0.13425616919994354,0.6229323148727417,1.0,0.0,0.7272727272727273,0.8293390870094299,8.5,0.061224489795918366,0,0
ThePostMillennial,Right-wing,Right-wing,1,0.46601158380508423,0.10246215015649796,0.712228000164032,1.0,0.0,0.6,0.06369246542453766,7.0,0.049586776859504134,0,0
ThePostMillennial,Right-wing,Right-wing,1,0.6384983062744141,0.1034516841173172,0.7094488739967346,1.0,0.0,0.75,0.9995226263999939,6.0,0.05309734513274336,0,0
ThePostMillennial,Right-wing,Right-wing,1,0.6647418141365051,0.16271929442882538,0.5429916381835938,1.0,0.0,0.8,0.06369246542453766,9.5,0.04430379746835443,0,0
ThePostMillennial,Right-wing,Left-wing,0,0.4603630304336548,0.06883947551250458,0.8066595643758774,0.5,0.5,0.5333333333333333,0.06369246542453766,10.0,0.05128205128205128,0,0
ThePostMillennial,Right-wing,Left-wing,0,0.6558772921562195,0.12885256111621857,0.6381087899208069,1.0,0.0,0.6666666666666666,0.06369246542453766,6.0,0.07,0,0
ThePostMillennial,Right-wing,Left-wing,0,0.5896095633506775,0.1299910843372345,0.634911060333252,0.5,0.5,0.5454545454545454,1.0009747743606567,5.5,0.06451612903225806,0,0
ThePostMillennial,Right-wing,Right-wing,1,0.6367266178131104,0.13168364763259888,0.6301574110984802,1.0,0.0,0.75,0.9938947558403015,6.5,0.043478260869565216,0,0
ThePostMillennial,Right-wing,Left-wing,0,0.5024130344390869,0.07998980581760406,0.7753430902957916,1.0,0.0,0.6666666666666666,0.06369246542453766,6.0,0.05357142857142857,0,0
ThePostMillennial,Right-wing,Right-wing,1,0.4044640064239502,0.05867542698979378,0.835206001996994,0.5,0.5,0.7368421052631579,0.06369246542453766,11.5,0.05434782608695652,0,0
ThePostMillennial,Right-wing,Left-wing,0,0.7195762991905212,0.14371217787265778,0.5963744819164276,0.6666666666666666,0.33333333333333337,0.7777777777777778,0.9938947558403015,5.5,0.06593406593406594,0,0
ThePostMillennial,Right-wing,Zionist,0,0.6545762419700623,0.1354702115058899,0.6195225715637207,1.0,0.0,0.75,0.06369246542453766,5.5,0.06666666666666667,0,0
ThePostMillennial,Right-wing,Right-wing,1,0.5859311819076538,0.1042378768324852,0.7072407305240631,0.5,0.5,0.6923076923076923,1.0004485845565796,9.0,0.0392156862745098,0,0
ThePostMillennial,Right-wing,Right-wing,1,0.5035691261291504,0.16212435066699982,0.5446625649929047,1.0,0.0,0.75,0.06369246542453766,6.5,0.05925925925925926,0,0
ThePostMillennial,Right-wing,Left-wing,0,0.5138288736343384,0.1566765457391739,0.5599631071090698,0.3333333333333333,0.6666666666666667,0.6363636363636364,0.06369246542453766,6.0,0.0423728813559322,0,0
ThePostMillennial,Right-wing,Right-wing,1,0.693459153175354,0.14950820803642273,0.5800958871841431,0.6666666666666666,0.33333333333333337,0.7272727272727273,0.06369246542453766,7.0,0.041666666666666664,0,0
ThePostMillennial,Right-wing,Left-wing,0,0.5378105044364929,0.14488649368286133,0.5930762588977814,1.0,0.0,0.5294117647058824,0.06369246542453766,9.5,0.031446540880503145,0,0
ThePostMillennial,Right-wing,Right-wing,1,0.5829657912254333,0.17292168736457825,0.5143374502658844,1.0,0.0,0.42857142857142855,0.06369246542453766,7.5,0.05806451612903226,0,0
ThePostMillennial,Right-wing,Left-wing,0,0.7178512811660767,0.17263242602348328,0.5151498913764954,1.0,0.0,0.6666666666666666,0.06369246542453766,7.0,0.06870229007633588,0,0
ThePostMillennial,Right-wing,Left-wing,0,0.5372321605682373,0.08838317543268204,0.7517696917057037,1.0,0.0,0.7,0.06369246542453766,6.0,0.06481481481481481,0,0
ThePostMillennial,Right-wing,Right-wing,1,0.5261043906211853,0.138941690325737,0.6097726821899414,0.0,1.0,0.625,0.9997174143791199,6.0,0.06306306306306306,0,0
ThePostMillennial,Right-wing,Right-wing,1,0.6183995008468628,0.1692115068435669,0.5247578024864197,1.0,0.0,0.8461538461538461,0.06369246542453766,7.5,0.04032258064516129,0,0
ThePostMillennial,Right-wing,Right-wing,1,0.5910906791687012,0.18156108260154724,0.49007314443588257,1.0,0.0,0.7777777777777778,1.0015006065368652,6.5,0.049019607843137254,0,0
ThePostMillennial,Right-wing,Left-wing,0,0.5886529088020325,0.1283780187368393,0.6394413709640503,1.0,0.33333333333333337,0.5833333333333334,0.06369246542453766,7.0,0.064,0,0
ThePostMillennial,Right-wing,Right-wing,1,0.5465729236602783,0.14726649224758148,0.5863918662071228,1.0,0.0,0.8181818181818182,0.06369246542453766,7.5,0.04285714285714286,0,0
ThePostMillennial,Right-wing,Left-wing,0,0.5414732694625854,0.14752094447612762,0.5856772363185883,0.5,0.5,0.7333333333333333,0.06369246542453766,8.0,0.041379310344827586,0,0
ThePostMillennial,Right-wing,Right-wing,1,0.6783073544502258,0.11062457412481308,0.6893032789230347,1.0,0.0,0.8,0.9948405623435974,5.0,0.06306306306306306,0,0
ThePostMillennial,Right-wing,Left-wing,0,0.4848756194114685,0.10058335214853287,0.7175047099590302,0.5,0.5,0.7272727272727273,0.06369246542453766,4.333333333333333,0.056451612903225805,0,0
ThePostMillennial,Right-wing,Zionist,0,0.5071187615394592,0.11101320385932922,0.6882117688655853,0.5,0.5,0.6666666666666666,0.06369246542453766,5.0,0.04854368932038835,0,0
ThePostMillennial,Right-wing,Right-wing,1,0.7477406859397888,0.19493448734283447,0.4525129795074463,0.8,0.19999999999999996,0.8461538461538461,0.06369246542453766,8.0,0.06349206349206349,0,0
ThePostMillennial,Right-wing,Right-wing,1,0.3699415624141693,0.09169834852218628,0.7424588799476624,0.3333333333333333,1.0,0.2727272727272727,0.06369246542453766,6.5,0.06862745098039216,0,0
ThePostMillennial,Right-wing,Left-wing,0,0.46042951941490173,0.12216884642839432,0.6568803489208221,0.0,1.0,0.8,0.06369246542453766,6.5,0.045871559633027525,0,0
ThePostMillennial,Right-wing,Right-wing,1,0.30892589688301086,0.043574392795562744,0.8776183426380157,0.0,1.0,0.5625,0.06369246542453766,12.5,0.034482758620689655,0,0
ThePostMillennial,Right-wing,Left-wing,0,0.44196146726608276,0.06983428448438644,0.8038655519485474,0.5,0.5,0.7,0.06369246542453766,7.0,0.05084745762711865,0,0
ThePostMillennial,Right-wing,Left-wing,0,0.4832213819026947,0.11591430753469467,0.6744466722011566,1.0,0.33333333333333337,0.7,0.9850193858146667,5.0,0.044642857142857144,0,0
ThePostMillennial,Right-wing,Left-wing,0,0.7555191516876221,0.09729717671871185,0.7267342209815979,1.0,0.0,0.8,0.06369246542453766,9.0,0.052980132450331126,0,0
ThePostMillennial,Right-wing,Right-wing,1,0.7702890634536743,0.15904101729393005,0.5533224046230316,1.0,0.0,0.7,0.9992332458496094,8.0,0.07017543859649122,0,0
ThePostMillennial,Right-wing,Left-wing,0,0.5263209342956543,0.15436196327209473,0.5664637386798859,0.6666666666666666,0.6666666666666667,0.6666666666666666,0.9941084384918213,7.0,0.050359712230215826,0,0
ThePostMillennial,Right-wing,Zionist,0,0.6873965263366699,0.15271136164665222,0.571099579334259,0.3333333333333333,0.6666666666666667,0.6666666666666666,0.06369246542453766,6.5,0.05303030303030303,0,0
ThePostMillennial,Right-wing,Right-wing,1,0.6191469430923462,0.17039912939071655,0.5214222967624664,1.0,0.0,0.8461538461538461,0.06369246542453766,7.5,0.03759398496240601,0,0
ThePostMillennial,Right-wing,Right-wing,1,0.7852402925491333,0.19073142111301422,0.4643176198005676,1.0,0.0,0.8181818181818182,0.9986490607261658,6.0,0.05084745762711865,0,0
ThePostMillennial,Right-wing,Right-wing,1,0.4582955837249756,0.05094396322965622,0.8569203913211823,0.0,1.0,0.8181818181818182,1.0020263195037842,6.5,0.056,0,0
ThePostMillennial,Right-wing,Left-wing,0,0.4620092511177063,0.17813526093959808,0.4996947646141052,0.25,0.75,0.7142857142857143,0.7071129083633423,12.0,0.05202312138728324,0,0
ThePostMillennial,Right-wing,Right-wing,1,0.6268881559371948,0.13578635454177856,0.6186347007751465,0.6666666666666666,0.33333333333333337,0.8571428571428571,0.06369246542453766,7.5,0.035211267605633804,0,0
ThePostMillennial,Right-wing,Right-wing,1,0.6086405515670776,0.10566601157188416,0.7032297551631927,0.5,0.5,0.6666666666666666,0.06369246542453766,5.5,0.04672897196261682,0,0
ThePostMillennial,Right-wing,Left-wing,0,0.7245279550552368,0.13064587116241455,0.6330721378326416,1.0,0.0,0.7692307692307693,0.06369246542453766,7.5,0.05263157894736842,0,0
ThePostMillennial,Right-wing,Left-wing,0,0.4775133728981018,0.12973341345787048,0.6356347799301147,1.0,0.5,0.8333333333333334,1.0009747743606567,7.0,0.04,0,0
ThePostMillennial,Right-wing,Right-wing,1,0.544253945350647,0.12981237471103668,0.6354130208492279,0.5,0.5,0.6153846153846154,0.06369246542453766,7.0,0.05303030303030303,0,0
ThePostMillennial,Right-wing,Right-wing,1,0.7039437294006348,0.16911925375461578,0.5250169336795807,1.0,0.0,0.8181818181818182,1.0015007257461548,6.0,0.05405405405405406,0,0
ThePostMillennial,Right-wing,Right-wing,1,0.7210218906402588,0.09100835025310516,0.7443968057632446,0.0,1.0,0.6153846153846154,0.06369246542453766,8.5,0.03597122302158273,0,0
ThePostMillennial,Right-wing,Left-wing,0,0.4924243092536926,0.11071957647800446,0.6890364587306976,1.0,0.0,0.6,0.06369246542453766,6.5,0.07079646017699115,0,0
ThePostMillennial,Right-wing,Right-wing,1,0.4793493151664734,0.16151295602321625,0.5463797152042389,0.6666666666666666,0.33333333333333337,0.7,0.9948405623435974,6.0,0.05172413793103448,0,0
ThePostMillennial,Right-wing,Right-wing,1,0.601394534111023,0.14334169030189514,0.5974149703979492,,,0.5555555555555556,0.999225378036499,5.0,0.08,0,0
ThePostMillennial,Right-wing,Right-wing,1,0.3860676884651184,0.08941342681646347,0.7488762140274048,1.0,0.0,0.6428571428571429,0.06369246542453766,8.5,0.051094890510948905,0,0
ThePostMillennial,Right-wing,Left-wing,0,0.5097882747650146,0.15166418254375458,0.5740406513214111,1.0,0.0,0.5,0.06369246542453766,7.5,0.0684931506849315,0,0
ThePostMillennial,Right-wing,Right-wing,1,0.7533842921257019,0.13807325065135956,0.6122117638587952,1.0,0.0,0.8,0.99878990650177,8.0,0.058823529411764705,0,0
ThePostMillennial,Right-wing,Right-wing,1,0.5647568702697754,0.13140621781349182,0.6309366524219513,1.0,1.0,0.8888888888888888,0.9993951916694641,6.0,0.046296296296296294,0,0
ThePostMillennial,Right-wing,Left-wing,0,0.47091108560562134,0.09297420084476471,0.7388755083084106,0.5,0.5,0.6,0.06369246542453766,6.0,0.0660377358490566,0,0
ThePostMillennial,Right-wing,Left-wing,0,0.588686466217041,0.11905697733163834,0.6656202673912048,1.0,0.0,0.6923076923076923,1.0020263195037842,8.0,0.0364963503649635,0,0
ThePostMillennial,Right-wing,Left-wing,0,0.7382985949516296,0.15578266978263855,0.5624735951423645,1.0,0.0,0.8333333333333334,0.06369246542453766,8.0,0.042735042735042736,0,0
ThePostMillennial,Right-wing,Right-wing,1,0.6804277300834656,0.1179530918598175,0.6687206923961639,0.0,1.0,0.8,0.06369246542453766,10.5,0.05128205128205128,0,0
ThePostMillennial,Right-wing,Right-wing,1,0.527381181716919,0.13226206600666046,0.628532886505127,1.0,0.0,0.6666666666666666,0.06369246542453766,9.0,0.06172839506172839,0,0
ThePostMillennial,Right-wing,Right-wing,1,0.5084885358810425,0.13680167496204376,0.6157830655574799,1.0,0.6666666666666667,0.75,0.06369246542453766,7.0,0.042735042735042736,0,0
ThePostMillennial,Right-wing,Right-wing,1,0.5771198272705078,0.17061792314052582,0.5208077430725098,1.0,0.0,0.5,0.06369246542453766,6.5,0.06086956521739131,0,0
ThePostMillennial,Right-wing,Right-wing,1,0.4125943183898926,0.06539767235517502,0.8163261264562607,0.5,0.5,0.5,0.06369246542453766,8.0,0.04195804195804196,0,0
ThePostMillennial,Right-wing,Right-wing,1,0.519023597240448,0.18856504559516907,0.4704021215438843,1.0,0.33333333333333337,0.7272727272727273,0.06369246542453766,6.5,0.06837606837606838,0,0
ThePostMillennial,Right-wing,Right-wing,1,0.4571341276168823,0.0763784870505333,0.7854857444763184,0.0,1.0,0.7692307692307693,0.06369246542453766,9.0,0.058823529411764705,0,0
ThePostMillennial,Right-wing,Right-wing,1,0.449749231338501,0.09724926948547363,0.7268687188625336,0.6666666666666666,0.33333333333333337,0.6363636363636364,0.06369246542453766,6.0,0.05172413793103448,0,0
ThePostMillennial,Right-wing,Left-wing,0,0.5385042428970337,0.1554075926542282,0.5635270476341248,0.0,1.0,0.7,0.06369246542453766,6.0,0.05660377358490566,0,0
ThePostMillennial,Right-wing,Left-wing,0,0.5021708607673645,0.12880299985408783,0.6382479667663574,0.5,1.0,0.8333333333333334,0.06369246542453766,8.5,0.04285714285714286,0,0
ThePostMillennial,Right-wing,Right-wing,1,0.5427895784378052,0.12215569615364075,0.6569173634052277,1.0,0.0,0.7,0.06369246542453766,7.0,0.058823529411764705,0,0
ThePostMillennial,Right-wing,Left-wing,0,0.5131521224975586,0.1511407345533371,0.5755107998847961,0.6666666666666666,0.33333333333333337,0.7692307692307693,0.06369246542453766,7.5,0.03968253968253968,0,0
ThePostMillennial,Right-wing,Right-wing,1,0.6401798725128174,0.15109379589557648,0.5756427049636841,1.0,0.0,0.8461538461538461,0.06369246542453766,8.5,0.04895104895104895,0,0
ThePostMillennial,Right-wing,Right-wing,1,0.7379863262176514,0.1360650509595871,0.617851972579956,0.6666666666666666,0.33333333333333337,0.8235294117647058,0.06369246542453766,8.5,0.04054054054054054,0,0
ThePostMillennial,Right-wing,Left-wing,0,0.5670763254165649,0.1269005984067917,0.643590897321701,1.0,0.0,0.8888888888888888,0.06369246542453766,5.5,0.05,0,0
ThePostMillennial,Right-wing,Right-wing,1,0.41257673501968384,0.08611533790826797,0.7581391632556915,0.0,1.0,0.6428571428571429,0.06369246542453766,9.0,0.05063291139240506,0,0
ThePostMillennial,Right-wing,Right-wing,1,0.5277002453804016,0.14116883277893066,0.6035175919532776,0.0,1.0,0.6363636363636364,0.9889077544212341,6.5,0.042735042735042736,0,0
ThePostMillennial,Right-wing,Left-wing,0,0.6509461998939514,0.11195801943540573,0.6855581700801849,0.5,0.5,0.6923076923076923,0.9934252500534058,9.0,0.04195804195804196,0,0
ThePostMillennial,Right-wing,Right-wing,1,0.7016309499740601,0.12223702669143677,0.656688928604126,1.0,0.0,0.7272727272727273,0.06369246542453766,7.0,0.042735042735042736,0,0
ThePostMillennial,Right-wing,Right-wing,1,0.7187403440475464,0.16221174597740173,0.544417142868042,1.0,0.0,0.7,0.9948405623435974,5.0,0.06481481481481481,0,0
ThePostMillennial,Right-wing,Right-wing,1,0.5495879650115967,0.10780193656682968,0.6972308456897736,0.8,0.19999999999999996,0.8235294117647058,0.992404580116272,11.5,0.045454545454545456,0,0
ThePostMillennial,Right-wing,Right-wing,1,0.4468874931335449,0.11426587402820587,0.6790764331817627,1.0,1.0,0.5555555555555556,0.06369246542453766,5.0,0.04504504504504504,0,0
ThePostMillennial,Right-wing,Right-wing,1,0.5425572395324707,0.17623786628246307,0.5050237476825714,1.0,0.0,0.5454545454545454,0.06369246542453766,6.0,0.056451612903225805,0,0
ThePostMillennial,Right-wing,Left-wing,0,0.5452190041542053,0.15242698788642883,0.5718981921672821,0.5,0.5,0.6923076923076923,1.0017274618148804,7.5,0.03759398496240601,0,0
ThePostMillennial,Right-wing,Right-wing,1,0.4205337166786194,0.03936641290783882,0.8894367069005966,0.5,0.5,0.5454545454545454,0.06369246542453766,7.0,0.07258064516129033,0,0
ThePostMillennial,Right-wing,Right-wing,1,0.4861554503440857,0.13610602915287018,0.6177367568016052,0.5,1.0,0.4,0.9931308627128601,5.0,0.057692307692307696,0,0
ThePostMillennial,Right-wing,Right-wing,1,0.5551351308822632,0.17676928639411926,0.503531277179718,1.0,0.0,0.625,0.06369246542453766,4.5,0.056818181818181816,0,0
ThePostMillennial,Right-wing,Right-wing,1,0.4950042963027954,0.07102487981319427,0.800521731376648,0.25,0.75,0.6153846153846154,0.06369246542453766,8.5,0.058823529411764705,0,0
ThePostMillennial,Right-wing,Right-wing,1,0.6186723113059998,0.12497560679912567,0.64899742603302,1.0,0.0,0.7,0.9938947558403015,7.0,0.05309734513274336,0,0
ThePostMillennial,Right-wing,Right-wing,1,0.5983151793479919,0.13247264921665192,0.6279414594173431,1.0,0.0,0.8181818181818182,0.06369246542453766,6.5,0.04310344827586207,0,0
ThePostMillennial,Right-wing,Zionist,0,0.6805329322814941,0.17640934884548187,0.5045421719551086,1.0,0.0,0.7777777777777778,0.06369246542453766,5.0,0.053763440860215055,0,0
ThePostMillennial,Right-wing,Right-wing,1,0.8051428198814392,0.10315609723329544,0.7102789878845215,1.0,0.0,0.75,0.06369246542453766,7.5,0.05384615384615385,0,0
ThePostMillennial,Right-wing,Left-wing,0,0.6098012924194336,0.0886591374874115,0.7509946972131729,0.0,1.0,0.7692307692307693,0.06369246542453766,7.5,0.05925925925925926,0,0
ThePostMillennial,Right-wing,Left-wing,0,0.8132083415985107,0.11871103942394257,0.6665918827056885,0.75,0.25,0.8461538461538461,0.9948405623435974,8.0,0.03355704697986577,0,0
ThePostMillennial,Right-wing,Right-wing,1,0.8080509901046753,0.1583988070487976,0.5551259815692902,1.0,0.0,0.7777777777777778,1.0009746551513672,6.0,0.06481481481481481,0,0
ThePostMillennial,Right-wing,Right-wing,1,0.46192246675491333,0.1433158814907074,0.5974875092506409,0.75,0.25,0.7333333333333333,0.06369246542453766,8.5,0.04081632653061224,0,0
ThePostMillennial,Right-wing,Right-wing,1,0.5792582035064697,0.12174857407808304,0.658060759305954,1.0,0.6666666666666667,0.7857142857142857,0.06369246542453766,8.0,0.03968253968253968,0,0
ThePostMillennial,Right-wing,Right-wing,1,0.7099854350090027,0.13833121955394745,0.6114872097969055,1.0,0.0,0.8461538461538461,0.06369246542453766,7.0,0.043478260869565216,0,0
ThePostMillennial,Right-wing,Right-wing,1,0.47018885612487793,0.027245786041021347,0.9234783425927162,1.0,0.33333333333333337,0.6428571428571429,0.06369246542453766,8.5,0.05844155844155844,0,0
ThePostMillennial,Right-wing,Right-wing,1,0.6465556621551514,0.0537496842443943,0.8490403145551682,0.5,0.5,0.5833333333333334,0.06369246542453766,7.5,0.06349206349206349,0,0
TheEpochTimes,Right-wing,Right-wing,1,0.4881440997123718,0.14352472126483917,0.6031591296195984,0.3333333333333333,0.6666666666666667,0.6666666666666666,0.9853469133377075,2.75,0.07964601769911504,0,0
TheEpochTimes,Right-wing,Western,0,0.44704586267471313,0.060158081352710724,0.8336649537086487,,,0.6666666666666666,0.06592356413602829,1.6666666666666667,0.14285714285714285,0,0
TheEpochTimes,Right-wing,Right-wing,1,0.5196315050125122,0.09816765785217285,0.728569746017456,0.6666666666666666,0.33333333333333337,0.8333333333333334,0.9984720349311829,4.333333333333333,0.09900990099009901,0,0
TheEpochTimes,Right-wing,Right-wing,1,0.43708527088165283,0.08667860180139542,0.7603367120027542,0.2,1.0,0.5,0.06592356413602829,4.0,0.09944751381215469,0,0
TheEpochTimes,Right-wing,Left-wing,0,0.38002675771713257,0.10802469402551651,0.7013154029846191,0.0,1.0,0.6,0.06592356413602829,3.0,0.08695652173913043,0,0
TheEpochTimes,Right-wing,Right-wing,1,0.5286867618560791,0.12344976514577866,0.658665657043457,0.6666666666666666,0.33333333333333337,0.75,0.06592356413602829,5.0,0.102803738317757,0,0
TheEpochTimes,Right-wing,Right-wing,1,0.43752390146255493,0.11393032968044281,0.6849865913391113,0.0,1.0,0.6666666666666666,0.9973667860031128,3.3333333333333335,0.10625,0,0
TheEpochTimes,Right-wing,Right-wing,1,0.4871272146701813,0.08588650077581406,0.762526735663414,0.0,1.0,0.75,0.06592356413602829,3.0,0.09473684210526316,0,0
TheEpochTimes,Right-wing,Left-wing,0,0.6519245505332947,0.07493925839662552,0.7927955240011215,0.5,1.0,0.7,0.06592356413602829,4.0,0.10160427807486631,0,0
TheEpochTimes,Right-wing,Left-wing,0,0.553483247756958,0.12562663853168488,0.6526466310024261,0.5,0.5,0.6,0.06592356413602829,4.0,0.10674157303370786,0,0
TheEpochTimes,Right-wing,Right-wing,1,0.5185385942459106,0.14306798577308655,0.604422003030777,0.8,0.19999999999999996,0.9285714285714286,0.9984720349311829,3.75,0.10945273631840796,0,0
TheEpochTimes,Right-wing,Right-wing,1,0.5450152158737183,0.15030674636363983,0.5844070315361023,1.0,0.0,0.8888888888888888,0.06592356413602829,3.6666666666666665,0.10119047619047619,0,0
TheEpochTimes,Right-wing,Right-wing,1,0.5097383260726929,0.12379845231771469,0.6577016115188599,1.0,0.0,0.7272727272727273,0.06592356413602829,3.6666666666666665,0.10106382978723404,0,0
TheEpochTimes,Right-wing,Right-wing,1,0.3554641008377075,0.07896836847066879,0.7816551327705383,0.75,0.75,0.7272727272727273,0.06592356413602829,3.6666666666666665,0.09714285714285714,0,0
TheEpochTimes,Right-wing,Right-wing,1,0.5471729040145874,0.1607939898967743,0.5554102063179016,0.0,1.0,0.875,0.06592356413602829,2.6666666666666665,0.10144927536231885,0,0
TheEpochTimes,Right-wing,Left-wing,0,0.45838555693626404,0.11841829866170883,0.6725775003433228,0.3333333333333333,0.6666666666666667,0.3,0.06592356413602829,2.75,0.08571428571428572,0,0
TheEpochTimes,Right-wing,Right-wing,1,0.487064003944397,0.06792585551738739,0.8121873736381531,0.3333333333333333,1.0,0.6,0.06592356413602829,3.3333333333333335,0.0967741935483871,0,0
TheEpochTimes,Right-wing,Western,0,0.4290318191051483,0.11773515492677689,0.6744663715362549,0.8,0.4,0.6666666666666666,0.06592356413602829,4.333333333333333,0.09693877551020408,0,0
TheEpochTimes,Right-wing,Zionist,0,0.6787582039833069,0.08753902465105057,0.7579576671123505,0.5,1.0,0.5,0.06592356413602829,3.6666666666666665,0.096045197740113,0,0
TheEpochTimes,Right-wing,Zionist,0,0.35369178652763367,0.06396408379077911,0.8231415450572968,,,0.8125,0.06592356413602829,7.6,0.06140350877192982,0,0
TheEpochTimes,Right-wing,Right-wing,1,0.536919355392456,0.07264839857816696,0.7991296947002411,0.5,0.75,0.6153846153846154,0.06592356413602829,4.666666666666667,0.09049773755656108,0,0
TheEpochTimes,Right-wing,Right-wing,1,0.6182553768157959,0.12280824780464172,0.6604394018650055,0.75,0.25,0.7,0.9984720349311829,3.25,0.1024390243902439,0,0
TheEpochTimes,Right-wing,Zionist,0,0.36871981620788574,0.045326195657253265,0.8746746778488159,0.5,0.5,0.7692307692307693,0.06592356413602829,5.333333333333333,0.09865470852017937,0,0
TheEpochTimes,Right-wing,Russian,0,0.5489412546157837,0.12641412019729614,0.6504693329334259,0.75,0.25,0.7777777777777778,0.06592356413602829,4.0,0.10227272727272728,0,0
TheEpochTimes,Right-wing,Right-wing,1,0.6671717166900635,0.13098964095115662,0.6378181576728821,0.5,0.5,0.75,0.06592356413602829,3.0,0.10135135135135136,0,0
TheEpochTimes,Right-wing,Right-wing,1,0.37652719020843506,0.06062684953212738,0.8323688060045242,0.0,1.0,0.6666666666666666,0.06592356413602829,2.6666666666666665,0.10144927536231885,0,0
TheEpochTimes,Right-wing,Right-wing,1,0.513738751411438,0.12749329209327698,0.6474854350090027,0.75,0.25,0.8333333333333334,0.06592356413602829,4.333333333333333,0.10204081632653061,0,0
TheEpochTimes,Right-wing,Right-wing,1,0.44477564096450806,0.1285504698753357,0.644562304019928,0.0,1.0,0.7272727272727273,0.9836431741714478,3.25,0.06015037593984962,0,0
TheEpochTimes,Right-wing,Russian,0,0.47377291321754456,0.0859246477484703,0.7624213248491287,0.0,1.0,0.4,0.06592356413602829,2.0,0.1450381679389313,0,0
TheEpochTimes,Right-wing,Right-wing,1,0.5248086452484131,0.15258517861366272,0.5781071782112122,0.25,0.75,0.7692307692307693,1.0021705627441406,4.333333333333333,0.08771929824561403,0,0
TheEpochTimes,Right-wing,Western,0,0.4313673675060272,0.11536173522472382,0.6810288429260254,0.3333333333333333,0.6666666666666667,0.4444444444444444,0.06592356413602829,4.0,0.10989010989010989,0,0
TheEpochTimes,Right-wing,Western,0,0.657610297203064,0.14492054283618927,0.5992996692657471,0.6666666666666666,0.33333333333333337,0.7272727272727273,0.06592356413602829,4.0,0.0972972972972973,0,0
TheEpochTimes,Right-wing,Right-wing,1,0.5519731044769287,0.09836792200803757,0.7280160784721375,0.6666666666666666,0.33333333333333337,0.7,0.06592356413602829,3.0,0.10309278350515463,0,0
TheEpochTimes,Right-wing,Right-wing,1,0.5679739713668823,0.13592080771923065,0.6241836547851562,0.75,0.25,0.8333333333333334,0.9984720349311829,4.666666666666667,0.1004566210045662,0,0
TheEpochTimes,Right-wing,Right-wing,1,0.5867398381233215,0.13439030945301056,0.6284154057502747,1.0,0.0,0.5,0.06592356413602829,3.3333333333333335,0.09411764705882353,0,0
TheEpochTimes,Right-wing,Right-wing,1,0.4541022777557373,0.09214145690202713,0.7452320158481598,0.8,0.8,0.7777777777777778,0.06592356413602829,4.0,0.10526315789473684,0,0
TheEpochTimes,Right-wing,Right-wing,1,0.5744728446006775,0.13729126751422882,0.6203943490982056,1.0,0.0,0.7,0.9984720349311829,3.0,0.1038961038961039,0,0
TheEpochTimes,Right-wing,Right-wing,1,0.5529457330703735,0.174030601978302,0.5188114047050476,1.0,0.0,0.7692307692307693,0.06592356413602829,5.666666666666667,0.0963855421686747,0,0
TheEpochTimes,Right-wing,Right-wing,1,0.5186489224433899,0.07986961305141449,0.7791632860898972,0.75,0.25,0.6666666666666666,0.06592356413602829,5.0,0.10824742268041238,0,0
TheEpochTimes,Right-wing,Western,0,0.48241397738456726,0.13301964104175568,0.6322053372859955,0.0,1.0,0.8,0.06592356413602829,3.3333333333333335,0.09467455621301775,0,0
TheEpochTimes,Right-wing,Right-wing,1,0.41759800910949707,0.0921454057097435,0.7452212572097778,0.5,0.5,0.7,0.06592356413602829,4.333333333333333,0.10362694300518134,0,0
TheEpochTimes,Right-wing,Zionist,0,0.5247811079025269,0.1259673833847046,0.6517045497894287,0.0,1.0,0.7272727272727273,0.06592356413602829,4.0,0.10050251256281408,0,0
TheEpochTimes,Right-wing,Left-wing,0,0.41053515672683716,0.04981279373168945,0.8622694462537766,1.0,1.0,0.5,0.06592356413602829,4.0,0.12643678160919541,0,0
TheEpochTimes,Right-wing,Left-wing,0,0.38464638590812683,0.10696027427911758,0.7042586207389832,1.0,0.0,0.5,0.06592356413602829,4.0,0.1005586592178771,0,0
TheEpochTimes,Right-wing,Zionist,0,0.465177059173584,0.0507102906703949,0.859787791967392,0.0,1.0,0.5,0.06592356413602829,2.0,0.13953488372093023,0,0
TheEpochTimes,Right-wing,Left-wing,0,0.3375553786754608,0.027320945635437965,0.9244585037231445,0.0,1.0,0.5555555555555556,1.002029299736023,2.6666666666666665,0.10884353741496598,0,0
TheEpochTimes,Right-wing,Left-wing,0,0.563655436038971,0.18765424191951752,0.481142520904541,0.6666666666666666,0.6666666666666667,0.8,1.0021705627441406,3.3333333333333335,0.0975609756097561,0,0
TheEpochTimes,Right-wing,Right-wing,1,0.6201845407485962,0.19310306012630463,0.46607667207717896,0.6,0.6,0.7692307692307693,0.06592356413602829,3.0,0.09090909090909091,0,0
TheEpochTimes,Right-wing,Left-wing,0,0.44090622663497925,0.08800143748521805,0.7566790580749512,0.3333333333333333,0.6666666666666667,0.8181818181818182,0.06592356413602829,4.333333333333333,0.10326086956521739,0,0
TheEpochTimes,Right-wing,Right-wing,1,0.45063021779060364,0.09769710898399353,0.7298708856105804,0.0,1.0,0.7272727272727273,0.06592356413602829,4.333333333333333,0.08962264150943396,0,0
TheEpochTimes,Right-wing,Right-wing,1,0.6036839485168457,0.07742775231599808,0.785914957523346,1.0,0.0,0.7272727272727273,0.06592356413602829,4.0,0.10465116279069768,0,0
TheEpochTimes,Right-wing,Left-wing,0,0.492247998714447,0.11829249560832977,0.6729253232479095,1.0,0.0,0.7777777777777778,0.06592356413602829,4.333333333333333,0.11046511627906977,0,0
TheEpochTimes,Right-wing,Right-wing,1,0.44081294536590576,0.1212238073348999,0.6648203730583191,1.0,0.33333333333333337,0.8888888888888888,0.06592356413602829,4.333333333333333,0.11173184357541899,0,0
TheEpochTimes,Right-wing,Russian,0,0.5233488082885742,0.11413787305355072,0.6844127178192139,0.25,0.75,0.5,0.06592356413602829,3.75,0.08849557522123894,0,0
TheEpochTimes,Right-wing,Zionist,0,0.4669465124607086,0.04001865163445473,0.8893497884273529,0.5,0.5,0.4444444444444444,0.06592356413602829,2.25,0.09565217391304348,0,0
TheEpochTimes,Right-wing,Zionist,0,0.4769778847694397,0.04665687680244446,0.870995283126831,0.3333333333333333,1.0,0.2727272727272727,0.06592356413602829,2.75,0.07377049180327869,0,0
TheEpochTimes,Right-wing,Western,0,0.5863771438598633,0.1194344162940979,0.6697679758071899,0.0,1.0,0.5555555555555556,0.06592356413602829,2.6666666666666665,0.09523809523809523,0,0
TheEpochTimes,Right-wing,Zionist,0,0.6207607984542847,0.1592988818883896,0.559544026851654,0.3333333333333333,0.6666666666666667,0.8333333333333334,0.06592356413602829,4.0,0.09090909090909091,0,0
TheEpochTimes,Right-wing,Western,0,0.680359423160553,0.15294316411018372,0.5771174132823944,0.6666666666666666,0.33333333333333337,0.7272727272727273,0.06592356413602829,4.333333333333333,0.09895833333333333,0,0
TheEpochTimes,Right-wing,Zionist,0,0.4450996518135071,0.01867101714015007,0.9483753219246864,,,0.625,0.06592356413602829,3.3333333333333335,0.10126582278481013,0,0
TheEpochTimes,Right-wing,Right-wing,1,0.46070244908332825,0.06285570561885834,0.8262061774730682,1.0,0.0,0.8461538461538461,0.06592356413602829,4.666666666666667,0.09803921568627451,0,0
TheEpochTimes,Right-wing,Right-wing,1,0.5737898945808411,0.1579577624797821,0.5632522106170654,0.0,1.0,0.7777777777777778,0.06592356413602829,2.25,0.10869565217391304,0,0
TheEpochTimes,Right-wing,Zionist,0,0.4966011643409729,0.15014445781707764,0.5848556756973267,0.3333333333333333,1.0,0.6,0.06592356413602829,3.75,0.09917355371900827,0,0
TheEpochTimes,Right-wing,Right-wing,1,0.42532676458358765,0.0894104540348053,0.7527832090854645,0.5,0.75,0.7777777777777778,0.06592356413602829,4.0,0.10344827586206896,0,0
TheEpochTimes,Right-wing,Russian,0,0.47713255882263184,0.1186017096042633,0.6720704138278961,0.8,0.4,0.75,0.06592356413602829,3.3333333333333335,0.08121827411167512,0,0
TheEpochTimes,Right-wing,Right-wing,1,0.3890107572078705,0.06336992979049683,0.8247843086719513,0.0,1.0,0.5555555555555556,0.06592356413602829,3.0,0.12598425196850394,0,0
TheEpochTimes,Right-wing,Western,0,0.5598998665809631,0.0959760844707489,0.7346294522285461,0.5,0.5,0.8,0.06592356413602829,4.0,0.10752688172043011,0,0
TheEpochTimes,Right-wing,Western,0,0.4970344305038452,0.16995441913604736,0.5300818681716919,0.3333333333333333,0.6666666666666667,0.6666666666666666,1.0014276504516602,4.0,0.07092198581560284,0,0
TheEpochTimes,Right-wing,Zionist,0,0.4258947968482971,0.10682854056358337,0.7046228349208832,0.0,1.0,0.6666666666666666,0.06592356413602829,3.6666666666666665,0.11038961038961038,0,0
TheEpochTimes,Right-wing,Resistance,0,0.33361685276031494,0.04809929057955742,0.8670071363449097,,,0.8,0.06592356413602829,7.6,0.06278026905829596,0,0
TheEpochTimes,Right-wing,Right-wing,1,0.5562903881072998,0.11456471681594849,0.6832324862480164,1.0,1.0,0.6666666666666666,0.06592356413602829,2.75,0.11827956989247312,0,0
TheEpochTimes,Right-wing,Zionist,0,0.44586342573165894,0.05769900605082512,0.8404642939567566,0.6666666666666666,0.33333333333333337,0.5714285714285714,0.06592356413602829,4.666666666666667,0.09767441860465116,0,0
TheEpochTimes,Right-wing,Right-wing,1,0.4338441789150238,0.10311680287122726,0.7148855924606323,0.5,0.5,0.6666666666666666,0.06592356413602829,3.0,0.10416666666666667,0,0
TheEpochTimes,Right-wing,Western,0,0.5831136703491211,0.11358288675546646,0.6859472393989563,0.5,0.5,0.6666666666666666,1.0008502006530762,4.666666666666667,0.11731843575418995,0,0
TheEpochTimes,Right-wing,Right-wing,1,0.5920987129211426,0.09308052808046341,0.7426354885101318,0.6666666666666666,0.6666666666666667,0.7272727272727273,0.06592356413602829,3.6666666666666665,0.09523809523809523,0,0
TheEpochTimes,Right-wing,Left-wing,0,0.43096816539764404,0.09118413925170898,0.7478790581226349,0.75,0.5,0.6363636363636364,0.06592356413602829,4.333333333333333,0.0947867298578199,0,0
TheEpochTimes,Right-wing,Right-wing,1,0.40661585330963135,0.14871086180210114,0.5888196229934692,0.0,1.0,0.375,0.06592356413602829,1.8,0.09523809523809523,0,0
TheEpochTimes,Right-wing,Zionist,0,0.38775646686553955,0.05647943168878555,0.8438363671302795,1.0,0.33333333333333337,0.5454545454545454,0.06592356413602829,3.6666666666666665,0.10126582278481013,0,0
TheEpochTimes,Right-wing,Right-wing,1,0.5665149688720703,0.11350275576114655,0.6861687898635864,0.3333333333333333,0.6666666666666667,0.8,0.06592356413602829,3.3333333333333335,0.10625,0,0
TheEpochTimes,Right-wing,Left-wing,0,0.531957745552063,0.10600100457668304,0.7069109380245209,1.0,0.6666666666666667,0.5833333333333334,0.06592356413602829,4.0,0.09523809523809523,0,0
TheEpochTimes,Right-wing,Western,0,0.5879433155059814,0.04890970140695572,0.8647663593292236,0.6666666666666666,0.6666666666666667,0.6923076923076923,0.06592356413602829,4.666666666666667,0.09090909090909091,0,0
TheEpochTimes,Right-wing,Right-wing,1,0.5332976579666138,0.16612528264522552,0.540669322013855,0.5,0.5,0.75,0.06592356413602829,4.0,0.09644670050761421,0,0
TheEpochTimes,Right-wing,Right-wing,1,0.5146949887275696,0.04888936132192612,0.8648226261138916,0.0,1.0,0.6666666666666666,0.06592356413602829,5.0,0.11374407582938388,0,0
TheEpochTimes,Right-wing,Right-wing,1,0.5149521827697754,0.09067198634147644,0.7492951154708862,0.5,0.5,0.8461538461538461,0.9919415712356567,3.0,0.09166666666666666,0,0
TheEpochTimes,Right-wing,Right-wing,1,0.4926064610481262,0.07583890855312347,0.790308028459549,0.5,0.5,0.5454545454545454,0.06592356413602829,5.666666666666667,0.1031390134529148,0,0
TheEpochTimes,Right-wing,Right-wing,1,0.4039668142795563,0.05806773528456688,0.8394446969032288,0.5,0.5,0.5454545454545454,0.9948034882545471,3.0,0.09090909090909091,0,0
TheEpochTimes,Right-wing,Right-wing,1,0.42853331565856934,0.10922215133905411,0.6980044841766357,0.0,1.0,0.6363636363636364,1.001643180847168,2.4,0.09230769230769231,0,0
TheEpochTimes,Right-wing,Right-wing,1,0.43708527088165283,0.08667860180139542,0.7603367120027542,0.2,1.0,0.5,0.06592356413602829,4.0,0.09944751381215469,0,0
TheEpochTimes,Right-wing,Zionist,0,0.534111499786377,0.07844335585832596,0.7831069231033325,1.0,0.5,0.6666666666666666,0.06592356413602829,3.6666666666666665,0.1,0,0
TheEpochTimes,Right-wing,Right-wing,1,0.5531389713287354,0.1500674933195114,0.5850685834884644,0.6666666666666666,0.33333333333333337,0.8,0.06592356413602829,3.6666666666666665,0.09523809523809523,0,0
TheEpochTimes,Right-wing,Left-wing,0,0.6357754468917847,0.08969525247812271,0.7519956827163696,1.0,0.0,0.8333333333333334,0.9984720349311829,2.6666666666666665,0.10071942446043165,0,0
TheEpochTimes,Right-wing,Right-wing,1,0.48177772760391235,0.17060483992099762,0.528283417224884,0.0,1.0,0.5555555555555556,0.06592356413602829,2.25,0.10204081632653061,0,0
TheEpochTimes,Right-wing,Right-wing,1,0.45694369077682495,0.09362923353910446,0.7411184012889862,0.5,0.5,0.5555555555555556,0.06592356413602829,2.3333333333333335,0.14285714285714285,0,0
TheEpochTimes,Right-wing,Right-wing,1,0.3781064450740814,0.08362874388694763,0.7687694132328033,0.0,1.0,0.625,0.06592356413602829,2.6666666666666665,0.10294117647058823,0,0
TheEpochTimes,Right-wing,Left-wing,0,0.519423246383667,0.10676092654466629,0.7048097848892212,0.5,0.5,0.8461538461538461,0.06592356413602829,5.0,0.09905660377358491,0,0
TheEpochTimes,Right-wing,Right-wing,1,0.4841102361679077,0.08227324485778809,0.7725172638893127,0.5,1.0,0.5833333333333334,1.001643180847168,3.75,0.08270676691729323,0,0
TheEpochTimes,Right-wing,Right-wing,1,0.5020588636398315,0.11343241482973099,0.6863632798194885,1.0,0.0,0.75,1.0014677047729492,3.6666666666666665,0.1092896174863388,0,0
TheEpochTimes,Right-wing,Right-wing,1,0.5152439475059509,0.0867975652217865,0.7600077092647552,0.5,0.5,1.0,0.9919415712356567,3.0,0.09166666666666666,0,0
TheEpochTimes,Right-wing,Zionist,0,0.40801340341567993,0.05661507695913315,0.8434612601995468,0.5,0.5,0.8333333333333334,0.06592356413602829,3.6666666666666665,0.08762886597938144,0,0
TheEpochTimes,Right-wing,Zionist,0,0.4063757061958313,0.05842224881052971,0.8384644985198975,,,0.8125,0.06592356413602829,7.6,0.061946902654867256,0,0
TheEpochTimes,Right-wing,Right-wing,1,0.5625814199447632,0.051655810326337814,0.857173427939415,1.0,0.0,0.7777777777777778,0.9919415712356567,2.25,0.09803921568627451,0,0
TheEpochTimes,Right-wing,Left-wing,0,0.40620410442352295,0.0735013484954834,0.7967713177204132,0.6666666666666666,0.33333333333333337,0.6666666666666666,1.0016430616378784,5.0,0.107981220657277,0,0
TheEpochTimes,Right-wing,Ukrainian,0,0.5348902344703674,0.04031844809651375,0.8885208666324615,0.0,1.0,0.5,0.06592356413602829,2.5,0.08620689655172414,0,0
TheEpochTimes,Right-wing,Right-wing,1,0.5824226140975952,0.15404295921325684,0.5740765333175659,0.5,0.5,0.6666666666666666,0.06592356413602829,4.0,0.1038961038961039,0,0
TheEpochTimes,Right-wing,Left-wing,0,0.45428818464279175,0.05004667490720749,0.8616226613521576,0.25,1.0,0.5,1.000841736793518,3.3333333333333335,0.10897435897435898,0,0
TheEpochTimes,Right-wing,Left-wing,0,0.4830642342567444,0.12943536043167114,0.6421156823635101,0.3333333333333333,0.6666666666666667,0.9166666666666666,0.06592356413602829,4.0,0.0945273631840796,0,0
TheEpochTimes,Right-wing,Zionist,0,0.491372287273407,0.07983781397342682,0.7792512029409409,0.6666666666666666,0.33333333333333337,0.9,0.06592356413602829,2.5,0.11258278145695365,0,0
TheEpochTimes,Right-wing,Left-wing,0,0.6522605419158936,0.15760374069213867,0.5642310976982117,0.25,0.75,0.75,0.06592356413602829,4.333333333333333,0.09134615384615384,0,0
TheEpochTimes,Right-wing,Zionist,0,0.34911125898361206,0.020954295992851257,0.9420621134340763,0.0,1.0,0.6666666666666666,1.001426100730896,4.333333333333333,0.10256410256410256,0,0
TheEpochTimes,Right-wing,Right-wing,1,0.4484376013278961,0.14125314354896545,0.6094399094581604,1.0,1.0,0.7142857142857143,0.06592356413602829,1.6666666666666667,0.10185185185185185,0,0
TheEpochTimes,Right-wing,Right-wing,1,0.3910999894142151,0.04888596013188362,0.8648319989442825,0.0,1.0,0.5,0.06592356413602829,3.3333333333333335,0.10843373493975904,0,0
TheEpochTimes,Right-wing,Right-wing,1,0.5381457209587097,0.16898170113563538,0.5327714085578918,0.0,1.0,0.8571428571428571,0.06592356413602829,2.0,0.09302325581395349,0,0
TheEpochTimes,Right-wing,Russian,0,0.6141996383666992,0.14913931488990784,0.5876350104808807,0.75,0.25,0.8181818181818182,0.06592356413602829,4.666666666666667,0.10256410256410256,0,0
TheEpochTimes,Right-wing,Right-wing,1,0.4998859763145447,0.08038700371980667,0.7777326703071594,0.5,1.0,0.5833333333333334,1.001643180847168,3.75,0.09022556390977443,0,0
TheEpochTimes,Right-wing,Left-wing,0,0.532784104347229,0.09422843903303146,0.7394616901874542,0.6666666666666666,0.6666666666666667,0.7,0.06592356413602829,3.6666666666666665,0.1016949152542373,0,0
TheEpochTimes,Right-wing,Right-wing,1,0.4485364556312561,0.11052010208368301,0.6944157183170319,1.0,0.0,0.8181818181818182,0.06592356413602829,3.6666666666666665,0.09289617486338798,0,0
TheEpochTimes,Right-wing,Left-wing,0,0.4432268440723419,0.06151307374238968,0.8299185037612915,0.3333333333333333,0.6666666666666667,0.6153846153846154,0.06592356413602829,4.666666666666667,0.08936170212765958,0,0
TheEpochTimes,Right-wing,Left-wing,0,0.5065277814865112,0.1283286064863205,0.6451758742332458,0.2,0.8,0.6428571428571429,0.06592356413602829,5.333333333333333,0.10964912280701754,0,0
TheEpochTimes,Right-wing,Left-wing,0,0.45228445529937744,0.14703898131847382,0.593442291021347,0.0,1.0,0.25,1.0017907619476318,3.25,0.07894736842105263,0,0
TheEpochTimes,Right-wing,Zionist,0,0.5158975124359131,0.11211306601762772,0.6900112926959991,0.5,0.5,0.8,0.9853469133377075,4.666666666666667,0.10606060606060606,0,0
TheEpochTimes,Right-wing,Left-wing,0,0.5774444937705994,0.15004990994930267,0.5851171612739563,0.5,0.5,0.6666666666666666,0.06592356413602829,2.6666666666666665,0.09395973154362416,0,0
TheEpochTimes,Right-wing,Right-wing,1,0.44799351692199707,0.15323369204998016,0.5763141214847565,0.75,0.5,0.7272727272727273,0.06592356413602829,3.0,0.078125,0,0
TheEpochTimes,Right-wing,Left-wing,0,0.4912590980529785,0.1455543488264084,0.5975472033023834,0.3333333333333333,0.6666666666666667,0.8,0.06592356413602829,4.333333333333333,0.09322033898305085,0,0
TheEpochTimes,Right-wing,Left-wing,0,0.40981394052505493,0.05166113004088402,0.8571587800979614,0.25,0.75,0.5833333333333334,0.06592356413602829,3.6666666666666665,0.07112970711297072,0,0
TheEpochTimes,Right-wing,Right-wing,1,0.5721319317817688,0.08171271532773972,0.7740671783685684,0.3333333333333333,0.6666666666666667,0.6363636363636364,0.06592356413602829,4.0,0.08372093023255814,0,0
TheEpochTimes,Right-wing,Right-wing,1,0.4776226580142975,0.12386942654848099,0.6575052738189697,0.3333333333333333,1.0,0.8181818181818182,0.9991901516914368,4.0,0.09693877551020408,0,0
TheEpochTimes,Right-wing,Right-wing,1,0.5025407075881958,0.03234587982296944,0.9105647802352905,1.0,1.0,0.8333333333333334,0.9991901516914368,4.666666666666667,0.107981220657277,0,0
TheEpochTimes,Right-wing,Right-wing,1,0.43903210759162903,0.08676739782094955,0.7600912153720856,0.0,1.0,0.5454545454545454,1.0017907619476318,5.0,0.09090909090909091,0,0
TheEpochTimes,Right-wing,Russian,0,0.5365591049194336,0.1442432701587677,0.6011724174022675,1.0,1.0,0.7,0.06592356413602829,3.3333333333333335,0.08695652173913043,0,0
TheEpochTimes,Right-wing,Right-wing,1,0.517803966999054,0.12367001920938492,0.6580566763877869,0.75,0.25,0.8947368421052632,0.9984720349311829,5.25,0.10247349823321555,0,0
TheEpochTimes,Right-wing,Right-wing,1,0.6196011304855347,0.16805878281593323,0.5353233218193054,1.0,0.0,0.875,0.06592356413602829,2.5,0.09183673469387756,0,0
TheEpochTimes,Right-wing,Right-wing,1,0.5426653623580933,0.06993696093559265,0.8066267222166061,1.0,0.0,0.5714285714285714,0.06592356413602829,5.0,0.11555555555555555,0,0
TheEpochTimes,Right-wing,Western,0,0.47671324014663696,0.16169342398643494,0.5529232621192932,0.5,1.0,0.6153846153846154,0.06592356413602829,4.666666666666667,0.09722222222222222,0,0
TheEpochTimes,Right-wing,Western,0,0.6254926919937134,0.06892285495996475,0.8094306588172913,0.5,0.75,0.8181818181818182,0.06592356413602829,4.333333333333333,0.11176470588235295,0,0
TheEpochTimes,Right-wing,Right-wing,1,0.4880112111568451,0.08159331232309341,0.7743972688913345,0.0,1.0,0.6363636363636364,1.001643180847168,3.75,0.08270676691729323,0,0
TheEpochTimes,Right-wing,Left-wing,0,0.5205872654914856,0.14108127355575562,0.6099151372909546,0.6666666666666666,0.33333333333333337,0.6363636363636364,0.9995425343513489,3.3333333333333335,0.0918918918918919,0,0
TheEpochTimes,Right-wing,Western,0,0.4218405783176422,0.018798967823386192,0.9480215273797512,0.5,0.5,0.8333333333333334,0.06592356413602829,4.0,0.10215053763440861,0,0
TheEpochTimes,Right-wing,Left-wing,0,0.5247089862823486,0.11668634414672852,0.6773662567138672,0.5,1.0,0.5,1.001855731010437,3.3333333333333335,0.09696969696969697,0,0
TheEpochTimes,Right-wing,Right-wing,1,0.5485885143280029,0.15955109894275665,0.5588468015193939,1.0,0.0,0.875,0.9984720349311829,4.0,0.10857142857142857,0,0
TheEpochTimes,Right-wing,Right-wing,1,0.5121364593505859,0.18700702488422394,0.48293203115463257,0.5,1.0,0.4,0.06592356413602829,2.5,0.09433962264150944,0,0
TheEpochTimes,Right-wing,Resistance,0,0.3465012311935425,0.04624340683221817,0.8721386045217514,,,0.75,0.06592356413602829,7.6,0.05982905982905983,0,0
TheEpochTimes,Right-wing,Right-wing,1,0.604887843132019,0.12176771461963654,0.6633164286613464,1.0,0.0,0.625,0.9919415712356567,2.25,0.1,0,0
TheEpochTimes,Right-wing,Zionist,0,0.5437926054000854,0.04604440554976463,0.8726888298988342,0.0,1.0,0.6,0.06592356413602829,3.3333333333333335,0.10650887573964497,0,0
TheEpochTimes,Right-wing,Zionist,0,0.3936311602592468,0.025937888771295547,0.92828269302845,,,0.3,0.06592356413602829,4.0,0.09852216748768473,0,0
TheEpochTimes,Right-wing,Right-wing,1,0.4252525568008423,0.10781362652778625,0.7018990516662598,0.75,0.75,0.6666666666666666,0.06592356413602829,2.3333333333333335,0.1282051282051282,0,0
TheEpochTimes,Right-wing,Right-wing,1,0.4092441201210022,0.11569538712501526,0.6801062822341919,0.0,1.0,0.25,0.06592356413602829,3.5,0.072,0,0
TheEpochTimes,Right-wing,Left-wing,0,0.43096816539764404,0.09118413925170898,0.7478790581226349,0.75,0.5,0.6363636363636364,0.06592356413602829,4.333333333333333,0.0947867298578199,0,0
TheEpochTimes,Right-wing,Right-wing,1,0.48326796293258667,0.0841771811246872,0.7672529369592667,0.5,1.0,0.6363636363636364,1.001643180847168,3.75,0.08270676691729323,0,0
TheEpochTimes,Right-wing,Right-wing,1,0.4450785517692566,0.07532206177711487,0.7917371094226837,0.0,1.0,0.6666666666666666,0.06592356413602829,1.75,0.12280701754385964,0,0
TheEpochTimes,Right-wing,Left-wing,0,0.5357083082199097,0.06734980642795563,0.8137801140546799,0.5,0.5,0.5454545454545454,0.06592356413602829,4.0,0.09947643979057591,0,0
TheEpochTimes,Right-wing,Right-wing,1,0.4485364556312561,0.11052010208368301,0.6944157183170319,1.0,0.0,0.8181818181818182,0.06592356413602829,3.6666666666666665,0.09289617486338798,0,0
TheEpochTimes,Right-wing,Zionist,0,0.4895052909851074,0.1725604087114334,0.5228764414787292,0.3333333333333333,0.6666666666666667,0.6666666666666666,1.0014276504516602,4.0,0.07092198581560284,0,0
TheEpochTimes,Right-wing,Right-wing,1,0.44591522216796875,0.07824593037366867,0.7836526781320572,0.0,1.0,0.7272727272727273,1.0001393556594849,4.333333333333333,0.10919540229885058,0,0
TheEpochTimes,Right-wing,Zionist,0,0.49444887042045593,0.17304754257202148,0.5215295553207397,0.3333333333333333,0.6666666666666667,0.6153846153846154,1.0014276504516602,4.0,0.07092198581560284,0,0
TheEpochTimes,Right-wing,Right-wing,1,0.6069231033325195,0.12000014632940292,0.6682037711143494,1.0,0.0,0.9,0.9984720349311829,3.6666666666666665,0.10119047619047619,0,0
TheEpochTimes,Right-wing,Zionist,0,0.4031117558479309,0.026021404191851616,0.9280517026782036,0.0,1.0,0.6,0.06592356413602829,4.333333333333333,0.11176470588235295,0,0
TheEpochTimes,Right-wing,Left-wing,0,0.44955113530158997,0.11974015086889267,0.6689225733280182,,,0.5,0.06592356413602829,2.6666666666666665,0.13533834586466165,0,0
TheEpochTimes,Right-wing,Right-wing,1,0.5624252557754517,0.15012748539447784,0.5849027633666992,0.6666666666666666,0.33333333333333337,0.5555555555555556,0.06592356413602829,3.3333333333333335,0.11267605633802817,0,0
TheEpochTimes,Right-wing,Right-wing,1,0.3924834430217743,0.1573585867881775,0.5649088621139526,0.0,1.0,0.2857142857142857,1.0021705627441406,2.75,0.08849557522123894,0,0
TheEpochTimes,Right-wing,Russian,0,0.5263606309890747,0.13069398701190948,0.6386356353759766,0.75,0.25,0.6153846153846154,0.06592356413602829,4.666666666666667,0.0963302752293578,0,0
TheEpochTimes,Right-wing,Zionist,0,0.4228724241256714,0.08211680501699448,0.7729499042034149,0.3333333333333333,1.0,0.25,0.06592356413602829,2.6666666666666665,0.10948905109489052,0,0
TheEpochTimes,Right-wing,Russian,0,0.4771324694156647,0.11860170215368271,0.6720704138278961,0.8,0.4,0.75,0.06592356413602829,3.3333333333333335,0.08121827411167512,0,0
TheEpochTimes,Right-wing,Right-wing,1,0.5405360460281372,0.15082961320877075,0.5829613208770752,1.0,1.0,0.7777777777777778,0.06592356413602829,2.3333333333333335,0.08843537414965986,0,0
TheEpochTimes,Right-wing,Zionist,0,0.4258948564529419,0.10682852566242218,0.7046228647232056,0.0,1.0,0.6666666666666666,0.06592356413602829,3.6666666666666665,0.11038961038961038,0,0
TheEpochTimes,Right-wing,Zionist,0,0.3380733132362366,0.04639170318841934,0.8717285692691803,,,0.8125,0.06592356413602829,7.6,0.06140350877192982,0,0
TheEpochTimes,Right-wing,Right-wing,1,0.5314109325408936,0.16751350462436676,0.5368309020996094,0.7142857142857143,0.4285714285714286,0.8,0.06592356413602829,5.666666666666667,0.102880658436214,0,0
TheEpochTimes,Right-wing,Right-wing,1,0.5039625763893127,0.07192078232765198,0.8011415600776672,0.0,1.0,0.5,1.0001331567764282,3.6666666666666665,0.10059171597633136,0,0
TheEpochTimes,Right-wing,Right-wing,1,0.5746374130249023,0.06072678044438362,0.8320925682783127,1.0,0.33333333333333337,0.8461538461538461,0.06592356413602829,4.666666666666667,0.1,0,0
TheEpochTimes,Right-wing,Left-wing,0,0.4748882055282593,0.10928612947463989,0.6978275775909424,0.5,0.5,0.7272727272727273,0.06592356413602829,3.0,0.10982658959537572,0,0
TheEpochTimes,Right-wing,Zionist,0,0.4624063968658447,0.05305049940943718,0.8533171713352203,0.0,1.0,0.5,0.06592356413602829,2.0,0.13953488372093023,0,0
TheEpochTimes,Right-wing,Right-wing,1,0.4445631504058838,0.1251162588596344,0.6540578007698059,0.0,1.0,0.42857142857142855,0.06592356413602829,2.25,0.10638297872340426,0,0
TheEpochTimes,Right-wing,Right-wing,1,0.4334695339202881,0.12419363111257553,0.6566088795661926,0.5,0.5,0.5833333333333334,0.06592356413602829,4.666666666666667,0.0970873786407767,0,0
TheEpochTimes,Right-wing,Left-wing,0,0.4643690586090088,0.09639906138181686,0.7334599196910858,0.0,1.0,0.6666666666666666,0.9986534714698792,4.333333333333333,0.095,0,0
TheEpochTimes,Right-wing,Left-wing,0,0.6370849013328552,0.10345159471035004,0.7139599025249481,0.0,1.0,0.6153846153846154,1.00142240524292,5.666666666666667,0.100418410041841,0,0
TheEpochTimes,Right-wing,Right-wing,1,0.5883357524871826,0.12912961840629578,0.6429610550403595,0.5,0.5,0.6363636363636364,0.9919415712356567,3.5,0.072,0,0
TheEpochTimes,Right-wing,Western,0,0.5145403742790222,0.10882614552974701,0.6990995407104492,0.6666666666666666,0.33333333333333337,0.8,0.06592356413602829,4.333333333333333,0.09954751131221719,0,0
TheEpochTimes,Right-wing,Right-wing,1,0.45700782537460327,0.11366162449121475,0.6857295036315918,0.0,1.0,0.6,0.06592356413602829,3.75,0.07633587786259542,0,0
TheEpochTimes,Right-wing,Zionist,0,0.46341782808303833,0.12669123709201813,0.6497031152248383,0.5,0.5,0.6153846153846154,0.06592356413602829,2.75,0.07377049180327869,0,0
TheEpochTimes,Right-wing,Right-wing,1,0.4866623878479004,0.06602023541927338,0.8174563348293304,0.5,0.5,0.8181818181818182,0.06592356413602829,4.666666666666667,0.09049773755656108,0,0
TheEpochTimes,Right-wing,Right-wing,1,0.5721319317817688,0.08171271532773972,0.7740671783685684,0.3333333333333333,0.6666666666666667,0.6363636363636364,0.06592356413602829,4.0,0.08372093023255814,0,0
TheEpochTimes,Right-wing,Zionist,0,0.4880446195602417,0.1001463532447815,0.7230987548828125,0.0,1.0,0.875,1.0021705627441406,3.6666666666666665,0.1118421052631579,0,0
TheEpochTimes,Right-wing,Right-wing,1,0.4787762761116028,0.09884211421012878,0.7267049551010132,1.0,0.0,0.7777777777777778,0.06592356413602829,3.0,0.09933774834437085,0,0
TheEpochTimes,Right-wing,Zionist,0,0.513585090637207,0.04181324690580368,0.8843878507614136,1.0,0.5,0.7692307692307693,0.06592356413602829,5.333333333333333,0.11219512195121951,0,0
TheEpochTimes,Right-wing,Left-wing,0,0.5249947309494019,0.1676279604434967,0.5365144908428192,1.0,0.0,0.5555555555555556,0.06592356413602829,3.6666666666666665,0.08762886597938144,0,0
TheEpochTimes,Right-wing,Right-wing,1,0.6103936433792114,0.17041870951652527,0.5287980437278748,0.3333333333333333,0.6666666666666667,0.8,0.06592356413602829,2.75,0.10476190476190476,0,0
TheEpochTimes,Right-wing,Right-wing,1,0.47441405057907104,0.14134404063224792,0.6091886758804321,0.0,1.0,0.5454545454545454,0.06592356413602829,4.25,0.0763888888888889,0,0
TheEpochTimes,Right-wing,Right-wing,1,0.5164778232574463,0.15602484345436096,0.5685966610908508,0.5,0.5,0.6153846153846154,0.06592356413602829,4.0,0.1005586592178771,0,0
TheEpochTimes,Right-wing,Russian,0,0.4773963987827301,0.08742856979370117,0.7582630217075348,0.5,1.0,0.5,0.06592356413602829,3.0,0.10752688172043011,0,0
TheEpochTimes,Right-wing,Zionist,0,0.5252959728240967,0.15276043117046356,0.5776227116584778,0.0,1.0,0.5,0.06592356413602829,1.6666666666666667,0.1134020618556701,0,0
TheEpochTimes,Right-wing,Right-wing,1,0.479981005191803,0.1132032722234726,0.6869969367980957,0.5,0.5,0.9,0.06592356413602829,4.666666666666667,0.11442786069651742,0,0
TheEpochTimes,Right-wing,Right-wing,1,0.4541022777557373,0.09214145690202713,0.7452320158481598,0.8,0.8,0.7777777777777778,0.06592356413602829,4.0,0.10526315789473684,0,0
TheEpochTimes,Right-wing,Zionist,0,0.4010159969329834,0.05031672865152359,0.8608760237693787,0.0,1.0,0.6,0.06592356413602829,4.0,0.11052631578947368,0,0
TheEpochTimes,Right-wing,Right-wing,1,0.5890612602233887,0.14735205471515656,0.5925766229629517,1.0,0.5,0.875,0.06592356413602829,1.8,0.12371134020618557,0,0
TheEpochTimes,Right-wing,Left-wing,0,0.6293433904647827,0.10025111585855484,0.7228091359138489,1.0,0.0,0.8888888888888888,0.9984720349311829,3.3333333333333335,0.0975609756097561,0,0
TheEpochTimes,Right-wing,Zionist,0,0.4719464182853699,0.07620532810688019,0.7892949730157852,1.0,0.0,0.5714285714285714,0.06592356413602829,2.6666666666666665,0.08860759493670886,0,0
TheEpochTimes,Right-wing,Right-wing,1,0.5582125186920166,0.14901858568191528,0.5879687964916229,1.0,0.0,0.6,0.06592356413602829,2.25,0.14285714285714285,0,0
TheEpochTimes,Right-wing,Zionist,0,0.32387447357177734,0.011588511057198048,0.9679581969976425,1.0,0.0,0.45454545454545453,0.06592356413602829,4.0,0.10975609756097561,0,0
TheEpochTimes,Right-wing,Left-wing,0,0.5438064336776733,0.09707599878311157,0.7315882444381714,0.0,1.0,0.875,0.06592356413602829,2.3333333333333335,0.10569105691056911,0,0
TheEpochTimes,Right-wing,Western,0,0.5268012881278992,0.09763236343860626,0.7300499081611633,0.0,1.0,0.6,0.06592356413602829,3.3333333333333335,0.09467455621301775,0,0
TheEpochTimes,Right-wing,Right-wing,1,0.45629167556762695,0.09038417786359787,0.7500908672809601,0.5,0.5,0.7142857142857143,0.06592356413602829,2.6666666666666665,0.09722222222222222,0,0
@MiddleEastEye_TG,Left-wing,Zionist,0,0.6972496509552002,0.07003273814916611,0.8181381970643997,0.6,0.8,0.5853658536585366,1.002416968345642,24.0,0.019271948608137045,0,0
@MiddleEastEye_TG,Left-wing,Russian,0,0.6688362956047058,0.11789042502641678,0.6938608884811401,1.0,0.0,0.85,1.001723051071167,18.5,0.008658008658008658,0,0
@MiddleEastEye_TG,Left-wing,Zionist,0,0.44636285305023193,0.10917992889881134,0.7164803743362427,0.5,0.8333333333333334,0.4444444444444444,0.07893487811088562,17.5,0.0379746835443038,0,0
@MiddleEastEye_TG,Left-wing,Resistance,0,0.6741213798522949,0.06949952244758606,0.8195228576660156,1.0,0.5,0.5694444444444444,1.0031105279922485,20.285714285714285,0.024261603375527425,0,0
@MiddleEastEye_TG,Left-wing,Russian,0,0.7098947763442993,0.10115210711956024,0.7373270988464355,0.75,0.41666666666666663,0.7384615384615385,0.8272486925125122,21.666666666666668,0.03125,0,0
@MiddleEastEye_TG,Left-wing,Resistance,0,0.7516747713088989,0.08754613250494003,0.7726592719554901,1.0,0.36363636363636365,0.7636363636363637,0.7129272222518921,24.75,0.01565217391304348,0,0
@MiddleEastEye_TG,Left-wing,Right-wing,0,0.6392309665679932,0.12391293048858643,0.6782215237617493,0.8571428571428571,0.4285714285714286,0.5909090909090909,1.0031105279922485,13.75,0.021406727828746176,0,0
@MiddleEastEye_TG,Left-wing,Western,0,0.6752580404281616,0.15665076673030853,0.5932075381278992,1.0,0.25,0.8064516129032258,0.6712473034858704,18.857142857142858,0.029866117404737384,0,0
@MiddleEastEye_TG,Left-wing,Resistance,0,0.6431751251220703,0.0963098332285881,0.749901533126831,0.4,0.7,0.6875,1.003110408782959,12.5,0.03164556962025317,0,0
@MiddleEastEye_TG,Left-wing,Ukrainian,0,0.7741371393203735,0.07365742325782776,0.8087255656719208,0.9230769230769231,0.5384615384615384,0.5384615384615384,1.0031105279922485,14.4,0.05172413793103448,0,0
@MiddleEastEye_TG,Left-wing,Zionist,0,0.5683541297912598,0.13640257716178894,0.6457882523536682,1.0,0.1428571428571429,0.6607142857142857,0.07893487811088562,19.5,0.015277777777777777,0,0
@MiddleEastEye_TG,Left-wing,Zionist,0,0.6937692165374756,0.07746601849794388,0.7988353967666626,1.0,0.5714285714285714,0.5263157894736842,1.000279188156128,39.0,0.015027322404371584,0,0
@MiddleEastEye_TG,Left-wing,Russian,0,0.6373044848442078,0.10996416956186295,0.7144438624382019,0.75,0.5,0.5555555555555556,1.0025526285171509,35.0,0.008403361344537815,0,0
@MiddleEastEye_TG,Left-wing,Zionist,0,0.8051697015762329,0.12955127656459808,0.6635797917842865,1.0,0.33333333333333337,0.7307692307692307,1.0008022785186768,20.666666666666668,0.020618556701030927,0,0
@MiddleEastEye_TG,Left-wing,Resistance,0,0.7210935354232788,0.09563381224870682,0.7516570538282394,0.9,0.4,0.631578947368421,0.07893487811088562,13.285714285714286,0.04101838755304102,0,0
@MiddleEastEye_TG,Left-wing,Russian,0,0.8259234428405762,0.06115502119064331,0.8411919623613358,0.7142857142857143,0.8095238095238095,0.5675675675675675,0.7680853009223938,28.4,0.01701093560145808,0,0
@MiddleEastEye_TG,Left-wing,Zionist,0,0.5946425199508667,0.06944558769464493,0.8196629285812378,1.0,1.0,0.6153846153846154,0.07893487811088562,7.25,0.03488372093023256,0,0
@MiddleEastEye_TG,Left-wing,Resistance,0,0.5837103128433228,0.09829136729240417,0.7447558641433716,0.8,0.4,0.7368421052631579,1.001723051071167,31.0,0.014634146341463415,0,0
@MiddleEastEye_TG,Left-wing,Zionist,0,0.5240792632102966,0.1283252239227295,0.6667635440826416,0.75,0.5,0.6379310344827587,0.07893487811088562,30.25,0.0103359173126615,0,0
@MiddleEastEye_TG,Left-wing,Resistance,0,0.7332521080970764,0.1408328264951706,0.6342837512493134,0.6666666666666666,0.38888888888888884,0.8032786885245902,1.0020620822906494,32.0,0.018610421836228287,0,0
@MiddleEastEye_TG,Left-wing,Resistance,0,0.8471494913101196,0.07263113558292389,0.8113906383514404,1.0,0.6666666666666667,0.4838709677419355,0.07893487811088562,28.5,0.0234375,0,0
@MiddleEastEye_TG,Left-wing,Zionist,0,0.5811764597892761,0.08821534365415573,0.770921379327774,0.8571428571428571,0.4285714285714286,0.7391304347826086,0.07893487811088562,23.0,0.01353637901861252,0,0
@MiddleEastEye_TG,Left-wing,Zionist,0,0.7150599956512451,0.10550234466791153,0.7260303199291229,0.8,0.19999999999999996,0.5714285714285714,0.07893487811088562,5.5,0.06368330464716007,0,0
@MiddleEastEye_TG,Left-wing,Resistance,0,0.5731414556503296,0.045712146908044815,0.8812941685318947,0.6666666666666666,0.33333333333333337,0.7142857142857143,0.07893487811088562,35.0,0.01015228426395939,0,0
@MiddleEastEye_TG,Left-wing,Left-wing,1,0.5678378343582153,0.14855404198169708,0.6142331957817078,0.8461538461538461,0.23076923076923073,0.7068965517241379,0.7102420926094055,15.375,0.03135498320268757,0,0
@MiddleEastEye_TG,Left-wing,Resistance,0,0.7023636102676392,0.07944405823945999,0.7936988025903702,1.0,0.5,0.6956521739130435,0.07893487811088562,20.0,0.012,0,0
@MiddleEastEye_TG,Left-wing,Resistance,0,0.6290476322174072,0.0692833885550499,0.8200841248035431,1.0,1.0,0.84,0.07893487811088562,20.5,0.01593625498007968,0,0
@MiddleEastEye_TG,Left-wing,Russian,0,0.8165791630744934,0.155924454331398,0.5950935781002045,0.875,0.625,0.6428571428571429,0.07893487811088562,22.0,0.0237741456166419,0,0
@MiddleEastEye_TG,Left-wing,Resistance,0,0.7763961553573608,0.08023599535226822,0.7916422337293625,1.0,0.6,0.7142857142857143,0.8247442841529846,26.0,0.009523809523809525,0,0
@MiddleEastEye_TG,Left-wing,Zionist,0,0.5490069389343262,0.09080100059509277,0.7642069160938263,0.8181818181818182,0.18181818181818177,0.7346938775510204,1.0016112327575684,20.4,0.013177159590043924,0,0
@MiddleEastEye_TG,Left-wing,Western,0,0.7749471068382263,0.10971177369356155,0.7150991857051849,1.0,0.1428571428571429,0.7183098591549296,1.001723051071167,17.0,0.030982905982905984,0,0
@MiddleEastEye_TG,Left-wing,Zionist,0,0.75755375623703,0.08560583740472794,0.7776977866888046,1.0,0.1428571428571429,0.8648648648648649,1.003110408782959,18.5,0.009009009009009009,0,0
@MiddleEastEye_TG,Left-wing,Resistance,0,0.6597291231155396,0.14327876269817352,0.6279321312904358,0.3333333333333333,0.8333333333333334,0.6956521739130435,1.003110408782959,24.0,0.03767123287671233,0,0
@MiddleEastEye_TG,Left-wing,Resistance,0,0.551146924495697,0.14989697933197021,0.6107458770275116,0.625,0.625,0.618421052631579,0.07893487811088562,26.8,0.019473081328751432,0,0
@MiddleEastEye_TG,Left-wing,Resistance,0,0.6865036487579346,0.10481220483779907,0.7278225123882294,0.7777777777777778,0.4444444444444444,0.6170212765957447,0.07893487811088562,22.5,0.01658374792703151,0,0
@MiddleEastEye_TG,Left-wing,Right-wing,0,0.7647572755813599,0.13694655895233154,0.6443755924701691,1.0,0.18181818181818177,0.7368421052631579,1.0026575326919556,27.6,0.020278833967046894,0,0
@MiddleEastEye_TG,Left-wing,Zionist,0,0.6802616715431213,0.09510079771280289,0.7530412375926971,0.875,0.5,0.6896551724137931,0.07893487811088562,19.0,0.017191977077363897,0,0
@MiddleEastEye_TG,Left-wing,Resistance,0,0.6688361763954163,0.1549166887998581,0.5977105498313904,0.75,0.5833333333333333,0.6493506493506493,1.0010286569595337,33.6,0.018700787401574805,3,0
@MiddleEastEye_TG,Left-wing,Resistance,0,0.8208356499671936,0.11599969118833542,0.6987707018852234,0.9090909090909091,0.2727272727272727,0.6851851851851852,1.001723051071167,24.5,0.017107309486780714,0,0
@MiddleEastEye_TG,Left-wing,Right-wing,0,0.4642064869403839,0.07197986543178558,0.8130818605422974,0.7777777777777778,0.4444444444444444,0.5666666666666667,0.9975036382675171,9.2,0.07547169811320754,0,0
@MiddleEastEye_TG,Left-wing,Zionist,0,0.6750553846359253,0.12571710348129272,0.6735364198684692,0.6666666666666666,0.7777777777777778,0.5675675675675675,0.7130100727081299,17.125,0.026200873362445413,0,0
@MiddleEastEye_TG,Left-wing,Right-wing,0,0.5717060565948486,0.14199119806289673,0.6312755942344666,0.5833333333333334,0.5,0.711864406779661,1.000279188156128,27.5,0.02194787379972565,0,0
@MiddleEastEye_TG,Left-wing,Resistance,0,0.7859355807304382,0.06867051869630814,0.8216756582260132,1.0,0.4,0.6296296296296297,1.002416968345642,16.0,0.040145985401459854,0,0
@MiddleEastEye_TG,Left-wing,Right-wing,0,0.8668231964111328,0.09515906870365143,0.75288987159729,0.6,0.4,0.484375,0.07893487811088562,12.25,0.035035035035035036,0,0
@MiddleEastEye_TG,Left-wing,Resistance,0,0.8222285509109497,0.10380382090806961,0.7304410636425018,1.0,0.25,0.5945945945945946,1.0031105279922485,19.25,0.028888888888888888,0,0
@MiddleEastEye_TG,Left-wing,Zionist,0,0.7782726883888245,0.11055058240890503,0.7129209637641907,0.8,0.4,0.6981132075471698,0.7964339852333069,11.714285714285714,0.048558421851289835,0,0
@MiddleEastEye_TG,Left-wing,Zionist,0,0.7123672962188721,0.10389811545610428,0.7301961779594421,0.5,0.875,0.5714285714285714,1.0028623342514038,12.0,0.0633245382585752,0,0
@MiddleEastEye_TG,Left-wing,Zionist,0,0.7156203985214233,0.10031695663928986,0.7394957840442657,0.75,0.5,0.6923076923076923,0.07893487811088562,16.666666666666668,0.013793103448275862,0,0
@MiddleEastEye_TG,Left-wing,Resistance,0,0.7359044551849365,0.07576324790716171,0.8032571375370026,0.5,0.5,0.6,0.07893487811088562,6.142857142857143,0.07368421052631578,0,0
@MiddleEastEye_TG,Left-wing,Resistance,0,0.7319444417953491,0.06610733270645142,0.8283317387104034,0.8,0.6,0.5853658536585366,0.5804272294044495,14.666666666666666,0.01984126984126984,0,0
@MiddleEastEye_TG,Left-wing,Zionist,0,0.5560466051101685,0.09889683127403259,0.7431836426258087,0.6666666666666666,0.6666666666666667,0.625,0.07893487811088562,10.75,0.05079825834542816,0,0
@MiddleEastEye_TG,Left-wing,Zionist,0,0.9207034111022949,0.17382793128490448,0.5486016869544983,1.0,0.5,0.7586206896551724,1.002082109451294,12.11111111111111,0.04518430439952437,0,0
@MiddleEastEye_TG,Left-wing,Resistance,0,0.6616553068161011,0.1019696369767189,0.7352041006088257,0.6666666666666666,0.5,0.7358490566037735,1.0031105279922485,10.428571428571429,0.06796116504854369,1,0
@MiddleEastEye_TG,Left-wing,Zionist,0,0.7603236436843872,0.05286569148302078,0.8627178370952606,0.75,0.625,0.78125,1.0031105279922485,12.2,0.024324324324324326,0,0
@MiddleEastEye_TG,Left-wing,Zionist,0,0.6970158219337463,0.1389232575893402,0.6392425000667572,1.0,0.5,0.5757575757575758,1.0031105279922485,35.0,0.024213075060532687,0,0
@MiddleEastEye_TG,Left-wing,Ukrainian,0,0.5738427639007568,0.09582740068435669,0.7511543184518814,0.8333333333333334,0.33333333333333337,0.8571428571428571,1.0031105279922485,17.6,0.02252252252252252,0,0
@MiddleEastEye_TG,Left-wing,Zionist,0,0.7516292333602905,0.09784578531980515,0.7459129691123962,0.8823529411764706,0.5294117647058824,0.7361111111111112,1.0031105279922485,28.333333333333332,0.02053388090349076,0,0
@MiddleEastEye_TG,Left-wing,Zionist,0,0.6898363828659058,0.0520293302834034,0.8648896366357803,0.8571428571428571,0.5714285714285714,0.6451612903225806,0.07893487811088562,18.333333333333332,0.022408963585434174,0,0
@MiddleEastEye_TG,Left-wing,Zionist,0,0.7141152024269104,0.10898879915475845,0.7169767022132874,0.75,0.25,0.8529411764705882,0.07893487811088562,28.0,0.027472527472527472,0,0
@MiddleEastEye_TG,Left-wing,Resistance,0,0.6089785695075989,0.0888112261891365,0.7693740278482437,0.5714285714285714,0.7142857142857143,0.6842105263157895,0.07893487811088562,22.833333333333332,0.020581113801452784,0,0
@MiddleEastEye_TG,Left-wing,Resistance,0,0.8038188815116882,0.1176825612783432,0.6944006085395813,1.0,0.0,0.7878787878787878,1.0026575326919556,7.111111111111111,0.03827751196172249,0,0
@MiddleEastEye_TG,Left-wing,Zionist,0,0.7252179384231567,0.162816122174263,0.577197253704071,1.0,0.8333333333333334,0.6341463414634146,1.003110408782959,13.666666666666666,0.04019292604501608,1,0
@MiddleEastEye_TG,Left-wing,Zionist,0,0.7037626504898071,0.10572124272584915,0.7254618704319,0.42857142857142855,0.7142857142857143,0.5348837209302325,1.0020018815994263,10.833333333333334,0.04882154882154882,0,0
@MiddleEastEye_TG,Left-wing,Zionist,0,0.7262213230133057,0.08491354435682297,0.7794955968856812,0.8181818181818182,0.5454545454545454,0.647887323943662,0.5935369729995728,21.857142857142858,0.019438444924406047,0,0
@MiddleEastEye_TG,Left-wing,Zionist,0,0.6393189430236816,0.05636240169405937,0.8536374717950821,0.6666666666666666,0.6666666666666667,0.6379310344827587,0.07893487811088562,16.857142857142858,0.035175879396984924,0,0
@MiddleEastEye_TG,Left-wing,Left-wing,1,0.5431221723556519,0.08811409771442413,0.7711842954158783,0.5555555555555556,0.6666666666666667,0.7586206896551724,1.0020620822906494,23.333333333333332,0.011904761904761904,0,0
@MiddleEastEye_TG,Left-wing,Right-wing,0,0.6287529468536377,0.09822043031454086,0.7449401319026947,0.6666666666666666,0.5,0.5714285714285714,0.9993726015090942,9.0,0.06927710843373494,0,0
@MiddleEastEye_TG,Left-wing,Zionist,0,0.3774155378341675,0.049762655049562454,0.8707758188247681,0.5,0.8333333333333334,0.3939393939393939,0.07893487811088562,17.75,0.035467980295566505,0,0
@MiddleEastEye_TG,Left-wing,Resistance,0,0.6591892242431641,0.10462722182273865,0.7283028364181519,1.0,0.5,0.6944444444444444,0.07893487811088562,24.666666666666668,0.021141649048625793,0,0
@MiddleEastEye_TG,Left-wing,Right-wing,0,0.7424941062927246,0.13032317161560059,0.6615753173828125,0.75,0.375,0.8148148148148148,1.0026575326919556,14.333333333333334,0.0672782874617737,1,0
@MiddleEastEye_TG,Left-wing,Resistance,0,0.6339730024337769,0.1267358511686325,0.6708909869194031,0.7,0.7,0.6176470588235294,0.07893487811088562,24.0,0.016241299303944315,0,0
@MiddleEastEye_TG,Left-wing,Zionist,0,0.7756732106208801,0.1002584770321846,0.7396476566791534,0.8235294117647058,0.5882352941176471,0.5737704918032787,0.07893487811088562,16.428571428571427,0.04205607476635514,0,0
@MiddleEastEye_TG,Left-wing,Resistance,0,0.60430908203125,0.10167709738016129,0.735963761806488,1.0,0.6666666666666667,0.5,1.001723051071167,20.666666666666668,0.014705882352941176,0,0
@MiddleEastEye_TG,Left-wing,Zionist,0,0.6292310953140259,0.05294094234704971,0.8625223785638809,0.4,1.0,0.4482758620689655,0.07893487811088562,9.4,0.08398950131233596,0,0
@MiddleEastEye_TG,Left-wing,Resistance,0,0.6622673869132996,0.12222447246313095,0.6826061010360718,0.8,0.5,0.673469387755102,0.7100657224655151,11.222222222222221,0.036544850498338874,0,0
@MiddleEastEye_TG,Left-wing,Right-wing,0,0.5277741551399231,0.14159870147705078,0.6322948336601257,0.4,0.8,0.6818181818181818,1.003110408782959,19.0,0.004273504273504274,0,0
@MiddleEastEye_TG,Left-wing,Resistance,0,0.6611783504486084,0.10258258879184723,0.7336124181747437,0.5,0.8,0.5714285714285714,0.07893487811088562,22.333333333333332,0.036223929747530186,0,0
@MiddleEastEye_TG,Left-wing,Resistance,0,0.7486493587493896,0.12411534786224365,0.6776958703994751,1.0,0.2727272727272727,0.7435897435897436,1.0031105279922485,18.25,0.02546296296296296,0,0
@MiddleEastEye_TG,Left-wing,Resistance,0,0.6204471588134766,0.07832256704568863,0.7966110706329346,1.0,0.16666666666666663,0.782608695652174,0.07893487811088562,18.0,0.021929824561403508,0,0
@MiddleEastEye_TG,Left-wing,Resistance,0,0.593032717704773,0.11117997020483017,0.7112866342067719,0.6923076923076923,0.3846153846153846,0.7413793103448276,0.07893487811088562,24.0,0.023004059539918808,0,0
@MiddleEastEye_TG,Left-wing,Western,0,0.48535579442977905,0.08555127680301666,0.7778394222259521,1.0,0.8333333333333334,0.5081967213114754,0.9966604709625244,16.428571428571427,0.03767123287671233,0,0
@MiddleEastEye_TG,Left-wing,Zionist,0,0.7411757707595825,0.07179778069257736,0.8135547637939453,0.75,0.625,0.7027027027027027,0.07893487811088562,12.0,0.02702702702702703,0,0
@MiddleEastEye_TG,Left-wing,Zionist,0,0.7421423196792603,0.05517398938536644,0.8567235767841339,0.6,0.7,0.5238095238095238,0.07893487811088562,27.666666666666668,0.01125703564727955,0,0
@MiddleEastEye_TG,Left-wing,Right-wing,0,0.761951744556427,0.14147575199604034,0.6326141655445099,0.875,0.5,0.8205128205128205,1.0026575326919556,29.666666666666668,0.02286902286902287,0,0
@MiddleEastEye_TG,Left-wing,Russian,0,0.6324002742767334,0.14311456680297852,0.6283584833145142,0.6363636363636364,0.4545454545454546,0.66,0.07893487811088562,10.857142857142858,0.04552845528455285,0,0
@MiddleEastEye_TG,Left-wing,Resistance,0,0.7063585519790649,0.1423145830631256,0.6304358243942261,0.625,0.375,0.7142857142857143,1.0031105279922485,19.666666666666668,0.03493975903614458,0,0
@MiddleEastEye_TG,Left-wing,Zionist,0,0.6692802906036377,0.13891743123531342,0.6392576098442078,0.7,0.30000000000000004,0.6666666666666666,1.0010286569595337,21.285714285714285,0.02536997885835095,0,0
@MiddleEastEye_TG,Left-wing,Left-wing,1,0.6059637069702148,0.13317127525806427,0.6541793346405029,0.8333333333333334,0.16666666666666663,0.8571428571428571,1.0031105279922485,38.0,0.004739336492890996,0,0
@MiddleEastEye_TG,Left-wing,Right-wing,0,0.6042118072509766,0.10509783774614334,0.7270807325839996,0.7142857142857143,0.4285714285714286,0.6976744186046512,1.0020620822906494,27.0,0.015904572564612324,0,0
@MiddleEastEye_TG,Left-wing,Zionist,0,0.5677209496498108,0.10168898105621338,0.735932856798172,0.75,0.875,0.5416666666666666,1.0031105279922485,17.166666666666668,0.02564102564102564,0,0
@MiddleEastEye_TG,Left-wing,Resistance,0,0.8088321089744568,0.06984291970729828,0.8186311423778534,1.0,0.7,0.6923076923076923,0.6181877255439758,23.75,0.010752688172043012,0,0
@MiddleEastEye_TG,Left-wing,Resistance,0,0.6986547708511353,0.12415745854377747,0.677586555480957,0.9,0.19999999999999996,0.7,0.07893487811088562,31.0,0.009302325581395349,0,0
@MiddleEastEye_TG,Left-wing,Right-wing,0,0.5502192974090576,0.11123436689376831,0.7111453711986542,0.5,0.8333333333333334,0.75,0.999412477016449,9.333333333333334,0.05714285714285714,0,0
@MiddleEastEye_TG,Left-wing,Resistance,0,0.6078016757965088,0.1357426792383194,0.6475018858909607,0.5,0.5,0.64,0.07893487811088562,16.333333333333332,0.009900990099009901,0,0
@MiddleEastEye_TG,Left-wing,Zionist,0,0.7998594641685486,0.12539303302764893,0.6743779182434082,1.0,0.33333333333333337,0.6610169491525424,1.0026575326919556,23.0,0.016290726817042606,0,0
@MiddleEastEye_TG,Left-wing,Right-wing,0,0.663642168045044,0.08090754598379135,0.7898984104394913,0.7142857142857143,0.4285714285714286,0.5666666666666667,0.7429771423339844,13.75,0.03197674418604651,0,0
@MiddleEastEye_TG,Left-wing,Right-wing,0,0.5947705507278442,0.11937067657709122,0.6900168657302856,0.75,0.33333333333333337,0.7037037037037037,0.7984853386878967,12.25,0.04560260586319218,0,0
@MiddleEastEye_TG,Left-wing,Zionist,0,0.7625925540924072,0.10272601246833801,0.7332399487495422,1.0,0.4,0.5245901639344263,0.07893487811088562,29.0,0.017264276228419653,0,0
@MiddleEastEye_TG,Left-wing,Right-wing,0,0.5270572900772095,0.07697390764951706,0.800113320350647,0.7272727272727273,0.6363636363636364,0.6904761904761905,1.0010225772857666,24.75,0.015817223198594025,0,0
@MiddleEastEye_TG,Left-wing,Resistance,0,0.7123990654945374,0.13868623971939087,0.6398580074310303,0.9473684210526315,0.5263157894736843,0.65,0.9265099763870239,25.4,0.02216427640156454,0,0
@MiddleEastEye_TG,Left-wing,Resistance,0,0.4824962615966797,0.14487113058567047,0.6237970292568207,0.75,0.41666666666666663,0.7,1.0025526285171509,30.0,0.018469656992084433,0,0
@MiddleEastEye_TG,Left-wing,Resistance,0,0.71990966796875,0.10980872064828873,0.7148474752902985,1.0,0.33333333333333337,0.75,0.07893487811088562,24.666666666666668,0.018018018018018018,0,0
@MiddleEastEye_TG,Left-wing,Resistance,0,0.798433780670166,0.10659802705049515,0.7231850624084473,0.7272727272727273,0.6363636363636364,0.6716417910447762,0.7966182231903076,14.3,0.02991026919242273,0,0
@MiddleEastEye_TG,Left-wing,Resistance,0,0.6278802156448364,0.05369466915726662,0.8605651259422302,1.0,0.0,0.8888888888888888,0.07893487811088562,35.0,0.009478672985781991,0,0
@MiddleEastEye_TG,Left-wing,Right-wing,0,0.8312479853630066,0.08779515326023102,0.7720125615596771,0.8823529411764706,0.5294117647058824,0.6363636363636364,0.6063001155853271,18.25,0.03896103896103896,0,0
@MiddleEastEye_TG,Left-wing,Zionist,0,0.6613534092903137,0.07541102916002274,0.8041718304157257,0.75,0.25,0.8333333333333334,0.07893487811088562,17.25,0.018140589569160998,0,0
@MiddleEastEye_TG,Left-wing,Zionist,0,0.5390589237213135,0.05873275548219681,0.8474820852279663,1.0,0.5,0.6136363636363636,0.07893487811088562,39.0,0.011928429423459244,0,0
@MiddleEastEye_TG,Left-wing,Left-wing,1,0.5646262168884277,0.16800035536289215,0.5637348294258118,0.7857142857142857,0.3571428571428571,0.6875,0.07893487811088562,18.0,0.031453362255965296,0,0
@MiddleEastEye_TG,Left-wing,Resistance,0,0.8162094950675964,0.08897194266319275,0.7689567059278488,0.7777777777777778,0.7777777777777778,0.6274509803921569,1.003110408782959,13.166666666666666,0.05409582689335394,0,0
@MiddleEastEye_TG,Left-wing,Resistance,0,0.6901353001594543,0.10605078935623169,0.7246061563491821,0.7272727272727273,0.7272727272727273,0.6935483870967742,1.003110408782959,20.166666666666668,0.018995929443690638,0,0
@MiddleEastEye_TG,Left-wing,Resistance,0,0.782936155796051,0.04638059064745903,0.8795583471655846,1.0,0.25,0.813953488372093,0.7154425382614136,20.5,0.009727626459143969,0,0
@MiddleEastEye_TG,Left-wing,Resistance,0,0.5870040655136108,0.08757907152175903,0.7725736796855927,0.6666666666666666,0.6666666666666667,0.7021276595744681,0.07893487811088562,16.4,0.04152823920265781,0,0
@MiddleEastEye_TG,Left-wing,Russian,0,0.6283760666847229,0.07786474376916885,0.7978000044822693,0.625,0.75,0.6071428571428571,0.07893487811088562,20.8,0.013719512195121951,0,0
@MiddleEastEye_TG,Left-wing,Zionist,0,0.7256152033805847,0.13867367804050446,0.6398906409740448,0.8333333333333334,0.6666666666666667,0.4166666666666667,0.07893487811088562,10.333333333333334,0.06505576208178439,0,0
@MiddleEastEye_TG,Left-wing,Right-wing,0,0.7095915079116821,0.134801983833313,0.6499447226524353,0.75,0.375,0.6551724137931034,0.7197487354278564,14.0,0.03741496598639456,0,0
@MiddleEastEye_TG,Left-wing,Right-wing,0,0.47306185960769653,0.11003873497247696,0.7142501473426819,0.5555555555555556,0.6666666666666667,0.6888888888888889,1.0020018815994263,20.2,0.024955436720142603,0,0
@MiddleEastEye_TG,Left-wing,Zionist,0,0.7443864941596985,0.11532843112945557,0.7005138695240021,1.0,0.2857142857142857,0.625,1.003110408782959,33.5,0.01580135440180587,0,0
@MiddleEastEye_TG,Left-wing,Zionist,0,0.5812059640884399,0.06932485103607178,0.8199764490127563,0.2727272727272727,0.7272727272727273,0.6122448979591837,1.0016112327575684,27.25,0.033690658499234305,0,0
@MiddleEastEye_TG,Left-wing,Resistance,0,0.7000234723091125,0.07405325770378113,0.8076976835727692,0.8,0.19999999999999996,0.7727272727272727,1.001723051071167,8.0,0.07692307692307693,0,0
@MiddleEastEye_TG,Left-wing,Resistance,0,0.49072012305259705,0.05713529512286186,0.8516304194927216,0.25,0.9166666666666666,0.6190476190476191,0.07893487811088562,20.0,0.016339869281045753,0,0
@MiddleEastEye_TG,Left-wing,Zionist,0,0.7214387655258179,0.09501135349273682,0.7532734721899033,0.8666666666666667,0.5333333333333333,0.6301369863013698,1.0031105279922485,28.6,0.021668472372697724,0,0
@MiddleEastEye_TG,Left-wing,Zionist,0,0.7091031670570374,0.0651218518614769,0.8308908939361572,0.75,0.25,0.7916666666666666,0.07893487811088562,19.5,0.02127659574468085,0,0
@MiddleEastEye_TG,Left-wing,Western,0,0.8137131929397583,0.09151341021060944,0.7623569071292877,0.625,0.875,0.5689655172413793,1.0028623342514038,14.285714285714286,0.048748353096179184,0,0
@MiddleEastEye_TG,Left-wing,Right-wing,0,0.6164820194244385,0.09314039349555969,0.7581319510936737,0.625,0.5,0.6578947368421053,0.07893487811088562,12.142857142857142,0.02434077079107505,0,0
@MiddleEastEye_TG,Left-wing,Zionist,0,0.6824765205383301,0.1636280119419098,0.5750889182090759,0.6666666666666666,0.6666666666666667,0.7192982456140351,0.9936525225639343,12.0,0.05100671140939597,0,0
@MiddleEastEye_TG,Left-wing,Resistance,0,0.7229384183883667,0.08547493815422058,0.7780376970767975,0.875,0.25,0.660377358490566,1.001723051071167,28.666666666666668,0.022298456260720412,0,0
@MiddleEastEye_TG,Left-wing,Zionist,0,0.5914627313613892,0.10765390843153,0.7204431295394897,0.8181818181818182,0.4545454545454546,0.6610169491525424,0.07893487811088562,21.833333333333332,0.018541409147095178,0,0
@MiddleEastEye_TG,Left-wing,Zionist,0,0.8185045719146729,0.07505548745393753,0.8050950616598129,0.875,0.5,0.673469387755102,0.7708746194839478,25.666666666666668,0.013861386138613862,0,0
@MiddleEastEye_TG,Left-wing,Resistance,0,0.6823928356170654,0.11877802014350891,0.6915558576583862,0.9090909090909091,0.18181818181818177,0.7142857142857143,1.001723051071167,12.0,0.0389937106918239,0,0
@MiddleEastEye_TG,Left-wing,Western,0,0.6806728839874268,0.10504801571369171,0.7272101044654846,1.0,0.25,0.6862745098039216,0.07893487811088562,20.0,0.0163265306122449,0,0
@MiddleEastEye_TG,Left-wing,Right-wing,0,0.6870677471160889,0.07794424146413803,0.7975935190916061,1.0,0.1428571428571429,0.5263157894736842,1.0031105279922485,37.0,0.012605042016806723,0,0
@MiddleEastEye_TG,Left-wing,Zionist,0,0.7390663027763367,0.14828060567378998,0.614943265914917,0.875,0.375,0.7794117647058824,0.7423203587532043,22.0,0.014475271411338963,0,0
@MiddleEastEye_TG,Left-wing,Right-wing,0,0.5964912176132202,0.07794205099344254,0.797599196434021,0.5,0.5,0.6571428571428571,0.07893487811088562,18.0,0.02262443438914027,0,0
@MiddleEastEye_TG,Left-wing,Zionist,0,0.6855148077011108,0.10134607553482056,0.7368233799934387,1.0,0.6666666666666667,0.66,0.7522106170654297,19.833333333333332,0.03283173734610123,0,0
@MiddleEastEye_TG,Left-wing,Zionist,0,0.7160513401031494,0.08220591396093369,0.7865267693996429,0.6666666666666666,0.33333333333333337,0.8148148148148148,0.9993726015090942,15.333333333333334,0.007220216606498195,0,0
@MiddleEastEye_TG,Left-wing,Right-wing,0,0.5814837217330933,0.14621451497077942,0.6203084886074066,0.8333333333333334,0.16666666666666663,0.6756756756756757,1.0016112327575684,13.5,0.064030131826742,0,0
@MiddleEastEye_TG,Left-wing,Zionist,0,0.7678189277648926,0.12425972521305084,0.6773209571838379,0.7777777777777778,0.4444444444444444,0.625,0.07893487811088562,14.11111111111111,0.05023364485981308,0,0
@MiddleEastEye_TG,Left-wing,Zionist,0,0.658461332321167,0.12376109510660172,0.6786157786846161,1.0,0.19999999999999996,0.625,0.07893487811088562,12.75,0.04819277108433735,0,0
@MiddleEastEye_TG,Left-wing,Resistance,0,0.7121581435203552,0.10544213652610779,0.7261866927146912,1.0,0.19999999999999996,0.7878787878787878,0.07893487811088562,25.0,0.040948275862068964,0,0
@MiddleEastEye_TG,Left-wing,Zionist,0,0.7466259598731995,0.07591743022203445,0.8028567433357239,0.8181818181818182,0.5454545454545454,0.6136363636363636,1.0031105279922485,23.0,0.013133208255159476,0,0
@MiddleEastEye_TG,Left-wing,Resistance,0,0.745307445526123,0.05771900713443756,0.8501146137714386,1.0,0.4,0.6481481481481481,1.0031105279922485,22.8,0.021021021021021023,0,0
@MiddleEastEye_TG,Left-wing,Zionist,0,0.7122809886932373,0.11336647719144821,0.7056087255477905,0.5,0.75,0.3333333333333333,0.07893487811088562,7.0,0.0790273556231003,0,0
@MiddleEastEye_TG,Left-wing,Zionist,0,0.7620260715484619,0.15504761040210724,0.5973705947399139,1.0,0.33333333333333337,0.7924528301886793,0.9979828596115112,14.666666666666666,0.030211480362537766,0,0
@MiddleEastEye_TG,Left-wing,Zionist,0,0.766646683216095,0.11556333303451538,0.6999038457870483,0.8,0.5333333333333333,0.589041095890411,1.0031105279922485,31.4,0.01733477789815818,0,0
@MiddleEastEye_TG,Left-wing,Right-wing,0,0.49845993518829346,0.1252925843000412,0.6746388077735901,0.5333333333333333,0.6,0.5625,0.07893487811088562,22.0,0.04198062432723358,0,0
@MiddleEastEye_TG,Left-wing,Zionist,0,0.7676939964294434,0.10022297501564026,0.739739865064621,0.9090909090909091,0.6363636363636364,0.6792452830188679,1.0031105279922485,23.0,0.01226158038147139,0,0
@MiddleEastEye_TG,Left-wing,Resistance,0,0.6953097581863403,0.10612247884273529,0.7244200110435486,1.0,0.5,0.7,0.07893487811088562,14.0,0.02608695652173913,0,0
@MiddleEastEye_TG,Left-wing,Zionist,0,0.7177553176879883,0.09505622833967209,0.7531569749116898,0.6666666666666666,0.33333333333333337,0.6666666666666666,0.07893487811088562,14.25,0.02064896755162242,0,0
@MiddleEastEye_TG,Left-wing,Russian,0,0.7815494537353516,0.09335511922836304,0.7575743943452835,0.9166666666666666,0.33333333333333337,0.65,0.7957472801208496,17.714285714285715,0.031133250311332503,0,0
@MiddleEastEye_TG,Left-wing,Zionist,0,0.6614285707473755,0.13071498274803162,0.6605578064918518,0.8333333333333334,0.33333333333333337,0.6666666666666666,1.0031105279922485,22.166666666666668,0.01453104359313078,0,0
@MiddleEastEye_TG,Left-wing,Resistance,0,0.8659980297088623,0.1142074316740036,0.7034248411655426,1.0,0.5714285714285714,0.7843137254901961,0.9512127041816711,29.25,0.020028612303290415,0,0
@MiddleEastEye_TG,Left-wing,Resistance,0,0.7434704899787903,0.12093769013881683,0.6859476566314697,0.6,0.4,0.38461538461538464,0.07893487811088562,8.75,0.08913649025069638,0,0
@MiddleEastEye_TG,Left-wing,Resistance,0,0.6954579949378967,0.12232544273138046,0.6823439300060272,1.0,0.4444444444444444,0.7213114754098361,0.751421332359314,22.2,0.020161290322580645,0,0
@MiddleEastEye_TG,Left-wing,Resistance,0,0.7385520935058594,0.13407571613788605,0.6518306732177734,0.75,0.5,0.7741935483870968,0.5176467895507812,17.333333333333332,0.0158311345646438,0,0
@MiddleEastEye_TG,Left-wing,Zionist,0,0.7331569790840149,0.1465032696723938,0.6195586919784546,1.0,0.19999999999999996,0.7083333333333334,0.8995952606201172,23.25,0.014285714285714285,0,0
@MiddleEastEye_TG,Left-wing,Russian,0,0.6511422395706177,0.12709759175777435,0.6699515283107758,0.2,0.8,0.5862068965517241,0.07893487811088562,14.0,0.052941176470588235,0,0
@MiddleEastEye_TG,Left-wing,Resistance,0,0.7346054315567017,0.06094316765666008,0.841742143034935,0.7777777777777778,0.7777777777777778,0.6607142857142857,0.07893487811088562,21.8,0.0196078431372549,0,0
@MiddleEastEye_TG,Left-wing,Western,0,0.7440191507339478,0.10391189903020859,0.7301603555679321,0.5714285714285714,0.8571428571428572,0.625,1.0028623342514038,13.857142857142858,0.040446304044630406,0,0
@MiddleEastEye_TG,Left-wing,Right-wing,0,0.5442635416984558,0.13262838125228882,0.6555891335010529,0.6,0.6,0.6984126984126984,0.07893487811088562,28.0,0.017687074829931974,0,0
@MiddleEastEye_TG,Left-wing,Resistance,0,0.5728892087936401,0.13908588886260986,0.6388201713562012,0.7777777777777778,0.4444444444444444,0.6363636363636364,0.9987431168556213,10.875,0.05209840810419682,0,0
@MiddleEastEye_TG,Left-wing,Resistance,0,0.7739596366882324,0.09861250221729279,0.7439219355583191,1.0,0.5,0.7727272727272727,0.07893487811088562,24.0,0.017985611510791366,0,0
@MiddleEastEye_TG,Left-wing,Right-wing,0,0.6570519208908081,0.14193055033683777,0.6314331591129303,0.8571428571428571,0.4285714285714286,0.7115384615384616,0.07893487811088562,25.5,0.018309859154929577,0,0
@MiddleEastEye_TG,Left-wing,Zionist,0,0.6132266521453857,0.12945246696472168,0.6638363599777222,0.7142857142857143,0.7142857142857143,0.6197183098591549,0.07893487811088562,12.090909090909092,0.04065934065934066,0,0
@MiddleEastEye_TG,Left-wing,Resistance,0,0.6678968667984009,0.1114501878619194,0.7105849087238312,0.5714285714285714,0.5714285714285714,0.6229508196721312,0.07893487811088562,17.5,0.027777777777777776,0,0
@MiddleEastEye_TG,Left-wing,Resistance,0,0.7132118344306946,0.1238740012049675,0.6783226430416107,0.8,0.4,0.7333333333333333,0.7127675414085388,23.714285714285715,0.017932489451476793,0,0
@MiddleEastEye_TG,Left-wing,Zionist,0,0.6834336519241333,0.14482717216014862,0.6239111721515656,0.5,0.5,0.6875,1.002416968345642,10.8,0.07211538461538461,0,0
@MiddleEastEye_TG,Left-wing,Resistance,0,0.598538875579834,0.07680226862430573,0.8005589842796326,1.0,0.0,0.5454545454545454,0.07893487811088562,17.0,0.018867924528301886,0,0
@MiddleEastEye_TG,Left-wing,Left-wing,1,0.7664436101913452,0.1769605427980423,0.540466845035553,0.75,0.25,0.7096774193548387,1.0016112327575684,8.6,0.07191011235955057,0,0
@MiddleEastEye_TG,Left-wing,Right-wing,0,0.5008715987205505,0.10973402857780457,0.7150414288043976,0.5,0.5,0.5263157894736842,0.07893487811088562,4.25,0.09278350515463918,0,0
@MiddleEastEye_TG,Left-wing,Resistance,0,0.5620092749595642,0.09668222069740295,0.7489345073699951,0.5,0.5,0.7307692307692307,1.0016112327575684,16.333333333333332,0.03308823529411765,0,0
@MiddleEastEye_TG,Left-wing,Zionist,0,0.7411566972732544,0.06223138049244881,0.8383968472480774,1.0,0.5714285714285714,0.5,1.0031105279922485,22.0,0.014925373134328358,0,0
@MiddleEastEye_TG,Left-wing,Left-wing,1,0.501582682132721,0.09731142967939377,0.7473005652427673,0.16666666666666666,0.9166666666666666,0.5675675675675675,1.0028623342514038,17.5,0.036072144288577156,0,0
@MiddleEastEye_TG,Left-wing,Zionist,0,0.7527289986610413,0.033938657492399216,0.9118677303195,1.0,1.0,0.5555555555555556,0.07893487811088562,23.5,0.019672131147540985,0,0
@MiddleEastEye_TG,Left-wing,Zionist,0,0.5577031373977661,0.14314299821853638,0.6282845735549927,0.8,0.4,0.7142857142857143,0.07893487811088562,16.857142857142858,0.03477218225419664,0,0
@MiddleEastEye_TG,Left-wing,Resistance,0,0.667690098285675,0.1180582270026207,0.6934250593185425,0.75,0.375,0.7,0.07893487811088562,26.333333333333332,0.010330578512396695,0,0
@MiddleEastEye_TG,Left-wing,Zionist,0,0.755123496055603,0.11083697527647018,0.7121772766113281,1.0,0.125,0.7804878048780488,1.0031105279922485,18.5,0.016717325227963525,0,0
@MiddleEastEye_TG,Left-wing,Right-wing,0,0.7059794664382935,0.07659771293401718,0.8010902106761932,0.75,0.4375,0.6101694915254238,0.07893487811088562,16.0,0.04367816091954023,0,0
@MiddleEastEye_TG,Left-wing,Russian,0,0.7389216423034668,0.14889271557331085,0.6133537590503693,0.6666666666666666,0.5,0.6551724137931034,0.07893487811088562,7.2,0.07588075880758807,0,0
@MiddleEastEye_TG,Left-wing,Zionist,0,0.648648738861084,0.10748789459466934,0.7208742797374725,1.0,0.0,0.8695652173913043,0.07893487811088562,17.666666666666668,0.02572347266881029,0,0
@MiddleEastEye_TG,Left-wing,Resistance,0,0.7070536017417908,0.0855807512998581,0.7777629494667053,0.7142857142857143,0.7142857142857143,0.7575757575757576,0.07893487811088562,16.0,0.023622047244094488,0,0
@MiddleEastEye_TG,Left-wing,Resistance,0,0.7029635906219482,0.0865941271185875,0.7751313894987106,1.0,0.30000000000000004,0.75,0.8455995917320251,23.0,0.02154398563734291,0,0
@MiddleEastEye_TG,Left-wing,Resistance,0,0.6551989912986755,0.10549280792474747,0.7260550856590271,0.75,0.5833333333333333,0.6458333333333334,1.001723051071167,30.0,0.01730103806228374,0,0
@MiddleEastEye_TG,Left-wing,Right-wing,0,0.9162101149559021,0.09275852143764496,0.759123682975769,0.8,0.19999999999999996,0.6818181818181818,0.07893487811088562,19.0,0.01984126984126984,0,0
@MiddleEastEye_TG,Left-wing,Zionist,0,0.7717022895812988,0.05647747963666916,0.8533386588096619,1.0,0.4,0.7105263157894737,1.0031105279922485,23.0,0.019464720194647202,0,0
@MiddleEastEye_TG,Left-wing,Zionist,0,0.7314057350158691,0.08003928512334824,0.7921530902385712,1.0,0.4545454545454546,0.6,0.6816248297691345,25.666666666666668,0.016,0,0
@MiddleEastEye_TG,Left-wing,Resistance,0,0.6196285486221313,0.12146726995706558,0.6845723986625671,0.9166666666666666,0.5833333333333333,0.6326530612244898,0.07893487811088562,20.0,0.030245746691871456,0,0
@MiddleEastEye_TG,Left-wing,Zionist,0,0.4872707426548004,0.08580455183982849,0.7771817743778229,0.7142857142857143,0.7142857142857143,0.5833333333333334,1.0031105279922485,22.571428571428573,0.021538461538461538,0,0
@MiddleEastEye_TG,Left-wing,Resistance,0,0.7034701108932495,0.11119061708450317,0.7112589478492737,0.8888888888888888,0.5555555555555556,0.7428571428571429,0.07893487811088562,36.5,0.013303769401330377,0,0
@MiddleEastEye_TG,Left-wing,Zionist,0,0.6450216770172119,0.11933699250221252,0.6901043653488159,0.875,0.25,0.7068965517241379,1.001723051071167,15.125,0.025703794369645042,0,0
@MiddleEastEye_TG,Left-wing,Zionist,0,0.8674839735031128,0.0891432911157608,0.7685116976499557,0.8571428571428571,0.7142857142857143,0.7142857142857143,1.0031105279922485,7.857142857142857,0.059574468085106386,0,0
@MiddleEastEye_TG,Left-wing,Resistance,0,0.69133460521698,0.12748995423316956,0.6689326763153076,0.7142857142857143,0.5714285714285714,0.589041095890411,0.487321138381958,26.0,0.019762845849802372,0,0
@MiddleEastEye_TG,Left-wing,Zionist,0,0.7877875566482544,0.10135802626609802,0.7367923855781555,1.0,0.4,0.8048780487804879,1.002082109451294,25.0,0.0182648401826484,0,0
@MiddleEastEye_TG,Left-wing,Resistance,0,0.6995530128479004,0.10742635279893875,0.7210339903831482,0.6666666666666666,0.7777777777777778,0.6176470588235294,1.0031105279922485,28.5,0.02743142144638404,0,0
@MiddleEastEye_TG,Left-wing,Zionist,0,0.8482001423835754,0.10741612315177917,0.721060574054718,0.9,0.6,0.5666666666666667,1.003110408782959,19.666666666666668,0.019337016574585635,0,0
@MiddleEastEye_TG,Left-wing,Zionist,0,0.7614525556564331,0.13344362378120422,0.6534721255302429,0.875,0.5,0.5833333333333334,0.07893487811088562,8.5,0.07597535934291581,1,0
@MiddleEastEye_TG,Left-wing,Resistance,0,0.6963049173355103,0.1440516859292984,0.6259249448776245,0.3333333333333333,0.6666666666666667,0.6206896551724138,0.07893487811088562,8.5,0.07751937984496124,0,0
@MiddleEastEye_TG,Left-wing,Zionist,0,0.6062822341918945,0.1489073485136032,0.6133157014846802,0.8333333333333334,0.33333333333333337,0.717948717948718,0.07893487811088562,24.333333333333332,0.017167381974248927,0,0
@MiddleEastEye_TG,Left-wing,Resistance,0,0.8149466514587402,0.09397454559803009,0.7559658288955688,0.875,0.375,0.7368421052631579,1.0031105279922485,23.75,0.011437908496732025,0,0
@MiddleEastEye_TG,Left-wing,Resistance,0,0.7805900573730469,0.1564323455095291,0.5937747359275818,0.875,0.25,0.7346938775510204,0.07893487811088562,11.285714285714286,0.05354330708661417,1,0
@MiddleEastEye_TG,Left-wing,Zionist,0,0.7107573747634888,0.08050475269556046,0.7909443378448486,0.7777777777777778,0.4444444444444444,0.717948717948718,0.7344472408294678,9.166666666666666,0.0691699604743083,0,0
ViceNews,Left-wing,Right-wing,0,0.5894030928611755,0.13528306782245636,0.6510633230209351,1.0,0.0,0.7894736842105263,0.08046891540288925,11.0,0.03225806451612903,0,0
ViceNews,Left-wing,Right-wing,0,0.43396836519241333,0.06010608747601509,0.8449679315090179,0.3333333333333333,0.6666666666666667,0.55,0.08046891540288925,16.0,0.015625,0,0
ViceNews,Left-wing,Russian,0,0.46430790424346924,0.10838636755943298,0.7204382419586182,0.3333333333333333,1.0,0.4782608695652174,0.08046891540288925,7.4,0.057034220532319393,0,1
ViceNews,Left-wing,Right-wing,0,0.4690207242965698,0.09047827124595642,0.7666286826133728,1.0,0.0,0.6428571428571429,1.002532720565796,7.0,0.06206896551724138,0,0
ViceNews,Left-wing,Left-wing,1,0.6485174894332886,0.18506485223770142,0.5226608514785767,1.0,0.0,1.0,1.003232479095459,16.0,0.011494252873563218,0,0
ViceNews,Left-wing,Right-wing,0,0.4186326265335083,0.0813334509730339,0.7902160584926605,0.5,0.5,0.6296296296296297,0.08046891540288925,7.833333333333333,0.0440251572327044,0,3
ViceNews,Left-wing,Right-wing,0,0.43726643919944763,0.11053008586168289,0.7149088978767395,0.5,0.5,0.6521739130434783,1.0032323598861694,14.333333333333334,0.053156146179401995,1,1
ViceNews,Left-wing,Right-wing,0,0.4680206775665283,0.12168864905834198,0.6861275434494019,0.0,1.0,0.45454545454545453,0.08046891540288925,9.5,0.051470588235294115,0,1
ViceNews,Left-wing,Right-wing,0,0.37036824226379395,0.11051560938358307,0.7149462699890137,,,0.3333333333333333,0.08046891540288925,2.6666666666666665,0.11290322580645161,0,0
ViceNews,Left-wing,Resistance,0,0.4615817964076996,0.08362159878015518,0.7843141853809357,0.75,0.75,0.631578947368421,0.08046891540288925,7.75,0.03255813953488372,0,0
ViceNews,Left-wing,Zionist,0,0.5033124685287476,0.08292584866285324,0.7861087322235107,0.5,1.0,0.4444444444444444,0.08046891540288925,5.0,0.06557377049180328,0,0
ViceNews,Left-wing,Left-wing,1,0.4916061758995056,0.08154474943876266,0.789671003818512,0.0,1.0,0.5294117647058824,0.08046891540288925,10.0,0.03333333333333333,0,0
ViceNews,Left-wing,Right-wing,0,0.5217399597167969,0.1784939020872116,0.539609283208847,1.0,0.0,0.42857142857142855,0.08046891540288925,4.333333333333333,0.06593406593406594,0,0
ViceNews,Left-wing,Ukrainian,0,0.5419129133224487,0.03920624405145645,0.8988750576972961,1.0,0.5,0.6428571428571429,1.0032323598861694,8.0,0.047337278106508875,0,0
ViceNews,Left-wing,Right-wing,0,0.5234599113464355,0.11971330642700195,0.6912225484848022,1.0,0.5,0.6666666666666666,0.08046891540288925,8.0,0.0481283422459893,0,0
ViceNews,Left-wing,Right-wing,0,0.4562847912311554,0.10945455729961395,0.7176830768585205,0.5,0.75,0.45454545454545453,0.08046891540288925,9.333333333333334,0.035398230088495575,0,0
ViceNews,Left-wing,Western,0,0.6239401698112488,0.10904065519571304,0.7187505960464478,1.0,0.0,0.8,0.08046891540288925,6.333333333333333,0.05,0,0
ViceNews,Left-wing,Western,0,0.5942738056182861,0.1150103211402893,0.7033529877662659,1.0,1.0,0.5882352941176471,0.08046891540288925,9.0,0.041237113402061855,0,0
ViceNews,Left-wing,Western,0,0.7253321409225464,0.12037555873394012,0.6895144283771515,1.0,0.19999999999999996,0.5714285714285714,0.08046891540288925,7.166666666666667,0.045774647887323945,0,1
ViceNews,Left-wing,Right-wing,0,0.49827009439468384,0.09372393786907196,0.7582571059465408,0.2857142857142857,0.8571428571428572,0.5217391304347826,0.08046891540288925,8.4,0.04745762711864407,0,2
ViceNews,Left-wing,Left-wing,1,0.4699457883834839,0.13108496367931366,0.661891520023346,0.0,1.0,0.5833333333333334,0.9218102693557739,7.0,0.05555555555555555,0,2
ViceNews,Left-wing,Right-wing,0,0.6055702567100525,0.1202113926410675,0.6899378299713135,1.0,0.6666666666666667,0.8,1.003232479095459,8.333333333333334,0.041176470588235294,0,0
ViceNews,Left-wing,Right-wing,0,0.4993864893913269,0.12292870134115219,0.6829290986061096,0.0,1.0,0.36363636363636365,0.08046891540288925,6.0,0.07751937984496124,0,0
ViceNews,Left-wing,Resistance,0,0.5991554260253906,0.16142138838768005,0.5836445689201355,0.3333333333333333,1.0,0.68,0.9979754686355591,9.5,0.04950495049504951,0,1
ViceNews,Left-wing,Right-wing,0,0.5009815096855164,0.08819693326950073,0.7725130021572113,0.3333333333333333,0.6666666666666667,0.65,1.0007177591323853,6.6,0.06692913385826772,0,1
ViceNews,Left-wing,Left-wing,1,0.5360231995582581,0.13657169044017792,0.647739589214325,1.0,0.0,0.7058823529411765,0.08046891540288925,9.0,0.03314917127071823,0,0
ViceNews,Left-wing,Right-wing,0,0.5023243427276611,0.13399024307727814,0.6543979346752167,0.3333333333333333,0.6666666666666667,0.6470588235294118,0.08046891540288925,6.4,0.0502283105022831,0,1
ViceNews,Left-wing,Right-wing,0,0.48681384325027466,0.16149049997329712,0.5834662914276123,0.0,1.0,0.625,1.0032323598861694,6.6,0.05045871559633028,0,1
ViceNews,Left-wing,Right-wing,0,0.5661883354187012,0.11762750893831253,0.696602463722229,1.0,1.0,0.75,0.08046891540288925,7.333333333333333,0.04487179487179487,0,0
ViceNews,Left-wing,Right-wing,0,0.45639127492904663,0.07215121388435364,0.8138998299837112,0.0,1.0,0.45454545454545453,0.08046891540288925,8.2,0.05460750853242321,0,0
ViceNews,Left-wing,Right-wing,0,0.4505448341369629,0.13253909349441528,0.6581409275531769,0.3333333333333333,0.6666666666666667,0.4444444444444444,0.08046891540288925,22.0,0.057432432432432436,0,1
ViceNews,Left-wing,Right-wing,0,0.4760441184043884,0.12197751551866531,0.6853824257850647,0.0,1.0,0.5789473684210527,1.0032323598861694,6.6,0.06437768240343347,0,1
ViceNews,Left-wing,Zionist,0,0.3789048194885254,0.06269984692335129,0.8382778018712997,0.0,1.0,0.3888888888888889,0.08046891540288925,10.333333333333334,0.08181818181818182,0,1
ViceNews,Left-wing,Left-wing,1,0.5578006505966187,0.11154855787754059,0.7122820019721985,,,0.6875,0.8323502540588379,8.75,0.048458149779735685,0,0
ViceNews,Left-wing,Right-wing,0,0.5197404623031616,0.13817216455936432,0.643611490726471,0.6666666666666666,0.6666666666666667,0.4166666666666667,0.08046891540288925,6.0,0.06293706293706294,0,0
ViceNews,Left-wing,Resistance,0,0.48926404118537903,0.09533943980932236,0.7540902495384216,0.0,1.0,0.46153846153846156,0.08046891540288925,10.0,0.03763440860215054,0,0
ViceNews,Left-wing,Left-wing,1,0.593784511089325,0.17227566242218018,0.5556480884552002,,,0.7272727272727273,0.08046891540288925,8.333333333333334,0.05647840531561462,0,1
ViceNews,Left-wing,Right-wing,0,0.3698262572288513,0.060588303953409195,0.8437241315841675,0.0,1.0,0.5,0.08046891540288925,12.666666666666666,0.036,0,0
ViceNews,Left-wing,Left-wing,1,0.46922558546066284,0.10680694878101349,0.7245120406150818,0.5,1.0,0.5,1.0012390613555908,6.666666666666667,0.04697986577181208,0,0
ViceNews,Left-wing,Right-wing,0,0.4702446460723877,0.13509146869182587,0.6515575349330902,0.3333333333333333,0.6666666666666667,0.7083333333333334,1.0032323598861694,7.8,0.04428044280442804,0,0
ViceNews,Left-wing,Right-wing,0,0.5048316121101379,0.11008557677268982,0.7160554528236389,0.3333333333333333,0.6666666666666667,0.625,1.0032323598861694,13.333333333333334,0.03214285714285714,0,0
ViceNews,Left-wing,Western,0,0.47002577781677246,0.11559759080410004,0.7018383145332336,0.0,1.0,0.8,0.08046891540288925,6.0,0.05217391304347826,0,0
ViceNews,Left-wing,Zionist,0,0.5451281070709229,0.1417580097913742,0.6343624591827393,,,0.5263157894736842,0.08046891540288925,22.0,0.02702702702702703,0,1
ViceNews,Left-wing,Ukrainian,0,0.37960201501846313,0.0358290858566761,0.9075857698917389,1.0,1.0,0.5789473684210527,0.08046891540288925,11.333333333333334,0.02857142857142857,0,0
ViceNews,Left-wing,Right-wing,0,0.43961846828460693,0.03950323164463043,0.8981090039014816,1.0,1.0,0.6428571428571429,0.08046891540288925,9.0,0.03508771929824561,0,0
ViceNews,Left-wing,Right-wing,0,0.4673660397529602,0.15979181230068207,0.5878477394580841,0.5,0.5,0.64,0.7433174252510071,14.666666666666666,0.04152249134948097,0,1
ViceNews,Left-wing,Left-wing,1,0.4691828489303589,0.17402884364128113,0.5511260628700256,0.0,1.0,0.5294117647058824,0.08046891540288925,9.2,0.04797047970479705,0,1
ViceNews,Left-wing,Western,0,0.712207019329071,0.12882483005523682,0.6677210927009583,,,0.75,0.08046891540288925,3.5,0.12962962962962962,0,0
ViceNews,Left-wing,Ukrainian,0,0.8143899440765381,0.11519940197467804,0.702865332365036,1.0,0.4,0.631578947368421,0.08046891540288925,7.8,0.050387596899224806,0,1
ViceNews,Left-wing,Russian,0,0.47967785596847534,0.11975174397230148,0.6911234259605408,0.3333333333333333,1.0,0.5909090909090909,0.08046891540288925,9.75,0.034220532319391636,0,1
ViceNews,Left-wing,Right-wing,0,0.36156994104385376,0.03070092387497425,0.9208128824830055,,,0.6818181818181818,0.08046891540288925,11.75,0.022556390977443608,0,0
ViceNews,Left-wing,Left-wing,1,0.5372705459594727,0.05605711415410042,0.8554114252328873,0.25,0.75,0.6470588235294118,0.9901299476623535,7.5,0.04390243902439024,0,0
ViceNews,Left-wing,Right-wing,0,0.45081162452697754,0.16930027306079865,0.5633224844932556,0.0,1.0,0.5789473684210527,0.08046891540288925,10.0,0.04591836734693878,0,0
ViceNews,Left-wing,Right-wing,0,0.4529297947883606,0.04846857860684395,0.8749846369028091,0.5,0.5,0.6470588235294118,0.08046891540288925,8.75,0.06451612903225806,0,0
ViceNews,Left-wing,Right-wing,0,0.5047751665115356,0.11460952460765839,0.7043867707252502,,,0.6818181818181818,1.0019978284835815,7.166666666666667,0.05351170568561873,0,1
ViceNews,Left-wing,Right-wing,0,0.5261957049369812,0.09995182603597641,0.7421935200691223,1.0,0.0,0.875,0.08046891540288925,5.666666666666667,0.06666666666666667,0,0
ViceNews,Left-wing,Russian,0,0.42360809445381165,0.051657017320394516,0.8667606711387634,0.0,1.0,0.4444444444444444,0.08046891540288925,13.333333333333334,0.0379746835443038,0,1
ViceNews,Left-wing,Ukrainian,0,0.44621726870536804,0.09407879412174225,0.7573418617248535,0.0,1.0,0.46153846153846156,0.08046891540288925,5.6,0.07692307692307693,0,1
ViceNews,Left-wing,Right-wing,0,0.5029248595237732,0.0890236422419548,0.7703806459903717,1.0,1.0,0.6666666666666666,0.08046891540288925,5.333333333333333,0.07547169811320754,0,0
ViceNews,Left-wing,Right-wing,0,0.5886865854263306,0.13156700134277344,0.6606482565402985,0.5,0.5,0.6956521739130435,1.0019978284835815,8.333333333333334,0.0711864406779661,0,1
ViceNews,Left-wing,Right-wing,0,0.3920442461967468,0.02565673366189003,0.9338234290480614,0.0,1.0,0.5294117647058824,0.08046891540288925,11.0,0.03333333333333333,0,0
ViceNews,Left-wing,Right-wing,0,0.46510156989097595,0.08249936252832413,0.7872087508440018,1.0,1.0,0.6666666666666666,1.0019978284835815,41.0,0.02586206896551724,0,0
ViceNews,Left-wing,Right-wing,0,0.46630996465682983,0.09231428056955338,0.7618930786848068,0.6666666666666666,0.33333333333333337,0.3333333333333333,0.08046891540288925,22.0,0.023076923076923078,0,1
ViceNews,Left-wing,Right-wing,0,0.5859311819076538,0.11309543251991272,0.7082920670509338,1.0,0.0,0.5,1.002532720565796,7.25,0.043689320388349516,0,0
ViceNews,Left-wing,Right-wing,0,0.44223180413246155,0.08065114170312881,0.7919759154319763,0.0,1.0,0.6,0.08046891540288925,8.5,0.06329113924050633,0,2
ViceNews,Left-wing,Right-wing,0,0.4463856816291809,0.07978757470846176,0.7942033112049103,0.2,1.0,0.6363636363636364,1.0032323598861694,10.75,0.04609929078014184,0,0
ViceNews,Left-wing,Resistance,0,0.43025529384613037,0.09038347005844116,0.7668732553720474,0.0,1.0,0.47619047619047616,1.0032323598861694,8.8,0.04727272727272727,0,1
ViceNews,Left-wing,Ukrainian,0,0.39776501059532166,0.10191080719232559,0.7371406853199005,0.0,1.0,0.42857142857142855,0.08046891540288925,5.0,0.07734806629834254,0,1
ViceNews,Left-wing,Western,0,0.5661877393722534,0.19730567932128906,0.4910879135131836,,,0.6153846153846154,0.9830127358436584,6.333333333333333,0.03592814371257485,0,0
ViceNews,Left-wing,Right-wing,0,0.4110828936100006,0.09704636037349701,0.7496876120567322,0.0,1.0,0.7727272727272727,0.08046891540288925,8.4,0.033707865168539325,0,0
ViceNews,Left-wing,Right-wing,0,0.4741441607475281,0.1305384337902069,0.6633012294769287,0.5,0.5,0.7,1.0027662515640259,10.5,0.03319502074688797,0,0
ViceNews,Left-wing,Right-wing,0,0.49755987524986267,0.11179278790950775,0.7116519808769226,1.0,0.0,0.75,0.08046891540288925,8.666666666666666,0.0457516339869281,0,0
ViceNews,Left-wing,Right-wing,0,0.5543100833892822,0.10713158547878265,0.7236746847629547,0.5,0.5,0.5882352941176471,0.08046891540288925,7.4,0.06147540983606557,0,1
ViceNews,Left-wing,Right-wing,0,0.4541882872581482,0.10504154860973358,0.7290655076503754,,,0.5,1.002532720565796,6.666666666666667,0.05442176870748299,0,0
ViceNews,Left-wing,Right-wing,0,0.49257299304008484,0.10263515263795853,0.7352723777294159,0.8,0.4,0.47368421052631576,1.0012390613555908,4.571428571428571,0.06103286384976526,0,1
ViceNews,Left-wing,Right-wing,0,0.6060557961463928,0.10405754297971725,0.7316035628318787,0.6666666666666666,0.33333333333333337,0.5263157894736842,0.08046891540288925,7.0,0.07423580786026202,0,1
ViceNews,Left-wing,Ukrainian,0,0.39795833826065063,0.09403517097234726,0.7574543654918671,0.5,1.0,0.4666666666666667,0.08046891540288925,6.2,0.0639269406392694,0,1
ViceNews,Left-wing,Ukrainian,0,0.47826188802719116,0.04206504672765732,0.891501322388649,1.0,0.0,0.45454545454545453,0.08046891540288925,6.25,0.05454545454545454,0,0
ViceNews,Left-wing,Left-wing,1,0.49700239300727844,0.08246072381734848,0.787308469414711,,,0.8235294117647058,0.08046891540288925,36.0,0.024752475247524754,0,1
ViceNews,Left-wing,Left-wing,1,0.47765111923217773,0.11575841158628464,0.7014234662055969,1.0,0.5,0.6153846153846154,0.08046891540288925,7.0,0.045454545454545456,0,0
ViceNews,Left-wing,Left-wing,1,0.4753434360027313,0.14031864702701569,0.638075053691864,,,0.8235294117647058,0.9943587779998779,12.666666666666666,0.030303030303030304,0,1
ViceNews,Left-wing,Russian,0,0.532784104347229,0.06441182643175125,0.8338620960712433,1.0,1.0,0.5,0.08046891540288925,13.5,0.07103825136612021,0,4
ViceNews,Left-wing,Zionist,0,0.5286692380905151,0.13660478591918945,0.6476542353630066,,,0.25,0.08046891540288925,3.0,0.13333333333333333,0,1
ViceNews,Left-wing,Right-wing,0,0.4013711214065552,0.0021769944578409195,0.9943848391994834,1.0,0.0,0.7222222222222222,0.9850761294364929,13.333333333333334,0.021834061135371178,0,0
ViceNews,Left-wing,Ukrainian,0,0.7534942030906677,0.10654594749212265,0.7251852452754974,1.0,1.0,0.5263157894736842,0.08046891540288925,9.75,0.03435114503816794,0,0
ViceNews,Left-wing,Right-wing,0,0.5039635896682739,0.09354036301374435,0.7587306350469589,,,0.75,0.08046891540288925,7.333333333333333,0.055900621118012424,0,0
ViceNews,Left-wing,Right-wing,0,0.4561331570148468,0.13925036787986755,0.6408304572105408,0.3333333333333333,0.6666666666666667,0.5909090909090909,0.9901299476623535,9.75,0.045627376425855515,0,1
ViceNews,Left-wing,Left-wing,1,0.635417640209198,0.0950113832950592,0.7549363970756531,0.3333333333333333,0.6666666666666667,0.5833333333333334,1.002532720565796,5.75,0.06936416184971098,0,3
ViceNews,Left-wing,Ukrainian,0,0.47178709506988525,0.14409787952899933,0.6283272802829742,0.0,1.0,0.6190476190476191,0.08046891540288925,15.0,0.03296703296703297,0,0
ViceNews,Left-wing,Right-wing,0,0.5368064641952515,0.09714143723249435,0.7494422793388367,1.0,0.0,0.8181818181818182,0.9910229444503784,7.333333333333333,0.05333333333333334,0,0
ViceNews,Left-wing,Right-wing,0,0.4031117260456085,0.002980407327413559,0.9923126474022865,0.0,1.0,0.30434782608695654,0.08046891540288925,7.8,0.055944055944055944,0,1
ViceNews,Left-wing,Right-wing,0,0.5255330801010132,0.11261395364999771,0.7095339894294739,0.0,1.0,0.6521739130434783,0.08046891540288925,6.5,0.06312292358803986,0,1
ViceNews,Left-wing,Western,0,0.5412986278533936,0.10855545848608017,0.7200021147727966,1.0,0.0,0.6153846153846154,0.08046891540288925,8.0,0.046242774566473986,0,0
ViceNews,Left-wing,Left-wing,1,0.5294731855392456,0.12436660379171371,0.6792202591896057,0.4,0.8,0.34782608695652173,0.08046891540288925,8.0,0.06440677966101695,0,0
ViceNews,Left-wing,Left-wing,1,0.5157386064529419,0.10320303589105606,0.7338076829910278,0.0,1.0,0.2777777777777778,0.08046891540288925,12.5,0.07352941176470588,0,5
ViceNews,Left-wing,Right-wing,0,0.4647246301174164,0.0902605801820755,0.7671901881694794,0.8,0.4,0.5,1.0012390613555908,4.142857142857143,0.05583756345177665,0,0
ViceNews,Left-wing,Right-wing,0,0.4693492650985718,0.04872143268585205,0.8743324279785156,0.0,1.0,0.5,0.08046891540288925,9.75,0.05555555555555555,0,1
ViceNews,Left-wing,Right-wing,0,0.41442328691482544,0.0698557123541832,0.8198206126689911,0.5,1.0,0.55,0.08046891540288925,6.5,0.07224334600760456,0,1
ViceNews,Left-wing,Western,0,0.4540154039859772,0.13394227623939514,0.6545217037200928,,,0.6111111111111112,0.08046891540288925,8.75,0.046610169491525424,0,0
ViceNews,Left-wing,Right-wing,0,0.5253086686134338,0.06280838698148727,0.8379978686571121,0.0,1.0,0.45454545454545453,1.002532720565796,10.333333333333334,0.03017241379310345,0,0
ViceNews,Left-wing,Zionist,0,0.5992957353591919,0.15092496573925018,0.6107181310653687,1.0,0.0,1.0,0.08046891540288925,4.0,0.0,0,0
ViceNews,Left-wing,Right-wing,0,0.4656427502632141,0.12978197634220123,0.6652523577213287,0.0,1.0,0.6956521739130435,0.08046891540288925,12.0,0.028925619834710745,0,0
ViceNews,Left-wing,Right-wing,0,0.47960126399993896,0.15173999965190887,0.6086158752441406,0.5,0.5,0.6521739130434783,1.0032323598861694,9.75,0.038461538461538464,0,0
ViceNews,Left-wing,Right-wing,0,0.3690575957298279,0.03364909067749977,0.9132086560130119,0.0,1.0,0.6538461538461539,0.08046891540288925,9.75,0.03942652329749104,0,0
ViceNews,Left-wing,Left-wing,1,0.5097520351409912,0.13744746148586273,0.6454808115959167,1.0,1.0,0.8,0.08046891540288925,4.333333333333333,0.06976744186046512,0,0
ViceNews,Left-wing,Left-wing,1,0.5407898426055908,0.10984047502279282,0.7166876792907715,0.3333333333333333,1.0,0.5625,0.08046891540288925,8.0,0.04455445544554455,0,0
ViceNews,Left-wing,Right-wing,0,0.4900398850440979,0.09250147640705109,0.7614102512598038,0.5,0.5,0.6666666666666666,0.08046891540288925,5.666666666666667,0.06153846153846154,0,0
ViceNews,Left-wing,Russian,0,0.4068126678466797,0.05879167467355728,0.8483581990003586,0.0,1.0,0.6111111111111112,0.08046891540288925,7.75,0.04583333333333333,0,1
ViceNews,Left-wing,Right-wing,0,0.6852991580963135,0.09331667423248291,0.7593076229095459,1.0,0.0,0.5,1.002532720565796,5.5,0.05555555555555555,0,0
ViceNews,Left-wing,Left-wing,1,0.4456319510936737,0.11468733102083206,0.7041860818862915,0.0,1.0,0.5625,1.0006178617477417,8.75,0.05025125628140704,0,0
ViceNews,Left-wing,Right-wing,0,0.5299593210220337,0.12190356850624084,0.685573160648346,,,0.45454545454545453,0.08046891540288925,6.25,0.03910614525139665,0,0
ViceNews,Left-wing,Right-wing,0,0.4810248017311096,0.13792073726654053,0.644260048866272,1.0,0.0,0.625,0.08046891540288925,5.333333333333333,0.0603448275862069,0,0
ViceNews,Left-wing,Left-wing,1,0.49692562222480774,0.11223677545785904,0.7105068564414978,,,0.6428571428571429,1.0007177591323853,7.0,0.05952380952380952,0,1
ViceNews,Left-wing,Right-wing,0,0.5366792678833008,0.12964342534542084,0.6656096875667572,0.0,1.0,0.75,1.0032323598861694,9.666666666666666,0.034482758620689655,0,0
ViceNews,Left-wing,Russian,0,0.535977840423584,0.16724440455436707,0.5686252117156982,0.0,1.0,0.7333333333333333,1.0032323598861694,10.0,0.05555555555555555,0,2
ViceNews,Left-wing,Western,0,0.4603179693222046,0.13002362847328186,0.6646290719509125,0.6666666666666666,0.6666666666666667,0.4666666666666667,0.08046891540288925,8.0,0.041176470588235294,0,0
ViceNews,Left-wing,Right-wing,0,0.412651002407074,0.07247469574213028,0.8130654990673065,0.0,1.0,0.6363636363636364,1.0020949840545654,26.0,0.04285714285714286,0,0
ViceNews,Left-wing,Right-wing,0,0.5141995549201965,0.06621619313955307,0.8292080610990524,0.5,0.5,0.38095238095238093,1.002532720565796,6.6,0.064,0,2
ViceNews,Left-wing,Left-wing,1,0.5243183970451355,0.12208131700754166,0.6851146817207336,0.5,1.0,0.75,0.08046891540288925,8.333333333333334,0.04216867469879518,0,0
ViceNews,Left-wing,Russian,0,0.5311452150344849,0.16284237802028656,0.579979419708252,,,0.6666666666666666,0.8387413620948792,14.0,0.04844290657439446,1,2
ViceNews,Left-wing,Western,0,0.4497634768486023,0.06288014352321625,0.8378127664327621,0.5,1.0,0.5454545454545454,0.08046891540288925,7.333333333333333,0.06802721088435375,0,1
ViceNews,Left-wing,Ukrainian,0,0.5974838137626648,0.11896651238203049,0.6931487619876862,0.5,0.75,0.6956521739130435,1.0015052556991577,5.25,0.0695364238410596,0,1
ViceNews,Left-wing,Right-wing,0,0.4739384353160858,0.11270981281995773,0.7092867493629456,1.0,0.5,0.85,0.08046891540288925,10.75,0.04365079365079365,0,0
ViceNews,Left-wing,Right-wing,0,0.5679522752761841,0.17664186656475067,0.5443862676620483,0.0,1.0,0.5263157894736842,1.0032323598861694,7.0,0.08247422680412371,1,1
ViceNews,Left-wing,Right-wing,0,0.4568767845630646,0.08744970709085464,0.774440348148346,0.0,1.0,0.36,1.002532720565796,10.5,0.06390977443609022,0,0
ViceNews,Left-wing,Right-wing,0,0.45036742091178894,0.02552136965095997,0.9341725707054138,0.6666666666666666,1.0,0.5,0.08046891540288925,7.0,0.05761316872427984,0,0
ViceNews,Left-wing,Right-wing,0,0.4611436426639557,0.0642065703868866,0.8343915641307831,0.3333333333333333,1.0,0.6538461538461539,1.0032323598861694,8.2,0.0547945205479452,0,2
ViceNews,Left-wing,Right-wing,0,0.4654178023338318,0.15836848318576813,0.5915189683437347,0.5,0.5,0.5555555555555556,1.0032323598861694,8.666666666666666,0.0427807486631016,0,0
ViceNews,Left-wing,Ukrainian,0,0.588380753993988,0.12600260972976685,0.6750004887580872,0.5,0.5,0.6923076923076923,0.08046891540288925,11.0,0.05825242718446602,0,1
ViceNews,Left-wing,Right-wing,0,0.4677823483943939,0.07150889933109283,0.8155565410852432,1.0,0.5,0.5384615384615384,1.0019978284835815,22.0,0.030303030303030304,0,0
ViceNews,Left-wing,Right-wing,0,0.5821290016174316,0.12161719799041748,0.6863118410110474,1.0,0.0,0.6111111111111112,0.08046891540288925,29.0,0.01694915254237288,0,0
ViceNews,Left-wing,Left-wing,1,0.5118688941001892,0.1344713717699051,0.6531569957733154,,,0.7333333333333333,1.0019978284835815,6.8,0.07009345794392523,0,1
ViceNews,Left-wing,Left-wing,1,0.5793222784996033,0.12258459627628326,0.6838166117668152,1.0,1.0,0.625,0.9453009963035583,11.75,0.040880503144654086,0,1
ViceNews,Left-wing,Russian,0,0.43745797872543335,0.04281294345855713,0.8895721957087517,,,0.0,0.08046891540288925,2.5,0.15217391304347827,0,1
ViceNews,Left-wing,Right-wing,0,0.4951600134372711,0.08643168956041336,0.7770661562681198,0.6666666666666666,0.6666666666666667,0.64,0.5728119611740112,6.5,0.05454545454545454,0,1
ViceNews,Left-wing,Zionist,0,0.5084289312362671,0.09175834059715271,0.7633270472288132,0.5,1.0,0.5625,0.08046891540288925,6.666666666666667,0.05263157894736842,0,0
ViceNews,Left-wing,Resistance,0,0.4212222099304199,0.09693680703639984,0.7499701976776123,0.0,1.0,0.6153846153846154,0.08046891540288925,11.25,0.033444816053511704,0,0
ViceNews,Left-wing,Right-wing,0,0.5917561650276184,0.10427810251712799,0.7310347259044647,0.6666666666666666,0.33333333333333337,0.5833333333333334,0.08046891540288925,6.666666666666667,0.05303030303030303,0,0
ViceNews,Left-wing,Ukrainian,0,0.6573859453201294,0.07790545374155045,0.7990579158067703,1.0,0.5,0.6111111111111112,0.08046891540288925,8.5,0.03686635944700461,0,0
ViceNews,Left-wing,Left-wing,1,0.5319091081619263,0.12211629003286362,0.6850245296955109,1.0,1.0,0.6875,0.08046891540288925,7.75,0.04736842105263158,0,0
ViceNews,Left-wing,Zionist,0,0.4102374315261841,0.013087635859847069,0.9662429578602314,0.0,1.0,0.3333333333333333,0.8216896057128906,7.666666666666667,0.06521739130434782,0,0
ViceNews,Left-wing,Right-wing,0,0.5693694949150085,0.1880044788122177,0.5150786638259888,0.0,1.0,0.5714285714285714,1.0032323598861694,8.0,0.03910614525139665,0,0
ViceNews,Left-wing,Right-wing,0,0.4615790843963623,0.1242479607462883,0.6795262694358826,0.5,1.0,0.6923076923076923,1.0032323598861694,5.25,0.0738255033557047,0,0
ViceNews,Left-wing,Right-wing,0,0.46275150775909424,0.055645182728767395,0.856473982334137,1.0,0.0,0.75,0.7502340078353882,24.5,0.017985611510791366,0,0
ViceNews,Left-wing,Western,0,0.4926844537258148,0.09632035344839096,0.7515601813793182,1.0,0.5,0.6,0.08046891540288925,6.0,0.056451612903225805,0,0
ViceNews,Left-wing,Zionist,0,0.4322410225868225,0.05795047804713249,0.8505278825759888,0.75,0.5,0.35714285714285715,0.08046891540288925,7.333333333333333,0.040268456375838924,0,0
ViceNews,Left-wing,Right-wing,0,0.3607209622859955,0.04890524223446846,0.8738583326339722,0.5,1.0,0.6818181818181818,0.08046891540288925,8.5,0.045662100456621,0,0
ViceNews,Left-wing,Right-wing,0,0.5555205345153809,0.11852510273456573,0.6942873001098633,0.4,0.6,0.6190476190476191,1.0032323598861694,10.666666666666666,0.027522935779816515,0,0
ViceNews,Left-wing,Zionist,0,0.4529286324977875,0.11250736564397812,0.709808886051178,0.3333333333333333,1.0,0.5333333333333333,0.08046891540288925,8.333333333333334,0.054945054945054944,0,0
ViceNews,Left-wing,Zionist,0,0.419731080532074,0.07023867964744568,0.8188328742980957,1.0,0.5,0.5625,0.08046891540288925,8.333333333333334,0.05759162303664921,0,0
ViceNews,Left-wing,Right-wing,0,0.48903533816337585,0.0764259621500969,0.802873969078064,,,0.6666666666666666,0.08046891540288925,7.75,0.04975124378109453,0,0
ViceNews,Left-wing,Russian,0,0.4627492427825928,0.12140779197216034,0.6868519186973572,1.0,1.0,0.5,0.08046891540288925,5.0,0.08411214953271028,0,2
ViceNews,Left-wing,Right-wing,0,0.49882960319519043,0.08150017261505127,0.7897859662771225,1.0,0.0,0.6,0.08046891540288925,5.0,0.061946902654867256,0,0
ViceNews,Left-wing,Ukrainian,0,0.5607478618621826,0.14833855628967285,0.6173892319202423,,,0.7142857142857143,0.08046891540288925,17.5,0.03076923076923077,0,2
ViceNews,Left-wing,Right-wing,0,0.5038564205169678,0.08537662029266357,0.7797874510288239,,,0.6,0.08046891540288925,5.666666666666667,0.06140350877192982,0,0
ViceNews,Left-wing,Left-wing,1,0.39206740260124207,0.08399362862110138,0.7833545953035355,0.0,1.0,0.6111111111111112,0.08046891540288925,10.333333333333334,0.05555555555555555,0,0
ViceNews,Left-wing,Right-wing,0,0.4055459499359131,0.11416090279817581,0.7055438756942749,,,0.8333333333333334,0.08046891540288925,19.0,0.013392857142857142,0,0
ViceNews,Left-wing,Left-wing,1,0.5992940068244934,0.14490559697151184,0.6262438893318176,0.3333333333333333,0.6666666666666667,0.5384615384615384,0.9177303910255432,7.5,0.04838709677419355,0,0
ViceNews,Left-wing,Right-wing,0,0.5622506737709045,0.1429094672203064,0.6313925385475159,1.0,0.0,0.6470588235294118,0.08046891540288925,7.75,0.03684210526315789,0,0
ViceNews,Left-wing,Western,0,0.5722647309303284,0.1492878645658493,0.6149407029151917,0.5,1.0,0.43478260869565216,0.08046891540288925,8.6,0.052980132450331126,0,2
ViceNews,Left-wing,Western,0,0.4980880916118622,0.10168053209781647,0.7377346158027649,0.5,0.5,0.375,0.08046891540288925,11.333333333333334,0.04700854700854701,0,1
ViceNews,Left-wing,Zionist,0,0.47715723514556885,0.10518807172775269,0.728687584400177,1.0,0.0,0.6111111111111112,1.002532720565796,10.666666666666666,0.037209302325581395,0,0
ViceNews,Left-wing,Right-wing,0,0.5310351252555847,0.1026119589805603,0.7353322505950928,0.5,0.5,0.7272727272727273,0.08046891540288925,13.25,0.04075235109717868,0,1
ViceNews,Left-wing,Left-wing,1,0.56004798412323,0.15351040661334991,0.6040494441986084,0.3333333333333333,0.6666666666666667,0.56,1.0019978284835815,7.666666666666667,0.043333333333333335,0,1
ViceNews,Left-wing,Zionist,0,0.5708194375038147,0.1266917735338211,0.6732229590415955,,,0.8461538461538461,0.08046891540288925,7.666666666666667,0.046511627906976744,0,0
ViceNews,Left-wing,Western,0,0.5576346516609192,0.16354414820671082,0.5781693458557129,0.5,1.0,0.782608695652174,0.7002315521240234,9.75,0.03296703296703297,0,0
ViceNews,Left-wing,Right-wing,0,0.5463730096817017,0.10254548490047455,0.7355036437511444,0.0,1.0,0.7727272727272727,1.0032323598861694,10.5,0.032846715328467155,0,0
ViceNews,Left-wing,Left-wing,1,0.519018292427063,0.11526070535182953,0.7027072012424469,0.4,0.8,0.3333333333333333,0.08046891540288925,7.0,0.06711409395973154,0,0
ViceNews,Left-wing,Left-wing,1,0.4768567383289337,0.12819664180278778,0.6693413853645325,0.0,1.0,0.5,0.08046891540288925,5.333333333333333,0.057971014492753624,0,0
ViceNews,Left-wing,Zionist,0,0.41640692949295044,0.07897006720304489,0.7963119149208069,0.5,0.5,0.7222222222222222,0.08046891540288925,6.8,0.0391304347826087,0,0
ViceNews,Left-wing,Ukrainian,0,0.5954307913780212,0.11226596683263779,0.7104315757751465,0.5,0.75,0.6666666666666666,1.0015052556991577,5.375,0.07308970099667775,0,1
ViceNews,Left-wing,Left-wing,1,0.5858892202377319,0.10876912623643875,0.7194509506225586,1.0,0.0,0.7368421052631579,1.0019978284835815,19.5,0.024096385542168676,0,0
ViceNews,Left-wing,Right-wing,0,0.4723649322986603,0.09404653310775757,0.7574250400066376,0.5,0.5,0.5,0.08046891540288925,2.3333333333333335,0.11475409836065574,0,0
ViceNews,Left-wing,Left-wing,1,0.4540334641933441,0.05184190720319748,0.8662838041782379,0.5,1.0,0.6666666666666666,0.08046891540288925,8.25,0.059322033898305086,0,1
ViceNews,Left-wing,Right-wing,0,0.5614558458328247,0.08013592660427094,0.793304830789566,0.0,1.0,0.16666666666666666,0.08046891540288925,5.5,0.10227272727272728,0,1
ViceNews,Left-wing,Left-wing,1,0.5038203001022339,0.15883004665374756,0.5903284549713135,,,0.5625,0.08046891540288925,11.333333333333334,0.028169014084507043,0,0
ViceNews,Left-wing,Western,0,0.5657613277435303,0.0763741061091423,0.8030076622962952,1.0,1.0,0.5,0.08046891540288925,8.333333333333334,0.03614457831325301,0,0
ViceNews,Left-wing,Right-wing,0,0.6470944285392761,0.1102653220295906,0.7155917882919312,1.0,0.0,0.6428571428571429,0.08046891540288925,32.0,0.021164021164021163,0,1
ViceNews,Left-wing,Left-wing,1,0.5047339200973511,0.08550653606653214,0.7794523686170578,0.5,1.0,0.4166666666666667,0.08046891540288925,6.0,0.060810810810810814,0,0
ViceNews,Left-wing,Right-wing,0,0.4854412376880646,0.11938050389289856,0.6920809745788574,1.0,0.0,0.5882352941176471,1.0006178617477417,15.0,0.03571428571428571,0,0
ViceNews,Left-wing,Left-wing,1,0.679128885269165,0.17285503447055817,0.554153710603714,0.0,1.0,0.7142857142857143,0.9883345365524292,6.0,0.06324110671936758,0,2
ViceNews,Left-wing,Left-wing,1,0.684819221496582,0.17381949722766876,0.5516660809516907,0.0,1.0,0.7,0.9883345365524292,7.0,0.05555555555555555,0,2
ViceNews,Left-wing,Right-wing,0,0.43566828966140747,0.05404296889901161,0.8606065362691879,0.3333333333333333,1.0,0.38461538461538464,0.08046891540288925,5.5,0.0650887573964497,0,1
ViceNews,Left-wing,Ukrainian,0,0.4300819933414459,0.07904917001724243,0.7961078882217407,0.0,1.0,0.5416666666666666,1.0012390613555908,8.4,0.03985507246376811,0,1
ViceNews,Left-wing,Russian,0,0.39558953046798706,0.06276234239339828,0.8381166160106659,0.4,0.8,0.5,0.08046891540288925,8.2,0.051194539249146756,0,1
ViceNews,Left-wing,Right-wing,0,0.4810725450515747,0.08123744279146194,0.7904636859893799,0.0,1.0,0.68,1.0032323598861694,8.0,0.05693950177935943,0,2
ViceNews,Left-wing,Resistance,0,0.5163557529449463,0.12980057299137115,0.6652044057846069,,,0.5882352941176471,0.08046891540288925,9.0,0.034220532319391636,0,0
ViceNews,Left-wing,Zionist,0,0.4007870852947235,0.02834409661591053,0.9268918707966805,0.3333333333333333,0.6666666666666667,0.42857142857142855,0.08046891540288925,5.75,0.06432748538011696,0,0
ViceNews,Left-wing,Right-wing,0,0.4208483099937439,0.07602894306182861,0.8038980066776276,0.0,1.0,0.6190476190476191,0.08046891540288925,12.0,0.01818181818181818,0,0
ViceNews,Left-wing,Left-wing,1,0.5845727920532227,0.12269946932792664,0.6835203170776367,0.8,0.4,0.5714285714285714,0.9936544895172119,6.2,0.046511627906976744,0,0
ViceNews,Left-wing,Resistance,0,0.5493670701980591,0.09810388088226318,0.746959924697876,1.0,0.5,0.5384615384615384,1.0032323598861694,5.666666666666667,0.06299212598425197,0,0
ViceNews,Left-wing,Right-wing,0,0.5081969499588013,0.10108128935098648,0.7392802834510803,0.2857142857142857,0.8571428571428572,0.5909090909090909,0.08046891540288925,8.6,0.05415162454873646,0,0
ViceNews,Left-wing,Zionist,0,0.37399983406066895,0.047971755266189575,0.8762660622596741,1.0,0.0,0.6428571428571429,1.0019978284835815,30.0,0.035,0,0
ViceNews,Left-wing,Left-wing,1,0.4610089063644409,0.10825441777706146,0.7207785844802856,0.4,1.0,0.6428571428571429,0.08046891540288925,25.0,0.0472972972972973,0,1
ViceNews,Left-wing,Right-wing,0,0.5165918469429016,0.12935444712638855,0.6663551032543182,,,0.7142857142857143,0.08046891540288925,9.333333333333334,0.031746031746031744,0,0
ViceNews,Left-wing,Right-wing,0,0.3734273314476013,0.07789401710033417,0.7990874201059341,0.0,1.0,0.7368421052631579,1.003232479095459,9.666666666666666,0.041884816753926704,0,0
ViceNews,Left-wing,Russian,0,0.6378440260887146,0.06324844062328339,0.8368628323078156,1.0,1.0,0.5,0.08046891540288925,5.333333333333333,0.06140350877192982,0,0
ViceNews,Left-wing,Right-wing,0,0.479478657245636,0.1427471786737442,0.6318111419677734,0.5,0.5,0.65,1.0032323598861694,10.75,0.037037037037037035,0,0
ViceNews,Left-wing,Russian,0,0.5387506484985352,0.15829241275787354,0.5917152166366577,1.0,0.33333333333333337,0.6666666666666666,0.08046891540288925,6.0,0.06198347107438017,0,3
ViceNews,Left-wing,Right-wing,0,0.4334593415260315,0.06456674635410309,0.8334624916315079,0.0,1.0,0.76,0.9995338320732117,7.6,0.048109965635738834,0,0
