text_id,narrative_name,text,predicted_actor,predicted_entity_type,was_reconstructed,n_fragments_merged,predicted_role,role_confidence,role_evidence,role_method,candidate_role,predicted_agency,gold_actor,gold_role,gold_agency,error_stage,correct_incorrect_missing_uncertain,annotator_notes
calibration_0001,Left-wing,"unions are the backbone of the middle class, we need to make it easier to organize, not harder.",we,IN_GROUP,False,1,unknown,0.0,"unions are the backbone of the middle class, we need to make it easier to organize, not harder.",no_signal,unknown,active,,,,,,
calibration_0002,Left-wing,"Pray for simple people from Israel and Gaza 🙏 Life is more matters, instead of politics",Israel,LOC,False,1,unknown,0.0,"Pray for simple people from Israel and Gaza 🙏 Life is more matters, instead of politics",no_signal,unknown,passive,,,,,,
calibration_0002,Left-wing,"Pray for simple people from Israel and Gaza 🙏 Life is more matters, instead of politics",Gaza,LOC,False,1,unknown,0.0,"Pray for simple people from Israel and Gaza 🙏 Life is more matters, instead of politics",no_signal,unknown,unknown,,,,,,
calibration_0003,Left-wing,"🗞Since the Gaza 'ceasefire' was announced, I have wondered what this word actually means. For Palestinians in the enclave, it was supposed to mean at least a brief moment of stability. Instead, very little has changed.  ✍ Opinion by Hassan Herzallah 🔗  https://www.middleeasteye.net/opinion/there-no-ceasefire-gaza?utm_source=telegram&utm_medium=social&utm_campaign=social_traffic",Gaza,LOC,False,1,unknown,0.0,"🗞Since the Gaza 'ceasefire' was announced, I have wondered what this word actually means.",no_signal,unknown,unknown,,,,,,
calibration_0003,Left-wing,"🗞Since the Gaza 'ceasefire' was announced, I have wondered what this word actually means. For Palestinians in the enclave, it was supposed to mean at least a brief moment of stability. Instead, very little has changed.  ✍ Opinion by Hassan Herzallah 🔗  https://www.middleeasteye.net/opinion/there-no-ceasefire-gaza?utm_source=telegram&utm_medium=social&utm_campaign=social_traffic",Palestinians,MISC,False,1,unknown,0.0,"For Palestinians in the enclave, it was supposed to mean at least a brief moment of stability.",no_signal,unknown,passive,,,,,,
calibration_0003,Left-wing,"🗞Since the Gaza 'ceasefire' was announced, I have wondered what this word actually means. For Palestinians in the enclave, it was supposed to mean at least a brief moment of stability. Instead, very little has changed.  ✍ Opinion by Hassan Herzallah 🔗  https://www.middleeasteye.net/opinion/there-no-ceasefire-gaza?utm_source=telegram&utm_medium=social&utm_campaign=social_traffic",Hassan Herzallah,PER,False,1,unknown,0.0,Opinion by Hassan Herzallah 🔗  https://www.middleeasteye.net/opinion/there-no-ceasefire-gaza?utm_source=telegram&utm_medium=social&utm_campaign=social_traffic,no_signal,unknown,passive,,,,,,
calibration_0003,Left-wing,"🗞Since the Gaza 'ceasefire' was announced, I have wondered what this word actually means. For Palestinians in the enclave, it was supposed to mean at least a brief moment of stability. Instead, very little has changed.  ✍ Opinion by Hassan Herzallah 🔗  https://www.middleeasteye.net/opinion/there-no-ceasefire-gaza?utm_source=telegram&utm_medium=social&utm_campaign=social_traffic",Middleeasteye,ORG,False,1,unknown,0.0,Opinion by Hassan Herzallah 🔗  https://www.middleeasteye.net/opinion/there-no-ceasefire-gaza?utm_source=telegram&utm_medium=social&utm_campaign=social_traffic,no_signal,unknown,unknown,,,,,,
calibration_0004,Left-wing,"the climate crisis is literally happening right now and politicians are still taking money from fossil fuel lobbyists, ugh.",(none detected),,,,,,,,,,,,,,,
calibration_0005,Left-wing,LA Gave More Money to Cops While Cutting Fire Budgets. Now It’s Burning.  https://theintercept.com/2025/01/08/la-police-budget-palisades-fires/,LA,ORG,False,1,unknown,0.0,LA Gave More Money to Cops While Cutting Fire Budgets.,no_signal,unknown,active,,,,,,
calibration_0006,Resistance,Israeli opposition leader Yair Lapid discusses potential Gaza ceasefire deal at the Knesset @aljazeeraenglish,Israel,MISC,False,1,unknown,0.0,Israeli opposition leader Yair Lapid discusses potential Gaza ceasefire deal at the Knesset @aljazeeraenglish,no_signal,unknown,unknown,,,,,,
calibration_0006,Resistance,Israeli opposition leader Yair Lapid discusses potential Gaza ceasefire deal at the Knesset @aljazeeraenglish,Yair Lapid,PER,False,1,unknown,0.0,Israeli opposition leader Yair Lapid discusses potential Gaza ceasefire deal at the Knesset @aljazeeraenglish,no_signal,unknown,active,,,,,,
calibration_0006,Resistance,Israeli opposition leader Yair Lapid discusses potential Gaza ceasefire deal at the Knesset @aljazeeraenglish,Gaza,LOC,False,1,unknown,0.0,Israeli opposition leader Yair Lapid discusses potential Gaza ceasefire deal at the Knesset @aljazeeraenglish,no_signal,unknown,unknown,,,,,,
calibration_0006,Resistance,Israeli opposition leader Yair Lapid discusses potential Gaza ceasefire deal at the Knesset @aljazeeraenglish,Knesset,MISC,False,1,unknown,0.0,Israeli opposition leader Yair Lapid discusses potential Gaza ceasefire deal at the Knesset @aljazeeraenglish,no_signal,unknown,passive,,,,,,
calibration_0007,Resistance,"The Americans should know if they start a war, this time it will be a regional war.",United States,MISC,False,1,unknown,0.0,"The Americans should know if they start a war, this time it will be a regional war.",no_signal,unknown,active,,,,,,
calibration_0008,Resistance,Breaking | Direct Iranian impact in southern occupied Palestine,Iran,MISC,False,1,unknown,0.0,Breaking | Direct Iranian impact in southern occupied Palestine,no_signal,unknown,unknown,,,,,,
calibration_0008,Resistance,Breaking | Direct Iranian impact in southern occupied Palestine,Palestine,LOC,False,1,unknown,0.0,Breaking | Direct Iranian impact in southern occupied Palestine,no_signal,unknown,passive,,,,,,
calibration_0009,Resistance,"Wallah, I just want to see the sea once without having to go through three different checkpoints.",Wallah,LOC,False,1,unknown,0.0,"Wallah, I just want to see the sea once without having to go through three different checkpoints.",no_signal,unknown,unknown,,,,,,
calibration_0010,Resistance,"decisive and severe dealing with people who cooperate with the enemy  🔹First Deputy of the Judiciary: The judicial system will deal hard with people who are infiltrators, mercenaries and traitors and who cooperate and accompany the enemy under these conditions, and these people will not be included in any friendship. @TasnimNews",Judiciary,ORG,False,1,unknown,0.0,🔹First Deputy of the Judiciary:,no_signal,unknown,passive,,,,,,
calibration_0010,Resistance,"decisive and severe dealing with people who cooperate with the enemy  🔹First Deputy of the Judiciary: The judicial system will deal hard with people who are infiltrators, mercenaries and traitors and who cooperate and accompany the enemy under these conditions, and these people will not be included in any friendship. @TasnimNews",Tasnimn,ORG,False,1,unknown,0.0,@TasnimNews,no_signal,unknown,unknown,,,,,,
calibration_0011,Right-wing,Nearly 10% of Transportation Security Administration workers reportedly called in sick on Tuesday as the Democrats' partial government shutdown continued. MORE: https://bit.ly/4uEYK81,Transportation Security Administration,ORG,False,1,unknown,0.0,Nearly 10% of Transportation Security Administration workers reportedly called in sick on Tuesday as the Democrats' partial government shutdown continued.,no_signal,unknown,unknown,,,,,,
calibration_0011,Right-wing,Nearly 10% of Transportation Security Administration workers reportedly called in sick on Tuesday as the Democrats' partial government shutdown continued. MORE: https://bit.ly/4uEYK81,Democrats,MISC,False,1,unknown,0.0,Nearly 10% of Transportation Security Administration workers reportedly called in sick on Tuesday as the Democrats' partial government shutdown continued.,no_signal,unknown,unknown,,,,,,
calibration_0012,Right-wing,"Bombshell Whistleblower Report: Mueller's Anti-Trump Witch Hunters Drank on the Job, Tried to Doctor Records, Violated Security Rules  The startling whistleblower report uncovers numerous allegations against the Mueller team that many people haven’t heard of even to this day.  https://w-j.co/s/47c18",Bombshell Whistleblow,ORG,False,1,unknown,0.0,"Bombshell Whistleblower Report: Mueller's Anti-Trump Witch Hunters Drank on the Job, Tried to Doctor Records, Violated Security Rules  The startling whistleblower report uncovers numerous allegations against the Mueller team that many people haven’t heard of even to this day.",no_signal,unknown,unknown,,,,,,
calibration_0012,Right-wing,"Bombshell Whistleblower Report: Mueller's Anti-Trump Witch Hunters Drank on the Job, Tried to Doctor Records, Violated Security Rules  The startling whistleblower report uncovers numerous allegations against the Mueller team that many people haven’t heard of even to this day.  https://w-j.co/s/47c18",Mueller,PER,False,1,unknown,0.0,"Bombshell Whistleblower Report: Mueller's Anti-Trump Witch Hunters Drank on the Job, Tried to Doctor Records, Violated Security Rules  The startling whistleblower report uncovers numerous allegations against the Mueller team that many people haven’t heard of even to this day.",no_signal,unknown,unknown,,,,,,
calibration_0012,Right-wing,"Bombshell Whistleblower Report: Mueller's Anti-Trump Witch Hunters Drank on the Job, Tried to Doctor Records, Violated Security Rules  The startling whistleblower report uncovers numerous allegations against the Mueller team that many people haven’t heard of even to this day.  https://w-j.co/s/47c18",Anti-trump Witch Hunters,MISC,True,1,unknown,0.0,"Bombshell Whistleblower Report: Mueller's Anti-Trump Witch Hunters Drank on the Job, Tried to Doctor Records, Violated Security Rules  The startling whistleblower report uncovers numerous allegations against the Mueller team that many people haven’t heard of even to this day.",no_signal,unknown,active,,,,,,
calibration_0012,Right-wing,"Bombshell Whistleblower Report: Mueller's Anti-Trump Witch Hunters Drank on the Job, Tried to Doctor Records, Violated Security Rules  The startling whistleblower report uncovers numerous allegations against the Mueller team that many people haven’t heard of even to this day.  https://w-j.co/s/47c18",Job,MISC,False,1,unknown,0.0,"Bombshell Whistleblower Report: Mueller's Anti-Trump Witch Hunters Drank on the Job, Tried to Doctor Records, Violated Security Rules  The startling whistleblower report uncovers numerous allegations against the Mueller team that many people haven’t heard of even to this day.",no_signal,unknown,passive,,,,,,
calibration_0012,Right-wing,"Bombshell Whistleblower Report: Mueller's Anti-Trump Witch Hunters Drank on the Job, Tried to Doctor Records, Violated Security Rules  The startling whistleblower report uncovers numerous allegations against the Mueller team that many people haven’t heard of even to this day.  https://w-j.co/s/47c18",Doctor Records,ORG,False,1,unknown,0.0,"Bombshell Whistleblower Report: Mueller's Anti-Trump Witch Hunters Drank on the Job, Tried to Doctor Records, Violated Security Rules  The startling whistleblower report uncovers numerous allegations against the Mueller team that many people haven’t heard of even to this day.",no_signal,unknown,unknown,,,,,,
calibration_0012,Right-wing,"Bombshell Whistleblower Report: Mueller's Anti-Trump Witch Hunters Drank on the Job, Tried to Doctor Records, Violated Security Rules  The startling whistleblower report uncovers numerous allegations against the Mueller team that many people haven’t heard of even to this day.  https://w-j.co/s/47c18",Security Rules,MISC,False,1,unknown,0.0,"Bombshell Whistleblower Report: Mueller's Anti-Trump Witch Hunters Drank on the Job, Tried to Doctor Records, Violated Security Rules  The startling whistleblower report uncovers numerous allegations against the Mueller team that many people haven’t heard of even to this day.",no_signal,unknown,passive,,,,,,
calibration_0012,Right-wing,"Bombshell Whistleblower Report: Mueller's Anti-Trump Witch Hunters Drank on the Job, Tried to Doctor Records, Violated Security Rules  The startling whistleblower report uncovers numerous allegations against the Mueller team that many people haven’t heard of even to this day.  https://w-j.co/s/47c18",Mueller,PER,False,1,unknown,0.0,"Bombshell Whistleblower Report: Mueller's Anti-Trump Witch Hunters Drank on the Job, Tried to Doctor Records, Violated Security Rules  The startling whistleblower report uncovers numerous allegations against the Mueller team that many people haven’t heard of even to this day.",no_signal,unknown,unknown,,,,,,
calibration_0013,Right-wing,Very cool!  https://1819news.com/news/item/poll-charlie-kirk-turning-point-usa-second-most-watched-conservative-platform-in-alabama-behind-fox-news,Al,LOC,False,1,unknown,0.0,https://1819news.com/news/item/poll-charlie-kirk-turning-point-usa-second-most-watched-conservative-platform-in-alabama-behind-fox-news,no_signal,unknown,unknown,,,,,,
calibration_0014,Right-wing,“The assassination of political figures is not the same thing as just being shot in the throat for the crime of debating issues in the public square.” @benshapiro  discusses the terrifying reality of Charlie Kirk's assassination with  @billmaher  - and what it means for our nation.,Ben,PER,False,1,unknown,0.0,@benshapiro  discusses the terrifying reality of Charlie Kirk's assassination with  @billmaher  - and what it means for our nation.,no_signal,unknown,active,,,,,,
calibration_0014,Right-wing,“The assassination of political figures is not the same thing as just being shot in the throat for the crime of debating issues in the public square.” @benshapiro  discusses the terrifying reality of Charlie Kirk's assassination with  @billmaher  - and what it means for our nation.,Charlie Kirk,PER,False,1,unknown,0.0,@benshapiro  discusses the terrifying reality of Charlie Kirk's assassination with  @billmaher  - and what it means for our nation.,no_signal,unknown,unknown,,,,,,
calibration_0014,Right-wing,“The assassination of political figures is not the same thing as just being shot in the throat for the crime of debating issues in the public square.” @benshapiro  discusses the terrifying reality of Charlie Kirk's assassination with  @billmaher  - and what it means for our nation.,we,IN_GROUP,False,1,unknown,0.0,@benshapiro  discusses the terrifying reality of Charlie Kirk's assassination with  @billmaher  - and what it means for our nation.,no_signal,unknown,unknown,,,,,,
calibration_0015,Right-wing,"SECRETARY HEGSETH on the media’s coverage of Operation Epic Fury:  “TDS is in their DNA. They want President Trump to fail. But you, the American people, know better.”",Operation Epic Fury,MISC,False,1,unknown,0.0,SECRETARY HEGSETH on the media’s coverage of Operation Epic Fury:  “TDS is in their DNA.,no_signal,unknown,passive,,,,,,
calibration_0015,Right-wing,"SECRETARY HEGSETH on the media’s coverage of Operation Epic Fury:  “TDS is in their DNA. They want President Trump to fail. But you, the American people, know better.”",TD,MISC,False,1,unknown,0.0,SECRETARY HEGSETH on the media’s coverage of Operation Epic Fury:  “TDS is in their DNA.,no_signal,unknown,active,,,,,,
calibration_0015,Right-wing,"SECRETARY HEGSETH on the media’s coverage of Operation Epic Fury:  “TDS is in their DNA. They want President Trump to fail. But you, the American people, know better.”",Trump,PER,False,1,unknown,0.0,They want President Trump to fail.,no_signal,unknown,active,,,,,,
calibration_0015,Right-wing,"SECRETARY HEGSETH on the media’s coverage of Operation Epic Fury:  “TDS is in their DNA. They want President Trump to fail. But you, the American people, know better.”",United States,MISC,False,1,unknown,0.0,"But you, the American people, know better.”",no_signal,unknown,unknown,,,,,,
calibration_0016,Russian,"Our traditional values are, well, they're under attack from these modern liberal agendas that don't fit our culture.",we,IN_GROUP,False,1,unknown,0.0,"Our traditional values are, well, they're under attack from these modern liberal agendas that don't fit our culture.",no_signal,unknown,unknown,,,,,,
calibration_0016,Russian,"Our traditional values are, well, they're under attack from these modern liberal agendas that don't fit our culture.",we,IN_GROUP,False,1,unknown,0.0,"Our traditional values are, well, they're under attack from these modern liberal agendas that don't fit our culture.",no_signal,unknown,unknown,,,,,,
calibration_0017,Russian,"When Kash Patel says cyber actors then I just think Russia has these guys working for them.  ""Sorry, C3PO and Johnny Five were just settling a bet on who could hack the most Americans. They were not doing this as members of Russian intelligence.""  - Putin  @Slavyangrad",Kash Patel,PER,False,1,unknown,0.0,When Kash Patel says cyber actors then I just think Russia has these guys working for them.,no_signal,unknown,active,,,,,,
calibration_0017,Russian,"When Kash Patel says cyber actors then I just think Russia has these guys working for them.  ""Sorry, C3PO and Johnny Five were just settling a bet on who could hack the most Americans. They were not doing this as members of Russian intelligence.""  - Putin  @Slavyangrad",Russia,LOC,False,1,unknown,0.0,When Kash Patel says cyber actors then I just think Russia has these guys working for them.,no_signal,unknown,active,,,,,,
calibration_0017,Russian,"When Kash Patel says cyber actors then I just think Russia has these guys working for them.  ""Sorry, C3PO and Johnny Five were just settling a bet on who could hack the most Americans. They were not doing this as members of Russian intelligence.""  - Putin  @Slavyangrad",C3PO,ORG,False,1,unknown,0.0,"""Sorry, C3PO and Johnny Five were just settling a bet on who could hack the most Americans.",no_signal,unknown,active,,,,,,
calibration_0017,Russian,"When Kash Patel says cyber actors then I just think Russia has these guys working for them.  ""Sorry, C3PO and Johnny Five were just settling a bet on who could hack the most Americans. They were not doing this as members of Russian intelligence.""  - Putin  @Slavyangrad",Johnny Five,PER,False,1,unknown,0.0,"""Sorry, C3PO and Johnny Five were just settling a bet on who could hack the most Americans.",no_signal,unknown,unknown,,,,,,
calibration_0017,Russian,"When Kash Patel says cyber actors then I just think Russia has these guys working for them.  ""Sorry, C3PO and Johnny Five were just settling a bet on who could hack the most Americans. They were not doing this as members of Russian intelligence.""  - Putin  @Slavyangrad",United States,MISC,False,1,unknown,0.0,"""Sorry, C3PO and Johnny Five were just settling a bet on who could hack the most Americans.",no_signal,unknown,passive,,,,,,
calibration_0017,Russian,"When Kash Patel says cyber actors then I just think Russia has these guys working for them.  ""Sorry, C3PO and Johnny Five were just settling a bet on who could hack the most Americans. They were not doing this as members of Russian intelligence.""  - Putin  @Slavyangrad",Russia,MISC,False,1,unknown,0.0,"They were not doing this as members of Russian intelligence.""",no_signal,unknown,unknown,,,,,,
calibration_0017,Russian,"When Kash Patel says cyber actors then I just think Russia has these guys working for them.  ""Sorry, C3PO and Johnny Five were just settling a bet on who could hack the most Americans. They were not doing this as members of Russian intelligence.""  - Putin  @Slavyangrad",Putin,PER,False,1,unknown,0.0,- Putin  @Slavyangrad,no_signal,unknown,unknown,,,,,,
calibration_0017,Russian,"When Kash Patel says cyber actors then I just think Russia has these guys working for them.  ""Sorry, C3PO and Johnny Five were just settling a bet on who could hack the most Americans. They were not doing this as members of Russian intelligence.""  - Putin  @Slavyangrad",Slavyangrad,LOC,False,1,unknown,0.0,- Putin  @Slavyangrad,no_signal,unknown,unknown,,,,,,
calibration_0018,Russian,"🎖🎖 by Russian Defence Ministry on progress of special military operation as of 14 March 2026  ❗️ Last night, in response to Ukraine's terrorist attacks on civilian facilities on the territory of Russia, the Armed Forces of the Russian Federation carried out a massive strike by ground-, air-, and sea-based long-range precision weaponry and attack UAVs against enterprises of the Ukrainian defence industry, energy infrastructure facilities used for the benefit of the Armed Forces of Ukraine, as well as the military airfields.  ✅ The goals of the strike were achieved. All the assigned targets were engaged.  📍 Units of the Sever Group of Forces took more advantageous lines and positions. Manpower and hardware of the AFU mechanised brigade and one territorial defence brigade have been hit near Miropolye, Pisarevka, Novaya Sech, and Kondratovka (Sumy region).  💥 In Kharkov region, units of two mechanised brigades, one airmobile brigade, and one motorised infantry brigade of the AFU have been hit near Udy, Volchanskye Khutora, and Verkhniy Saltov (Kharkov region).  ▪️ The AFU losses amounted to more than 225 troops, 16 motor vehicles, one field artillery gun, and one U.S.-made MLRS launcher. One counter-battery warfare station, one ammunition depot, and seven materiel depots were neutralised.  📍 The Zapad Group of Forces improved the situation along the front line. Strikes were delivered at manpower and hardware of two mechanised brigades of the AFU, one territorial defence brigade, and one border detachment of the State Border Guard Service of Ukraine close to Novoosinovo, Grushevka (Kharkov region), Yatskovka, Rubtsy, and Krasny Liman (Donetsk People's Republic).  ▪️ The enemy losses amounted to up to 190 troops, one infantry fighting vehicle, two U.S.-made M113 armoured personnel carriers, seven armoured fighting vehicles, 21 motor vehicles, and four artillery guns, including one 155-mm Polish-made Krab self-propelled artillery system. One counter-battery warfare station and four ammunition depots were neutralised.  📍 The Yuzhnaya Group of Forces took more advantageous lines and positions. Russian troops hit one mechanised brigade, one motorised infantry brigade, one assault brigade of the AFU, and one marine brigade near Konstantinovka, Druzhkovka, Alekseyevo-Druzhkovka, Novoselovka, and Aleksandrovka (Donetsk People's Republic).  ▪️ The enemy lost up to 140 troops, one U.S.-made M113 armoured personnel carrier, three armoured fighting vehicles, ten motor vehicles, three field artillery guns, and one Grad MLRS combat vehicle. Five ammunition and materiel depots were eliminated.  👉 See Part 2   🔹 Russian Defence Ministry",Russian Defence Ministry,ORG,False,1,unknown,0.0,🎖🎖 by Russian Defence Ministry on progress of special military operation as of 14 March 2026  ❗️,no_signal,unknown,passive,,,,,,
calibration_0018,Russian,"🎖🎖 by Russian Defence Ministry on progress of special military operation as of 14 March 2026  ❗️ Last night, in response to Ukraine's terrorist attacks on civilian facilities on the territory of Russia, the Armed Forces of the Russian Federation carried out a massive strike by ground-, air-, and sea-based long-range precision weaponry and attack UAVs against enterprises of the Ukrainian defence industry, energy infrastructure facilities used for the benefit of the Armed Forces of Ukraine, as well as the military airfields.  ✅ The goals of the strike were achieved. All the assigned targets were engaged.  📍 Units of the Sever Group of Forces took more advantageous lines and positions. Manpower and hardware of the AFU mechanised brigade and one territorial defence brigade have been hit near Miropolye, Pisarevka, Novaya Sech, and Kondratovka (Sumy region).  💥 In Kharkov region, units of two mechanised brigades, one airmobile brigade, and one motorised infantry brigade of the AFU have been hit near Udy, Volchanskye Khutora, and Verkhniy Saltov (Kharkov region).  ▪️ The AFU losses amounted to more than 225 troops, 16 motor vehicles, one field artillery gun, and one U.S.-made MLRS launcher. One counter-battery warfare station, one ammunition depot, and seven materiel depots were neutralised.  📍 The Zapad Group of Forces improved the situation along the front line. Strikes were delivered at manpower and hardware of two mechanised brigades of the AFU, one territorial defence brigade, and one border detachment of the State Border Guard Service of Ukraine close to Novoosinovo, Grushevka (Kharkov region), Yatskovka, Rubtsy, and Krasny Liman (Donetsk People's Republic).  ▪️ The enemy losses amounted to up to 190 troops, one infantry fighting vehicle, two U.S.-made M113 armoured personnel carriers, seven armoured fighting vehicles, 21 motor vehicles, and four artillery guns, including one 155-mm Polish-made Krab self-propelled artillery system. One counter-battery warfare station and four ammunition depots were neutralised.  📍 The Yuzhnaya Group of Forces took more advantageous lines and positions. Russian troops hit one mechanised brigade, one motorised infantry brigade, one assault brigade of the AFU, and one marine brigade near Konstantinovka, Druzhkovka, Alekseyevo-Druzhkovka, Novoselovka, and Aleksandrovka (Donetsk People's Republic).  ▪️ The enemy lost up to 140 troops, one U.S.-made M113 armoured personnel carrier, three armoured fighting vehicles, ten motor vehicles, three field artillery guns, and one Grad MLRS combat vehicle. Five ammunition and materiel depots were eliminated.  👉 See Part 2   🔹 Russian Defence Ministry",Ukraine,LOC,False,1,unknown,0.0,"Last night, in response to Ukraine's terrorist attacks on civilian facilities on the territory of Russia, the Armed Forces of the Russian Federation carried out a massive strike by ground-, air-, and sea-based long-range precision weaponry and attack UAVs against enterprises of the Ukrainian defence industry, energy infrastructure facilities used for the benefit of the Armed Forces of Ukraine, as well as the military airfields.",no_signal,unknown,unknown,,,,,,
calibration_0018,Russian,"🎖🎖 by Russian Defence Ministry on progress of special military operation as of 14 March 2026  ❗️ Last night, in response to Ukraine's terrorist attacks on civilian facilities on the territory of Russia, the Armed Forces of the Russian Federation carried out a massive strike by ground-, air-, and sea-based long-range precision weaponry and attack UAVs against enterprises of the Ukrainian defence industry, energy infrastructure facilities used for the benefit of the Armed Forces of Ukraine, as well as the military airfields.  ✅ The goals of the strike were achieved. All the assigned targets were engaged.  📍 Units of the Sever Group of Forces took more advantageous lines and positions. Manpower and hardware of the AFU mechanised brigade and one territorial defence brigade have been hit near Miropolye, Pisarevka, Novaya Sech, and Kondratovka (Sumy region).  💥 In Kharkov region, units of two mechanised brigades, one airmobile brigade, and one motorised infantry brigade of the AFU have been hit near Udy, Volchanskye Khutora, and Verkhniy Saltov (Kharkov region).  ▪️ The AFU losses amounted to more than 225 troops, 16 motor vehicles, one field artillery gun, and one U.S.-made MLRS launcher. One counter-battery warfare station, one ammunition depot, and seven materiel depots were neutralised.  📍 The Zapad Group of Forces improved the situation along the front line. Strikes were delivered at manpower and hardware of two mechanised brigades of the AFU, one territorial defence brigade, and one border detachment of the State Border Guard Service of Ukraine close to Novoosinovo, Grushevka (Kharkov region), Yatskovka, Rubtsy, and Krasny Liman (Donetsk People's Republic).  ▪️ The enemy losses amounted to up to 190 troops, one infantry fighting vehicle, two U.S.-made M113 armoured personnel carriers, seven armoured fighting vehicles, 21 motor vehicles, and four artillery guns, including one 155-mm Polish-made Krab self-propelled artillery system. One counter-battery warfare station and four ammunition depots were neutralised.  📍 The Yuzhnaya Group of Forces took more advantageous lines and positions. Russian troops hit one mechanised brigade, one motorised infantry brigade, one assault brigade of the AFU, and one marine brigade near Konstantinovka, Druzhkovka, Alekseyevo-Druzhkovka, Novoselovka, and Aleksandrovka (Donetsk People's Republic).  ▪️ The enemy lost up to 140 troops, one U.S.-made M113 armoured personnel carrier, three armoured fighting vehicles, ten motor vehicles, three field artillery guns, and one Grad MLRS combat vehicle. Five ammunition and materiel depots were eliminated.  👉 See Part 2   🔹 Russian Defence Ministry",Russia,LOC,False,1,unknown,0.0,"Last night, in response to Ukraine's terrorist attacks on civilian facilities on the territory of Russia, the Armed Forces of the Russian Federation carried out a massive strike by ground-, air-, and sea-based long-range precision weaponry and attack UAVs against enterprises of the Ukrainian defence industry, energy infrastructure facilities used for the benefit of the Armed Forces of Ukraine, as well as the military airfields.",no_signal,unknown,passive,,,,,,
calibration_0018,Russian,"🎖🎖 by Russian Defence Ministry on progress of special military operation as of 14 March 2026  ❗️ Last night, in response to Ukraine's terrorist attacks on civilian facilities on the territory of Russia, the Armed Forces of the Russian Federation carried out a massive strike by ground-, air-, and sea-based long-range precision weaponry and attack UAVs against enterprises of the Ukrainian defence industry, energy infrastructure facilities used for the benefit of the Armed Forces of Ukraine, as well as the military airfields.  ✅ The goals of the strike were achieved. All the assigned targets were engaged.  📍 Units of the Sever Group of Forces took more advantageous lines and positions. Manpower and hardware of the AFU mechanised brigade and one territorial defence brigade have been hit near Miropolye, Pisarevka, Novaya Sech, and Kondratovka (Sumy region).  💥 In Kharkov region, units of two mechanised brigades, one airmobile brigade, and one motorised infantry brigade of the AFU have been hit near Udy, Volchanskye Khutora, and Verkhniy Saltov (Kharkov region).  ▪️ The AFU losses amounted to more than 225 troops, 16 motor vehicles, one field artillery gun, and one U.S.-made MLRS launcher. One counter-battery warfare station, one ammunition depot, and seven materiel depots were neutralised.  📍 The Zapad Group of Forces improved the situation along the front line. Strikes were delivered at manpower and hardware of two mechanised brigades of the AFU, one territorial defence brigade, and one border detachment of the State Border Guard Service of Ukraine close to Novoosinovo, Grushevka (Kharkov region), Yatskovka, Rubtsy, and Krasny Liman (Donetsk People's Republic).  ▪️ The enemy losses amounted to up to 190 troops, one infantry fighting vehicle, two U.S.-made M113 armoured personnel carriers, seven armoured fighting vehicles, 21 motor vehicles, and four artillery guns, including one 155-mm Polish-made Krab self-propelled artillery system. One counter-battery warfare station and four ammunition depots were neutralised.  📍 The Yuzhnaya Group of Forces took more advantageous lines and positions. Russian troops hit one mechanised brigade, one motorised infantry brigade, one assault brigade of the AFU, and one marine brigade near Konstantinovka, Druzhkovka, Alekseyevo-Druzhkovka, Novoselovka, and Aleksandrovka (Donetsk People's Republic).  ▪️ The enemy lost up to 140 troops, one U.S.-made M113 armoured personnel carrier, three armoured fighting vehicles, ten motor vehicles, three field artillery guns, and one Grad MLRS combat vehicle. Five ammunition and materiel depots were eliminated.  👉 See Part 2   🔹 Russian Defence Ministry",Armed Forces Of The Russian Federation,ORG,False,1,unknown,0.0,"Last night, in response to Ukraine's terrorist attacks on civilian facilities on the territory of Russia, the Armed Forces of the Russian Federation carried out a massive strike by ground-, air-, and sea-based long-range precision weaponry and attack UAVs against enterprises of the Ukrainian defence industry, energy infrastructure facilities used for the benefit of the Armed Forces of Ukraine, as well as the military airfields.",no_signal,unknown,active,,,,,,
calibration_0018,Russian,"🎖🎖 by Russian Defence Ministry on progress of special military operation as of 14 March 2026  ❗️ Last night, in response to Ukraine's terrorist attacks on civilian facilities on the territory of Russia, the Armed Forces of the Russian Federation carried out a massive strike by ground-, air-, and sea-based long-range precision weaponry and attack UAVs against enterprises of the Ukrainian defence industry, energy infrastructure facilities used for the benefit of the Armed Forces of Ukraine, as well as the military airfields.  ✅ The goals of the strike were achieved. All the assigned targets were engaged.  📍 Units of the Sever Group of Forces took more advantageous lines and positions. Manpower and hardware of the AFU mechanised brigade and one territorial defence brigade have been hit near Miropolye, Pisarevka, Novaya Sech, and Kondratovka (Sumy region).  💥 In Kharkov region, units of two mechanised brigades, one airmobile brigade, and one motorised infantry brigade of the AFU have been hit near Udy, Volchanskye Khutora, and Verkhniy Saltov (Kharkov region).  ▪️ The AFU losses amounted to more than 225 troops, 16 motor vehicles, one field artillery gun, and one U.S.-made MLRS launcher. One counter-battery warfare station, one ammunition depot, and seven materiel depots were neutralised.  📍 The Zapad Group of Forces improved the situation along the front line. Strikes were delivered at manpower and hardware of two mechanised brigades of the AFU, one territorial defence brigade, and one border detachment of the State Border Guard Service of Ukraine close to Novoosinovo, Grushevka (Kharkov region), Yatskovka, Rubtsy, and Krasny Liman (Donetsk People's Republic).  ▪️ The enemy losses amounted to up to 190 troops, one infantry fighting vehicle, two U.S.-made M113 armoured personnel carriers, seven armoured fighting vehicles, 21 motor vehicles, and four artillery guns, including one 155-mm Polish-made Krab self-propelled artillery system. One counter-battery warfare station and four ammunition depots were neutralised.  📍 The Yuzhnaya Group of Forces took more advantageous lines and positions. Russian troops hit one mechanised brigade, one motorised infantry brigade, one assault brigade of the AFU, and one marine brigade near Konstantinovka, Druzhkovka, Alekseyevo-Druzhkovka, Novoselovka, and Aleksandrovka (Donetsk People's Republic).  ▪️ The enemy lost up to 140 troops, one U.S.-made M113 armoured personnel carrier, three armoured fighting vehicles, ten motor vehicles, three field artillery guns, and one Grad MLRS combat vehicle. Five ammunition and materiel depots were eliminated.  👉 See Part 2   🔹 Russian Defence Ministry",Ukraine,MISC,False,1,unknown,0.0,"Last night, in response to Ukraine's terrorist attacks on civilian facilities on the territory of Russia, the Armed Forces of the Russian Federation carried out a massive strike by ground-, air-, and sea-based long-range precision weaponry and attack UAVs against enterprises of the Ukrainian defence industry, energy infrastructure facilities used for the benefit of the Armed Forces of Ukraine, as well as the military airfields.",no_signal,unknown,unknown,,,,,,
calibration_0018,Russian,"🎖🎖 by Russian Defence Ministry on progress of special military operation as of 14 March 2026  ❗️ Last night, in response to Ukraine's terrorist attacks on civilian facilities on the territory of Russia, the Armed Forces of the Russian Federation carried out a massive strike by ground-, air-, and sea-based long-range precision weaponry and attack UAVs against enterprises of the Ukrainian defence industry, energy infrastructure facilities used for the benefit of the Armed Forces of Ukraine, as well as the military airfields.  ✅ The goals of the strike were achieved. All the assigned targets were engaged.  📍 Units of the Sever Group of Forces took more advantageous lines and positions. Manpower and hardware of the AFU mechanised brigade and one territorial defence brigade have been hit near Miropolye, Pisarevka, Novaya Sech, and Kondratovka (Sumy region).  💥 In Kharkov region, units of two mechanised brigades, one airmobile brigade, and one motorised infantry brigade of the AFU have been hit near Udy, Volchanskye Khutora, and Verkhniy Saltov (Kharkov region).  ▪️ The AFU losses amounted to more than 225 troops, 16 motor vehicles, one field artillery gun, and one U.S.-made MLRS launcher. One counter-battery warfare station, one ammunition depot, and seven materiel depots were neutralised.  📍 The Zapad Group of Forces improved the situation along the front line. Strikes were delivered at manpower and hardware of two mechanised brigades of the AFU, one territorial defence brigade, and one border detachment of the State Border Guard Service of Ukraine close to Novoosinovo, Grushevka (Kharkov region), Yatskovka, Rubtsy, and Krasny Liman (Donetsk People's Republic).  ▪️ The enemy losses amounted to up to 190 troops, one infantry fighting vehicle, two U.S.-made M113 armoured personnel carriers, seven armoured fighting vehicles, 21 motor vehicles, and four artillery guns, including one 155-mm Polish-made Krab self-propelled artillery system. One counter-battery warfare station and four ammunition depots were neutralised.  📍 The Yuzhnaya Group of Forces took more advantageous lines and positions. Russian troops hit one mechanised brigade, one motorised infantry brigade, one assault brigade of the AFU, and one marine brigade near Konstantinovka, Druzhkovka, Alekseyevo-Druzhkovka, Novoselovka, and Aleksandrovka (Donetsk People's Republic).  ▪️ The enemy lost up to 140 troops, one U.S.-made M113 armoured personnel carrier, three armoured fighting vehicles, ten motor vehicles, three field artillery guns, and one Grad MLRS combat vehicle. Five ammunition and materiel depots were eliminated.  👉 See Part 2   🔹 Russian Defence Ministry",Armed Forces Of Ukraine,ORG,False,1,unknown,0.0,"Last night, in response to Ukraine's terrorist attacks on civilian facilities on the territory of Russia, the Armed Forces of the Russian Federation carried out a massive strike by ground-, air-, and sea-based long-range precision weaponry and attack UAVs against enterprises of the Ukrainian defence industry, energy infrastructure facilities used for the benefit of the Armed Forces of Ukraine, as well as the military airfields.",no_signal,unknown,passive,,,,,,
calibration_0018,Russian,"🎖🎖 by Russian Defence Ministry on progress of special military operation as of 14 March 2026  ❗️ Last night, in response to Ukraine's terrorist attacks on civilian facilities on the territory of Russia, the Armed Forces of the Russian Federation carried out a massive strike by ground-, air-, and sea-based long-range precision weaponry and attack UAVs against enterprises of the Ukrainian defence industry, energy infrastructure facilities used for the benefit of the Armed Forces of Ukraine, as well as the military airfields.  ✅ The goals of the strike were achieved. All the assigned targets were engaged.  📍 Units of the Sever Group of Forces took more advantageous lines and positions. Manpower and hardware of the AFU mechanised brigade and one territorial defence brigade have been hit near Miropolye, Pisarevka, Novaya Sech, and Kondratovka (Sumy region).  💥 In Kharkov region, units of two mechanised brigades, one airmobile brigade, and one motorised infantry brigade of the AFU have been hit near Udy, Volchanskye Khutora, and Verkhniy Saltov (Kharkov region).  ▪️ The AFU losses amounted to more than 225 troops, 16 motor vehicles, one field artillery gun, and one U.S.-made MLRS launcher. One counter-battery warfare station, one ammunition depot, and seven materiel depots were neutralised.  📍 The Zapad Group of Forces improved the situation along the front line. Strikes were delivered at manpower and hardware of two mechanised brigades of the AFU, one territorial defence brigade, and one border detachment of the State Border Guard Service of Ukraine close to Novoosinovo, Grushevka (Kharkov region), Yatskovka, Rubtsy, and Krasny Liman (Donetsk People's Republic).  ▪️ The enemy losses amounted to up to 190 troops, one infantry fighting vehicle, two U.S.-made M113 armoured personnel carriers, seven armoured fighting vehicles, 21 motor vehicles, and four artillery guns, including one 155-mm Polish-made Krab self-propelled artillery system. One counter-battery warfare station and four ammunition depots were neutralised.  📍 The Yuzhnaya Group of Forces took more advantageous lines and positions. Russian troops hit one mechanised brigade, one motorised infantry brigade, one assault brigade of the AFU, and one marine brigade near Konstantinovka, Druzhkovka, Alekseyevo-Druzhkovka, Novoselovka, and Aleksandrovka (Donetsk People's Republic).  ▪️ The enemy lost up to 140 troops, one U.S.-made M113 armoured personnel carrier, three armoured fighting vehicles, ten motor vehicles, three field artillery guns, and one Grad MLRS combat vehicle. Five ammunition and materiel depots were eliminated.  👉 See Part 2   🔹 Russian Defence Ministry",Sever Group Of Forces,ORG,False,1,unknown,0.0,📍 Units of the Sever Group of Forces took more advantageous lines and positions.,no_signal,unknown,passive,,,,,,
calibration_0018,Russian,"🎖🎖 by Russian Defence Ministry on progress of special military operation as of 14 March 2026  ❗️ Last night, in response to Ukraine's terrorist attacks on civilian facilities on the territory of Russia, the Armed Forces of the Russian Federation carried out a massive strike by ground-, air-, and sea-based long-range precision weaponry and attack UAVs against enterprises of the Ukrainian defence industry, energy infrastructure facilities used for the benefit of the Armed Forces of Ukraine, as well as the military airfields.  ✅ The goals of the strike were achieved. All the assigned targets were engaged.  📍 Units of the Sever Group of Forces took more advantageous lines and positions. Manpower and hardware of the AFU mechanised brigade and one territorial defence brigade have been hit near Miropolye, Pisarevka, Novaya Sech, and Kondratovka (Sumy region).  💥 In Kharkov region, units of two mechanised brigades, one airmobile brigade, and one motorised infantry brigade of the AFU have been hit near Udy, Volchanskye Khutora, and Verkhniy Saltov (Kharkov region).  ▪️ The AFU losses amounted to more than 225 troops, 16 motor vehicles, one field artillery gun, and one U.S.-made MLRS launcher. One counter-battery warfare station, one ammunition depot, and seven materiel depots were neutralised.  📍 The Zapad Group of Forces improved the situation along the front line. Strikes were delivered at manpower and hardware of two mechanised brigades of the AFU, one territorial defence brigade, and one border detachment of the State Border Guard Service of Ukraine close to Novoosinovo, Grushevka (Kharkov region), Yatskovka, Rubtsy, and Krasny Liman (Donetsk People's Republic).  ▪️ The enemy losses amounted to up to 190 troops, one infantry fighting vehicle, two U.S.-made M113 armoured personnel carriers, seven armoured fighting vehicles, 21 motor vehicles, and four artillery guns, including one 155-mm Polish-made Krab self-propelled artillery system. One counter-battery warfare station and four ammunition depots were neutralised.  📍 The Yuzhnaya Group of Forces took more advantageous lines and positions. Russian troops hit one mechanised brigade, one motorised infantry brigade, one assault brigade of the AFU, and one marine brigade near Konstantinovka, Druzhkovka, Alekseyevo-Druzhkovka, Novoselovka, and Aleksandrovka (Donetsk People's Republic).  ▪️ The enemy lost up to 140 troops, one U.S.-made M113 armoured personnel carrier, three armoured fighting vehicles, ten motor vehicles, three field artillery guns, and one Grad MLRS combat vehicle. Five ammunition and materiel depots were eliminated.  👉 See Part 2   🔹 Russian Defence Ministry",AFU,ORG,False,1,unknown,0.0,"Manpower and hardware of the AFU mechanised brigade and one territorial defence brigade have been hit near Miropolye, Pisarevka, Novaya Sech, and Kondratovka (Sumy region).",no_signal,unknown,unknown,,,,,,
calibration_0018,Russian,"🎖🎖 by Russian Defence Ministry on progress of special military operation as of 14 March 2026  ❗️ Last night, in response to Ukraine's terrorist attacks on civilian facilities on the territory of Russia, the Armed Forces of the Russian Federation carried out a massive strike by ground-, air-, and sea-based long-range precision weaponry and attack UAVs against enterprises of the Ukrainian defence industry, energy infrastructure facilities used for the benefit of the Armed Forces of Ukraine, as well as the military airfields.  ✅ The goals of the strike were achieved. All the assigned targets were engaged.  📍 Units of the Sever Group of Forces took more advantageous lines and positions. Manpower and hardware of the AFU mechanised brigade and one territorial defence brigade have been hit near Miropolye, Pisarevka, Novaya Sech, and Kondratovka (Sumy region).  💥 In Kharkov region, units of two mechanised brigades, one airmobile brigade, and one motorised infantry brigade of the AFU have been hit near Udy, Volchanskye Khutora, and Verkhniy Saltov (Kharkov region).  ▪️ The AFU losses amounted to more than 225 troops, 16 motor vehicles, one field artillery gun, and one U.S.-made MLRS launcher. One counter-battery warfare station, one ammunition depot, and seven materiel depots were neutralised.  📍 The Zapad Group of Forces improved the situation along the front line. Strikes were delivered at manpower and hardware of two mechanised brigades of the AFU, one territorial defence brigade, and one border detachment of the State Border Guard Service of Ukraine close to Novoosinovo, Grushevka (Kharkov region), Yatskovka, Rubtsy, and Krasny Liman (Donetsk People's Republic).  ▪️ The enemy losses amounted to up to 190 troops, one infantry fighting vehicle, two U.S.-made M113 armoured personnel carriers, seven armoured fighting vehicles, 21 motor vehicles, and four artillery guns, including one 155-mm Polish-made Krab self-propelled artillery system. One counter-battery warfare station and four ammunition depots were neutralised.  📍 The Yuzhnaya Group of Forces took more advantageous lines and positions. Russian troops hit one mechanised brigade, one motorised infantry brigade, one assault brigade of the AFU, and one marine brigade near Konstantinovka, Druzhkovka, Alekseyevo-Druzhkovka, Novoselovka, and Aleksandrovka (Donetsk People's Republic).  ▪️ The enemy lost up to 140 troops, one U.S.-made M113 armoured personnel carrier, three armoured fighting vehicles, ten motor vehicles, three field artillery guns, and one Grad MLRS combat vehicle. Five ammunition and materiel depots were eliminated.  👉 See Part 2   🔹 Russian Defence Ministry",Miropolye,LOC,False,1,unknown,0.0,"Manpower and hardware of the AFU mechanised brigade and one territorial defence brigade have been hit near Miropolye, Pisarevka, Novaya Sech, and Kondratovka (Sumy region).",no_signal,unknown,passive,,,,,,
calibration_0018,Russian,"🎖🎖 by Russian Defence Ministry on progress of special military operation as of 14 March 2026  ❗️ Last night, in response to Ukraine's terrorist attacks on civilian facilities on the territory of Russia, the Armed Forces of the Russian Federation carried out a massive strike by ground-, air-, and sea-based long-range precision weaponry and attack UAVs against enterprises of the Ukrainian defence industry, energy infrastructure facilities used for the benefit of the Armed Forces of Ukraine, as well as the military airfields.  ✅ The goals of the strike were achieved. All the assigned targets were engaged.  📍 Units of the Sever Group of Forces took more advantageous lines and positions. Manpower and hardware of the AFU mechanised brigade and one territorial defence brigade have been hit near Miropolye, Pisarevka, Novaya Sech, and Kondratovka (Sumy region).  💥 In Kharkov region, units of two mechanised brigades, one airmobile brigade, and one motorised infantry brigade of the AFU have been hit near Udy, Volchanskye Khutora, and Verkhniy Saltov (Kharkov region).  ▪️ The AFU losses amounted to more than 225 troops, 16 motor vehicles, one field artillery gun, and one U.S.-made MLRS launcher. One counter-battery warfare station, one ammunition depot, and seven materiel depots were neutralised.  📍 The Zapad Group of Forces improved the situation along the front line. Strikes were delivered at manpower and hardware of two mechanised brigades of the AFU, one territorial defence brigade, and one border detachment of the State Border Guard Service of Ukraine close to Novoosinovo, Grushevka (Kharkov region), Yatskovka, Rubtsy, and Krasny Liman (Donetsk People's Republic).  ▪️ The enemy losses amounted to up to 190 troops, one infantry fighting vehicle, two U.S.-made M113 armoured personnel carriers, seven armoured fighting vehicles, 21 motor vehicles, and four artillery guns, including one 155-mm Polish-made Krab self-propelled artillery system. One counter-battery warfare station and four ammunition depots were neutralised.  📍 The Yuzhnaya Group of Forces took more advantageous lines and positions. Russian troops hit one mechanised brigade, one motorised infantry brigade, one assault brigade of the AFU, and one marine brigade near Konstantinovka, Druzhkovka, Alekseyevo-Druzhkovka, Novoselovka, and Aleksandrovka (Donetsk People's Republic).  ▪️ The enemy lost up to 140 troops, one U.S.-made M113 armoured personnel carrier, three armoured fighting vehicles, ten motor vehicles, three field artillery guns, and one Grad MLRS combat vehicle. Five ammunition and materiel depots were eliminated.  👉 See Part 2   🔹 Russian Defence Ministry",Pisarevka,LOC,False,1,unknown,0.0,"Manpower and hardware of the AFU mechanised brigade and one territorial defence brigade have been hit near Miropolye, Pisarevka, Novaya Sech, and Kondratovka (Sumy region).",no_signal,unknown,unknown,,,,,,
calibration_0018,Russian,"🎖🎖 by Russian Defence Ministry on progress of special military operation as of 14 March 2026  ❗️ Last night, in response to Ukraine's terrorist attacks on civilian facilities on the territory of Russia, the Armed Forces of the Russian Federation carried out a massive strike by ground-, air-, and sea-based long-range precision weaponry and attack UAVs against enterprises of the Ukrainian defence industry, energy infrastructure facilities used for the benefit of the Armed Forces of Ukraine, as well as the military airfields.  ✅ The goals of the strike were achieved. All the assigned targets were engaged.  📍 Units of the Sever Group of Forces took more advantageous lines and positions. Manpower and hardware of the AFU mechanised brigade and one territorial defence brigade have been hit near Miropolye, Pisarevka, Novaya Sech, and Kondratovka (Sumy region).  💥 In Kharkov region, units of two mechanised brigades, one airmobile brigade, and one motorised infantry brigade of the AFU have been hit near Udy, Volchanskye Khutora, and Verkhniy Saltov (Kharkov region).  ▪️ The AFU losses amounted to more than 225 troops, 16 motor vehicles, one field artillery gun, and one U.S.-made MLRS launcher. One counter-battery warfare station, one ammunition depot, and seven materiel depots were neutralised.  📍 The Zapad Group of Forces improved the situation along the front line. Strikes were delivered at manpower and hardware of two mechanised brigades of the AFU, one territorial defence brigade, and one border detachment of the State Border Guard Service of Ukraine close to Novoosinovo, Grushevka (Kharkov region), Yatskovka, Rubtsy, and Krasny Liman (Donetsk People's Republic).  ▪️ The enemy losses amounted to up to 190 troops, one infantry fighting vehicle, two U.S.-made M113 armoured personnel carriers, seven armoured fighting vehicles, 21 motor vehicles, and four artillery guns, including one 155-mm Polish-made Krab self-propelled artillery system. One counter-battery warfare station and four ammunition depots were neutralised.  📍 The Yuzhnaya Group of Forces took more advantageous lines and positions. Russian troops hit one mechanised brigade, one motorised infantry brigade, one assault brigade of the AFU, and one marine brigade near Konstantinovka, Druzhkovka, Alekseyevo-Druzhkovka, Novoselovka, and Aleksandrovka (Donetsk People's Republic).  ▪️ The enemy lost up to 140 troops, one U.S.-made M113 armoured personnel carrier, three armoured fighting vehicles, ten motor vehicles, three field artillery guns, and one Grad MLRS combat vehicle. Five ammunition and materiel depots were eliminated.  👉 See Part 2   🔹 Russian Defence Ministry",Novaya,LOC,False,1,unknown,0.0,"Manpower and hardware of the AFU mechanised brigade and one territorial defence brigade have been hit near Miropolye, Pisarevka, Novaya Sech, and Kondratovka (Sumy region).",no_signal,unknown,unknown,,,,,,
calibration_0018,Russian,"🎖🎖 by Russian Defence Ministry on progress of special military operation as of 14 March 2026  ❗️ Last night, in response to Ukraine's terrorist attacks on civilian facilities on the territory of Russia, the Armed Forces of the Russian Federation carried out a massive strike by ground-, air-, and sea-based long-range precision weaponry and attack UAVs against enterprises of the Ukrainian defence industry, energy infrastructure facilities used for the benefit of the Armed Forces of Ukraine, as well as the military airfields.  ✅ The goals of the strike were achieved. All the assigned targets were engaged.  📍 Units of the Sever Group of Forces took more advantageous lines and positions. Manpower and hardware of the AFU mechanised brigade and one territorial defence brigade have been hit near Miropolye, Pisarevka, Novaya Sech, and Kondratovka (Sumy region).  💥 In Kharkov region, units of two mechanised brigades, one airmobile brigade, and one motorised infantry brigade of the AFU have been hit near Udy, Volchanskye Khutora, and Verkhniy Saltov (Kharkov region).  ▪️ The AFU losses amounted to more than 225 troops, 16 motor vehicles, one field artillery gun, and one U.S.-made MLRS launcher. One counter-battery warfare station, one ammunition depot, and seven materiel depots were neutralised.  📍 The Zapad Group of Forces improved the situation along the front line. Strikes were delivered at manpower and hardware of two mechanised brigades of the AFU, one territorial defence brigade, and one border detachment of the State Border Guard Service of Ukraine close to Novoosinovo, Grushevka (Kharkov region), Yatskovka, Rubtsy, and Krasny Liman (Donetsk People's Republic).  ▪️ The enemy losses amounted to up to 190 troops, one infantry fighting vehicle, two U.S.-made M113 armoured personnel carriers, seven armoured fighting vehicles, 21 motor vehicles, and four artillery guns, including one 155-mm Polish-made Krab self-propelled artillery system. One counter-battery warfare station and four ammunition depots were neutralised.  📍 The Yuzhnaya Group of Forces took more advantageous lines and positions. Russian troops hit one mechanised brigade, one motorised infantry brigade, one assault brigade of the AFU, and one marine brigade near Konstantinovka, Druzhkovka, Alekseyevo-Druzhkovka, Novoselovka, and Aleksandrovka (Donetsk People's Republic).  ▪️ The enemy lost up to 140 troops, one U.S.-made M113 armoured personnel carrier, three armoured fighting vehicles, ten motor vehicles, three field artillery guns, and one Grad MLRS combat vehicle. Five ammunition and materiel depots were eliminated.  👉 See Part 2   🔹 Russian Defence Ministry",Sech,ORG,False,1,unknown,0.0,"Manpower and hardware of the AFU mechanised brigade and one territorial defence brigade have been hit near Miropolye, Pisarevka, Novaya Sech, and Kondratovka (Sumy region).",no_signal,unknown,unknown,,,,,,
calibration_0018,Russian,"🎖🎖 by Russian Defence Ministry on progress of special military operation as of 14 March 2026  ❗️ Last night, in response to Ukraine's terrorist attacks on civilian facilities on the territory of Russia, the Armed Forces of the Russian Federation carried out a massive strike by ground-, air-, and sea-based long-range precision weaponry and attack UAVs against enterprises of the Ukrainian defence industry, energy infrastructure facilities used for the benefit of the Armed Forces of Ukraine, as well as the military airfields.  ✅ The goals of the strike were achieved. All the assigned targets were engaged.  📍 Units of the Sever Group of Forces took more advantageous lines and positions. Manpower and hardware of the AFU mechanised brigade and one territorial defence brigade have been hit near Miropolye, Pisarevka, Novaya Sech, and Kondratovka (Sumy region).  💥 In Kharkov region, units of two mechanised brigades, one airmobile brigade, and one motorised infantry brigade of the AFU have been hit near Udy, Volchanskye Khutora, and Verkhniy Saltov (Kharkov region).  ▪️ The AFU losses amounted to more than 225 troops, 16 motor vehicles, one field artillery gun, and one U.S.-made MLRS launcher. One counter-battery warfare station, one ammunition depot, and seven materiel depots were neutralised.  📍 The Zapad Group of Forces improved the situation along the front line. Strikes were delivered at manpower and hardware of two mechanised brigades of the AFU, one territorial defence brigade, and one border detachment of the State Border Guard Service of Ukraine close to Novoosinovo, Grushevka (Kharkov region), Yatskovka, Rubtsy, and Krasny Liman (Donetsk People's Republic).  ▪️ The enemy losses amounted to up to 190 troops, one infantry fighting vehicle, two U.S.-made M113 armoured personnel carriers, seven armoured fighting vehicles, 21 motor vehicles, and four artillery guns, including one 155-mm Polish-made Krab self-propelled artillery system. One counter-battery warfare station and four ammunition depots were neutralised.  📍 The Yuzhnaya Group of Forces took more advantageous lines and positions. Russian troops hit one mechanised brigade, one motorised infantry brigade, one assault brigade of the AFU, and one marine brigade near Konstantinovka, Druzhkovka, Alekseyevo-Druzhkovka, Novoselovka, and Aleksandrovka (Donetsk People's Republic).  ▪️ The enemy lost up to 140 troops, one U.S.-made M113 armoured personnel carrier, three armoured fighting vehicles, ten motor vehicles, three field artillery guns, and one Grad MLRS combat vehicle. Five ammunition and materiel depots were eliminated.  👉 See Part 2   🔹 Russian Defence Ministry",Kondratovka,LOC,False,1,unknown,0.0,"Manpower and hardware of the AFU mechanised brigade and one territorial defence brigade have been hit near Miropolye, Pisarevka, Novaya Sech, and Kondratovka (Sumy region).",no_signal,unknown,unknown,,,,,,
calibration_0018,Russian,"🎖🎖 by Russian Defence Ministry on progress of special military operation as of 14 March 2026  ❗️ Last night, in response to Ukraine's terrorist attacks on civilian facilities on the territory of Russia, the Armed Forces of the Russian Federation carried out a massive strike by ground-, air-, and sea-based long-range precision weaponry and attack UAVs against enterprises of the Ukrainian defence industry, energy infrastructure facilities used for the benefit of the Armed Forces of Ukraine, as well as the military airfields.  ✅ The goals of the strike were achieved. All the assigned targets were engaged.  📍 Units of the Sever Group of Forces took more advantageous lines and positions. Manpower and hardware of the AFU mechanised brigade and one territorial defence brigade have been hit near Miropolye, Pisarevka, Novaya Sech, and Kondratovka (Sumy region).  💥 In Kharkov region, units of two mechanised brigades, one airmobile brigade, and one motorised infantry brigade of the AFU have been hit near Udy, Volchanskye Khutora, and Verkhniy Saltov (Kharkov region).  ▪️ The AFU losses amounted to more than 225 troops, 16 motor vehicles, one field artillery gun, and one U.S.-made MLRS launcher. One counter-battery warfare station, one ammunition depot, and seven materiel depots were neutralised.  📍 The Zapad Group of Forces improved the situation along the front line. Strikes were delivered at manpower and hardware of two mechanised brigades of the AFU, one territorial defence brigade, and one border detachment of the State Border Guard Service of Ukraine close to Novoosinovo, Grushevka (Kharkov region), Yatskovka, Rubtsy, and Krasny Liman (Donetsk People's Republic).  ▪️ The enemy losses amounted to up to 190 troops, one infantry fighting vehicle, two U.S.-made M113 armoured personnel carriers, seven armoured fighting vehicles, 21 motor vehicles, and four artillery guns, including one 155-mm Polish-made Krab self-propelled artillery system. One counter-battery warfare station and four ammunition depots were neutralised.  📍 The Yuzhnaya Group of Forces took more advantageous lines and positions. Russian troops hit one mechanised brigade, one motorised infantry brigade, one assault brigade of the AFU, and one marine brigade near Konstantinovka, Druzhkovka, Alekseyevo-Druzhkovka, Novoselovka, and Aleksandrovka (Donetsk People's Republic).  ▪️ The enemy lost up to 140 troops, one U.S.-made M113 armoured personnel carrier, three armoured fighting vehicles, ten motor vehicles, three field artillery guns, and one Grad MLRS combat vehicle. Five ammunition and materiel depots were eliminated.  👉 See Part 2   🔹 Russian Defence Ministry",Sumy,LOC,False,1,unknown,0.0,"Manpower and hardware of the AFU mechanised brigade and one territorial defence brigade have been hit near Miropolye, Pisarevka, Novaya Sech, and Kondratovka (Sumy region).",no_signal,unknown,unknown,,,,,,
calibration_0018,Russian,"🎖🎖 by Russian Defence Ministry on progress of special military operation as of 14 March 2026  ❗️ Last night, in response to Ukraine's terrorist attacks on civilian facilities on the territory of Russia, the Armed Forces of the Russian Federation carried out a massive strike by ground-, air-, and sea-based long-range precision weaponry and attack UAVs against enterprises of the Ukrainian defence industry, energy infrastructure facilities used for the benefit of the Armed Forces of Ukraine, as well as the military airfields.  ✅ The goals of the strike were achieved. All the assigned targets were engaged.  📍 Units of the Sever Group of Forces took more advantageous lines and positions. Manpower and hardware of the AFU mechanised brigade and one territorial defence brigade have been hit near Miropolye, Pisarevka, Novaya Sech, and Kondratovka (Sumy region).  💥 In Kharkov region, units of two mechanised brigades, one airmobile brigade, and one motorised infantry brigade of the AFU have been hit near Udy, Volchanskye Khutora, and Verkhniy Saltov (Kharkov region).  ▪️ The AFU losses amounted to more than 225 troops, 16 motor vehicles, one field artillery gun, and one U.S.-made MLRS launcher. One counter-battery warfare station, one ammunition depot, and seven materiel depots were neutralised.  📍 The Zapad Group of Forces improved the situation along the front line. Strikes were delivered at manpower and hardware of two mechanised brigades of the AFU, one territorial defence brigade, and one border detachment of the State Border Guard Service of Ukraine close to Novoosinovo, Grushevka (Kharkov region), Yatskovka, Rubtsy, and Krasny Liman (Donetsk People's Republic).  ▪️ The enemy losses amounted to up to 190 troops, one infantry fighting vehicle, two U.S.-made M113 armoured personnel carriers, seven armoured fighting vehicles, 21 motor vehicles, and four artillery guns, including one 155-mm Polish-made Krab self-propelled artillery system. One counter-battery warfare station and four ammunition depots were neutralised.  📍 The Yuzhnaya Group of Forces took more advantageous lines and positions. Russian troops hit one mechanised brigade, one motorised infantry brigade, one assault brigade of the AFU, and one marine brigade near Konstantinovka, Druzhkovka, Alekseyevo-Druzhkovka, Novoselovka, and Aleksandrovka (Donetsk People's Republic).  ▪️ The enemy lost up to 140 troops, one U.S.-made M113 armoured personnel carrier, three armoured fighting vehicles, ten motor vehicles, three field artillery guns, and one Grad MLRS combat vehicle. Five ammunition and materiel depots were eliminated.  👉 See Part 2   🔹 Russian Defence Ministry",Kharkov,LOC,False,1,unknown,0.0,"In Kharkov region, units of two mechanised brigades, one airmobile brigade, and one motorised infantry brigade of the AFU have been hit near Udy, Volchanskye Khutora, and Verkhniy Saltov (Kharkov region).",no_signal,unknown,unknown,,,,,,
calibration_0018,Russian,"🎖🎖 by Russian Defence Ministry on progress of special military operation as of 14 March 2026  ❗️ Last night, in response to Ukraine's terrorist attacks on civilian facilities on the territory of Russia, the Armed Forces of the Russian Federation carried out a massive strike by ground-, air-, and sea-based long-range precision weaponry and attack UAVs against enterprises of the Ukrainian defence industry, energy infrastructure facilities used for the benefit of the Armed Forces of Ukraine, as well as the military airfields.  ✅ The goals of the strike were achieved. All the assigned targets were engaged.  📍 Units of the Sever Group of Forces took more advantageous lines and positions. Manpower and hardware of the AFU mechanised brigade and one territorial defence brigade have been hit near Miropolye, Pisarevka, Novaya Sech, and Kondratovka (Sumy region).  💥 In Kharkov region, units of two mechanised brigades, one airmobile brigade, and one motorised infantry brigade of the AFU have been hit near Udy, Volchanskye Khutora, and Verkhniy Saltov (Kharkov region).  ▪️ The AFU losses amounted to more than 225 troops, 16 motor vehicles, one field artillery gun, and one U.S.-made MLRS launcher. One counter-battery warfare station, one ammunition depot, and seven materiel depots were neutralised.  📍 The Zapad Group of Forces improved the situation along the front line. Strikes were delivered at manpower and hardware of two mechanised brigades of the AFU, one territorial defence brigade, and one border detachment of the State Border Guard Service of Ukraine close to Novoosinovo, Grushevka (Kharkov region), Yatskovka, Rubtsy, and Krasny Liman (Donetsk People's Republic).  ▪️ The enemy losses amounted to up to 190 troops, one infantry fighting vehicle, two U.S.-made M113 armoured personnel carriers, seven armoured fighting vehicles, 21 motor vehicles, and four artillery guns, including one 155-mm Polish-made Krab self-propelled artillery system. One counter-battery warfare station and four ammunition depots were neutralised.  📍 The Yuzhnaya Group of Forces took more advantageous lines and positions. Russian troops hit one mechanised brigade, one motorised infantry brigade, one assault brigade of the AFU, and one marine brigade near Konstantinovka, Druzhkovka, Alekseyevo-Druzhkovka, Novoselovka, and Aleksandrovka (Donetsk People's Republic).  ▪️ The enemy lost up to 140 troops, one U.S.-made M113 armoured personnel carrier, three armoured fighting vehicles, ten motor vehicles, three field artillery guns, and one Grad MLRS combat vehicle. Five ammunition and materiel depots were eliminated.  👉 See Part 2   🔹 Russian Defence Ministry",AFU,ORG,False,1,unknown,0.0,"In Kharkov region, units of two mechanised brigades, one airmobile brigade, and one motorised infantry brigade of the AFU have been hit near Udy, Volchanskye Khutora, and Verkhniy Saltov (Kharkov region).",no_signal,unknown,passive,,,,,,
calibration_0018,Russian,"🎖🎖 by Russian Defence Ministry on progress of special military operation as of 14 March 2026  ❗️ Last night, in response to Ukraine's terrorist attacks on civilian facilities on the territory of Russia, the Armed Forces of the Russian Federation carried out a massive strike by ground-, air-, and sea-based long-range precision weaponry and attack UAVs against enterprises of the Ukrainian defence industry, energy infrastructure facilities used for the benefit of the Armed Forces of Ukraine, as well as the military airfields.  ✅ The goals of the strike were achieved. All the assigned targets were engaged.  📍 Units of the Sever Group of Forces took more advantageous lines and positions. Manpower and hardware of the AFU mechanised brigade and one territorial defence brigade have been hit near Miropolye, Pisarevka, Novaya Sech, and Kondratovka (Sumy region).  💥 In Kharkov region, units of two mechanised brigades, one airmobile brigade, and one motorised infantry brigade of the AFU have been hit near Udy, Volchanskye Khutora, and Verkhniy Saltov (Kharkov region).  ▪️ The AFU losses amounted to more than 225 troops, 16 motor vehicles, one field artillery gun, and one U.S.-made MLRS launcher. One counter-battery warfare station, one ammunition depot, and seven materiel depots were neutralised.  📍 The Zapad Group of Forces improved the situation along the front line. Strikes were delivered at manpower and hardware of two mechanised brigades of the AFU, one territorial defence brigade, and one border detachment of the State Border Guard Service of Ukraine close to Novoosinovo, Grushevka (Kharkov region), Yatskovka, Rubtsy, and Krasny Liman (Donetsk People's Republic).  ▪️ The enemy losses amounted to up to 190 troops, one infantry fighting vehicle, two U.S.-made M113 armoured personnel carriers, seven armoured fighting vehicles, 21 motor vehicles, and four artillery guns, including one 155-mm Polish-made Krab self-propelled artillery system. One counter-battery warfare station and four ammunition depots were neutralised.  📍 The Yuzhnaya Group of Forces took more advantageous lines and positions. Russian troops hit one mechanised brigade, one motorised infantry brigade, one assault brigade of the AFU, and one marine brigade near Konstantinovka, Druzhkovka, Alekseyevo-Druzhkovka, Novoselovka, and Aleksandrovka (Donetsk People's Republic).  ▪️ The enemy lost up to 140 troops, one U.S.-made M113 armoured personnel carrier, three armoured fighting vehicles, ten motor vehicles, three field artillery guns, and one Grad MLRS combat vehicle. Five ammunition and materiel depots were eliminated.  👉 See Part 2   🔹 Russian Defence Ministry",Udy,LOC,False,1,unknown,0.0,"In Kharkov region, units of two mechanised brigades, one airmobile brigade, and one motorised infantry brigade of the AFU have been hit near Udy, Volchanskye Khutora, and Verkhniy Saltov (Kharkov region).",no_signal,unknown,passive,,,,,,
calibration_0018,Russian,"🎖🎖 by Russian Defence Ministry on progress of special military operation as of 14 March 2026  ❗️ Last night, in response to Ukraine's terrorist attacks on civilian facilities on the territory of Russia, the Armed Forces of the Russian Federation carried out a massive strike by ground-, air-, and sea-based long-range precision weaponry and attack UAVs against enterprises of the Ukrainian defence industry, energy infrastructure facilities used for the benefit of the Armed Forces of Ukraine, as well as the military airfields.  ✅ The goals of the strike were achieved. All the assigned targets were engaged.  📍 Units of the Sever Group of Forces took more advantageous lines and positions. Manpower and hardware of the AFU mechanised brigade and one territorial defence brigade have been hit near Miropolye, Pisarevka, Novaya Sech, and Kondratovka (Sumy region).  💥 In Kharkov region, units of two mechanised brigades, one airmobile brigade, and one motorised infantry brigade of the AFU have been hit near Udy, Volchanskye Khutora, and Verkhniy Saltov (Kharkov region).  ▪️ The AFU losses amounted to more than 225 troops, 16 motor vehicles, one field artillery gun, and one U.S.-made MLRS launcher. One counter-battery warfare station, one ammunition depot, and seven materiel depots were neutralised.  📍 The Zapad Group of Forces improved the situation along the front line. Strikes were delivered at manpower and hardware of two mechanised brigades of the AFU, one territorial defence brigade, and one border detachment of the State Border Guard Service of Ukraine close to Novoosinovo, Grushevka (Kharkov region), Yatskovka, Rubtsy, and Krasny Liman (Donetsk People's Republic).  ▪️ The enemy losses amounted to up to 190 troops, one infantry fighting vehicle, two U.S.-made M113 armoured personnel carriers, seven armoured fighting vehicles, 21 motor vehicles, and four artillery guns, including one 155-mm Polish-made Krab self-propelled artillery system. One counter-battery warfare station and four ammunition depots were neutralised.  📍 The Yuzhnaya Group of Forces took more advantageous lines and positions. Russian troops hit one mechanised brigade, one motorised infantry brigade, one assault brigade of the AFU, and one marine brigade near Konstantinovka, Druzhkovka, Alekseyevo-Druzhkovka, Novoselovka, and Aleksandrovka (Donetsk People's Republic).  ▪️ The enemy lost up to 140 troops, one U.S.-made M113 armoured personnel carrier, three armoured fighting vehicles, ten motor vehicles, three field artillery guns, and one Grad MLRS combat vehicle. Five ammunition and materiel depots were eliminated.  👉 See Part 2   🔹 Russian Defence Ministry",Volchanskye Khutora,LOC,False,1,unknown,0.0,"In Kharkov region, units of two mechanised brigades, one airmobile brigade, and one motorised infantry brigade of the AFU have been hit near Udy, Volchanskye Khutora, and Verkhniy Saltov (Kharkov region).",no_signal,unknown,unknown,,,,,,
calibration_0018,Russian,"🎖🎖 by Russian Defence Ministry on progress of special military operation as of 14 March 2026  ❗️ Last night, in response to Ukraine's terrorist attacks on civilian facilities on the territory of Russia, the Armed Forces of the Russian Federation carried out a massive strike by ground-, air-, and sea-based long-range precision weaponry and attack UAVs against enterprises of the Ukrainian defence industry, energy infrastructure facilities used for the benefit of the Armed Forces of Ukraine, as well as the military airfields.  ✅ The goals of the strike were achieved. All the assigned targets were engaged.  📍 Units of the Sever Group of Forces took more advantageous lines and positions. Manpower and hardware of the AFU mechanised brigade and one territorial defence brigade have been hit near Miropolye, Pisarevka, Novaya Sech, and Kondratovka (Sumy region).  💥 In Kharkov region, units of two mechanised brigades, one airmobile brigade, and one motorised infantry brigade of the AFU have been hit near Udy, Volchanskye Khutora, and Verkhniy Saltov (Kharkov region).  ▪️ The AFU losses amounted to more than 225 troops, 16 motor vehicles, one field artillery gun, and one U.S.-made MLRS launcher. One counter-battery warfare station, one ammunition depot, and seven materiel depots were neutralised.  📍 The Zapad Group of Forces improved the situation along the front line. Strikes were delivered at manpower and hardware of two mechanised brigades of the AFU, one territorial defence brigade, and one border detachment of the State Border Guard Service of Ukraine close to Novoosinovo, Grushevka (Kharkov region), Yatskovka, Rubtsy, and Krasny Liman (Donetsk People's Republic).  ▪️ The enemy losses amounted to up to 190 troops, one infantry fighting vehicle, two U.S.-made M113 armoured personnel carriers, seven armoured fighting vehicles, 21 motor vehicles, and four artillery guns, including one 155-mm Polish-made Krab self-propelled artillery system. One counter-battery warfare station and four ammunition depots were neutralised.  📍 The Yuzhnaya Group of Forces took more advantageous lines and positions. Russian troops hit one mechanised brigade, one motorised infantry brigade, one assault brigade of the AFU, and one marine brigade near Konstantinovka, Druzhkovka, Alekseyevo-Druzhkovka, Novoselovka, and Aleksandrovka (Donetsk People's Republic).  ▪️ The enemy lost up to 140 troops, one U.S.-made M113 armoured personnel carrier, three armoured fighting vehicles, ten motor vehicles, three field artillery guns, and one Grad MLRS combat vehicle. Five ammunition and materiel depots were eliminated.  👉 See Part 2   🔹 Russian Defence Ministry",Verkhniy Saltov,LOC,False,1,unknown,0.0,"In Kharkov region, units of two mechanised brigades, one airmobile brigade, and one motorised infantry brigade of the AFU have been hit near Udy, Volchanskye Khutora, and Verkhniy Saltov (Kharkov region).",no_signal,unknown,unknown,,,,,,
calibration_0018,Russian,"🎖🎖 by Russian Defence Ministry on progress of special military operation as of 14 March 2026  ❗️ Last night, in response to Ukraine's terrorist attacks on civilian facilities on the territory of Russia, the Armed Forces of the Russian Federation carried out a massive strike by ground-, air-, and sea-based long-range precision weaponry and attack UAVs against enterprises of the Ukrainian defence industry, energy infrastructure facilities used for the benefit of the Armed Forces of Ukraine, as well as the military airfields.  ✅ The goals of the strike were achieved. All the assigned targets were engaged.  📍 Units of the Sever Group of Forces took more advantageous lines and positions. Manpower and hardware of the AFU mechanised brigade and one territorial defence brigade have been hit near Miropolye, Pisarevka, Novaya Sech, and Kondratovka (Sumy region).  💥 In Kharkov region, units of two mechanised brigades, one airmobile brigade, and one motorised infantry brigade of the AFU have been hit near Udy, Volchanskye Khutora, and Verkhniy Saltov (Kharkov region).  ▪️ The AFU losses amounted to more than 225 troops, 16 motor vehicles, one field artillery gun, and one U.S.-made MLRS launcher. One counter-battery warfare station, one ammunition depot, and seven materiel depots were neutralised.  📍 The Zapad Group of Forces improved the situation along the front line. Strikes were delivered at manpower and hardware of two mechanised brigades of the AFU, one territorial defence brigade, and one border detachment of the State Border Guard Service of Ukraine close to Novoosinovo, Grushevka (Kharkov region), Yatskovka, Rubtsy, and Krasny Liman (Donetsk People's Republic).  ▪️ The enemy losses amounted to up to 190 troops, one infantry fighting vehicle, two U.S.-made M113 armoured personnel carriers, seven armoured fighting vehicles, 21 motor vehicles, and four artillery guns, including one 155-mm Polish-made Krab self-propelled artillery system. One counter-battery warfare station and four ammunition depots were neutralised.  📍 The Yuzhnaya Group of Forces took more advantageous lines and positions. Russian troops hit one mechanised brigade, one motorised infantry brigade, one assault brigade of the AFU, and one marine brigade near Konstantinovka, Druzhkovka, Alekseyevo-Druzhkovka, Novoselovka, and Aleksandrovka (Donetsk People's Republic).  ▪️ The enemy lost up to 140 troops, one U.S.-made M113 armoured personnel carrier, three armoured fighting vehicles, ten motor vehicles, three field artillery guns, and one Grad MLRS combat vehicle. Five ammunition and materiel depots were eliminated.  👉 See Part 2   🔹 Russian Defence Ministry",Kharkov,LOC,False,1,unknown,0.0,"In Kharkov region, units of two mechanised brigades, one airmobile brigade, and one motorised infantry brigade of the AFU have been hit near Udy, Volchanskye Khutora, and Verkhniy Saltov (Kharkov region).",no_signal,unknown,unknown,,,,,,
calibration_0018,Russian,"🎖🎖 by Russian Defence Ministry on progress of special military operation as of 14 March 2026  ❗️ Last night, in response to Ukraine's terrorist attacks on civilian facilities on the territory of Russia, the Armed Forces of the Russian Federation carried out a massive strike by ground-, air-, and sea-based long-range precision weaponry and attack UAVs against enterprises of the Ukrainian defence industry, energy infrastructure facilities used for the benefit of the Armed Forces of Ukraine, as well as the military airfields.  ✅ The goals of the strike were achieved. All the assigned targets were engaged.  📍 Units of the Sever Group of Forces took more advantageous lines and positions. Manpower and hardware of the AFU mechanised brigade and one territorial defence brigade have been hit near Miropolye, Pisarevka, Novaya Sech, and Kondratovka (Sumy region).  💥 In Kharkov region, units of two mechanised brigades, one airmobile brigade, and one motorised infantry brigade of the AFU have been hit near Udy, Volchanskye Khutora, and Verkhniy Saltov (Kharkov region).  ▪️ The AFU losses amounted to more than 225 troops, 16 motor vehicles, one field artillery gun, and one U.S.-made MLRS launcher. One counter-battery warfare station, one ammunition depot, and seven materiel depots were neutralised.  📍 The Zapad Group of Forces improved the situation along the front line. Strikes were delivered at manpower and hardware of two mechanised brigades of the AFU, one territorial defence brigade, and one border detachment of the State Border Guard Service of Ukraine close to Novoosinovo, Grushevka (Kharkov region), Yatskovka, Rubtsy, and Krasny Liman (Donetsk People's Republic).  ▪️ The enemy losses amounted to up to 190 troops, one infantry fighting vehicle, two U.S.-made M113 armoured personnel carriers, seven armoured fighting vehicles, 21 motor vehicles, and four artillery guns, including one 155-mm Polish-made Krab self-propelled artillery system. One counter-battery warfare station and four ammunition depots were neutralised.  📍 The Yuzhnaya Group of Forces took more advantageous lines and positions. Russian troops hit one mechanised brigade, one motorised infantry brigade, one assault brigade of the AFU, and one marine brigade near Konstantinovka, Druzhkovka, Alekseyevo-Druzhkovka, Novoselovka, and Aleksandrovka (Donetsk People's Republic).  ▪️ The enemy lost up to 140 troops, one U.S.-made M113 armoured personnel carrier, three armoured fighting vehicles, ten motor vehicles, three field artillery guns, and one Grad MLRS combat vehicle. Five ammunition and materiel depots were eliminated.  👉 See Part 2   🔹 Russian Defence Ministry",AFU,ORG,False,1,unknown,0.0,"The AFU losses amounted to more than 225 troops, 16 motor vehicles, one field artillery gun, and one U.S.-made MLRS launcher.",no_signal,unknown,unknown,,,,,,
calibration_0018,Russian,"🎖🎖 by Russian Defence Ministry on progress of special military operation as of 14 March 2026  ❗️ Last night, in response to Ukraine's terrorist attacks on civilian facilities on the territory of Russia, the Armed Forces of the Russian Federation carried out a massive strike by ground-, air-, and sea-based long-range precision weaponry and attack UAVs against enterprises of the Ukrainian defence industry, energy infrastructure facilities used for the benefit of the Armed Forces of Ukraine, as well as the military airfields.  ✅ The goals of the strike were achieved. All the assigned targets were engaged.  📍 Units of the Sever Group of Forces took more advantageous lines and positions. Manpower and hardware of the AFU mechanised brigade and one territorial defence brigade have been hit near Miropolye, Pisarevka, Novaya Sech, and Kondratovka (Sumy region).  💥 In Kharkov region, units of two mechanised brigades, one airmobile brigade, and one motorised infantry brigade of the AFU have been hit near Udy, Volchanskye Khutora, and Verkhniy Saltov (Kharkov region).  ▪️ The AFU losses amounted to more than 225 troops, 16 motor vehicles, one field artillery gun, and one U.S.-made MLRS launcher. One counter-battery warfare station, one ammunition depot, and seven materiel depots were neutralised.  📍 The Zapad Group of Forces improved the situation along the front line. Strikes were delivered at manpower and hardware of two mechanised brigades of the AFU, one territorial defence brigade, and one border detachment of the State Border Guard Service of Ukraine close to Novoosinovo, Grushevka (Kharkov region), Yatskovka, Rubtsy, and Krasny Liman (Donetsk People's Republic).  ▪️ The enemy losses amounted to up to 190 troops, one infantry fighting vehicle, two U.S.-made M113 armoured personnel carriers, seven armoured fighting vehicles, 21 motor vehicles, and four artillery guns, including one 155-mm Polish-made Krab self-propelled artillery system. One counter-battery warfare station and four ammunition depots were neutralised.  📍 The Yuzhnaya Group of Forces took more advantageous lines and positions. Russian troops hit one mechanised brigade, one motorised infantry brigade, one assault brigade of the AFU, and one marine brigade near Konstantinovka, Druzhkovka, Alekseyevo-Druzhkovka, Novoselovka, and Aleksandrovka (Donetsk People's Republic).  ▪️ The enemy lost up to 140 troops, one U.S.-made M113 armoured personnel carrier, three armoured fighting vehicles, ten motor vehicles, three field artillery guns, and one Grad MLRS combat vehicle. Five ammunition and materiel depots were eliminated.  👉 See Part 2   🔹 Russian Defence Ministry",United States,MISC,True,1,unknown,0.0,"The AFU losses amounted to more than 225 troops, 16 motor vehicles, one field artillery gun, and one U.S.-made MLRS launcher.",no_signal,unknown,unknown,,,,,,
calibration_0018,Russian,"🎖🎖 by Russian Defence Ministry on progress of special military operation as of 14 March 2026  ❗️ Last night, in response to Ukraine's terrorist attacks on civilian facilities on the territory of Russia, the Armed Forces of the Russian Federation carried out a massive strike by ground-, air-, and sea-based long-range precision weaponry and attack UAVs against enterprises of the Ukrainian defence industry, energy infrastructure facilities used for the benefit of the Armed Forces of Ukraine, as well as the military airfields.  ✅ The goals of the strike were achieved. All the assigned targets were engaged.  📍 Units of the Sever Group of Forces took more advantageous lines and positions. Manpower and hardware of the AFU mechanised brigade and one territorial defence brigade have been hit near Miropolye, Pisarevka, Novaya Sech, and Kondratovka (Sumy region).  💥 In Kharkov region, units of two mechanised brigades, one airmobile brigade, and one motorised infantry brigade of the AFU have been hit near Udy, Volchanskye Khutora, and Verkhniy Saltov (Kharkov region).  ▪️ The AFU losses amounted to more than 225 troops, 16 motor vehicles, one field artillery gun, and one U.S.-made MLRS launcher. One counter-battery warfare station, one ammunition depot, and seven materiel depots were neutralised.  📍 The Zapad Group of Forces improved the situation along the front line. Strikes were delivered at manpower and hardware of two mechanised brigades of the AFU, one territorial defence brigade, and one border detachment of the State Border Guard Service of Ukraine close to Novoosinovo, Grushevka (Kharkov region), Yatskovka, Rubtsy, and Krasny Liman (Donetsk People's Republic).  ▪️ The enemy losses amounted to up to 190 troops, one infantry fighting vehicle, two U.S.-made M113 armoured personnel carriers, seven armoured fighting vehicles, 21 motor vehicles, and four artillery guns, including one 155-mm Polish-made Krab self-propelled artillery system. One counter-battery warfare station and four ammunition depots were neutralised.  📍 The Yuzhnaya Group of Forces took more advantageous lines and positions. Russian troops hit one mechanised brigade, one motorised infantry brigade, one assault brigade of the AFU, and one marine brigade near Konstantinovka, Druzhkovka, Alekseyevo-Druzhkovka, Novoselovka, and Aleksandrovka (Donetsk People's Republic).  ▪️ The enemy lost up to 140 troops, one U.S.-made M113 armoured personnel carrier, three armoured fighting vehicles, ten motor vehicles, three field artillery guns, and one Grad MLRS combat vehicle. Five ammunition and materiel depots were eliminated.  👉 See Part 2   🔹 Russian Defence Ministry",Zapad Group Of Forces,ORG,False,1,unknown,0.0,📍 The Zapad Group of Forces improved the situation along the front line.,no_signal,unknown,active,,,,,,
calibration_0018,Russian,"🎖🎖 by Russian Defence Ministry on progress of special military operation as of 14 March 2026  ❗️ Last night, in response to Ukraine's terrorist attacks on civilian facilities on the territory of Russia, the Armed Forces of the Russian Federation carried out a massive strike by ground-, air-, and sea-based long-range precision weaponry and attack UAVs against enterprises of the Ukrainian defence industry, energy infrastructure facilities used for the benefit of the Armed Forces of Ukraine, as well as the military airfields.  ✅ The goals of the strike were achieved. All the assigned targets were engaged.  📍 Units of the Sever Group of Forces took more advantageous lines and positions. Manpower and hardware of the AFU mechanised brigade and one territorial defence brigade have been hit near Miropolye, Pisarevka, Novaya Sech, and Kondratovka (Sumy region).  💥 In Kharkov region, units of two mechanised brigades, one airmobile brigade, and one motorised infantry brigade of the AFU have been hit near Udy, Volchanskye Khutora, and Verkhniy Saltov (Kharkov region).  ▪️ The AFU losses amounted to more than 225 troops, 16 motor vehicles, one field artillery gun, and one U.S.-made MLRS launcher. One counter-battery warfare station, one ammunition depot, and seven materiel depots were neutralised.  📍 The Zapad Group of Forces improved the situation along the front line. Strikes were delivered at manpower and hardware of two mechanised brigades of the AFU, one territorial defence brigade, and one border detachment of the State Border Guard Service of Ukraine close to Novoosinovo, Grushevka (Kharkov region), Yatskovka, Rubtsy, and Krasny Liman (Donetsk People's Republic).  ▪️ The enemy losses amounted to up to 190 troops, one infantry fighting vehicle, two U.S.-made M113 armoured personnel carriers, seven armoured fighting vehicles, 21 motor vehicles, and four artillery guns, including one 155-mm Polish-made Krab self-propelled artillery system. One counter-battery warfare station and four ammunition depots were neutralised.  📍 The Yuzhnaya Group of Forces took more advantageous lines and positions. Russian troops hit one mechanised brigade, one motorised infantry brigade, one assault brigade of the AFU, and one marine brigade near Konstantinovka, Druzhkovka, Alekseyevo-Druzhkovka, Novoselovka, and Aleksandrovka (Donetsk People's Republic).  ▪️ The enemy lost up to 140 troops, one U.S.-made M113 armoured personnel carrier, three armoured fighting vehicles, ten motor vehicles, three field artillery guns, and one Grad MLRS combat vehicle. Five ammunition and materiel depots were eliminated.  👉 See Part 2   🔹 Russian Defence Ministry",AFU,ORG,False,1,unknown,0.0,"Strikes were delivered at manpower and hardware of two mechanised brigades of the AFU, one territorial defence brigade, and one border detachment of the State Border Guard Service of Ukraine close to Novoosinovo, Grushevka (Kharkov region), Yatskovka, Rubtsy, and Krasny Liman (Donetsk People's Republic).",no_signal,unknown,passive,,,,,,
calibration_0018,Russian,"🎖🎖 by Russian Defence Ministry on progress of special military operation as of 14 March 2026  ❗️ Last night, in response to Ukraine's terrorist attacks on civilian facilities on the territory of Russia, the Armed Forces of the Russian Federation carried out a massive strike by ground-, air-, and sea-based long-range precision weaponry and attack UAVs against enterprises of the Ukrainian defence industry, energy infrastructure facilities used for the benefit of the Armed Forces of Ukraine, as well as the military airfields.  ✅ The goals of the strike were achieved. All the assigned targets were engaged.  📍 Units of the Sever Group of Forces took more advantageous lines and positions. Manpower and hardware of the AFU mechanised brigade and one territorial defence brigade have been hit near Miropolye, Pisarevka, Novaya Sech, and Kondratovka (Sumy region).  💥 In Kharkov region, units of two mechanised brigades, one airmobile brigade, and one motorised infantry brigade of the AFU have been hit near Udy, Volchanskye Khutora, and Verkhniy Saltov (Kharkov region).  ▪️ The AFU losses amounted to more than 225 troops, 16 motor vehicles, one field artillery gun, and one U.S.-made MLRS launcher. One counter-battery warfare station, one ammunition depot, and seven materiel depots were neutralised.  📍 The Zapad Group of Forces improved the situation along the front line. Strikes were delivered at manpower and hardware of two mechanised brigades of the AFU, one territorial defence brigade, and one border detachment of the State Border Guard Service of Ukraine close to Novoosinovo, Grushevka (Kharkov region), Yatskovka, Rubtsy, and Krasny Liman (Donetsk People's Republic).  ▪️ The enemy losses amounted to up to 190 troops, one infantry fighting vehicle, two U.S.-made M113 armoured personnel carriers, seven armoured fighting vehicles, 21 motor vehicles, and four artillery guns, including one 155-mm Polish-made Krab self-propelled artillery system. One counter-battery warfare station and four ammunition depots were neutralised.  📍 The Yuzhnaya Group of Forces took more advantageous lines and positions. Russian troops hit one mechanised brigade, one motorised infantry brigade, one assault brigade of the AFU, and one marine brigade near Konstantinovka, Druzhkovka, Alekseyevo-Druzhkovka, Novoselovka, and Aleksandrovka (Donetsk People's Republic).  ▪️ The enemy lost up to 140 troops, one U.S.-made M113 armoured personnel carrier, three armoured fighting vehicles, ten motor vehicles, three field artillery guns, and one Grad MLRS combat vehicle. Five ammunition and materiel depots were eliminated.  👉 See Part 2   🔹 Russian Defence Ministry",State Border Guard Service Of Ukraine,ORG,False,1,unknown,0.0,"Strikes were delivered at manpower and hardware of two mechanised brigades of the AFU, one territorial defence brigade, and one border detachment of the State Border Guard Service of Ukraine close to Novoosinovo, Grushevka (Kharkov region), Yatskovka, Rubtsy, and Krasny Liman (Donetsk People's Republic).",no_signal,unknown,passive,,,,,,
calibration_0018,Russian,"🎖🎖 by Russian Defence Ministry on progress of special military operation as of 14 March 2026  ❗️ Last night, in response to Ukraine's terrorist attacks on civilian facilities on the territory of Russia, the Armed Forces of the Russian Federation carried out a massive strike by ground-, air-, and sea-based long-range precision weaponry and attack UAVs against enterprises of the Ukrainian defence industry, energy infrastructure facilities used for the benefit of the Armed Forces of Ukraine, as well as the military airfields.  ✅ The goals of the strike were achieved. All the assigned targets were engaged.  📍 Units of the Sever Group of Forces took more advantageous lines and positions. Manpower and hardware of the AFU mechanised brigade and one territorial defence brigade have been hit near Miropolye, Pisarevka, Novaya Sech, and Kondratovka (Sumy region).  💥 In Kharkov region, units of two mechanised brigades, one airmobile brigade, and one motorised infantry brigade of the AFU have been hit near Udy, Volchanskye Khutora, and Verkhniy Saltov (Kharkov region).  ▪️ The AFU losses amounted to more than 225 troops, 16 motor vehicles, one field artillery gun, and one U.S.-made MLRS launcher. One counter-battery warfare station, one ammunition depot, and seven materiel depots were neutralised.  📍 The Zapad Group of Forces improved the situation along the front line. Strikes were delivered at manpower and hardware of two mechanised brigades of the AFU, one territorial defence brigade, and one border detachment of the State Border Guard Service of Ukraine close to Novoosinovo, Grushevka (Kharkov region), Yatskovka, Rubtsy, and Krasny Liman (Donetsk People's Republic).  ▪️ The enemy losses amounted to up to 190 troops, one infantry fighting vehicle, two U.S.-made M113 armoured personnel carriers, seven armoured fighting vehicles, 21 motor vehicles, and four artillery guns, including one 155-mm Polish-made Krab self-propelled artillery system. One counter-battery warfare station and four ammunition depots were neutralised.  📍 The Yuzhnaya Group of Forces took more advantageous lines and positions. Russian troops hit one mechanised brigade, one motorised infantry brigade, one assault brigade of the AFU, and one marine brigade near Konstantinovka, Druzhkovka, Alekseyevo-Druzhkovka, Novoselovka, and Aleksandrovka (Donetsk People's Republic).  ▪️ The enemy lost up to 140 troops, one U.S.-made M113 armoured personnel carrier, three armoured fighting vehicles, ten motor vehicles, three field artillery guns, and one Grad MLRS combat vehicle. Five ammunition and materiel depots were eliminated.  👉 See Part 2   🔹 Russian Defence Ministry",Novoosinovo,LOC,False,1,unknown,0.0,"Strikes were delivered at manpower and hardware of two mechanised brigades of the AFU, one territorial defence brigade, and one border detachment of the State Border Guard Service of Ukraine close to Novoosinovo, Grushevka (Kharkov region), Yatskovka, Rubtsy, and Krasny Liman (Donetsk People's Republic).",no_signal,unknown,passive,,,,,,
calibration_0018,Russian,"🎖🎖 by Russian Defence Ministry on progress of special military operation as of 14 March 2026  ❗️ Last night, in response to Ukraine's terrorist attacks on civilian facilities on the territory of Russia, the Armed Forces of the Russian Federation carried out a massive strike by ground-, air-, and sea-based long-range precision weaponry and attack UAVs against enterprises of the Ukrainian defence industry, energy infrastructure facilities used for the benefit of the Armed Forces of Ukraine, as well as the military airfields.  ✅ The goals of the strike were achieved. All the assigned targets were engaged.  📍 Units of the Sever Group of Forces took more advantageous lines and positions. Manpower and hardware of the AFU mechanised brigade and one territorial defence brigade have been hit near Miropolye, Pisarevka, Novaya Sech, and Kondratovka (Sumy region).  💥 In Kharkov region, units of two mechanised brigades, one airmobile brigade, and one motorised infantry brigade of the AFU have been hit near Udy, Volchanskye Khutora, and Verkhniy Saltov (Kharkov region).  ▪️ The AFU losses amounted to more than 225 troops, 16 motor vehicles, one field artillery gun, and one U.S.-made MLRS launcher. One counter-battery warfare station, one ammunition depot, and seven materiel depots were neutralised.  📍 The Zapad Group of Forces improved the situation along the front line. Strikes were delivered at manpower and hardware of two mechanised brigades of the AFU, one territorial defence brigade, and one border detachment of the State Border Guard Service of Ukraine close to Novoosinovo, Grushevka (Kharkov region), Yatskovka, Rubtsy, and Krasny Liman (Donetsk People's Republic).  ▪️ The enemy losses amounted to up to 190 troops, one infantry fighting vehicle, two U.S.-made M113 armoured personnel carriers, seven armoured fighting vehicles, 21 motor vehicles, and four artillery guns, including one 155-mm Polish-made Krab self-propelled artillery system. One counter-battery warfare station and four ammunition depots were neutralised.  📍 The Yuzhnaya Group of Forces took more advantageous lines and positions. Russian troops hit one mechanised brigade, one motorised infantry brigade, one assault brigade of the AFU, and one marine brigade near Konstantinovka, Druzhkovka, Alekseyevo-Druzhkovka, Novoselovka, and Aleksandrovka (Donetsk People's Republic).  ▪️ The enemy lost up to 140 troops, one U.S.-made M113 armoured personnel carrier, three armoured fighting vehicles, ten motor vehicles, three field artillery guns, and one Grad MLRS combat vehicle. Five ammunition and materiel depots were eliminated.  👉 See Part 2   🔹 Russian Defence Ministry",Grushevka,LOC,False,1,unknown,0.0,"Strikes were delivered at manpower and hardware of two mechanised brigades of the AFU, one territorial defence brigade, and one border detachment of the State Border Guard Service of Ukraine close to Novoosinovo, Grushevka (Kharkov region), Yatskovka, Rubtsy, and Krasny Liman (Donetsk People's Republic).",no_signal,unknown,unknown,,,,,,
calibration_0018,Russian,"🎖🎖 by Russian Defence Ministry on progress of special military operation as of 14 March 2026  ❗️ Last night, in response to Ukraine's terrorist attacks on civilian facilities on the territory of Russia, the Armed Forces of the Russian Federation carried out a massive strike by ground-, air-, and sea-based long-range precision weaponry and attack UAVs against enterprises of the Ukrainian defence industry, energy infrastructure facilities used for the benefit of the Armed Forces of Ukraine, as well as the military airfields.  ✅ The goals of the strike were achieved. All the assigned targets were engaged.  📍 Units of the Sever Group of Forces took more advantageous lines and positions. Manpower and hardware of the AFU mechanised brigade and one territorial defence brigade have been hit near Miropolye, Pisarevka, Novaya Sech, and Kondratovka (Sumy region).  💥 In Kharkov region, units of two mechanised brigades, one airmobile brigade, and one motorised infantry brigade of the AFU have been hit near Udy, Volchanskye Khutora, and Verkhniy Saltov (Kharkov region).  ▪️ The AFU losses amounted to more than 225 troops, 16 motor vehicles, one field artillery gun, and one U.S.-made MLRS launcher. One counter-battery warfare station, one ammunition depot, and seven materiel depots were neutralised.  📍 The Zapad Group of Forces improved the situation along the front line. Strikes were delivered at manpower and hardware of two mechanised brigades of the AFU, one territorial defence brigade, and one border detachment of the State Border Guard Service of Ukraine close to Novoosinovo, Grushevka (Kharkov region), Yatskovka, Rubtsy, and Krasny Liman (Donetsk People's Republic).  ▪️ The enemy losses amounted to up to 190 troops, one infantry fighting vehicle, two U.S.-made M113 armoured personnel carriers, seven armoured fighting vehicles, 21 motor vehicles, and four artillery guns, including one 155-mm Polish-made Krab self-propelled artillery system. One counter-battery warfare station and four ammunition depots were neutralised.  📍 The Yuzhnaya Group of Forces took more advantageous lines and positions. Russian troops hit one mechanised brigade, one motorised infantry brigade, one assault brigade of the AFU, and one marine brigade near Konstantinovka, Druzhkovka, Alekseyevo-Druzhkovka, Novoselovka, and Aleksandrovka (Donetsk People's Republic).  ▪️ The enemy lost up to 140 troops, one U.S.-made M113 armoured personnel carrier, three armoured fighting vehicles, ten motor vehicles, three field artillery guns, and one Grad MLRS combat vehicle. Five ammunition and materiel depots were eliminated.  👉 See Part 2   🔹 Russian Defence Ministry",Kharkov,LOC,False,1,unknown,0.0,"Strikes were delivered at manpower and hardware of two mechanised brigades of the AFU, one territorial defence brigade, and one border detachment of the State Border Guard Service of Ukraine close to Novoosinovo, Grushevka (Kharkov region), Yatskovka, Rubtsy, and Krasny Liman (Donetsk People's Republic).",no_signal,unknown,unknown,,,,,,
calibration_0018,Russian,"🎖🎖 by Russian Defence Ministry on progress of special military operation as of 14 March 2026  ❗️ Last night, in response to Ukraine's terrorist attacks on civilian facilities on the territory of Russia, the Armed Forces of the Russian Federation carried out a massive strike by ground-, air-, and sea-based long-range precision weaponry and attack UAVs against enterprises of the Ukrainian defence industry, energy infrastructure facilities used for the benefit of the Armed Forces of Ukraine, as well as the military airfields.  ✅ The goals of the strike were achieved. All the assigned targets were engaged.  📍 Units of the Sever Group of Forces took more advantageous lines and positions. Manpower and hardware of the AFU mechanised brigade and one territorial defence brigade have been hit near Miropolye, Pisarevka, Novaya Sech, and Kondratovka (Sumy region).  💥 In Kharkov region, units of two mechanised brigades, one airmobile brigade, and one motorised infantry brigade of the AFU have been hit near Udy, Volchanskye Khutora, and Verkhniy Saltov (Kharkov region).  ▪️ The AFU losses amounted to more than 225 troops, 16 motor vehicles, one field artillery gun, and one U.S.-made MLRS launcher. One counter-battery warfare station, one ammunition depot, and seven materiel depots were neutralised.  📍 The Zapad Group of Forces improved the situation along the front line. Strikes were delivered at manpower and hardware of two mechanised brigades of the AFU, one territorial defence brigade, and one border detachment of the State Border Guard Service of Ukraine close to Novoosinovo, Grushevka (Kharkov region), Yatskovka, Rubtsy, and Krasny Liman (Donetsk People's Republic).  ▪️ The enemy losses amounted to up to 190 troops, one infantry fighting vehicle, two U.S.-made M113 armoured personnel carriers, seven armoured fighting vehicles, 21 motor vehicles, and four artillery guns, including one 155-mm Polish-made Krab self-propelled artillery system. One counter-battery warfare station and four ammunition depots were neutralised.  📍 The Yuzhnaya Group of Forces took more advantageous lines and positions. Russian troops hit one mechanised brigade, one motorised infantry brigade, one assault brigade of the AFU, and one marine brigade near Konstantinovka, Druzhkovka, Alekseyevo-Druzhkovka, Novoselovka, and Aleksandrovka (Donetsk People's Republic).  ▪️ The enemy lost up to 140 troops, one U.S.-made M113 armoured personnel carrier, three armoured fighting vehicles, ten motor vehicles, three field artillery guns, and one Grad MLRS combat vehicle. Five ammunition and materiel depots were eliminated.  👉 See Part 2   🔹 Russian Defence Ministry",Yatskovka,ORG,False,1,unknown,0.0,"Strikes were delivered at manpower and hardware of two mechanised brigades of the AFU, one territorial defence brigade, and one border detachment of the State Border Guard Service of Ukraine close to Novoosinovo, Grushevka (Kharkov region), Yatskovka, Rubtsy, and Krasny Liman (Donetsk People's Republic).",no_signal,unknown,unknown,,,,,,
calibration_0018,Russian,"🎖🎖 by Russian Defence Ministry on progress of special military operation as of 14 March 2026  ❗️ Last night, in response to Ukraine's terrorist attacks on civilian facilities on the territory of Russia, the Armed Forces of the Russian Federation carried out a massive strike by ground-, air-, and sea-based long-range precision weaponry and attack UAVs against enterprises of the Ukrainian defence industry, energy infrastructure facilities used for the benefit of the Armed Forces of Ukraine, as well as the military airfields.  ✅ The goals of the strike were achieved. All the assigned targets were engaged.  📍 Units of the Sever Group of Forces took more advantageous lines and positions. Manpower and hardware of the AFU mechanised brigade and one territorial defence brigade have been hit near Miropolye, Pisarevka, Novaya Sech, and Kondratovka (Sumy region).  💥 In Kharkov region, units of two mechanised brigades, one airmobile brigade, and one motorised infantry brigade of the AFU have been hit near Udy, Volchanskye Khutora, and Verkhniy Saltov (Kharkov region).  ▪️ The AFU losses amounted to more than 225 troops, 16 motor vehicles, one field artillery gun, and one U.S.-made MLRS launcher. One counter-battery warfare station, one ammunition depot, and seven materiel depots were neutralised.  📍 The Zapad Group of Forces improved the situation along the front line. Strikes were delivered at manpower and hardware of two mechanised brigades of the AFU, one territorial defence brigade, and one border detachment of the State Border Guard Service of Ukraine close to Novoosinovo, Grushevka (Kharkov region), Yatskovka, Rubtsy, and Krasny Liman (Donetsk People's Republic).  ▪️ The enemy losses amounted to up to 190 troops, one infantry fighting vehicle, two U.S.-made M113 armoured personnel carriers, seven armoured fighting vehicles, 21 motor vehicles, and four artillery guns, including one 155-mm Polish-made Krab self-propelled artillery system. One counter-battery warfare station and four ammunition depots were neutralised.  📍 The Yuzhnaya Group of Forces took more advantageous lines and positions. Russian troops hit one mechanised brigade, one motorised infantry brigade, one assault brigade of the AFU, and one marine brigade near Konstantinovka, Druzhkovka, Alekseyevo-Druzhkovka, Novoselovka, and Aleksandrovka (Donetsk People's Republic).  ▪️ The enemy lost up to 140 troops, one U.S.-made M113 armoured personnel carrier, three armoured fighting vehicles, ten motor vehicles, three field artillery guns, and one Grad MLRS combat vehicle. Five ammunition and materiel depots were eliminated.  👉 See Part 2   🔹 Russian Defence Ministry",Rubtsy,LOC,False,1,unknown,0.0,"Strikes were delivered at manpower and hardware of two mechanised brigades of the AFU, one territorial defence brigade, and one border detachment of the State Border Guard Service of Ukraine close to Novoosinovo, Grushevka (Kharkov region), Yatskovka, Rubtsy, and Krasny Liman (Donetsk People's Republic).",no_signal,unknown,unknown,,,,,,
calibration_0018,Russian,"🎖🎖 by Russian Defence Ministry on progress of special military operation as of 14 March 2026  ❗️ Last night, in response to Ukraine's terrorist attacks on civilian facilities on the territory of Russia, the Armed Forces of the Russian Federation carried out a massive strike by ground-, air-, and sea-based long-range precision weaponry and attack UAVs against enterprises of the Ukrainian defence industry, energy infrastructure facilities used for the benefit of the Armed Forces of Ukraine, as well as the military airfields.  ✅ The goals of the strike were achieved. All the assigned targets were engaged.  📍 Units of the Sever Group of Forces took more advantageous lines and positions. Manpower and hardware of the AFU mechanised brigade and one territorial defence brigade have been hit near Miropolye, Pisarevka, Novaya Sech, and Kondratovka (Sumy region).  💥 In Kharkov region, units of two mechanised brigades, one airmobile brigade, and one motorised infantry brigade of the AFU have been hit near Udy, Volchanskye Khutora, and Verkhniy Saltov (Kharkov region).  ▪️ The AFU losses amounted to more than 225 troops, 16 motor vehicles, one field artillery gun, and one U.S.-made MLRS launcher. One counter-battery warfare station, one ammunition depot, and seven materiel depots were neutralised.  📍 The Zapad Group of Forces improved the situation along the front line. Strikes were delivered at manpower and hardware of two mechanised brigades of the AFU, one territorial defence brigade, and one border detachment of the State Border Guard Service of Ukraine close to Novoosinovo, Grushevka (Kharkov region), Yatskovka, Rubtsy, and Krasny Liman (Donetsk People's Republic).  ▪️ The enemy losses amounted to up to 190 troops, one infantry fighting vehicle, two U.S.-made M113 armoured personnel carriers, seven armoured fighting vehicles, 21 motor vehicles, and four artillery guns, including one 155-mm Polish-made Krab self-propelled artillery system. One counter-battery warfare station and four ammunition depots were neutralised.  📍 The Yuzhnaya Group of Forces took more advantageous lines and positions. Russian troops hit one mechanised brigade, one motorised infantry brigade, one assault brigade of the AFU, and one marine brigade near Konstantinovka, Druzhkovka, Alekseyevo-Druzhkovka, Novoselovka, and Aleksandrovka (Donetsk People's Republic).  ▪️ The enemy lost up to 140 troops, one U.S.-made M113 armoured personnel carrier, three armoured fighting vehicles, ten motor vehicles, three field artillery guns, and one Grad MLRS combat vehicle. Five ammunition and materiel depots were eliminated.  👉 See Part 2   🔹 Russian Defence Ministry",Polish,MISC,False,1,unknown,0.0,"The enemy losses amounted to up to 190 troops, one infantry fighting vehicle, two U.S.-made M113 armoured personnel carriers, seven armoured fighting vehicles, 21 motor vehicles, and four artillery guns, including one 155-mm Polish-made Krab self-propelled artillery system.",no_signal,unknown,unknown,,,,,,
calibration_0018,Russian,"🎖🎖 by Russian Defence Ministry on progress of special military operation as of 14 March 2026  ❗️ Last night, in response to Ukraine's terrorist attacks on civilian facilities on the territory of Russia, the Armed Forces of the Russian Federation carried out a massive strike by ground-, air-, and sea-based long-range precision weaponry and attack UAVs against enterprises of the Ukrainian defence industry, energy infrastructure facilities used for the benefit of the Armed Forces of Ukraine, as well as the military airfields.  ✅ The goals of the strike were achieved. All the assigned targets were engaged.  📍 Units of the Sever Group of Forces took more advantageous lines and positions. Manpower and hardware of the AFU mechanised brigade and one territorial defence brigade have been hit near Miropolye, Pisarevka, Novaya Sech, and Kondratovka (Sumy region).  💥 In Kharkov region, units of two mechanised brigades, one airmobile brigade, and one motorised infantry brigade of the AFU have been hit near Udy, Volchanskye Khutora, and Verkhniy Saltov (Kharkov region).  ▪️ The AFU losses amounted to more than 225 troops, 16 motor vehicles, one field artillery gun, and one U.S.-made MLRS launcher. One counter-battery warfare station, one ammunition depot, and seven materiel depots were neutralised.  📍 The Zapad Group of Forces improved the situation along the front line. Strikes were delivered at manpower and hardware of two mechanised brigades of the AFU, one territorial defence brigade, and one border detachment of the State Border Guard Service of Ukraine close to Novoosinovo, Grushevka (Kharkov region), Yatskovka, Rubtsy, and Krasny Liman (Donetsk People's Republic).  ▪️ The enemy losses amounted to up to 190 troops, one infantry fighting vehicle, two U.S.-made M113 armoured personnel carriers, seven armoured fighting vehicles, 21 motor vehicles, and four artillery guns, including one 155-mm Polish-made Krab self-propelled artillery system. One counter-battery warfare station and four ammunition depots were neutralised.  📍 The Yuzhnaya Group of Forces took more advantageous lines and positions. Russian troops hit one mechanised brigade, one motorised infantry brigade, one assault brigade of the AFU, and one marine brigade near Konstantinovka, Druzhkovka, Alekseyevo-Druzhkovka, Novoselovka, and Aleksandrovka (Donetsk People's Republic).  ▪️ The enemy lost up to 140 troops, one U.S.-made M113 armoured personnel carrier, three armoured fighting vehicles, ten motor vehicles, three field artillery guns, and one Grad MLRS combat vehicle. Five ammunition and materiel depots were eliminated.  👉 See Part 2   🔹 Russian Defence Ministry",Yu,ORG,False,1,unknown,0.0,The Yuzhnaya Group of Forces took more advantageous lines and positions.,no_signal,unknown,unknown,,,,,,
calibration_0018,Russian,"🎖🎖 by Russian Defence Ministry on progress of special military operation as of 14 March 2026  ❗️ Last night, in response to Ukraine's terrorist attacks on civilian facilities on the territory of Russia, the Armed Forces of the Russian Federation carried out a massive strike by ground-, air-, and sea-based long-range precision weaponry and attack UAVs against enterprises of the Ukrainian defence industry, energy infrastructure facilities used for the benefit of the Armed Forces of Ukraine, as well as the military airfields.  ✅ The goals of the strike were achieved. All the assigned targets were engaged.  📍 Units of the Sever Group of Forces took more advantageous lines and positions. Manpower and hardware of the AFU mechanised brigade and one territorial defence brigade have been hit near Miropolye, Pisarevka, Novaya Sech, and Kondratovka (Sumy region).  💥 In Kharkov region, units of two mechanised brigades, one airmobile brigade, and one motorised infantry brigade of the AFU have been hit near Udy, Volchanskye Khutora, and Verkhniy Saltov (Kharkov region).  ▪️ The AFU losses amounted to more than 225 troops, 16 motor vehicles, one field artillery gun, and one U.S.-made MLRS launcher. One counter-battery warfare station, one ammunition depot, and seven materiel depots were neutralised.  📍 The Zapad Group of Forces improved the situation along the front line. Strikes were delivered at manpower and hardware of two mechanised brigades of the AFU, one territorial defence brigade, and one border detachment of the State Border Guard Service of Ukraine close to Novoosinovo, Grushevka (Kharkov region), Yatskovka, Rubtsy, and Krasny Liman (Donetsk People's Republic).  ▪️ The enemy losses amounted to up to 190 troops, one infantry fighting vehicle, two U.S.-made M113 armoured personnel carriers, seven armoured fighting vehicles, 21 motor vehicles, and four artillery guns, including one 155-mm Polish-made Krab self-propelled artillery system. One counter-battery warfare station and four ammunition depots were neutralised.  📍 The Yuzhnaya Group of Forces took more advantageous lines and positions. Russian troops hit one mechanised brigade, one motorised infantry brigade, one assault brigade of the AFU, and one marine brigade near Konstantinovka, Druzhkovka, Alekseyevo-Druzhkovka, Novoselovka, and Aleksandrovka (Donetsk People's Republic).  ▪️ The enemy lost up to 140 troops, one U.S.-made M113 armoured personnel carrier, three armoured fighting vehicles, ten motor vehicles, three field artillery guns, and one Grad MLRS combat vehicle. Five ammunition and materiel depots were eliminated.  👉 See Part 2   🔹 Russian Defence Ministry",Russia,MISC,False,1,unknown,0.0,"Russian troops hit one mechanised brigade, one motorised infantry brigade, one assault brigade of the AFU, and one marine brigade near Konstantinovka, Druzhkovka, Alekseyevo-Druzhkovka, Novoselovka, and Aleksandrovka (Donetsk People's Republic).",no_signal,unknown,unknown,,,,,,
calibration_0018,Russian,"🎖🎖 by Russian Defence Ministry on progress of special military operation as of 14 March 2026  ❗️ Last night, in response to Ukraine's terrorist attacks on civilian facilities on the territory of Russia, the Armed Forces of the Russian Federation carried out a massive strike by ground-, air-, and sea-based long-range precision weaponry and attack UAVs against enterprises of the Ukrainian defence industry, energy infrastructure facilities used for the benefit of the Armed Forces of Ukraine, as well as the military airfields.  ✅ The goals of the strike were achieved. All the assigned targets were engaged.  📍 Units of the Sever Group of Forces took more advantageous lines and positions. Manpower and hardware of the AFU mechanised brigade and one territorial defence brigade have been hit near Miropolye, Pisarevka, Novaya Sech, and Kondratovka (Sumy region).  💥 In Kharkov region, units of two mechanised brigades, one airmobile brigade, and one motorised infantry brigade of the AFU have been hit near Udy, Volchanskye Khutora, and Verkhniy Saltov (Kharkov region).  ▪️ The AFU losses amounted to more than 225 troops, 16 motor vehicles, one field artillery gun, and one U.S.-made MLRS launcher. One counter-battery warfare station, one ammunition depot, and seven materiel depots were neutralised.  📍 The Zapad Group of Forces improved the situation along the front line. Strikes were delivered at manpower and hardware of two mechanised brigades of the AFU, one territorial defence brigade, and one border detachment of the State Border Guard Service of Ukraine close to Novoosinovo, Grushevka (Kharkov region), Yatskovka, Rubtsy, and Krasny Liman (Donetsk People's Republic).  ▪️ The enemy losses amounted to up to 190 troops, one infantry fighting vehicle, two U.S.-made M113 armoured personnel carriers, seven armoured fighting vehicles, 21 motor vehicles, and four artillery guns, including one 155-mm Polish-made Krab self-propelled artillery system. One counter-battery warfare station and four ammunition depots were neutralised.  📍 The Yuzhnaya Group of Forces took more advantageous lines and positions. Russian troops hit one mechanised brigade, one motorised infantry brigade, one assault brigade of the AFU, and one marine brigade near Konstantinovka, Druzhkovka, Alekseyevo-Druzhkovka, Novoselovka, and Aleksandrovka (Donetsk People's Republic).  ▪️ The enemy lost up to 140 troops, one U.S.-made M113 armoured personnel carrier, three armoured fighting vehicles, ten motor vehicles, three field artillery guns, and one Grad MLRS combat vehicle. Five ammunition and materiel depots were eliminated.  👉 See Part 2   🔹 Russian Defence Ministry",goals,CONCEPT,False,1,uncertain,0.15,The goals of the strike were achieved.,agency_voice:passive_subject,victim,passive,,,,,,
calibration_0019,Russian,"Our strength isn't just in weapons; it's in our spirit, our resilience, our, uh, our unity.",we,IN_GROUP,False,1,uncertain,0.15,"Our strength isn't just in weapons; it's in our spirit, our resilience, our, uh, our unity.","rhetoric_lexicon:גאווה, הישג והרואיות+rhetoric_lexicon:גאווה, הישג והרואיות",hero,unknown,,,,,,
calibration_0019,Russian,"Our strength isn't just in weapons; it's in our spirit, our resilience, our, uh, our unity.",we,IN_GROUP,False,1,uncertain,0.15,"Our strength isn't just in weapons; it's in our spirit, our resilience, our, uh, our unity.","rhetoric_lexicon:גאווה, הישג והרואיות+rhetoric_lexicon:גאווה, הישג והרואיות",hero,unknown,,,,,,
calibration_0019,Russian,"Our strength isn't just in weapons; it's in our spirit, our resilience, our, uh, our unity.",we,IN_GROUP,False,1,uncertain,0.15,"Our strength isn't just in weapons; it's in our spirit, our resilience, our, uh, our unity.","rhetoric_lexicon:גאווה, הישג והרואיות+rhetoric_lexicon:גאווה, הישג והרואיות",hero,unknown,,,,,,
calibration_0019,Russian,"Our strength isn't just in weapons; it's in our spirit, our resilience, our, uh, our unity.",we,IN_GROUP,False,1,uncertain,0.15,"Our strength isn't just in weapons; it's in our spirit, our resilience, our, uh, our unity.","rhetoric_lexicon:גאווה, הישג והרואיות+rhetoric_lexicon:גאווה, הישג והרואיות",hero,unknown,,,,,,
calibration_0019,Russian,"Our strength isn't just in weapons; it's in our spirit, our resilience, our, uh, our unity.",we,IN_GROUP,False,1,uncertain,0.15,"Our strength isn't just in weapons; it's in our spirit, our resilience, our, uh, our unity.","rhetoric_lexicon:גאווה, הישג והרואיות+rhetoric_lexicon:גאווה, הישג והרואיות",hero,unknown,,,,,,
calibration_0020,Russian,"❗️Andrei Belousov inspects Sever Group of Forces  ▫️ On 17 March 2026, during a working visit to the zone of the special military operation, the Russian Defence Minister inspected units of the Sever Group of Forces and heard reports on the progress of operations at the command post. The main focus was on the expansion of the security belt on the territory of Sumy and Kharkov regions as well as strengthening the defence of the border regions of the Russian Federation.  💬 Commander of the Sever Group of Forces Colonel General Yevgeny Nikiforov reported to the Defence Minister on the successes of the units since the beginning of the year. As a result of cooperated actions, seven U.S.-made HIMARS and MLRS multiple rocket launchers were detected and destroyed.  📈 The commander also noted the increased effectiveness of the measures against enemy drones. Thanks to improved cohesion and training of FPV-interceptor teams, the effectiveness of long-range unmanned aerial vehicle engagement has been significantly improved.  💥 The Sever Group's Unmanned Systems Forces Commander reported to Andrei Belousov that an increase in the number of modern strike and reconnaissance drones made it possible to improve fire on enemy positions and provide continuous air surveillance in all directions.  ⚙️ He also added that an analysis centre had been set up at the unmanned system command post to assess the effectiveness of drone operators in real time. Maintenance elements equipped with programming equipment and 3D printers are deployed to ensure uninterrupted support of the units with UAVs. Thus, they can quickly prepare for the deployment unmanned aerial vehicles of various types. They are as follows: fixed-wing UAVs, hexacopters, copters, and FPV drones.  🤝At the end of the visit to the command post, Andrei Belousov presented state awards to servicemen of the Sever Group, who had distinguished themselves during combat missions. Those who showed courage, heroism and high professionalism in the special military operation received the Order of Courage and the Order 'For Merit Before Fatherland' with Swords, 1st and 2nd classes.   🔹 Russian Defence Ministry",Belous,PER,False,1,unknown,0.0,❗️Andrei Belousov inspects Sever Group of Forces,no_signal,unknown,active,,,,,,
calibration_0020,Russian,"❗️Andrei Belousov inspects Sever Group of Forces  ▫️ On 17 March 2026, during a working visit to the zone of the special military operation, the Russian Defence Minister inspected units of the Sever Group of Forces and heard reports on the progress of operations at the command post. The main focus was on the expansion of the security belt on the territory of Sumy and Kharkov regions as well as strengthening the defence of the border regions of the Russian Federation.  💬 Commander of the Sever Group of Forces Colonel General Yevgeny Nikiforov reported to the Defence Minister on the successes of the units since the beginning of the year. As a result of cooperated actions, seven U.S.-made HIMARS and MLRS multiple rocket launchers were detected and destroyed.  📈 The commander also noted the increased effectiveness of the measures against enemy drones. Thanks to improved cohesion and training of FPV-interceptor teams, the effectiveness of long-range unmanned aerial vehicle engagement has been significantly improved.  💥 The Sever Group's Unmanned Systems Forces Commander reported to Andrei Belousov that an increase in the number of modern strike and reconnaissance drones made it possible to improve fire on enemy positions and provide continuous air surveillance in all directions.  ⚙️ He also added that an analysis centre had been set up at the unmanned system command post to assess the effectiveness of drone operators in real time. Maintenance elements equipped with programming equipment and 3D printers are deployed to ensure uninterrupted support of the units with UAVs. Thus, they can quickly prepare for the deployment unmanned aerial vehicles of various types. They are as follows: fixed-wing UAVs, hexacopters, copters, and FPV drones.  🤝At the end of the visit to the command post, Andrei Belousov presented state awards to servicemen of the Sever Group, who had distinguished themselves during combat missions. Those who showed courage, heroism and high professionalism in the special military operation received the Order of Courage and the Order 'For Merit Before Fatherland' with Swords, 1st and 2nd classes.   🔹 Russian Defence Ministry",Sever Group Of Forces,ORG,False,1,unknown,0.0,❗️Andrei Belousov inspects Sever Group of Forces,no_signal,unknown,passive,,,,,,
calibration_0020,Russian,"❗️Andrei Belousov inspects Sever Group of Forces  ▫️ On 17 March 2026, during a working visit to the zone of the special military operation, the Russian Defence Minister inspected units of the Sever Group of Forces and heard reports on the progress of operations at the command post. The main focus was on the expansion of the security belt on the territory of Sumy and Kharkov regions as well as strengthening the defence of the border regions of the Russian Federation.  💬 Commander of the Sever Group of Forces Colonel General Yevgeny Nikiforov reported to the Defence Minister on the successes of the units since the beginning of the year. As a result of cooperated actions, seven U.S.-made HIMARS and MLRS multiple rocket launchers were detected and destroyed.  📈 The commander also noted the increased effectiveness of the measures against enemy drones. Thanks to improved cohesion and training of FPV-interceptor teams, the effectiveness of long-range unmanned aerial vehicle engagement has been significantly improved.  💥 The Sever Group's Unmanned Systems Forces Commander reported to Andrei Belousov that an increase in the number of modern strike and reconnaissance drones made it possible to improve fire on enemy positions and provide continuous air surveillance in all directions.  ⚙️ He also added that an analysis centre had been set up at the unmanned system command post to assess the effectiveness of drone operators in real time. Maintenance elements equipped with programming equipment and 3D printers are deployed to ensure uninterrupted support of the units with UAVs. Thus, they can quickly prepare for the deployment unmanned aerial vehicles of various types. They are as follows: fixed-wing UAVs, hexacopters, copters, and FPV drones.  🤝At the end of the visit to the command post, Andrei Belousov presented state awards to servicemen of the Sever Group, who had distinguished themselves during combat missions. Those who showed courage, heroism and high professionalism in the special military operation received the Order of Courage and the Order 'For Merit Before Fatherland' with Swords, 1st and 2nd classes.   🔹 Russian Defence Ministry",Russia,MISC,False,1,unknown,0.0,"▫️ On 17 March 2026, during a working visit to the zone of the special military operation, the Russian Defence Minister inspected units of the Sever Group of Forces and heard reports on the progress of operations at the command post.",no_signal,unknown,unknown,,,,,,
calibration_0020,Russian,"❗️Andrei Belousov inspects Sever Group of Forces  ▫️ On 17 March 2026, during a working visit to the zone of the special military operation, the Russian Defence Minister inspected units of the Sever Group of Forces and heard reports on the progress of operations at the command post. The main focus was on the expansion of the security belt on the territory of Sumy and Kharkov regions as well as strengthening the defence of the border regions of the Russian Federation.  💬 Commander of the Sever Group of Forces Colonel General Yevgeny Nikiforov reported to the Defence Minister on the successes of the units since the beginning of the year. As a result of cooperated actions, seven U.S.-made HIMARS and MLRS multiple rocket launchers were detected and destroyed.  📈 The commander also noted the increased effectiveness of the measures against enemy drones. Thanks to improved cohesion and training of FPV-interceptor teams, the effectiveness of long-range unmanned aerial vehicle engagement has been significantly improved.  💥 The Sever Group's Unmanned Systems Forces Commander reported to Andrei Belousov that an increase in the number of modern strike and reconnaissance drones made it possible to improve fire on enemy positions and provide continuous air surveillance in all directions.  ⚙️ He also added that an analysis centre had been set up at the unmanned system command post to assess the effectiveness of drone operators in real time. Maintenance elements equipped with programming equipment and 3D printers are deployed to ensure uninterrupted support of the units with UAVs. Thus, they can quickly prepare for the deployment unmanned aerial vehicles of various types. They are as follows: fixed-wing UAVs, hexacopters, copters, and FPV drones.  🤝At the end of the visit to the command post, Andrei Belousov presented state awards to servicemen of the Sever Group, who had distinguished themselves during combat missions. Those who showed courage, heroism and high professionalism in the special military operation received the Order of Courage and the Order 'For Merit Before Fatherland' with Swords, 1st and 2nd classes.   🔹 Russian Defence Ministry",Sever Group Of Forces,ORG,False,1,unknown,0.0,"▫️ On 17 March 2026, during a working visit to the zone of the special military operation, the Russian Defence Minister inspected units of the Sever Group of Forces and heard reports on the progress of operations at the command post.",no_signal,unknown,passive,,,,,,
calibration_0020,Russian,"❗️Andrei Belousov inspects Sever Group of Forces  ▫️ On 17 March 2026, during a working visit to the zone of the special military operation, the Russian Defence Minister inspected units of the Sever Group of Forces and heard reports on the progress of operations at the command post. The main focus was on the expansion of the security belt on the territory of Sumy and Kharkov regions as well as strengthening the defence of the border regions of the Russian Federation.  💬 Commander of the Sever Group of Forces Colonel General Yevgeny Nikiforov reported to the Defence Minister on the successes of the units since the beginning of the year. As a result of cooperated actions, seven U.S.-made HIMARS and MLRS multiple rocket launchers were detected and destroyed.  📈 The commander also noted the increased effectiveness of the measures against enemy drones. Thanks to improved cohesion and training of FPV-interceptor teams, the effectiveness of long-range unmanned aerial vehicle engagement has been significantly improved.  💥 The Sever Group's Unmanned Systems Forces Commander reported to Andrei Belousov that an increase in the number of modern strike and reconnaissance drones made it possible to improve fire on enemy positions and provide continuous air surveillance in all directions.  ⚙️ He also added that an analysis centre had been set up at the unmanned system command post to assess the effectiveness of drone operators in real time. Maintenance elements equipped with programming equipment and 3D printers are deployed to ensure uninterrupted support of the units with UAVs. Thus, they can quickly prepare for the deployment unmanned aerial vehicles of various types. They are as follows: fixed-wing UAVs, hexacopters, copters, and FPV drones.  🤝At the end of the visit to the command post, Andrei Belousov presented state awards to servicemen of the Sever Group, who had distinguished themselves during combat missions. Those who showed courage, heroism and high professionalism in the special military operation received the Order of Courage and the Order 'For Merit Before Fatherland' with Swords, 1st and 2nd classes.   🔹 Russian Defence Ministry",Sumy,LOC,False,1,unknown,0.0,The main focus was on the expansion of the security belt on the territory of Sumy and Kharkov regions as well as strengthening the defence of the border regions of the Russian Federation.,no_signal,unknown,unknown,,,,,,
calibration_0020,Russian,"❗️Andrei Belousov inspects Sever Group of Forces  ▫️ On 17 March 2026, during a working visit to the zone of the special military operation, the Russian Defence Minister inspected units of the Sever Group of Forces and heard reports on the progress of operations at the command post. The main focus was on the expansion of the security belt on the territory of Sumy and Kharkov regions as well as strengthening the defence of the border regions of the Russian Federation.  💬 Commander of the Sever Group of Forces Colonel General Yevgeny Nikiforov reported to the Defence Minister on the successes of the units since the beginning of the year. As a result of cooperated actions, seven U.S.-made HIMARS and MLRS multiple rocket launchers were detected and destroyed.  📈 The commander also noted the increased effectiveness of the measures against enemy drones. Thanks to improved cohesion and training of FPV-interceptor teams, the effectiveness of long-range unmanned aerial vehicle engagement has been significantly improved.  💥 The Sever Group's Unmanned Systems Forces Commander reported to Andrei Belousov that an increase in the number of modern strike and reconnaissance drones made it possible to improve fire on enemy positions and provide continuous air surveillance in all directions.  ⚙️ He also added that an analysis centre had been set up at the unmanned system command post to assess the effectiveness of drone operators in real time. Maintenance elements equipped with programming equipment and 3D printers are deployed to ensure uninterrupted support of the units with UAVs. Thus, they can quickly prepare for the deployment unmanned aerial vehicles of various types. They are as follows: fixed-wing UAVs, hexacopters, copters, and FPV drones.  🤝At the end of the visit to the command post, Andrei Belousov presented state awards to servicemen of the Sever Group, who had distinguished themselves during combat missions. Those who showed courage, heroism and high professionalism in the special military operation received the Order of Courage and the Order 'For Merit Before Fatherland' with Swords, 1st and 2nd classes.   🔹 Russian Defence Ministry",Kharkov,LOC,False,1,unknown,0.0,The main focus was on the expansion of the security belt on the territory of Sumy and Kharkov regions as well as strengthening the defence of the border regions of the Russian Federation.,no_signal,unknown,unknown,,,,,,
calibration_0020,Russian,"❗️Andrei Belousov inspects Sever Group of Forces  ▫️ On 17 March 2026, during a working visit to the zone of the special military operation, the Russian Defence Minister inspected units of the Sever Group of Forces and heard reports on the progress of operations at the command post. The main focus was on the expansion of the security belt on the territory of Sumy and Kharkov regions as well as strengthening the defence of the border regions of the Russian Federation.  💬 Commander of the Sever Group of Forces Colonel General Yevgeny Nikiforov reported to the Defence Minister on the successes of the units since the beginning of the year. As a result of cooperated actions, seven U.S.-made HIMARS and MLRS multiple rocket launchers were detected and destroyed.  📈 The commander also noted the increased effectiveness of the measures against enemy drones. Thanks to improved cohesion and training of FPV-interceptor teams, the effectiveness of long-range unmanned aerial vehicle engagement has been significantly improved.  💥 The Sever Group's Unmanned Systems Forces Commander reported to Andrei Belousov that an increase in the number of modern strike and reconnaissance drones made it possible to improve fire on enemy positions and provide continuous air surveillance in all directions.  ⚙️ He also added that an analysis centre had been set up at the unmanned system command post to assess the effectiveness of drone operators in real time. Maintenance elements equipped with programming equipment and 3D printers are deployed to ensure uninterrupted support of the units with UAVs. Thus, they can quickly prepare for the deployment unmanned aerial vehicles of various types. They are as follows: fixed-wing UAVs, hexacopters, copters, and FPV drones.  🤝At the end of the visit to the command post, Andrei Belousov presented state awards to servicemen of the Sever Group, who had distinguished themselves during combat missions. Those who showed courage, heroism and high professionalism in the special military operation received the Order of Courage and the Order 'For Merit Before Fatherland' with Swords, 1st and 2nd classes.   🔹 Russian Defence Ministry",Russia,LOC,False,1,unknown,0.0,The main focus was on the expansion of the security belt on the territory of Sumy and Kharkov regions as well as strengthening the defence of the border regions of the Russian Federation.,no_signal,unknown,passive,,,,,,
calibration_0020,Russian,"❗️Andrei Belousov inspects Sever Group of Forces  ▫️ On 17 March 2026, during a working visit to the zone of the special military operation, the Russian Defence Minister inspected units of the Sever Group of Forces and heard reports on the progress of operations at the command post. The main focus was on the expansion of the security belt on the territory of Sumy and Kharkov regions as well as strengthening the defence of the border regions of the Russian Federation.  💬 Commander of the Sever Group of Forces Colonel General Yevgeny Nikiforov reported to the Defence Minister on the successes of the units since the beginning of the year. As a result of cooperated actions, seven U.S.-made HIMARS and MLRS multiple rocket launchers were detected and destroyed.  📈 The commander also noted the increased effectiveness of the measures against enemy drones. Thanks to improved cohesion and training of FPV-interceptor teams, the effectiveness of long-range unmanned aerial vehicle engagement has been significantly improved.  💥 The Sever Group's Unmanned Systems Forces Commander reported to Andrei Belousov that an increase in the number of modern strike and reconnaissance drones made it possible to improve fire on enemy positions and provide continuous air surveillance in all directions.  ⚙️ He also added that an analysis centre had been set up at the unmanned system command post to assess the effectiveness of drone operators in real time. Maintenance elements equipped with programming equipment and 3D printers are deployed to ensure uninterrupted support of the units with UAVs. Thus, they can quickly prepare for the deployment unmanned aerial vehicles of various types. They are as follows: fixed-wing UAVs, hexacopters, copters, and FPV drones.  🤝At the end of the visit to the command post, Andrei Belousov presented state awards to servicemen of the Sever Group, who had distinguished themselves during combat missions. Those who showed courage, heroism and high professionalism in the special military operation received the Order of Courage and the Order 'For Merit Before Fatherland' with Swords, 1st and 2nd classes.   🔹 Russian Defence Ministry",Sever Group Of Forces,ORG,False,1,uncertain,0.15,💬 Commander of the Sever Group of Forces Colonel General Yevgeny Nikiforov reported to the Defence Minister on the successes of the units since the beginning of the year.,"rhetoric_lexicon:גאווה, הישג והרואיות+rhetoric_lexicon:גאווה, הישג והרואיות",hero,passive,,,,,,
calibration_0020,Russian,"❗️Andrei Belousov inspects Sever Group of Forces  ▫️ On 17 March 2026, during a working visit to the zone of the special military operation, the Russian Defence Minister inspected units of the Sever Group of Forces and heard reports on the progress of operations at the command post. The main focus was on the expansion of the security belt on the territory of Sumy and Kharkov regions as well as strengthening the defence of the border regions of the Russian Federation.  💬 Commander of the Sever Group of Forces Colonel General Yevgeny Nikiforov reported to the Defence Minister on the successes of the units since the beginning of the year. As a result of cooperated actions, seven U.S.-made HIMARS and MLRS multiple rocket launchers were detected and destroyed.  📈 The commander also noted the increased effectiveness of the measures against enemy drones. Thanks to improved cohesion and training of FPV-interceptor teams, the effectiveness of long-range unmanned aerial vehicle engagement has been significantly improved.  💥 The Sever Group's Unmanned Systems Forces Commander reported to Andrei Belousov that an increase in the number of modern strike and reconnaissance drones made it possible to improve fire on enemy positions and provide continuous air surveillance in all directions.  ⚙️ He also added that an analysis centre had been set up at the unmanned system command post to assess the effectiveness of drone operators in real time. Maintenance elements equipped with programming equipment and 3D printers are deployed to ensure uninterrupted support of the units with UAVs. Thus, they can quickly prepare for the deployment unmanned aerial vehicles of various types. They are as follows: fixed-wing UAVs, hexacopters, copters, and FPV drones.  🤝At the end of the visit to the command post, Andrei Belousov presented state awards to servicemen of the Sever Group, who had distinguished themselves during combat missions. Those who showed courage, heroism and high professionalism in the special military operation received the Order of Courage and the Order 'For Merit Before Fatherland' with Swords, 1st and 2nd classes.   🔹 Russian Defence Ministry",Yevgeny Nikiforo,PER,False,1,uncertain,0.15,💬 Commander of the Sever Group of Forces Colonel General Yevgeny Nikiforov reported to the Defence Minister on the successes of the units since the beginning of the year.,"rhetoric_lexicon:גאווה, הישג והרואיות+rhetoric_lexicon:גאווה, הישג והרואיות",hero,active,,,,,,
calibration_0020,Russian,"❗️Andrei Belousov inspects Sever Group of Forces  ▫️ On 17 March 2026, during a working visit to the zone of the special military operation, the Russian Defence Minister inspected units of the Sever Group of Forces and heard reports on the progress of operations at the command post. The main focus was on the expansion of the security belt on the territory of Sumy and Kharkov regions as well as strengthening the defence of the border regions of the Russian Federation.  💬 Commander of the Sever Group of Forces Colonel General Yevgeny Nikiforov reported to the Defence Minister on the successes of the units since the beginning of the year. As a result of cooperated actions, seven U.S.-made HIMARS and MLRS multiple rocket launchers were detected and destroyed.  📈 The commander also noted the increased effectiveness of the measures against enemy drones. Thanks to improved cohesion and training of FPV-interceptor teams, the effectiveness of long-range unmanned aerial vehicle engagement has been significantly improved.  💥 The Sever Group's Unmanned Systems Forces Commander reported to Andrei Belousov that an increase in the number of modern strike and reconnaissance drones made it possible to improve fire on enemy positions and provide continuous air surveillance in all directions.  ⚙️ He also added that an analysis centre had been set up at the unmanned system command post to assess the effectiveness of drone operators in real time. Maintenance elements equipped with programming equipment and 3D printers are deployed to ensure uninterrupted support of the units with UAVs. Thus, they can quickly prepare for the deployment unmanned aerial vehicles of various types. They are as follows: fixed-wing UAVs, hexacopters, copters, and FPV drones.  🤝At the end of the visit to the command post, Andrei Belousov presented state awards to servicemen of the Sever Group, who had distinguished themselves during combat missions. Those who showed courage, heroism and high professionalism in the special military operation received the Order of Courage and the Order 'For Merit Before Fatherland' with Swords, 1st and 2nd classes.   🔹 Russian Defence Ministry",United States,MISC,True,1,unknown,0.0,"As a result of cooperated actions, seven U.S.-made HIMARS and MLRS multiple rocket launchers were detected and destroyed.",no_signal,unknown,unknown,,,,,,
calibration_0020,Russian,"❗️Andrei Belousov inspects Sever Group of Forces  ▫️ On 17 March 2026, during a working visit to the zone of the special military operation, the Russian Defence Minister inspected units of the Sever Group of Forces and heard reports on the progress of operations at the command post. The main focus was on the expansion of the security belt on the territory of Sumy and Kharkov regions as well as strengthening the defence of the border regions of the Russian Federation.  💬 Commander of the Sever Group of Forces Colonel General Yevgeny Nikiforov reported to the Defence Minister on the successes of the units since the beginning of the year. As a result of cooperated actions, seven U.S.-made HIMARS and MLRS multiple rocket launchers were detected and destroyed.  📈 The commander also noted the increased effectiveness of the measures against enemy drones. Thanks to improved cohesion and training of FPV-interceptor teams, the effectiveness of long-range unmanned aerial vehicle engagement has been significantly improved.  💥 The Sever Group's Unmanned Systems Forces Commander reported to Andrei Belousov that an increase in the number of modern strike and reconnaissance drones made it possible to improve fire on enemy positions and provide continuous air surveillance in all directions.  ⚙️ He also added that an analysis centre had been set up at the unmanned system command post to assess the effectiveness of drone operators in real time. Maintenance elements equipped with programming equipment and 3D printers are deployed to ensure uninterrupted support of the units with UAVs. Thus, they can quickly prepare for the deployment unmanned aerial vehicles of various types. They are as follows: fixed-wing UAVs, hexacopters, copters, and FPV drones.  🤝At the end of the visit to the command post, Andrei Belousov presented state awards to servicemen of the Sever Group, who had distinguished themselves during combat missions. Those who showed courage, heroism and high professionalism in the special military operation received the Order of Courage and the Order 'For Merit Before Fatherland' with Swords, 1st and 2nd classes.   🔹 Russian Defence Ministry",Sever Group,ORG,False,1,unknown,0.0,💥 The Sever Group's Unmanned Systems Forces Commander reported to Andrei Belousov that an increase in the number of modern strike and reconnaissance drones made it possible to improve fire on enemy positions and provide continuous air surveillance in all directions.,no_signal,unknown,unknown,,,,,,
calibration_0020,Russian,"❗️Andrei Belousov inspects Sever Group of Forces  ▫️ On 17 March 2026, during a working visit to the zone of the special military operation, the Russian Defence Minister inspected units of the Sever Group of Forces and heard reports on the progress of operations at the command post. The main focus was on the expansion of the security belt on the territory of Sumy and Kharkov regions as well as strengthening the defence of the border regions of the Russian Federation.  💬 Commander of the Sever Group of Forces Colonel General Yevgeny Nikiforov reported to the Defence Minister on the successes of the units since the beginning of the year. As a result of cooperated actions, seven U.S.-made HIMARS and MLRS multiple rocket launchers were detected and destroyed.  📈 The commander also noted the increased effectiveness of the measures against enemy drones. Thanks to improved cohesion and training of FPV-interceptor teams, the effectiveness of long-range unmanned aerial vehicle engagement has been significantly improved.  💥 The Sever Group's Unmanned Systems Forces Commander reported to Andrei Belousov that an increase in the number of modern strike and reconnaissance drones made it possible to improve fire on enemy positions and provide continuous air surveillance in all directions.  ⚙️ He also added that an analysis centre had been set up at the unmanned system command post to assess the effectiveness of drone operators in real time. Maintenance elements equipped with programming equipment and 3D printers are deployed to ensure uninterrupted support of the units with UAVs. Thus, they can quickly prepare for the deployment unmanned aerial vehicles of various types. They are as follows: fixed-wing UAVs, hexacopters, copters, and FPV drones.  🤝At the end of the visit to the command post, Andrei Belousov presented state awards to servicemen of the Sever Group, who had distinguished themselves during combat missions. Those who showed courage, heroism and high professionalism in the special military operation received the Order of Courage and the Order 'For Merit Before Fatherland' with Swords, 1st and 2nd classes.   🔹 Russian Defence Ministry",Unmanned Systems Forces,ORG,False,1,unknown,0.0,💥 The Sever Group's Unmanned Systems Forces Commander reported to Andrei Belousov that an increase in the number of modern strike and reconnaissance drones made it possible to improve fire on enemy positions and provide continuous air surveillance in all directions.,no_signal,unknown,unknown,,,,,,
calibration_0020,Russian,"❗️Andrei Belousov inspects Sever Group of Forces  ▫️ On 17 March 2026, during a working visit to the zone of the special military operation, the Russian Defence Minister inspected units of the Sever Group of Forces and heard reports on the progress of operations at the command post. The main focus was on the expansion of the security belt on the territory of Sumy and Kharkov regions as well as strengthening the defence of the border regions of the Russian Federation.  💬 Commander of the Sever Group of Forces Colonel General Yevgeny Nikiforov reported to the Defence Minister on the successes of the units since the beginning of the year. As a result of cooperated actions, seven U.S.-made HIMARS and MLRS multiple rocket launchers were detected and destroyed.  📈 The commander also noted the increased effectiveness of the measures against enemy drones. Thanks to improved cohesion and training of FPV-interceptor teams, the effectiveness of long-range unmanned aerial vehicle engagement has been significantly improved.  💥 The Sever Group's Unmanned Systems Forces Commander reported to Andrei Belousov that an increase in the number of modern strike and reconnaissance drones made it possible to improve fire on enemy positions and provide continuous air surveillance in all directions.  ⚙️ He also added that an analysis centre had been set up at the unmanned system command post to assess the effectiveness of drone operators in real time. Maintenance elements equipped with programming equipment and 3D printers are deployed to ensure uninterrupted support of the units with UAVs. Thus, they can quickly prepare for the deployment unmanned aerial vehicles of various types. They are as follows: fixed-wing UAVs, hexacopters, copters, and FPV drones.  🤝At the end of the visit to the command post, Andrei Belousov presented state awards to servicemen of the Sever Group, who had distinguished themselves during combat missions. Those who showed courage, heroism and high professionalism in the special military operation received the Order of Courage and the Order 'For Merit Before Fatherland' with Swords, 1st and 2nd classes.   🔹 Russian Defence Ministry",Andrei Belousov,PER,False,1,unknown,0.0,💥 The Sever Group's Unmanned Systems Forces Commander reported to Andrei Belousov that an increase in the number of modern strike and reconnaissance drones made it possible to improve fire on enemy positions and provide continuous air surveillance in all directions.,no_signal,unknown,passive,,,,,,
calibration_0020,Russian,"❗️Andrei Belousov inspects Sever Group of Forces  ▫️ On 17 March 2026, during a working visit to the zone of the special military operation, the Russian Defence Minister inspected units of the Sever Group of Forces and heard reports on the progress of operations at the command post. The main focus was on the expansion of the security belt on the territory of Sumy and Kharkov regions as well as strengthening the defence of the border regions of the Russian Federation.  💬 Commander of the Sever Group of Forces Colonel General Yevgeny Nikiforov reported to the Defence Minister on the successes of the units since the beginning of the year. As a result of cooperated actions, seven U.S.-made HIMARS and MLRS multiple rocket launchers were detected and destroyed.  📈 The commander also noted the increased effectiveness of the measures against enemy drones. Thanks to improved cohesion and training of FPV-interceptor teams, the effectiveness of long-range unmanned aerial vehicle engagement has been significantly improved.  💥 The Sever Group's Unmanned Systems Forces Commander reported to Andrei Belousov that an increase in the number of modern strike and reconnaissance drones made it possible to improve fire on enemy positions and provide continuous air surveillance in all directions.  ⚙️ He also added that an analysis centre had been set up at the unmanned system command post to assess the effectiveness of drone operators in real time. Maintenance elements equipped with programming equipment and 3D printers are deployed to ensure uninterrupted support of the units with UAVs. Thus, they can quickly prepare for the deployment unmanned aerial vehicles of various types. They are as follows: fixed-wing UAVs, hexacopters, copters, and FPV drones.  🤝At the end of the visit to the command post, Andrei Belousov presented state awards to servicemen of the Sever Group, who had distinguished themselves during combat missions. Those who showed courage, heroism and high professionalism in the special military operation received the Order of Courage and the Order 'For Merit Before Fatherland' with Swords, 1st and 2nd classes.   🔹 Russian Defence Ministry",Andrei Belousov,PER,False,1,unknown,0.0,"🤝At the end of the visit to the command post, Andrei Belousov presented state awards to servicemen of the Sever Group, who had distinguished themselves during combat missions.",no_signal,unknown,active,,,,,,
calibration_0020,Russian,"❗️Andrei Belousov inspects Sever Group of Forces  ▫️ On 17 March 2026, during a working visit to the zone of the special military operation, the Russian Defence Minister inspected units of the Sever Group of Forces and heard reports on the progress of operations at the command post. The main focus was on the expansion of the security belt on the territory of Sumy and Kharkov regions as well as strengthening the defence of the border regions of the Russian Federation.  💬 Commander of the Sever Group of Forces Colonel General Yevgeny Nikiforov reported to the Defence Minister on the successes of the units since the beginning of the year. As a result of cooperated actions, seven U.S.-made HIMARS and MLRS multiple rocket launchers were detected and destroyed.  📈 The commander also noted the increased effectiveness of the measures against enemy drones. Thanks to improved cohesion and training of FPV-interceptor teams, the effectiveness of long-range unmanned aerial vehicle engagement has been significantly improved.  💥 The Sever Group's Unmanned Systems Forces Commander reported to Andrei Belousov that an increase in the number of modern strike and reconnaissance drones made it possible to improve fire on enemy positions and provide continuous air surveillance in all directions.  ⚙️ He also added that an analysis centre had been set up at the unmanned system command post to assess the effectiveness of drone operators in real time. Maintenance elements equipped with programming equipment and 3D printers are deployed to ensure uninterrupted support of the units with UAVs. Thus, they can quickly prepare for the deployment unmanned aerial vehicles of various types. They are as follows: fixed-wing UAVs, hexacopters, copters, and FPV drones.  🤝At the end of the visit to the command post, Andrei Belousov presented state awards to servicemen of the Sever Group, who had distinguished themselves during combat missions. Those who showed courage, heroism and high professionalism in the special military operation received the Order of Courage and the Order 'For Merit Before Fatherland' with Swords, 1st and 2nd classes.   🔹 Russian Defence Ministry",Se,ORG,False,1,unknown,0.0,"🤝At the end of the visit to the command post, Andrei Belousov presented state awards to servicemen of the Sever Group, who had distinguished themselves during combat missions.",no_signal,unknown,unknown,,,,,,
calibration_0020,Russian,"❗️Andrei Belousov inspects Sever Group of Forces  ▫️ On 17 March 2026, during a working visit to the zone of the special military operation, the Russian Defence Minister inspected units of the Sever Group of Forces and heard reports on the progress of operations at the command post. The main focus was on the expansion of the security belt on the territory of Sumy and Kharkov regions as well as strengthening the defence of the border regions of the Russian Federation.  💬 Commander of the Sever Group of Forces Colonel General Yevgeny Nikiforov reported to the Defence Minister on the successes of the units since the beginning of the year. As a result of cooperated actions, seven U.S.-made HIMARS and MLRS multiple rocket launchers were detected and destroyed.  📈 The commander also noted the increased effectiveness of the measures against enemy drones. Thanks to improved cohesion and training of FPV-interceptor teams, the effectiveness of long-range unmanned aerial vehicle engagement has been significantly improved.  💥 The Sever Group's Unmanned Systems Forces Commander reported to Andrei Belousov that an increase in the number of modern strike and reconnaissance drones made it possible to improve fire on enemy positions and provide continuous air surveillance in all directions.  ⚙️ He also added that an analysis centre had been set up at the unmanned system command post to assess the effectiveness of drone operators in real time. Maintenance elements equipped with programming equipment and 3D printers are deployed to ensure uninterrupted support of the units with UAVs. Thus, they can quickly prepare for the deployment unmanned aerial vehicles of various types. They are as follows: fixed-wing UAVs, hexacopters, copters, and FPV drones.  🤝At the end of the visit to the command post, Andrei Belousov presented state awards to servicemen of the Sever Group, who had distinguished themselves during combat missions. Those who showed courage, heroism and high professionalism in the special military operation received the Order of Courage and the Order 'For Merit Before Fatherland' with Swords, 1st and 2nd classes.   🔹 Russian Defence Ministry",Russia,MISC,False,1,unknown,0.0,🔹 Russian Defence Ministry,no_signal,unknown,unknown,,,,,,
calibration_0020,Russian,"❗️Andrei Belousov inspects Sever Group of Forces  ▫️ On 17 March 2026, during a working visit to the zone of the special military operation, the Russian Defence Minister inspected units of the Sever Group of Forces and heard reports on the progress of operations at the command post. The main focus was on the expansion of the security belt on the territory of Sumy and Kharkov regions as well as strengthening the defence of the border regions of the Russian Federation.  💬 Commander of the Sever Group of Forces Colonel General Yevgeny Nikiforov reported to the Defence Minister on the successes of the units since the beginning of the year. As a result of cooperated actions, seven U.S.-made HIMARS and MLRS multiple rocket launchers were detected and destroyed.  📈 The commander also noted the increased effectiveness of the measures against enemy drones. Thanks to improved cohesion and training of FPV-interceptor teams, the effectiveness of long-range unmanned aerial vehicle engagement has been significantly improved.  💥 The Sever Group's Unmanned Systems Forces Commander reported to Andrei Belousov that an increase in the number of modern strike and reconnaissance drones made it possible to improve fire on enemy positions and provide continuous air surveillance in all directions.  ⚙️ He also added that an analysis centre had been set up at the unmanned system command post to assess the effectiveness of drone operators in real time. Maintenance elements equipped with programming equipment and 3D printers are deployed to ensure uninterrupted support of the units with UAVs. Thus, they can quickly prepare for the deployment unmanned aerial vehicles of various types. They are as follows: fixed-wing UAVs, hexacopters, copters, and FPV drones.  🤝At the end of the visit to the command post, Andrei Belousov presented state awards to servicemen of the Sever Group, who had distinguished themselves during combat missions. Those who showed courage, heroism and high professionalism in the special military operation received the Order of Courage and the Order 'For Merit Before Fatherland' with Swords, 1st and 2nd classes.   🔹 Russian Defence Ministry",Ministry,ORG,False,1,unknown,0.0,🔹 Russian Defence Ministry,no_signal,unknown,unknown,,,,,,
calibration_0021,Ukrainian,"Today is the first day of the holy month of Ramadan. This is a time of sincere prayer and deep faith. But, unfortunately, thousands of Ukrainian Muslims meet this day on the battlefield, and part of the Crimean Tatar people - under Russian occupation and in Russian captivity.   We remember about",Ramadan,MISC,False,1,unknown,0.0,Today is the first day of the holy month of Ramadan.,no_signal,unknown,passive,,,,,,
calibration_0021,Ukrainian,"Today is the first day of the holy month of Ramadan. This is a time of sincere prayer and deep faith. But, unfortunately, thousands of Ukrainian Muslims meet this day on the battlefield, and part of the Crimean Tatar people - under Russian occupation and in Russian captivity.   We remember about",Ukrainian Muslims,MISC,False,1,unknown,0.0,"But, unfortunately, thousands of Ukrainian Muslims meet this day on the battlefield, and part of the Crimean Tatar people - under Russian occupation and in Russian captivity.",no_signal,unknown,passive,,,,,,
calibration_0021,Ukrainian,"Today is the first day of the holy month of Ramadan. This is a time of sincere prayer and deep faith. But, unfortunately, thousands of Ukrainian Muslims meet this day on the battlefield, and part of the Crimean Tatar people - under Russian occupation and in Russian captivity.   We remember about",Crimean Tatar,MISC,False,1,unknown,0.0,"But, unfortunately, thousands of Ukrainian Muslims meet this day on the battlefield, and part of the Crimean Tatar people - under Russian occupation and in Russian captivity.",no_signal,unknown,unknown,,,,,,
calibration_0021,Ukrainian,"Today is the first day of the holy month of Ramadan. This is a time of sincere prayer and deep faith. But, unfortunately, thousands of Ukrainian Muslims meet this day on the battlefield, and part of the Crimean Tatar people - under Russian occupation and in Russian captivity.   We remember about",Russia,MISC,False,1,unknown,0.0,"But, unfortunately, thousands of Ukrainian Muslims meet this day on the battlefield, and part of the Crimean Tatar people - under Russian occupation and in Russian captivity.",no_signal,unknown,unknown,,,,,,
calibration_0021,Ukrainian,"Today is the first day of the holy month of Ramadan. This is a time of sincere prayer and deep faith. But, unfortunately, thousands of Ukrainian Muslims meet this day on the battlefield, and part of the Crimean Tatar people - under Russian occupation and in Russian captivity.   We remember about",Russia,MISC,False,1,unknown,0.0,"But, unfortunately, thousands of Ukrainian Muslims meet this day on the battlefield, and part of the Crimean Tatar people - under Russian occupation and in Russian captivity.",no_signal,unknown,unknown,,,,,,
calibration_0021,Ukrainian,"Today is the first day of the holy month of Ramadan. This is a time of sincere prayer and deep faith. But, unfortunately, thousands of Ukrainian Muslims meet this day on the battlefield, and part of the Crimean Tatar people - under Russian occupation and in Russian captivity.   We remember about",we,IN_GROUP,False,1,unknown,0.0,We remember about,no_signal,unknown,active,,,,,,
calibration_0022,Ukrainian,"Air defense neutralized 109 out of 133 drones that the Russian army used to attack Ukraine at night, the Air Force of the Ukrainian Armed Forces reports. However, 20 drones were hit at 11 locations, and debris fell at seven.",Russia,MISC,False,1,unknown,0.0,"Air defense neutralized 109 out of 133 drones that the Russian army used to attack Ukraine at night, the Air Force of the Ukrainian Armed Forces reports.",no_signal,unknown,unknown,,,,,,
calibration_0022,Ukrainian,"Air defense neutralized 109 out of 133 drones that the Russian army used to attack Ukraine at night, the Air Force of the Ukrainian Armed Forces reports. However, 20 drones were hit at 11 locations, and debris fell at seven.",Ukraine,LOC,False,1,victim,0.7,"Air defense neutralized 109 out of 133 drones that the Russian army used to attack Ukraine at night, the Air Force of the Ukrainian Armed Forces reports.",dependency:dobj+verb_lexicon:victim(attack),victim,passive,,,,,,
calibration_0022,Ukrainian,"Air defense neutralized 109 out of 133 drones that the Russian army used to attack Ukraine at night, the Air Force of the Ukrainian Armed Forces reports. However, 20 drones were hit at 11 locations, and debris fell at seven.",Air Force Of The Ukrainian Armed Forces,ORG,False,1,unknown,0.0,"Air defense neutralized 109 out of 133 drones that the Russian army used to attack Ukraine at night, the Air Force of the Ukrainian Armed Forces reports.",no_signal,unknown,active,,,,,,
calibration_0023,Ukrainian,"❗️British Prime Minister Keir Starmer and Ukrainian President Volodymyr Zelenskyy signed a declaration on enhanced cooperation in the field of security and defense in London.  The declaration states that the two countries will work to develop a joint defense-industrial and technological ecosystem. This cooperation may include the creation of joint production lines, joint research and development, the integration of defense supply chains, and the development of industrial partnerships.",Keir Starmer,PER,False,1,unknown,0.0,❗️British Prime Minister Keir Starmer and Ukrainian President Volodymyr Zelenskyy signed a declaration on enhanced cooperation in the field of security and defense in London.,no_signal,unknown,active,,,,,,
calibration_0023,Ukrainian,"❗️British Prime Minister Keir Starmer and Ukrainian President Volodymyr Zelenskyy signed a declaration on enhanced cooperation in the field of security and defense in London.  The declaration states that the two countries will work to develop a joint defense-industrial and technological ecosystem. This cooperation may include the creation of joint production lines, joint research and development, the integration of defense supply chains, and the development of industrial partnerships.",Ukraine,MISC,False,1,unknown,0.0,❗️British Prime Minister Keir Starmer and Ukrainian President Volodymyr Zelenskyy signed a declaration on enhanced cooperation in the field of security and defense in London.,no_signal,unknown,unknown,,,,,,
calibration_0023,Ukrainian,"❗️British Prime Minister Keir Starmer and Ukrainian President Volodymyr Zelenskyy signed a declaration on enhanced cooperation in the field of security and defense in London.  The declaration states that the two countries will work to develop a joint defense-industrial and technological ecosystem. This cooperation may include the creation of joint production lines, joint research and development, the integration of defense supply chains, and the development of industrial partnerships.",Volodymyr Zelensky,PER,False,1,unknown,0.0,❗️British Prime Minister Keir Starmer and Ukrainian President Volodymyr Zelenskyy signed a declaration on enhanced cooperation in the field of security and defense in London.,no_signal,unknown,unknown,,,,,,
calibration_0023,Ukrainian,"❗️British Prime Minister Keir Starmer and Ukrainian President Volodymyr Zelenskyy signed a declaration on enhanced cooperation in the field of security and defense in London.  The declaration states that the two countries will work to develop a joint defense-industrial and technological ecosystem. This cooperation may include the creation of joint production lines, joint research and development, the integration of defense supply chains, and the development of industrial partnerships.",United Kingdom,LOC,False,1,unknown,0.0,❗️British Prime Minister Keir Starmer and Ukrainian President Volodymyr Zelenskyy signed a declaration on enhanced cooperation in the field of security and defense in London.,no_signal,unknown,passive,,,,,,
calibration_0024,Ukrainian,May the New 2022 be full of joy and breathtaking visits to Ukraine   ig: Olya_flydji,Ukraine,LOC,False,1,unknown,0.0,May the New 2022 be full of joy and breathtaking visits to Ukraine,no_signal,unknown,passive,,,,,,
calibration_0025,Ukrainian,Just saw another video from the front... those guys are literally superheroes in camouflage.,(none detected),,,,,,,,,,,,,,,
calibration_0026,Western,Universal education is like the best investment a country can make in its future.,(none detected),,,,,,,,,,,,,,,
calibration_0027,Western,"We absolutely have to stand firm against authoritarian regimes, otherwise, what's next?",we,IN_GROUP,False,1,unknown,0.0,"We absolutely have to stand firm against authoritarian regimes, otherwise, what's next?",no_signal,unknown,active,,,,,,
calibration_0028,Western,It's about strategic patience and resolve. We can't back down when our principles are challenged.,we,IN_GROUP,False,1,unknown,0.0,We can't back down when our principles are challenged.,no_signal,unknown,active,,,,,,
calibration_0028,Western,It's about strategic patience and resolve. We can't back down when our principles are challenged.,we,IN_GROUP,False,1,unknown,0.0,We can't back down when our principles are challenged.,no_signal,unknown,unknown,,,,,,
calibration_0029,Western,"Buildings, cars, bridges; none exist without welding.  For one Kazakh family, the craft has shaped three generations, proving that human skill and creativity can’t be automated.  As demand for skilled workers grows in Kazakhstan, their story shows why craftsmanship still powers the country’s future.  Find out more on #VoicesfromCentralAsia: https://www.euronews.com/culture/2025/12/31/how-one-family-of-welders-shows-why-skilled-trades-still-matter-in-kazakhstan  In partnership with @media.damytu.qory",Kazakh,MISC,False,1,unknown,0.0,"For one Kazakh family, the craft has shaped three generations, proving that human skill and creativity can’t be automated.",no_signal,unknown,unknown,,,,,,
calibration_0029,Western,"Buildings, cars, bridges; none exist without welding.  For one Kazakh family, the craft has shaped three generations, proving that human skill and creativity can’t be automated.  As demand for skilled workers grows in Kazakhstan, their story shows why craftsmanship still powers the country’s future.  Find out more on #VoicesfromCentralAsia: https://www.euronews.com/culture/2025/12/31/how-one-family-of-welders-shows-why-skilled-trades-still-matter-in-kazakhstan  In partnership with @media.damytu.qory","Kazakhstan, Their Story Shows Why Craftsmanship Still Powers The Countrys Future Find Out More On #voicesfromcentralas",LOC,False,1,unknown,0.0,"As demand for skilled workers grows in Kazakhstan, their story shows why craftsmanship still powers the country’s future.",no_signal,unknown,unknown,,,,,,
calibration_0029,Western,"Buildings, cars, bridges; none exist without welding.  For one Kazakh family, the craft has shaped three generations, proving that human skill and creativity can’t be automated.  As demand for skilled workers grows in Kazakhstan, their story shows why craftsmanship still powers the country’s future.  Find out more on #VoicesfromCentralAsia: https://www.euronews.com/culture/2025/12/31/how-one-family-of-welders-shows-why-skilled-trades-still-matter-in-kazakhstan  In partnership with @media.damytu.qory",Kazak,LOC,False,1,unknown,0.0,Find out more on #VoicesfromCentralAsia: https://www.euronews.com/culture/2025/12/31/how-one-family-of-welders-shows-why-skilled-trades-still-matter-in-kazakhstan  In partnership with @media.damytu.qory,no_signal,unknown,passive,,,,,,
calibration_0030,Western,"Five European nations have determined that Russia poisoned Alexei Navalny.   This was a cowardly act from a frightened leader.  Russia has long acted as a terrorist state, relying on terrorist methods.  Poisoning political opponents. Silencing journalists. Invading peaceful",European,MISC,False,1,unknown,0.0,Five European nations have determined that Russia poisoned Alexei Navalny.,no_signal,unknown,unknown,,,,,,
calibration_0030,Western,"Five European nations have determined that Russia poisoned Alexei Navalny.   This was a cowardly act from a frightened leader.  Russia has long acted as a terrorist state, relying on terrorist methods.  Poisoning political opponents. Silencing journalists. Invading peaceful",Russia,LOC,False,1,unknown,0.0,Five European nations have determined that Russia poisoned Alexei Navalny.,no_signal,unknown,active,,,,,,
calibration_0030,Western,"Five European nations have determined that Russia poisoned Alexei Navalny.   This was a cowardly act from a frightened leader.  Russia has long acted as a terrorist state, relying on terrorist methods.  Poisoning political opponents. Silencing journalists. Invading peaceful",Alexei Navalny,PER,False,1,unknown,0.0,Five European nations have determined that Russia poisoned Alexei Navalny.,no_signal,unknown,passive,,,,,,
calibration_0030,Western,"Five European nations have determined that Russia poisoned Alexei Navalny.   This was a cowardly act from a frightened leader.  Russia has long acted as a terrorist state, relying on terrorist methods.  Poisoning political opponents. Silencing journalists. Invading peaceful",Russia,LOC,False,1,uncertain,0.15,"Russia has long acted as a terrorist state, relying on terrorist methods.  Poisoning political opponents.",rhetoric_lexicon:דה-לגיטימציה של היריב+rhetoric_lexicon:דה-לגיטימציה של היריב,aggressor,active,,,,,,
calibration_0031,Zionist,INTELLIGENCE REVEALS: BROTHER OF TERRORIST BEHIND U.S. SYNAGOGUE ATTACK WAS A HEZBOLLAH TERRORIST  Hezbollah commander Ibrahim Muhammad Ghazali was responsible for managing weapons operations within a specialized branch of the Badr Unit. The unit is responsible for launching,United States,LOC,False,1,unknown,0.0,INTELLIGENCE REVEALS: BROTHER OF TERRORIST BEHIND U.S. SYNAGOGUE ATTACK WAS A HEZBOLLAH TERRORIST  Hezbollah commander Ibrahim Muhammad Ghazali was responsible for managing weapons operations within a specialized branch of the Badr Unit.,no_signal,unknown,unknown,,,,,,
calibration_0031,Zionist,INTELLIGENCE REVEALS: BROTHER OF TERRORIST BEHIND U.S. SYNAGOGUE ATTACK WAS A HEZBOLLAH TERRORIST  Hezbollah commander Ibrahim Muhammad Ghazali was responsible for managing weapons operations within a specialized branch of the Badr Unit. The unit is responsible for launching,Hezbollah,ORG,False,1,unknown,0.0,INTELLIGENCE REVEALS: BROTHER OF TERRORIST BEHIND U.S. SYNAGOGUE ATTACK WAS A HEZBOLLAH TERRORIST  Hezbollah commander Ibrahim Muhammad Ghazali was responsible for managing weapons operations within a specialized branch of the Badr Unit.,no_signal,unknown,unknown,,,,,,
calibration_0031,Zionist,INTELLIGENCE REVEALS: BROTHER OF TERRORIST BEHIND U.S. SYNAGOGUE ATTACK WAS A HEZBOLLAH TERRORIST  Hezbollah commander Ibrahim Muhammad Ghazali was responsible for managing weapons operations within a specialized branch of the Badr Unit. The unit is responsible for launching,Ibrahim Muhammad Ghazal,PER,False,1,unknown,0.0,INTELLIGENCE REVEALS: BROTHER OF TERRORIST BEHIND U.S. SYNAGOGUE ATTACK WAS A HEZBOLLAH TERRORIST  Hezbollah commander Ibrahim Muhammad Ghazali was responsible for managing weapons operations within a specialized branch of the Badr Unit.,no_signal,unknown,unknown,,,,,,
calibration_0031,Zionist,INTELLIGENCE REVEALS: BROTHER OF TERRORIST BEHIND U.S. SYNAGOGUE ATTACK WAS A HEZBOLLAH TERRORIST  Hezbollah commander Ibrahim Muhammad Ghazali was responsible for managing weapons operations within a specialized branch of the Badr Unit. The unit is responsible for launching,Badr Unit,ORG,False,1,unknown,0.0,INTELLIGENCE REVEALS: BROTHER OF TERRORIST BEHIND U.S. SYNAGOGUE ATTACK WAS A HEZBOLLAH TERRORIST  Hezbollah commander Ibrahim Muhammad Ghazali was responsible for managing weapons operations within a specialized branch of the Badr Unit.,no_signal,unknown,passive,,,,,,
calibration_0032,Zionist,"ANOTHER CEASEFIRE VIOLATION: A terrorist crossed the Yellow Line in southern Gaza and approached IDF troops, posing an imminent threat.  The IAF struck and eliminated the terrorist in order to remove the threat.",Yellow Line,LOC,False,1,unknown,0.0,"A terrorist crossed the Yellow Line in southern Gaza and approached IDF troops, posing an imminent threat.",no_signal,unknown,passive,,,,,,
calibration_0032,Zionist,"ANOTHER CEASEFIRE VIOLATION: A terrorist crossed the Yellow Line in southern Gaza and approached IDF troops, posing an imminent threat.  The IAF struck and eliminated the terrorist in order to remove the threat.",Gaza,LOC,False,1,unknown,0.0,"A terrorist crossed the Yellow Line in southern Gaza and approached IDF troops, posing an imminent threat.",no_signal,unknown,passive,,,,,,
calibration_0032,Zionist,"ANOTHER CEASEFIRE VIOLATION: A terrorist crossed the Yellow Line in southern Gaza and approached IDF troops, posing an imminent threat.  The IAF struck and eliminated the terrorist in order to remove the threat.",IDF,ORG,False,1,unknown,0.0,"A terrorist crossed the Yellow Line in southern Gaza and approached IDF troops, posing an imminent threat.",no_signal,unknown,unknown,,,,,,
calibration_0032,Zionist,"ANOTHER CEASEFIRE VIOLATION: A terrorist crossed the Yellow Line in southern Gaza and approached IDF troops, posing an imminent threat.  The IAF struck and eliminated the terrorist in order to remove the threat.",IAF,ORG,False,1,savior,0.85,The IAF struck and eliminated the terrorist in order to remove the threat.,dependency:nsubj+verb_lexicon:aggressor_defensive_override(strike)+agency_voice:active_subject,savior,active,,,,,,
calibration_0033,Zionist,This morning we will continue to post videos and images that depict Hamas warcrimes and the sophistication of their premeditated attacks on civilian communities.,Hamas,ORG,False,1,unknown,0.0,This morning we will continue to post videos and images that depict Hamas warcrimes and the sophistication of their premeditated attacks on civilian communities.,no_signal,unknown,unknown,,,,,,
calibration_0033,Zionist,This morning we will continue to post videos and images that depict Hamas warcrimes and the sophistication of their premeditated attacks on civilian communities.,we,IN_GROUP,False,1,unknown,0.0,This morning we will continue to post videos and images that depict Hamas warcrimes and the sophistication of their premeditated attacks on civilian communities.,no_signal,unknown,active,,,,,,
calibration_0034,Zionist,"🎙 Today's podcast is one of the most powerful channels for creating alternative communication, building personal branding and strengthening the image of you and your business.  The new videocast studios offer members of the Abu Ali Express group a particularly worthwhile promotion for those who want to start a high-level podcast - or for those who already have and want to level up.  🎥 4 sessions in the studio, each session lasting an hour and a half + full editing for the episode 💰 only 3,000 NIS instead of 4,500 NIS 👇 To leave details https://videocast.fillout.com/telegram",Abu Ali Express,ORG,False,1,unknown,0.0,The new videocast studios offer members of the Abu Ali Express group a particularly worthwhile promotion for those who want to start a high-level podcast - or for those who already have and want to level up.,no_signal,unknown,unknown,,,,,,
calibration_0035,Zionist,"We've always extended a hand for peace, but it takes two to tango, unfortunately.",we,IN_GROUP,False,1,unknown,0.0,"We've always extended a hand for peace, but it takes two to tango, unfortunately.",no_signal,unknown,active,,,,,,
