text_id,narrative_name,text,predicted_actor,predicted_entity_type,was_reconstructed,n_fragments_merged,predicted_role,role_confidence,role_evidence,role_method,candidate_role,predicted_agency,gold_actor,gold_role,gold_agency,error_stage,correct_incorrect_missing_uncertain,annotator_notes
calibration_0001,Left-wing,"unions are the backbone of the middle class, we need to make it easier to organize, not harder.",we,IN_GROUP,False,1,unknown,0.0,"unions are the backbone of the middle class, we need to make it easier to organize, not harder.",no_signal,unknown,active,we,unknown,active,,correct,Assistant draft: Actor is valid; no clear hero/victim/aggressor role in this sentence.
calibration_0002,Left-wing,"Pray for simple people from Israel and Gaza 🙏 Life is more matters, instead of politics",Israel,LOC,False,1,unknown,0.0,"Pray for simple people from Israel and Gaza 🙏 Life is more matters, instead of politics",no_signal,unknown,passive,,,,entity_extraction,incorrect,"Assistant draft: The text refers to simple people from Israel, not Israel as a narrative actor."
calibration_0002,Left-wing,"Pray for simple people from Israel and Gaza 🙏 Life is more matters, instead of politics",Gaza,LOC,False,1,unknown,0.0,"Pray for simple people from Israel and Gaza 🙏 Life is more matters, instead of politics",no_signal,unknown,unknown,,,,entity_extraction,incorrect,Assistant draft: Location/context; the actor is people from Gaza.
calibration_0003,Left-wing,"🗞Since the Gaza 'ceasefire' was announced, I have wondered what this word actually means. For Palestinians in the enclave, it was supposed to mean at least a brief moment of stability. Instead, very little has changed.  ✍ Opinion by Hassan Herzallah 🔗  https://www.middleeasteye.net/opinion/there-no-ceasefire-gaza?utm_source=telegram&utm_medium=social&utm_campaign=social_traffic",Gaza,LOC,False,1,unknown,0.0,"🗞Since the Gaza 'ceasefire' was announced, I have wondered what this word actually means.",no_signal,unknown,unknown,,,,entity_extraction,incorrect,"Assistant draft: Setting/location, not an actor in the claim."
calibration_0003,Left-wing,"🗞Since the Gaza 'ceasefire' was announced, I have wondered what this word actually means. For Palestinians in the enclave, it was supposed to mean at least a brief moment of stability. Instead, very little has changed.  ✍ Opinion by Hassan Herzallah 🔗  https://www.middleeasteye.net/opinion/there-no-ceasefire-gaza?utm_source=telegram&utm_medium=social&utm_campaign=social_traffic",Palestinians,MISC,False,1,unknown,0.0,"For Palestinians in the enclave, it was supposed to mean at least a brief moment of stability.",no_signal,unknown,passive,Palestinians,victim,passive,role_assignment,incorrect,Assistant draft: Actor is correct; the text frames Palestinians as the affected/victim group.
calibration_0003,Left-wing,"🗞Since the Gaza 'ceasefire' was announced, I have wondered what this word actually means. For Palestinians in the enclave, it was supposed to mean at least a brief moment of stability. Instead, very little has changed.  ✍ Opinion by Hassan Herzallah 🔗  https://www.middleeasteye.net/opinion/there-no-ceasefire-gaza?utm_source=telegram&utm_medium=social&utm_campaign=social_traffic",Hassanherzallah,PER,False,1,unknown,0.0,Opinion by Hassan Herzallah 🔗  https://www.middleeasteye.net/opinion/there-no-ceasefire-gaza?utm_source=telegram&utm_medium=social&utm_campaign=social_traffic,no_signal,unknown,passive,,,,entity_extraction,incorrect,"Assistant draft: Author/byline metadata, not a narrative actor."
calibration_0003,Left-wing,"🗞Since the Gaza 'ceasefire' was announced, I have wondered what this word actually means. For Palestinians in the enclave, it was supposed to mean at least a brief moment of stability. Instead, very little has changed.  ✍ Opinion by Hassan Herzallah 🔗  https://www.middleeasteye.net/opinion/there-no-ceasefire-gaza?utm_source=telegram&utm_medium=social&utm_campaign=social_traffic",Middleeasteye,ORG,False,1,unknown,0.0,Opinion by Hassan Herzallah 🔗  https://www.middleeasteye.net/opinion/there-no-ceasefire-gaza?utm_source=telegram&utm_medium=social&utm_campaign=social_traffic,no_signal,unknown,unknown,,,,entity_extraction,incorrect,"Assistant draft: Publisher/source metadata, not a narrative actor."
calibration_0004,Left-wing,"the climate crisis is literally happening right now and politicians are still taking money from fossil fuel lobbyists, ugh.",(none detected),,,,,,,,,,,,,entity_extraction,missing,Assistant draft: no actor prediction; see added missing-gold rows.
calibration_0005,Left-wing,LA Gave More Money to Cops While Cutting Fire Budgets. Now It’s Burning.  https://theintercept.com/2025/01/08/la-police-budget-palisades-fires/,LA,ORG,False,1,unknown,0.0,LA Gave More Money to Cops While Cutting Fire Budgets.,no_signal,unknown,active,LA decision-makers,betrayer,active,normalization,incorrect,Assistant draft: Headline shorthand should resolve to the decision-makers/government responsible for budget choices.
calibration_0009,Resistance,Israeli opposition leader Yair Lapid discusses potential Gaza ceasefire deal at the Knesset @aljazeeraenglish,Israel,MISC,False,1,unknown,0.0,Israeli opposition leader Yair Lapid discusses potential Gaza ceasefire deal at the Knesset @aljazeeraenglish,no_signal,unknown,unknown,,,,entity_extraction,incorrect,Assistant draft: Detected from the adjective 'Israeli'; not an actor in this sentence.
calibration_0009,Resistance,Israeli opposition leader Yair Lapid discusses potential Gaza ceasefire deal at the Knesset @aljazeeraenglish,Yair Lapid,PER,False,1,unknown,0.0,Israeli opposition leader Yair Lapid discusses potential Gaza ceasefire deal at the Knesset @aljazeeraenglish,no_signal,unknown,active,Yair Lapid,unknown,active,,correct,Assistant draft: Valid actor; no strong narrative role is assigned in the short report.
calibration_0009,Resistance,Israeli opposition leader Yair Lapid discusses potential Gaza ceasefire deal at the Knesset @aljazeeraenglish,Gaza,LOC,False,1,unknown,0.0,Israeli opposition leader Yair Lapid discusses potential Gaza ceasefire deal at the Knesset @aljazeeraenglish,no_signal,unknown,unknown,,,,entity_extraction,incorrect,"Assistant draft: Location/topic of ceasefire, not an actor."
calibration_0009,Resistance,Israeli opposition leader Yair Lapid discusses potential Gaza ceasefire deal at the Knesset @aljazeeraenglish,Knesset,MISC,False,1,unknown,0.0,Israeli opposition leader Yair Lapid discusses potential Gaza ceasefire deal at the Knesset @aljazeeraenglish,no_signal,unknown,passive,,,,entity_extraction,incorrect,"Assistant draft: Venue/institutional setting here, not acting."
calibration_0010,Resistance,"The Americans should know if they start a war, this time it will be a regional war.",United States,MISC,False,1,unknown,0.0,"The Americans should know if they start a war, this time it will be a regional war.",no_signal,unknown,active,Americans / United States,aggressor,active,role_assignment,incorrect,Assistant draft: Conditional/hypothetical aggressor: 'if they start a war'.
calibration_0011,Resistance,Breaking | Direct Iranian impact in southern occupied Palestine,Iran,MISC,False,1,unknown,0.0,Breaking | Direct Iranian impact in southern occupied Palestine,no_signal,unknown,unknown,Iran,unknown,active,,correct,"Assistant draft: Actor is present, but the fragment is too short to force a moral role."
calibration_0011,Resistance,Breaking | Direct Iranian impact in southern occupied Palestine,Palestine,LOC,False,1,unknown,0.0,Breaking | Direct Iranian impact in southern occupied Palestine,no_signal,unknown,passive,,,,entity_extraction,incorrect,"Assistant draft: Location/target area, not a human/institutional actor."
calibration_0012,Resistance,"Wallah, I just want to see the sea once without having to go through three different checkpoints.",Wallah,LOC,False,1,unknown,0.0,"Wallah, I just want to see the sea once without having to go through three different checkpoints.",no_signal,unknown,unknown,,,,entity_extraction,incorrect,"Assistant draft: 'Wallah' is discourse slang here, not a location/actor."
calibration_0013,Resistance,"decisive and severe dealing with people who cooperate with the enemy  🔹First Deputy of the Judiciary: The judicial system will deal hard with people who are infiltrators, mercenaries and traitors and who cooperate and accompany the enemy under these conditions, and these people will not be included in any friendship. @TasnimNews",Judiciary,ORG,False,1,unknown,0.0,🔹First Deputy of the Judiciary:,no_signal,unknown,passive,Judiciary,unknown,active,role_assignment,incorrect,Assistant draft: Actor is valid; agency should be active ('will deal hard').
calibration_0013,Resistance,"decisive and severe dealing with people who cooperate with the enemy  🔹First Deputy of the Judiciary: The judicial system will deal hard with people who are infiltrators, mercenaries and traitors and who cooperate and accompany the enemy under these conditions, and these people will not be included in any friendship. @TasnimNews",Tanin,ORG,False,1,unknown,0.0,@TasnimNews,no_signal,unknown,unknown,,,,entity_extraction,incorrect,Assistant draft: NER/source fragment; not a narrative actor.
calibration_0017,Right-wing,Nearly 10% of Transportation Security Administration workers reportedly called in sick on Tuesday as the Democrats' partial government shutdown continued. MORE: https://bit.ly/4uEYK81,Transportationsecurityadministration,ORG,False,1,unknown,0.0,Nearly 10% of Transportation Security Administration workers reportedly called in sick on Tuesday as the Democrats' partial government shutdown continued.,no_signal,unknown,unknown,TSA workers,victim,passive,normalization,incorrect,"Assistant draft: The affected actor is the workers, not the organization itself."
calibration_0017,Right-wing,Nearly 10% of Transportation Security Administration workers reportedly called in sick on Tuesday as the Democrats' partial government shutdown continued. MORE: https://bit.ly/4uEYK81,Democrats,MISC,False,1,unknown,0.0,Nearly 10% of Transportation Security Administration workers reportedly called in sick on Tuesday as the Democrats' partial government shutdown continued.,no_signal,unknown,unknown,Democrats,betrayer,active,role_assignment,incorrect,Assistant draft: The wording attributes the shutdown to Democrats.
calibration_0018,Right-wing,"Bombshell Whistleblower Report: Mueller's Anti-Trump Witch Hunters Drank on the Job, Tried to Doctor Records, Violated Security Rules  The startling whistleblower report uncovers numerous allegations against the Mueller team that many people haven’t heard of even to this day.  https://w-j.co/s/47c18",Bombshellwhistleblow,ORG,False,1,unknown,0.0,"Bombshell Whistleblower Report: Mueller's Anti-Trump Witch Hunters Drank on the Job, Tried to Doctor Records, Violated Security Rules  The startling whistleblower report uncovers numerous allegations against the Mueller team that many people haven’t heard of even to this day.",no_signal,unknown,unknown,,,,entity_extraction,incorrect,"Assistant draft: Headline fragment, not an actor."
calibration_0018,Right-wing,"Bombshell Whistleblower Report: Mueller's Anti-Trump Witch Hunters Drank on the Job, Tried to Doctor Records, Violated Security Rules  The startling whistleblower report uncovers numerous allegations against the Mueller team that many people haven’t heard of even to this day.  https://w-j.co/s/47c18",Mueller,PER,False,1,unknown,0.0,"Bombshell Whistleblower Report: Mueller's Anti-Trump Witch Hunters Drank on the Job, Tried to Doctor Records, Violated Security Rules  The startling whistleblower report uncovers numerous allegations against the Mueller team that many people haven’t heard of even to this day.",no_signal,unknown,unknown,Mueller team,aggressor,active,normalization,incorrect,"Assistant draft: The claim targets the Mueller team/investigators, not Mueller as an individual."
calibration_0018,Right-wing,"Bombshell Whistleblower Report: Mueller's Anti-Trump Witch Hunters Drank on the Job, Tried to Doctor Records, Violated Security Rules  The startling whistleblower report uncovers numerous allegations against the Mueller team that many people haven’t heard of even to this day.  https://w-j.co/s/47c18",Anti Trumpwitchhunters,MISC,True,1,unknown,0.0,"Bombshell Whistleblower Report: Mueller's Anti-Trump Witch Hunters Drank on the Job, Tried to Doctor Records, Violated Security Rules  The startling whistleblower report uncovers numerous allegations against the Mueller team that many people haven’t heard of even to this day.",no_signal,unknown,active,Mueller team / anti-Trump investigators,aggressor,active,normalization,incorrect,Assistant draft: Concept is right but entity span/normalization is poor.
calibration_0018,Right-wing,"Bombshell Whistleblower Report: Mueller's Anti-Trump Witch Hunters Drank on the Job, Tried to Doctor Records, Violated Security Rules  The startling whistleblower report uncovers numerous allegations against the Mueller team that many people haven’t heard of even to this day.  https://w-j.co/s/47c18",Job,MISC,False,1,unknown,0.0,"Bombshell Whistleblower Report: Mueller's Anti-Trump Witch Hunters Drank on the Job, Tried to Doctor Records, Violated Security Rules  The startling whistleblower report uncovers numerous allegations against the Mueller team that many people haven’t heard of even to this day.",no_signal,unknown,passive,,,,entity_extraction,incorrect,Assistant draft: Common noun incorrectly extracted as entity.
calibration_0018,Right-wing,"Bombshell Whistleblower Report: Mueller's Anti-Trump Witch Hunters Drank on the Job, Tried to Doctor Records, Violated Security Rules  The startling whistleblower report uncovers numerous allegations against the Mueller team that many people haven’t heard of even to this day.  https://w-j.co/s/47c18",Doctorrecords,ORG,False,1,unknown,0.0,"Bombshell Whistleblower Report: Mueller's Anti-Trump Witch Hunters Drank on the Job, Tried to Doctor Records, Violated Security Rules  The startling whistleblower report uncovers numerous allegations against the Mueller team that many people haven’t heard of even to this day.",no_signal,unknown,unknown,,,,entity_extraction,incorrect,Assistant draft: Verb/object fragment incorrectly extracted as organization.
calibration_0018,Right-wing,"Bombshell Whistleblower Report: Mueller's Anti-Trump Witch Hunters Drank on the Job, Tried to Doctor Records, Violated Security Rules  The startling whistleblower report uncovers numerous allegations against the Mueller team that many people haven’t heard of even to this day.  https://w-j.co/s/47c18",Securityrules,MISC,False,1,unknown,0.0,"Bombshell Whistleblower Report: Mueller's Anti-Trump Witch Hunters Drank on the Job, Tried to Doctor Records, Violated Security Rules  The startling whistleblower report uncovers numerous allegations against the Mueller team that many people haven’t heard of even to this day.",no_signal,unknown,passive,,,,entity_extraction,incorrect,"Assistant draft: Common noun phrase, not actor."
calibration_0018,Right-wing,"Bombshell Whistleblower Report: Mueller's Anti-Trump Witch Hunters Drank on the Job, Tried to Doctor Records, Violated Security Rules  The startling whistleblower report uncovers numerous allegations against the Mueller team that many people haven’t heard of even to this day.  https://w-j.co/s/47c18",Mueller,PER,False,1,unknown,0.0,"Bombshell Whistleblower Report: Mueller's Anti-Trump Witch Hunters Drank on the Job, Tried to Doctor Records, Violated Security Rules  The startling whistleblower report uncovers numerous allegations against the Mueller team that many people haven’t heard of even to this day.",no_signal,unknown,unknown,Mueller team,aggressor,active,normalization,incorrect,Assistant draft: duplicate/alias row that should be merged with the earlier canonical actor.
calibration_0019,Right-wing,Very cool!  https://1819news.com/news/item/poll-charlie-kirk-turning-point-usa-second-most-watched-conservative-platform-in-alabama-behind-fox-news,Al,LOC,False,1,unknown,0.0,https://1819news.com/news/item/poll-charlie-kirk-turning-point-usa-second-most-watched-conservative-platform-in-alabama-behind-fox-news,no_signal,unknown,unknown,,,,entity_extraction,incorrect,"Assistant draft: Fragment from the URL/location text, not an actor."
calibration_0020,Right-wing,“The assassination of political figures is not the same thing as just being shot in the throat for the crime of debating issues in the public square.” @benshapiro  discusses the terrifying reality of Charlie Kirk's assassination with  @billmaher  - and what it means for our nation.,Ben,PER,False,1,unknown,0.0,@benshapiro  discusses the terrifying reality of Charlie Kirk's assassination with  @billmaher  - and what it means for our nation.,no_signal,unknown,active,Ben Shapiro,unknown,active,normalization,incorrect,Assistant draft: Incomplete person span.
calibration_0020,Right-wing,“The assassination of political figures is not the same thing as just being shot in the throat for the crime of debating issues in the public square.” @benshapiro  discusses the terrifying reality of Charlie Kirk's assassination with  @billmaher  - and what it means for our nation.,Charliekirk,PER,False,1,unknown,0.0,@benshapiro  discusses the terrifying reality of Charlie Kirk's assassination with  @billmaher  - and what it means for our nation.,no_signal,unknown,unknown,Charlie Kirk,victim,passive,normalization,incorrect,Assistant draft: Actor is correct but normalization and role should reflect assassination victim.
calibration_0020,Right-wing,“The assassination of political figures is not the same thing as just being shot in the throat for the crime of debating issues in the public square.” @benshapiro  discusses the terrifying reality of Charlie Kirk's assassination with  @billmaher  - and what it means for our nation.,we,IN_GROUP,False,1,unknown,0.0,@benshapiro  discusses the terrifying reality of Charlie Kirk's assassination with  @billmaher  - and what it means for our nation.,no_signal,unknown,unknown,we,unknown,unknown,,correct,Assistant draft: Generic in-group reference; no clear role.
calibration_0021,Right-wing,"SECRETARY HEGSETH on the media’s coverage of Operation Epic Fury:  “TDS is in their DNA. They want President Trump to fail. But you, the American people, know better.”",Operationepicfury,MISC,False,1,unknown,0.0,SECRETARY HEGSETH on the media’s coverage of Operation Epic Fury:  “TDS is in their DNA.,no_signal,unknown,passive,,,,entity_extraction,incorrect,"Assistant draft: Event/operation, not an actor."
calibration_0021,Right-wing,"SECRETARY HEGSETH on the media’s coverage of Operation Epic Fury:  “TDS is in their DNA. They want President Trump to fail. But you, the American people, know better.”",TD,MISC,False,1,unknown,0.0,SECRETARY HEGSETH on the media’s coverage of Operation Epic Fury:  “TDS is in their DNA.,no_signal,unknown,active,,,,entity_extraction,incorrect,"Assistant draft: Fragment from 'TDS', not an actor."
calibration_0021,Right-wing,"SECRETARY HEGSETH on the media’s coverage of Operation Epic Fury:  “TDS is in their DNA. They want President Trump to fail. But you, the American people, know better.”",Trump,PER,False,1,unknown,0.0,They want President Trump to fail.,no_signal,unknown,active,Trump,victim,passive,role_assignment,incorrect,Assistant draft: He is framed as the target whom media want to fail.
calibration_0021,Right-wing,"SECRETARY HEGSETH on the media’s coverage of Operation Epic Fury:  “TDS is in their DNA. They want President Trump to fail. But you, the American people, know better.”",United States,MISC,False,1,unknown,0.0,"But you, the American people, know better.”",no_signal,unknown,unknown,American people,hero,active,normalization,incorrect,"Assistant draft: The phrase is 'the American people', a positive in-group, not the state."
calibration_0025,Russian,"Our traditional values are, well, they're under attack from these modern liberal agendas that don't fit our culture.",we,IN_GROUP,False,1,unknown,0.0,"Our traditional values are, well, they're under attack from these modern liberal agendas that don't fit our culture.",no_signal,unknown,unknown,we,victim,passive,role_assignment,incorrect,Assistant draft: The in-group is framed as being under attack through its traditional values.
calibration_0025,Russian,"Our traditional values are, well, they're under attack from these modern liberal agendas that don't fit our culture.",we,IN_GROUP,False,1,unknown,0.0,"Our traditional values are, well, they're under attack from these modern liberal agendas that don't fit our culture.",no_signal,unknown,unknown,we,victim,passive,normalization,incorrect,Assistant draft: duplicate/alias row that should be merged with the earlier canonical actor.
calibration_0026,Russian,"When Kash Patel says cyber actors then I just think Russia has these guys working for them.  ""Sorry, C3PO and Johnny Five were just settling a bet on who could hack the most Americans. They were not doing this as members of Russian intelligence.""  - Putin  @Slavyangrad",Kash Patel,PER,False,1,unknown,0.0,When Kash Patel says cyber actors then I just think Russia has these guys working for them.,no_signal,unknown,active,Kash Patel,unknown,active,,correct,Assistant draft: Speaker/mentioned person; no clear moral role.
calibration_0026,Russian,"When Kash Patel says cyber actors then I just think Russia has these guys working for them.  ""Sorry, C3PO and Johnny Five were just settling a bet on who could hack the most Americans. They were not doing this as members of Russian intelligence.""  - Putin  @Slavyangrad",Russia,LOC,False,1,unknown,0.0,When Kash Patel says cyber actors then I just think Russia has these guys working for them.,no_signal,unknown,active,Russia,aggressor,active,role_assignment,incorrect,Assistant draft: The joke frames Russian-linked cyber actors/intelligence as responsible for hacking.
calibration_0026,Russian,"When Kash Patel says cyber actors then I just think Russia has these guys working for them.  ""Sorry, C3PO and Johnny Five were just settling a bet on who could hack the most Americans. They were not doing this as members of Russian intelligence.""  - Putin  @Slavyangrad",C3PO,ORG,False,1,unknown,0.0,"""Sorry, C3PO and Johnny Five were just settling a bet on who could hack the most Americans.",no_signal,unknown,active,C3PO,aggressor,active,role_assignment,incorrect,Assistant draft: Humorous stand-in for hacking actor.
calibration_0026,Russian,"When Kash Patel says cyber actors then I just think Russia has these guys working for them.  ""Sorry, C3PO and Johnny Five were just settling a bet on who could hack the most Americans. They were not doing this as members of Russian intelligence.""  - Putin  @Slavyangrad",Johnnyfive,PER,False,1,unknown,0.0,"""Sorry, C3PO and Johnny Five were just settling a bet on who could hack the most Americans.",no_signal,unknown,unknown,Johnny Five,aggressor,active,normalization,incorrect,Assistant draft: Actor span/normalization incomplete; framed as hacker.
calibration_0026,Russian,"When Kash Patel says cyber actors then I just think Russia has these guys working for them.  ""Sorry, C3PO and Johnny Five were just settling a bet on who could hack the most Americans. They were not doing this as members of Russian intelligence.""  - Putin  @Slavyangrad",United States,MISC,False,1,unknown,0.0,"""Sorry, C3PO and Johnny Five were just settling a bet on who could hack the most Americans.",no_signal,unknown,passive,Americans,victim,passive,normalization,incorrect,"Assistant draft: The targets are Americans, not the state entity."
calibration_0026,Russian,"When Kash Patel says cyber actors then I just think Russia has these guys working for them.  ""Sorry, C3PO and Johnny Five were just settling a bet on who could hack the most Americans. They were not doing this as members of Russian intelligence.""  - Putin  @Slavyangrad",Russia,MISC,False,1,unknown,0.0,"They were not doing this as members of Russian intelligence.""",no_signal,unknown,unknown,Russia,aggressor,active,normalization,incorrect,Assistant draft: duplicate/alias row that should be merged with the earlier canonical actor.
calibration_0026,Russian,"When Kash Patel says cyber actors then I just think Russia has these guys working for them.  ""Sorry, C3PO and Johnny Five were just settling a bet on who could hack the most Americans. They were not doing this as members of Russian intelligence.""  - Putin  @Slavyangrad",Putin,PER,False,1,unknown,0.0,- Putin  @Slavyangrad,no_signal,unknown,unknown,Putin,unknown,unknown,,correct,Assistant draft: Sarcastic attribution/source; role should remain unknown.
calibration_0026,Russian,"When Kash Patel says cyber actors then I just think Russia has these guys working for them.  ""Sorry, C3PO and Johnny Five were just settling a bet on who could hack the most Americans. They were not doing this as members of Russian intelligence.""  - Putin  @Slavyangrad",Slavyangrad,LOC,False,1,unknown,0.0,- Putin  @Slavyangrad,no_signal,unknown,unknown,,,,entity_extraction,incorrect,"Assistant draft: Channel/source metadata, not narrative actor."
calibration_0027,Russian,"🎖🎖 by Russian Defence Ministry on progress of special military operation as of 14 March 2026  ❗️ Last night, in response to Ukraine's terrorist attacks on civilian facilities on the territory of Russia, the Armed Forces of the Russian Federation carried out a massive strike by ground-, air-, and sea-based long-range precision weaponry and attack UAVs against enterprises of the Ukrainian defence industry, energy infrastructure facilities used for the benefit of the Armed Forces of Ukraine, as well as the military airfields.  ✅ The goals of the strike were achieved. All the assigned targets were engaged.  📍 Units of the Sever Group of Forces took more advantageous lines and positions. Manpower and hardware of the AFU mechanised brigade and one territorial defence brigade have been hit near Miropolye, Pisarevka, Novaya Sech, and Kondratovka (Sumy region).  💥 In Kharkov region, units of two mechanised brigades, one airmobile brigade, and one motorised infantry brigade of the AFU have been hit near Udy, Volchanskye Khutora, and Verkhniy Saltov (Kharkov region).  ▪️ The AFU losses amounted to more than 225 troops, 16 motor vehicles, one field artillery gun, and one U.S.-made MLRS launcher. One counter-battery warfare station, one ammunition depot, and seven materiel depots were neutralised.  📍 The Zapad Group of Forces improved the situation along the front line. Strikes were delivered at manpower and hardware of two mechanised brigades of the AFU, one territorial defence brigade, and one border detachment of the State Border Guard Service of Ukraine close to Novoosinovo, Grushevka (Kharkov region), Yatskovka, Rubtsy, and Krasny Liman (Donetsk People's Republic).  ▪️ The enemy losses amounted to up to 190 troops, one infantry fighting vehicle, two U.S.-made M113 armoured personnel carriers, seven armoured fighting vehicles, 21 motor vehicles, and four artillery guns, including one 155-mm Polish-made Krab self-propelled artillery system. One counter-battery warfare station and four ammunition depots were neutralised.  📍 The Yuzhnaya Group of Forces took more advantageous lines and positions. Russian troops hit one mechanised brigade, one motorised infantry brigade, one assault brigade of the AFU, and one marine brigade near Konstantinovka, Druzhkovka, Alekseyevo-Druzhkovka, Novoselovka, and Aleksandrovka (Donetsk People's Republic).  ▪️ The enemy lost up to 140 troops, one U.S.-made M113 armoured personnel carrier, three armoured fighting vehicles, ten motor vehicles, three field artillery guns, and one Grad MLRS combat vehicle. Five ammunition and materiel depots were eliminated.  👉 See Part 2   🔹 Russian Defence Ministry",Russiandefenceministry,ORG,False,1,unknown,0.0,🎖🎖 by Russian Defence Ministry on progress of special military operation as of 14 March 2026  ❗️,no_signal,unknown,passive,,,,entity_extraction,incorrect,"Assistant draft: Report source/header, not an actor in the described combat action."
calibration_0027,Russian,"🎖🎖 by Russian Defence Ministry on progress of special military operation as of 14 March 2026  ❗️ Last night, in response to Ukraine's terrorist attacks on civilian facilities on the territory of Russia, the Armed Forces of the Russian Federation carried out a massive strike by ground-, air-, and sea-based long-range precision weaponry and attack UAVs against enterprises of the Ukrainian defence industry, energy infrastructure facilities used for the benefit of the Armed Forces of Ukraine, as well as the military airfields.  ✅ The goals of the strike were achieved. All the assigned targets were engaged.  📍 Units of the Sever Group of Forces took more advantageous lines and positions. Manpower and hardware of the AFU mechanised brigade and one territorial defence brigade have been hit near Miropolye, Pisarevka, Novaya Sech, and Kondratovka (Sumy region).  💥 In Kharkov region, units of two mechanised brigades, one airmobile brigade, and one motorised infantry brigade of the AFU have been hit near Udy, Volchanskye Khutora, and Verkhniy Saltov (Kharkov region).  ▪️ The AFU losses amounted to more than 225 troops, 16 motor vehicles, one field artillery gun, and one U.S.-made MLRS launcher. One counter-battery warfare station, one ammunition depot, and seven materiel depots were neutralised.  📍 The Zapad Group of Forces improved the situation along the front line. Strikes were delivered at manpower and hardware of two mechanised brigades of the AFU, one territorial defence brigade, and one border detachment of the State Border Guard Service of Ukraine close to Novoosinovo, Grushevka (Kharkov region), Yatskovka, Rubtsy, and Krasny Liman (Donetsk People's Republic).  ▪️ The enemy losses amounted to up to 190 troops, one infantry fighting vehicle, two U.S.-made M113 armoured personnel carriers, seven armoured fighting vehicles, 21 motor vehicles, and four artillery guns, including one 155-mm Polish-made Krab self-propelled artillery system. One counter-battery warfare station and four ammunition depots were neutralised.  📍 The Yuzhnaya Group of Forces took more advantageous lines and positions. Russian troops hit one mechanised brigade, one motorised infantry brigade, one assault brigade of the AFU, and one marine brigade near Konstantinovka, Druzhkovka, Alekseyevo-Druzhkovka, Novoselovka, and Aleksandrovka (Donetsk People's Republic).  ▪️ The enemy lost up to 140 troops, one U.S.-made M113 armoured personnel carrier, three armoured fighting vehicles, ten motor vehicles, three field artillery guns, and one Grad MLRS combat vehicle. Five ammunition and materiel depots were eliminated.  👉 See Part 2   🔹 Russian Defence Ministry",Ukraine,LOC,False,1,unknown,0.0,"Last night, in response to Ukraine's terrorist attacks on civilian facilities on the territory of Russia, the Armed Forces of the Russian Federation carried out a massive strike by ground-, air-, and sea-based long-range precision weaponry and attack UAVs against enterprises of the Ukrainian defence industry, energy infrastructure facilities used for the benefit of the Armed Forces of Ukraine, as well as the military airfields.",no_signal,unknown,unknown,Ukraine,aggressor,active,role_assignment,incorrect,Assistant draft: The report explicitly frames Ukraine as attacking Russian civilian facilities.
calibration_0027,Russian,"🎖🎖 by Russian Defence Ministry on progress of special military operation as of 14 March 2026  ❗️ Last night, in response to Ukraine's terrorist attacks on civilian facilities on the territory of Russia, the Armed Forces of the Russian Federation carried out a massive strike by ground-, air-, and sea-based long-range precision weaponry and attack UAVs against enterprises of the Ukrainian defence industry, energy infrastructure facilities used for the benefit of the Armed Forces of Ukraine, as well as the military airfields.  ✅ The goals of the strike were achieved. All the assigned targets were engaged.  📍 Units of the Sever Group of Forces took more advantageous lines and positions. Manpower and hardware of the AFU mechanised brigade and one territorial defence brigade have been hit near Miropolye, Pisarevka, Novaya Sech, and Kondratovka (Sumy region).  💥 In Kharkov region, units of two mechanised brigades, one airmobile brigade, and one motorised infantry brigade of the AFU have been hit near Udy, Volchanskye Khutora, and Verkhniy Saltov (Kharkov region).  ▪️ The AFU losses amounted to more than 225 troops, 16 motor vehicles, one field artillery gun, and one U.S.-made MLRS launcher. One counter-battery warfare station, one ammunition depot, and seven materiel depots were neutralised.  📍 The Zapad Group of Forces improved the situation along the front line. Strikes were delivered at manpower and hardware of two mechanised brigades of the AFU, one territorial defence brigade, and one border detachment of the State Border Guard Service of Ukraine close to Novoosinovo, Grushevka (Kharkov region), Yatskovka, Rubtsy, and Krasny Liman (Donetsk People's Republic).  ▪️ The enemy losses amounted to up to 190 troops, one infantry fighting vehicle, two U.S.-made M113 armoured personnel carriers, seven armoured fighting vehicles, 21 motor vehicles, and four artillery guns, including one 155-mm Polish-made Krab self-propelled artillery system. One counter-battery warfare station and four ammunition depots were neutralised.  📍 The Yuzhnaya Group of Forces took more advantageous lines and positions. Russian troops hit one mechanised brigade, one motorised infantry brigade, one assault brigade of the AFU, and one marine brigade near Konstantinovka, Druzhkovka, Alekseyevo-Druzhkovka, Novoselovka, and Aleksandrovka (Donetsk People's Republic).  ▪️ The enemy lost up to 140 troops, one U.S.-made M113 armoured personnel carrier, three armoured fighting vehicles, ten motor vehicles, three field artillery guns, and one Grad MLRS combat vehicle. Five ammunition and materiel depots were eliminated.  👉 See Part 2   🔹 Russian Defence Ministry",Russia,LOC,False,1,unknown,0.0,"Last night, in response to Ukraine's terrorist attacks on civilian facilities on the territory of Russia, the Armed Forces of the Russian Federation carried out a massive strike by ground-, air-, and sea-based long-range precision weaponry and attack UAVs against enterprises of the Ukrainian defence industry, energy infrastructure facilities used for the benefit of the Armed Forces of Ukraine, as well as the military airfields.",no_signal,unknown,passive,Russia,victim,passive,role_assignment,incorrect,Assistant draft: Russia/Russian civilian facilities are framed as the target of attacks.
calibration_0027,Russian,"🎖🎖 by Russian Defence Ministry on progress of special military operation as of 14 March 2026  ❗️ Last night, in response to Ukraine's terrorist attacks on civilian facilities on the territory of Russia, the Armed Forces of the Russian Federation carried out a massive strike by ground-, air-, and sea-based long-range precision weaponry and attack UAVs against enterprises of the Ukrainian defence industry, energy infrastructure facilities used for the benefit of the Armed Forces of Ukraine, as well as the military airfields.  ✅ The goals of the strike were achieved. All the assigned targets were engaged.  📍 Units of the Sever Group of Forces took more advantageous lines and positions. Manpower and hardware of the AFU mechanised brigade and one territorial defence brigade have been hit near Miropolye, Pisarevka, Novaya Sech, and Kondratovka (Sumy region).  💥 In Kharkov region, units of two mechanised brigades, one airmobile brigade, and one motorised infantry brigade of the AFU have been hit near Udy, Volchanskye Khutora, and Verkhniy Saltov (Kharkov region).  ▪️ The AFU losses amounted to more than 225 troops, 16 motor vehicles, one field artillery gun, and one U.S.-made MLRS launcher. One counter-battery warfare station, one ammunition depot, and seven materiel depots were neutralised.  📍 The Zapad Group of Forces improved the situation along the front line. Strikes were delivered at manpower and hardware of two mechanised brigades of the AFU, one territorial defence brigade, and one border detachment of the State Border Guard Service of Ukraine close to Novoosinovo, Grushevka (Kharkov region), Yatskovka, Rubtsy, and Krasny Liman (Donetsk People's Republic).  ▪️ The enemy losses amounted to up to 190 troops, one infantry fighting vehicle, two U.S.-made M113 armoured personnel carriers, seven armoured fighting vehicles, 21 motor vehicles, and four artillery guns, including one 155-mm Polish-made Krab self-propelled artillery system. One counter-battery warfare station and four ammunition depots were neutralised.  📍 The Yuzhnaya Group of Forces took more advantageous lines and positions. Russian troops hit one mechanised brigade, one motorised infantry brigade, one assault brigade of the AFU, and one marine brigade near Konstantinovka, Druzhkovka, Alekseyevo-Druzhkovka, Novoselovka, and Aleksandrovka (Donetsk People's Republic).  ▪️ The enemy lost up to 140 troops, one U.S.-made M113 armoured personnel carrier, three armoured fighting vehicles, ten motor vehicles, three field artillery guns, and one Grad MLRS combat vehicle. Five ammunition and materiel depots were eliminated.  👉 See Part 2   🔹 Russian Defence Ministry",Armedforcesoftherussianfederation,ORG,False,1,unknown,0.0,"Last night, in response to Ukraine's terrorist attacks on civilian facilities on the territory of Russia, the Armed Forces of the Russian Federation carried out a massive strike by ground-, air-, and sea-based long-range precision weaponry and attack UAVs against enterprises of the Ukrainian defence industry, energy infrastructure facilities used for the benefit of the Armed Forces of Ukraine, as well as the military airfields.",no_signal,unknown,active,Armed Forces of the Russian Federation,savior,active,role_assignment,incorrect,Assistant draft: Framed as retaliating/protecting in response to attacks.
calibration_0027,Russian,"🎖🎖 by Russian Defence Ministry on progress of special military operation as of 14 March 2026  ❗️ Last night, in response to Ukraine's terrorist attacks on civilian facilities on the territory of Russia, the Armed Forces of the Russian Federation carried out a massive strike by ground-, air-, and sea-based long-range precision weaponry and attack UAVs against enterprises of the Ukrainian defence industry, energy infrastructure facilities used for the benefit of the Armed Forces of Ukraine, as well as the military airfields.  ✅ The goals of the strike were achieved. All the assigned targets were engaged.  📍 Units of the Sever Group of Forces took more advantageous lines and positions. Manpower and hardware of the AFU mechanised brigade and one territorial defence brigade have been hit near Miropolye, Pisarevka, Novaya Sech, and Kondratovka (Sumy region).  💥 In Kharkov region, units of two mechanised brigades, one airmobile brigade, and one motorised infantry brigade of the AFU have been hit near Udy, Volchanskye Khutora, and Verkhniy Saltov (Kharkov region).  ▪️ The AFU losses amounted to more than 225 troops, 16 motor vehicles, one field artillery gun, and one U.S.-made MLRS launcher. One counter-battery warfare station, one ammunition depot, and seven materiel depots were neutralised.  📍 The Zapad Group of Forces improved the situation along the front line. Strikes were delivered at manpower and hardware of two mechanised brigades of the AFU, one territorial defence brigade, and one border detachment of the State Border Guard Service of Ukraine close to Novoosinovo, Grushevka (Kharkov region), Yatskovka, Rubtsy, and Krasny Liman (Donetsk People's Republic).  ▪️ The enemy losses amounted to up to 190 troops, one infantry fighting vehicle, two U.S.-made M113 armoured personnel carriers, seven armoured fighting vehicles, 21 motor vehicles, and four artillery guns, including one 155-mm Polish-made Krab self-propelled artillery system. One counter-battery warfare station and four ammunition depots were neutralised.  📍 The Yuzhnaya Group of Forces took more advantageous lines and positions. Russian troops hit one mechanised brigade, one motorised infantry brigade, one assault brigade of the AFU, and one marine brigade near Konstantinovka, Druzhkovka, Alekseyevo-Druzhkovka, Novoselovka, and Aleksandrovka (Donetsk People's Republic).  ▪️ The enemy lost up to 140 troops, one U.S.-made M113 armoured personnel carrier, three armoured fighting vehicles, ten motor vehicles, three field artillery guns, and one Grad MLRS combat vehicle. Five ammunition and materiel depots were eliminated.  👉 See Part 2   🔹 Russian Defence Ministry",Ukraine,MISC,False,1,unknown,0.0,"Last night, in response to Ukraine's terrorist attacks on civilian facilities on the territory of Russia, the Armed Forces of the Russian Federation carried out a massive strike by ground-, air-, and sea-based long-range precision weaponry and attack UAVs against enterprises of the Ukrainian defence industry, energy infrastructure facilities used for the benefit of the Armed Forces of Ukraine, as well as the military airfields.",no_signal,unknown,unknown,Ukraine,aggressor,active,normalization,incorrect,Assistant draft: duplicate/alias row that should be merged with the earlier canonical actor.
calibration_0027,Russian,"🎖🎖 by Russian Defence Ministry on progress of special military operation as of 14 March 2026  ❗️ Last night, in response to Ukraine's terrorist attacks on civilian facilities on the territory of Russia, the Armed Forces of the Russian Federation carried out a massive strike by ground-, air-, and sea-based long-range precision weaponry and attack UAVs against enterprises of the Ukrainian defence industry, energy infrastructure facilities used for the benefit of the Armed Forces of Ukraine, as well as the military airfields.  ✅ The goals of the strike were achieved. All the assigned targets were engaged.  📍 Units of the Sever Group of Forces took more advantageous lines and positions. Manpower and hardware of the AFU mechanised brigade and one territorial defence brigade have been hit near Miropolye, Pisarevka, Novaya Sech, and Kondratovka (Sumy region).  💥 In Kharkov region, units of two mechanised brigades, one airmobile brigade, and one motorised infantry brigade of the AFU have been hit near Udy, Volchanskye Khutora, and Verkhniy Saltov (Kharkov region).  ▪️ The AFU losses amounted to more than 225 troops, 16 motor vehicles, one field artillery gun, and one U.S.-made MLRS launcher. One counter-battery warfare station, one ammunition depot, and seven materiel depots were neutralised.  📍 The Zapad Group of Forces improved the situation along the front line. Strikes were delivered at manpower and hardware of two mechanised brigades of the AFU, one territorial defence brigade, and one border detachment of the State Border Guard Service of Ukraine close to Novoosinovo, Grushevka (Kharkov region), Yatskovka, Rubtsy, and Krasny Liman (Donetsk People's Republic).  ▪️ The enemy losses amounted to up to 190 troops, one infantry fighting vehicle, two U.S.-made M113 armoured personnel carriers, seven armoured fighting vehicles, 21 motor vehicles, and four artillery guns, including one 155-mm Polish-made Krab self-propelled artillery system. One counter-battery warfare station and four ammunition depots were neutralised.  📍 The Yuzhnaya Group of Forces took more advantageous lines and positions. Russian troops hit one mechanised brigade, one motorised infantry brigade, one assault brigade of the AFU, and one marine brigade near Konstantinovka, Druzhkovka, Alekseyevo-Druzhkovka, Novoselovka, and Aleksandrovka (Donetsk People's Republic).  ▪️ The enemy lost up to 140 troops, one U.S.-made M113 armoured personnel carrier, three armoured fighting vehicles, ten motor vehicles, three field artillery guns, and one Grad MLRS combat vehicle. Five ammunition and materiel depots were eliminated.  👉 See Part 2   🔹 Russian Defence Ministry",Armedforcesofukraine,ORG,False,1,unknown,0.0,"Last night, in response to Ukraine's terrorist attacks on civilian facilities on the territory of Russia, the Armed Forces of the Russian Federation carried out a massive strike by ground-, air-, and sea-based long-range precision weaponry and attack UAVs against enterprises of the Ukrainian defence industry, energy infrastructure facilities used for the benefit of the Armed Forces of Ukraine, as well as the military airfields.",no_signal,unknown,passive,Armed Forces of Ukraine,aggressor,active,role_assignment,incorrect,Assistant draft: Opponent/adversary in the report.
calibration_0027,Russian,"🎖🎖 by Russian Defence Ministry on progress of special military operation as of 14 March 2026  ❗️ Last night, in response to Ukraine's terrorist attacks on civilian facilities on the territory of Russia, the Armed Forces of the Russian Federation carried out a massive strike by ground-, air-, and sea-based long-range precision weaponry and attack UAVs against enterprises of the Ukrainian defence industry, energy infrastructure facilities used for the benefit of the Armed Forces of Ukraine, as well as the military airfields.  ✅ The goals of the strike were achieved. All the assigned targets were engaged.  📍 Units of the Sever Group of Forces took more advantageous lines and positions. Manpower and hardware of the AFU mechanised brigade and one territorial defence brigade have been hit near Miropolye, Pisarevka, Novaya Sech, and Kondratovka (Sumy region).  💥 In Kharkov region, units of two mechanised brigades, one airmobile brigade, and one motorised infantry brigade of the AFU have been hit near Udy, Volchanskye Khutora, and Verkhniy Saltov (Kharkov region).  ▪️ The AFU losses amounted to more than 225 troops, 16 motor vehicles, one field artillery gun, and one U.S.-made MLRS launcher. One counter-battery warfare station, one ammunition depot, and seven materiel depots were neutralised.  📍 The Zapad Group of Forces improved the situation along the front line. Strikes were delivered at manpower and hardware of two mechanised brigades of the AFU, one territorial defence brigade, and one border detachment of the State Border Guard Service of Ukraine close to Novoosinovo, Grushevka (Kharkov region), Yatskovka, Rubtsy, and Krasny Liman (Donetsk People's Republic).  ▪️ The enemy losses amounted to up to 190 troops, one infantry fighting vehicle, two U.S.-made M113 armoured personnel carriers, seven armoured fighting vehicles, 21 motor vehicles, and four artillery guns, including one 155-mm Polish-made Krab self-propelled artillery system. One counter-battery warfare station and four ammunition depots were neutralised.  📍 The Yuzhnaya Group of Forces took more advantageous lines and positions. Russian troops hit one mechanised brigade, one motorised infantry brigade, one assault brigade of the AFU, and one marine brigade near Konstantinovka, Druzhkovka, Alekseyevo-Druzhkovka, Novoselovka, and Aleksandrovka (Donetsk People's Republic).  ▪️ The enemy lost up to 140 troops, one U.S.-made M113 armoured personnel carrier, three armoured fighting vehicles, ten motor vehicles, three field artillery guns, and one Grad MLRS combat vehicle. Five ammunition and materiel depots were eliminated.  👉 See Part 2   🔹 Russian Defence Ministry",Severgroupofforces,ORG,False,1,unknown,0.0,📍 Units of the Sever Group of Forces took more advantageous lines and positions.,no_signal,unknown,passive,Sever Group of Forces,hero,active,role_assignment,incorrect,Assistant draft: Own-side military formation framed positively.
calibration_0027,Russian,"🎖🎖 by Russian Defence Ministry on progress of special military operation as of 14 March 2026  ❗️ Last night, in response to Ukraine's terrorist attacks on civilian facilities on the territory of Russia, the Armed Forces of the Russian Federation carried out a massive strike by ground-, air-, and sea-based long-range precision weaponry and attack UAVs against enterprises of the Ukrainian defence industry, energy infrastructure facilities used for the benefit of the Armed Forces of Ukraine, as well as the military airfields.  ✅ The goals of the strike were achieved. All the assigned targets were engaged.  📍 Units of the Sever Group of Forces took more advantageous lines and positions. Manpower and hardware of the AFU mechanised brigade and one territorial defence brigade have been hit near Miropolye, Pisarevka, Novaya Sech, and Kondratovka (Sumy region).  💥 In Kharkov region, units of two mechanised brigades, one airmobile brigade, and one motorised infantry brigade of the AFU have been hit near Udy, Volchanskye Khutora, and Verkhniy Saltov (Kharkov region).  ▪️ The AFU losses amounted to more than 225 troops, 16 motor vehicles, one field artillery gun, and one U.S.-made MLRS launcher. One counter-battery warfare station, one ammunition depot, and seven materiel depots were neutralised.  📍 The Zapad Group of Forces improved the situation along the front line. Strikes were delivered at manpower and hardware of two mechanised brigades of the AFU, one territorial defence brigade, and one border detachment of the State Border Guard Service of Ukraine close to Novoosinovo, Grushevka (Kharkov region), Yatskovka, Rubtsy, and Krasny Liman (Donetsk People's Republic).  ▪️ The enemy losses amounted to up to 190 troops, one infantry fighting vehicle, two U.S.-made M113 armoured personnel carriers, seven armoured fighting vehicles, 21 motor vehicles, and four artillery guns, including one 155-mm Polish-made Krab self-propelled artillery system. One counter-battery warfare station and four ammunition depots were neutralised.  📍 The Yuzhnaya Group of Forces took more advantageous lines and positions. Russian troops hit one mechanised brigade, one motorised infantry brigade, one assault brigade of the AFU, and one marine brigade near Konstantinovka, Druzhkovka, Alekseyevo-Druzhkovka, Novoselovka, and Aleksandrovka (Donetsk People's Republic).  ▪️ The enemy lost up to 140 troops, one U.S.-made M113 armoured personnel carrier, three armoured fighting vehicles, ten motor vehicles, three field artillery guns, and one Grad MLRS combat vehicle. Five ammunition and materiel depots were eliminated.  👉 See Part 2   🔹 Russian Defence Ministry",AFU,ORG,False,1,unknown,0.0,"Manpower and hardware of the AFU mechanised brigade and one territorial defence brigade have been hit near Miropolye, Pisarevka, Novaya Sech, and Kondratovka (Sumy region).",no_signal,unknown,unknown,Armed Forces of Ukraine,aggressor,active,normalization,incorrect,Assistant draft: duplicate/alias row that should be merged with the earlier canonical actor.
calibration_0027,Russian,"🎖🎖 by Russian Defence Ministry on progress of special military operation as of 14 March 2026  ❗️ Last night, in response to Ukraine's terrorist attacks on civilian facilities on the territory of Russia, the Armed Forces of the Russian Federation carried out a massive strike by ground-, air-, and sea-based long-range precision weaponry and attack UAVs against enterprises of the Ukrainian defence industry, energy infrastructure facilities used for the benefit of the Armed Forces of Ukraine, as well as the military airfields.  ✅ The goals of the strike were achieved. All the assigned targets were engaged.  📍 Units of the Sever Group of Forces took more advantageous lines and positions. Manpower and hardware of the AFU mechanised brigade and one territorial defence brigade have been hit near Miropolye, Pisarevka, Novaya Sech, and Kondratovka (Sumy region).  💥 In Kharkov region, units of two mechanised brigades, one airmobile brigade, and one motorised infantry brigade of the AFU have been hit near Udy, Volchanskye Khutora, and Verkhniy Saltov (Kharkov region).  ▪️ The AFU losses amounted to more than 225 troops, 16 motor vehicles, one field artillery gun, and one U.S.-made MLRS launcher. One counter-battery warfare station, one ammunition depot, and seven materiel depots were neutralised.  📍 The Zapad Group of Forces improved the situation along the front line. Strikes were delivered at manpower and hardware of two mechanised brigades of the AFU, one territorial defence brigade, and one border detachment of the State Border Guard Service of Ukraine close to Novoosinovo, Grushevka (Kharkov region), Yatskovka, Rubtsy, and Krasny Liman (Donetsk People's Republic).  ▪️ The enemy losses amounted to up to 190 troops, one infantry fighting vehicle, two U.S.-made M113 armoured personnel carriers, seven armoured fighting vehicles, 21 motor vehicles, and four artillery guns, including one 155-mm Polish-made Krab self-propelled artillery system. One counter-battery warfare station and four ammunition depots were neutralised.  📍 The Yuzhnaya Group of Forces took more advantageous lines and positions. Russian troops hit one mechanised brigade, one motorised infantry brigade, one assault brigade of the AFU, and one marine brigade near Konstantinovka, Druzhkovka, Alekseyevo-Druzhkovka, Novoselovka, and Aleksandrovka (Donetsk People's Republic).  ▪️ The enemy lost up to 140 troops, one U.S.-made M113 armoured personnel carrier, three armoured fighting vehicles, ten motor vehicles, three field artillery guns, and one Grad MLRS combat vehicle. Five ammunition and materiel depots were eliminated.  👉 See Part 2   🔹 Russian Defence Ministry",Miropolye,LOC,False,1,unknown,0.0,"Manpower and hardware of the AFU mechanised brigade and one territorial defence brigade have been hit near Miropolye, Pisarevka, Novaya Sech, and Kondratovka (Sumy region).",no_signal,unknown,passive,,,,entity_extraction,incorrect,"Assistant draft: Location, not actor."
calibration_0027,Russian,"🎖🎖 by Russian Defence Ministry on progress of special military operation as of 14 March 2026  ❗️ Last night, in response to Ukraine's terrorist attacks on civilian facilities on the territory of Russia, the Armed Forces of the Russian Federation carried out a massive strike by ground-, air-, and sea-based long-range precision weaponry and attack UAVs against enterprises of the Ukrainian defence industry, energy infrastructure facilities used for the benefit of the Armed Forces of Ukraine, as well as the military airfields.  ✅ The goals of the strike were achieved. All the assigned targets were engaged.  📍 Units of the Sever Group of Forces took more advantageous lines and positions. Manpower and hardware of the AFU mechanised brigade and one territorial defence brigade have been hit near Miropolye, Pisarevka, Novaya Sech, and Kondratovka (Sumy region).  💥 In Kharkov region, units of two mechanised brigades, one airmobile brigade, and one motorised infantry brigade of the AFU have been hit near Udy, Volchanskye Khutora, and Verkhniy Saltov (Kharkov region).  ▪️ The AFU losses amounted to more than 225 troops, 16 motor vehicles, one field artillery gun, and one U.S.-made MLRS launcher. One counter-battery warfare station, one ammunition depot, and seven materiel depots were neutralised.  📍 The Zapad Group of Forces improved the situation along the front line. Strikes were delivered at manpower and hardware of two mechanised brigades of the AFU, one territorial defence brigade, and one border detachment of the State Border Guard Service of Ukraine close to Novoosinovo, Grushevka (Kharkov region), Yatskovka, Rubtsy, and Krasny Liman (Donetsk People's Republic).  ▪️ The enemy losses amounted to up to 190 troops, one infantry fighting vehicle, two U.S.-made M113 armoured personnel carriers, seven armoured fighting vehicles, 21 motor vehicles, and four artillery guns, including one 155-mm Polish-made Krab self-propelled artillery system. One counter-battery warfare station and four ammunition depots were neutralised.  📍 The Yuzhnaya Group of Forces took more advantageous lines and positions. Russian troops hit one mechanised brigade, one motorised infantry brigade, one assault brigade of the AFU, and one marine brigade near Konstantinovka, Druzhkovka, Alekseyevo-Druzhkovka, Novoselovka, and Aleksandrovka (Donetsk People's Republic).  ▪️ The enemy lost up to 140 troops, one U.S.-made M113 armoured personnel carrier, three armoured fighting vehicles, ten motor vehicles, three field artillery guns, and one Grad MLRS combat vehicle. Five ammunition and materiel depots were eliminated.  👉 See Part 2   🔹 Russian Defence Ministry",Pisarevka,LOC,False,1,unknown,0.0,"Manpower and hardware of the AFU mechanised brigade and one territorial defence brigade have been hit near Miropolye, Pisarevka, Novaya Sech, and Kondratovka (Sumy region).",no_signal,unknown,unknown,,,,entity_extraction,incorrect,"Assistant draft: Location, not actor."
calibration_0027,Russian,"🎖🎖 by Russian Defence Ministry on progress of special military operation as of 14 March 2026  ❗️ Last night, in response to Ukraine's terrorist attacks on civilian facilities on the territory of Russia, the Armed Forces of the Russian Federation carried out a massive strike by ground-, air-, and sea-based long-range precision weaponry and attack UAVs against enterprises of the Ukrainian defence industry, energy infrastructure facilities used for the benefit of the Armed Forces of Ukraine, as well as the military airfields.  ✅ The goals of the strike were achieved. All the assigned targets were engaged.  📍 Units of the Sever Group of Forces took more advantageous lines and positions. Manpower and hardware of the AFU mechanised brigade and one territorial defence brigade have been hit near Miropolye, Pisarevka, Novaya Sech, and Kondratovka (Sumy region).  💥 In Kharkov region, units of two mechanised brigades, one airmobile brigade, and one motorised infantry brigade of the AFU have been hit near Udy, Volchanskye Khutora, and Verkhniy Saltov (Kharkov region).  ▪️ The AFU losses amounted to more than 225 troops, 16 motor vehicles, one field artillery gun, and one U.S.-made MLRS launcher. One counter-battery warfare station, one ammunition depot, and seven materiel depots were neutralised.  📍 The Zapad Group of Forces improved the situation along the front line. Strikes were delivered at manpower and hardware of two mechanised brigades of the AFU, one territorial defence brigade, and one border detachment of the State Border Guard Service of Ukraine close to Novoosinovo, Grushevka (Kharkov region), Yatskovka, Rubtsy, and Krasny Liman (Donetsk People's Republic).  ▪️ The enemy losses amounted to up to 190 troops, one infantry fighting vehicle, two U.S.-made M113 armoured personnel carriers, seven armoured fighting vehicles, 21 motor vehicles, and four artillery guns, including one 155-mm Polish-made Krab self-propelled artillery system. One counter-battery warfare station and four ammunition depots were neutralised.  📍 The Yuzhnaya Group of Forces took more advantageous lines and positions. Russian troops hit one mechanised brigade, one motorised infantry brigade, one assault brigade of the AFU, and one marine brigade near Konstantinovka, Druzhkovka, Alekseyevo-Druzhkovka, Novoselovka, and Aleksandrovka (Donetsk People's Republic).  ▪️ The enemy lost up to 140 troops, one U.S.-made M113 armoured personnel carrier, three armoured fighting vehicles, ten motor vehicles, three field artillery guns, and one Grad MLRS combat vehicle. Five ammunition and materiel depots were eliminated.  👉 See Part 2   🔹 Russian Defence Ministry",Novaya,LOC,False,1,unknown,0.0,"Manpower and hardware of the AFU mechanised brigade and one territorial defence brigade have been hit near Miropolye, Pisarevka, Novaya Sech, and Kondratovka (Sumy region).",no_signal,unknown,unknown,,,,entity_extraction,incorrect,"Assistant draft: Location/fragment, not actor."
calibration_0027,Russian,"🎖🎖 by Russian Defence Ministry on progress of special military operation as of 14 March 2026  ❗️ Last night, in response to Ukraine's terrorist attacks on civilian facilities on the territory of Russia, the Armed Forces of the Russian Federation carried out a massive strike by ground-, air-, and sea-based long-range precision weaponry and attack UAVs against enterprises of the Ukrainian defence industry, energy infrastructure facilities used for the benefit of the Armed Forces of Ukraine, as well as the military airfields.  ✅ The goals of the strike were achieved. All the assigned targets were engaged.  📍 Units of the Sever Group of Forces took more advantageous lines and positions. Manpower and hardware of the AFU mechanised brigade and one territorial defence brigade have been hit near Miropolye, Pisarevka, Novaya Sech, and Kondratovka (Sumy region).  💥 In Kharkov region, units of two mechanised brigades, one airmobile brigade, and one motorised infantry brigade of the AFU have been hit near Udy, Volchanskye Khutora, and Verkhniy Saltov (Kharkov region).  ▪️ The AFU losses amounted to more than 225 troops, 16 motor vehicles, one field artillery gun, and one U.S.-made MLRS launcher. One counter-battery warfare station, one ammunition depot, and seven materiel depots were neutralised.  📍 The Zapad Group of Forces improved the situation along the front line. Strikes were delivered at manpower and hardware of two mechanised brigades of the AFU, one territorial defence brigade, and one border detachment of the State Border Guard Service of Ukraine close to Novoosinovo, Grushevka (Kharkov region), Yatskovka, Rubtsy, and Krasny Liman (Donetsk People's Republic).  ▪️ The enemy losses amounted to up to 190 troops, one infantry fighting vehicle, two U.S.-made M113 armoured personnel carriers, seven armoured fighting vehicles, 21 motor vehicles, and four artillery guns, including one 155-mm Polish-made Krab self-propelled artillery system. One counter-battery warfare station and four ammunition depots were neutralised.  📍 The Yuzhnaya Group of Forces took more advantageous lines and positions. Russian troops hit one mechanised brigade, one motorised infantry brigade, one assault brigade of the AFU, and one marine brigade near Konstantinovka, Druzhkovka, Alekseyevo-Druzhkovka, Novoselovka, and Aleksandrovka (Donetsk People's Republic).  ▪️ The enemy lost up to 140 troops, one U.S.-made M113 armoured personnel carrier, three armoured fighting vehicles, ten motor vehicles, three field artillery guns, and one Grad MLRS combat vehicle. Five ammunition and materiel depots were eliminated.  👉 See Part 2   🔹 Russian Defence Ministry",Sech,ORG,False,1,unknown,0.0,"Manpower and hardware of the AFU mechanised brigade and one territorial defence brigade have been hit near Miropolye, Pisarevka, Novaya Sech, and Kondratovka (Sumy region).",no_signal,unknown,unknown,,,,entity_extraction,incorrect,Assistant draft: Fragment/noisy entity.
calibration_0027,Russian,"🎖🎖 by Russian Defence Ministry on progress of special military operation as of 14 March 2026  ❗️ Last night, in response to Ukraine's terrorist attacks on civilian facilities on the territory of Russia, the Armed Forces of the Russian Federation carried out a massive strike by ground-, air-, and sea-based long-range precision weaponry and attack UAVs against enterprises of the Ukrainian defence industry, energy infrastructure facilities used for the benefit of the Armed Forces of Ukraine, as well as the military airfields.  ✅ The goals of the strike were achieved. All the assigned targets were engaged.  📍 Units of the Sever Group of Forces took more advantageous lines and positions. Manpower and hardware of the AFU mechanised brigade and one territorial defence brigade have been hit near Miropolye, Pisarevka, Novaya Sech, and Kondratovka (Sumy region).  💥 In Kharkov region, units of two mechanised brigades, one airmobile brigade, and one motorised infantry brigade of the AFU have been hit near Udy, Volchanskye Khutora, and Verkhniy Saltov (Kharkov region).  ▪️ The AFU losses amounted to more than 225 troops, 16 motor vehicles, one field artillery gun, and one U.S.-made MLRS launcher. One counter-battery warfare station, one ammunition depot, and seven materiel depots were neutralised.  📍 The Zapad Group of Forces improved the situation along the front line. Strikes were delivered at manpower and hardware of two mechanised brigades of the AFU, one territorial defence brigade, and one border detachment of the State Border Guard Service of Ukraine close to Novoosinovo, Grushevka (Kharkov region), Yatskovka, Rubtsy, and Krasny Liman (Donetsk People's Republic).  ▪️ The enemy losses amounted to up to 190 troops, one infantry fighting vehicle, two U.S.-made M113 armoured personnel carriers, seven armoured fighting vehicles, 21 motor vehicles, and four artillery guns, including one 155-mm Polish-made Krab self-propelled artillery system. One counter-battery warfare station and four ammunition depots were neutralised.  📍 The Yuzhnaya Group of Forces took more advantageous lines and positions. Russian troops hit one mechanised brigade, one motorised infantry brigade, one assault brigade of the AFU, and one marine brigade near Konstantinovka, Druzhkovka, Alekseyevo-Druzhkovka, Novoselovka, and Aleksandrovka (Donetsk People's Republic).  ▪️ The enemy lost up to 140 troops, one U.S.-made M113 armoured personnel carrier, three armoured fighting vehicles, ten motor vehicles, three field artillery guns, and one Grad MLRS combat vehicle. Five ammunition and materiel depots were eliminated.  👉 See Part 2   🔹 Russian Defence Ministry",Kondratovka,LOC,False,1,unknown,0.0,"Manpower and hardware of the AFU mechanised brigade and one territorial defence brigade have been hit near Miropolye, Pisarevka, Novaya Sech, and Kondratovka (Sumy region).",no_signal,unknown,unknown,,,,entity_extraction,incorrect,"Assistant draft: Location, not actor."
calibration_0027,Russian,"🎖🎖 by Russian Defence Ministry on progress of special military operation as of 14 March 2026  ❗️ Last night, in response to Ukraine's terrorist attacks on civilian facilities on the territory of Russia, the Armed Forces of the Russian Federation carried out a massive strike by ground-, air-, and sea-based long-range precision weaponry and attack UAVs against enterprises of the Ukrainian defence industry, energy infrastructure facilities used for the benefit of the Armed Forces of Ukraine, as well as the military airfields.  ✅ The goals of the strike were achieved. All the assigned targets were engaged.  📍 Units of the Sever Group of Forces took more advantageous lines and positions. Manpower and hardware of the AFU mechanised brigade and one territorial defence brigade have been hit near Miropolye, Pisarevka, Novaya Sech, and Kondratovka (Sumy region).  💥 In Kharkov region, units of two mechanised brigades, one airmobile brigade, and one motorised infantry brigade of the AFU have been hit near Udy, Volchanskye Khutora, and Verkhniy Saltov (Kharkov region).  ▪️ The AFU losses amounted to more than 225 troops, 16 motor vehicles, one field artillery gun, and one U.S.-made MLRS launcher. One counter-battery warfare station, one ammunition depot, and seven materiel depots were neutralised.  📍 The Zapad Group of Forces improved the situation along the front line. Strikes were delivered at manpower and hardware of two mechanised brigades of the AFU, one territorial defence brigade, and one border detachment of the State Border Guard Service of Ukraine close to Novoosinovo, Grushevka (Kharkov region), Yatskovka, Rubtsy, and Krasny Liman (Donetsk People's Republic).  ▪️ The enemy losses amounted to up to 190 troops, one infantry fighting vehicle, two U.S.-made M113 armoured personnel carriers, seven armoured fighting vehicles, 21 motor vehicles, and four artillery guns, including one 155-mm Polish-made Krab self-propelled artillery system. One counter-battery warfare station and four ammunition depots were neutralised.  📍 The Yuzhnaya Group of Forces took more advantageous lines and positions. Russian troops hit one mechanised brigade, one motorised infantry brigade, one assault brigade of the AFU, and one marine brigade near Konstantinovka, Druzhkovka, Alekseyevo-Druzhkovka, Novoselovka, and Aleksandrovka (Donetsk People's Republic).  ▪️ The enemy lost up to 140 troops, one U.S.-made M113 armoured personnel carrier, three armoured fighting vehicles, ten motor vehicles, three field artillery guns, and one Grad MLRS combat vehicle. Five ammunition and materiel depots were eliminated.  👉 See Part 2   🔹 Russian Defence Ministry",Sumy,LOC,False,1,unknown,0.0,"Manpower and hardware of the AFU mechanised brigade and one territorial defence brigade have been hit near Miropolye, Pisarevka, Novaya Sech, and Kondratovka (Sumy region).",no_signal,unknown,unknown,,,,entity_extraction,incorrect,"Assistant draft: Location, not actor."
calibration_0027,Russian,"🎖🎖 by Russian Defence Ministry on progress of special military operation as of 14 March 2026  ❗️ Last night, in response to Ukraine's terrorist attacks on civilian facilities on the territory of Russia, the Armed Forces of the Russian Federation carried out a massive strike by ground-, air-, and sea-based long-range precision weaponry and attack UAVs against enterprises of the Ukrainian defence industry, energy infrastructure facilities used for the benefit of the Armed Forces of Ukraine, as well as the military airfields.  ✅ The goals of the strike were achieved. All the assigned targets were engaged.  📍 Units of the Sever Group of Forces took more advantageous lines and positions. Manpower and hardware of the AFU mechanised brigade and one territorial defence brigade have been hit near Miropolye, Pisarevka, Novaya Sech, and Kondratovka (Sumy region).  💥 In Kharkov region, units of two mechanised brigades, one airmobile brigade, and one motorised infantry brigade of the AFU have been hit near Udy, Volchanskye Khutora, and Verkhniy Saltov (Kharkov region).  ▪️ The AFU losses amounted to more than 225 troops, 16 motor vehicles, one field artillery gun, and one U.S.-made MLRS launcher. One counter-battery warfare station, one ammunition depot, and seven materiel depots were neutralised.  📍 The Zapad Group of Forces improved the situation along the front line. Strikes were delivered at manpower and hardware of two mechanised brigades of the AFU, one territorial defence brigade, and one border detachment of the State Border Guard Service of Ukraine close to Novoosinovo, Grushevka (Kharkov region), Yatskovka, Rubtsy, and Krasny Liman (Donetsk People's Republic).  ▪️ The enemy losses amounted to up to 190 troops, one infantry fighting vehicle, two U.S.-made M113 armoured personnel carriers, seven armoured fighting vehicles, 21 motor vehicles, and four artillery guns, including one 155-mm Polish-made Krab self-propelled artillery system. One counter-battery warfare station and four ammunition depots were neutralised.  📍 The Yuzhnaya Group of Forces took more advantageous lines and positions. Russian troops hit one mechanised brigade, one motorised infantry brigade, one assault brigade of the AFU, and one marine brigade near Konstantinovka, Druzhkovka, Alekseyevo-Druzhkovka, Novoselovka, and Aleksandrovka (Donetsk People's Republic).  ▪️ The enemy lost up to 140 troops, one U.S.-made M113 armoured personnel carrier, three armoured fighting vehicles, ten motor vehicles, three field artillery guns, and one Grad MLRS combat vehicle. Five ammunition and materiel depots were eliminated.  👉 See Part 2   🔹 Russian Defence Ministry",Kharkov,LOC,False,1,unknown,0.0,"In Kharkov region, units of two mechanised brigades, one airmobile brigade, and one motorised infantry brigade of the AFU have been hit near Udy, Volchanskye Khutora, and Verkhniy Saltov (Kharkov region).",no_signal,unknown,unknown,,,,entity_extraction,incorrect,"Assistant draft: Location, not actor."
calibration_0027,Russian,"🎖🎖 by Russian Defence Ministry on progress of special military operation as of 14 March 2026  ❗️ Last night, in response to Ukraine's terrorist attacks on civilian facilities on the territory of Russia, the Armed Forces of the Russian Federation carried out a massive strike by ground-, air-, and sea-based long-range precision weaponry and attack UAVs against enterprises of the Ukrainian defence industry, energy infrastructure facilities used for the benefit of the Armed Forces of Ukraine, as well as the military airfields.  ✅ The goals of the strike were achieved. All the assigned targets were engaged.  📍 Units of the Sever Group of Forces took more advantageous lines and positions. Manpower and hardware of the AFU mechanised brigade and one territorial defence brigade have been hit near Miropolye, Pisarevka, Novaya Sech, and Kondratovka (Sumy region).  💥 In Kharkov region, units of two mechanised brigades, one airmobile brigade, and one motorised infantry brigade of the AFU have been hit near Udy, Volchanskye Khutora, and Verkhniy Saltov (Kharkov region).  ▪️ The AFU losses amounted to more than 225 troops, 16 motor vehicles, one field artillery gun, and one U.S.-made MLRS launcher. One counter-battery warfare station, one ammunition depot, and seven materiel depots were neutralised.  📍 The Zapad Group of Forces improved the situation along the front line. Strikes were delivered at manpower and hardware of two mechanised brigades of the AFU, one territorial defence brigade, and one border detachment of the State Border Guard Service of Ukraine close to Novoosinovo, Grushevka (Kharkov region), Yatskovka, Rubtsy, and Krasny Liman (Donetsk People's Republic).  ▪️ The enemy losses amounted to up to 190 troops, one infantry fighting vehicle, two U.S.-made M113 armoured personnel carriers, seven armoured fighting vehicles, 21 motor vehicles, and four artillery guns, including one 155-mm Polish-made Krab self-propelled artillery system. One counter-battery warfare station and four ammunition depots were neutralised.  📍 The Yuzhnaya Group of Forces took more advantageous lines and positions. Russian troops hit one mechanised brigade, one motorised infantry brigade, one assault brigade of the AFU, and one marine brigade near Konstantinovka, Druzhkovka, Alekseyevo-Druzhkovka, Novoselovka, and Aleksandrovka (Donetsk People's Republic).  ▪️ The enemy lost up to 140 troops, one U.S.-made M113 armoured personnel carrier, three armoured fighting vehicles, ten motor vehicles, three field artillery guns, and one Grad MLRS combat vehicle. Five ammunition and materiel depots were eliminated.  👉 See Part 2   🔹 Russian Defence Ministry",AFU,ORG,False,1,unknown,0.0,"In Kharkov region, units of two mechanised brigades, one airmobile brigade, and one motorised infantry brigade of the AFU have been hit near Udy, Volchanskye Khutora, and Verkhniy Saltov (Kharkov region).",no_signal,unknown,passive,Armed Forces of Ukraine,aggressor,active,normalization,incorrect,Assistant draft: duplicate/alias row that should be merged with the earlier canonical actor.
calibration_0027,Russian,"🎖🎖 by Russian Defence Ministry on progress of special military operation as of 14 March 2026  ❗️ Last night, in response to Ukraine's terrorist attacks on civilian facilities on the territory of Russia, the Armed Forces of the Russian Federation carried out a massive strike by ground-, air-, and sea-based long-range precision weaponry and attack UAVs against enterprises of the Ukrainian defence industry, energy infrastructure facilities used for the benefit of the Armed Forces of Ukraine, as well as the military airfields.  ✅ The goals of the strike were achieved. All the assigned targets were engaged.  📍 Units of the Sever Group of Forces took more advantageous lines and positions. Manpower and hardware of the AFU mechanised brigade and one territorial defence brigade have been hit near Miropolye, Pisarevka, Novaya Sech, and Kondratovka (Sumy region).  💥 In Kharkov region, units of two mechanised brigades, one airmobile brigade, and one motorised infantry brigade of the AFU have been hit near Udy, Volchanskye Khutora, and Verkhniy Saltov (Kharkov region).  ▪️ The AFU losses amounted to more than 225 troops, 16 motor vehicles, one field artillery gun, and one U.S.-made MLRS launcher. One counter-battery warfare station, one ammunition depot, and seven materiel depots were neutralised.  📍 The Zapad Group of Forces improved the situation along the front line. Strikes were delivered at manpower and hardware of two mechanised brigades of the AFU, one territorial defence brigade, and one border detachment of the State Border Guard Service of Ukraine close to Novoosinovo, Grushevka (Kharkov region), Yatskovka, Rubtsy, and Krasny Liman (Donetsk People's Republic).  ▪️ The enemy losses amounted to up to 190 troops, one infantry fighting vehicle, two U.S.-made M113 armoured personnel carriers, seven armoured fighting vehicles, 21 motor vehicles, and four artillery guns, including one 155-mm Polish-made Krab self-propelled artillery system. One counter-battery warfare station and four ammunition depots were neutralised.  📍 The Yuzhnaya Group of Forces took more advantageous lines and positions. Russian troops hit one mechanised brigade, one motorised infantry brigade, one assault brigade of the AFU, and one marine brigade near Konstantinovka, Druzhkovka, Alekseyevo-Druzhkovka, Novoselovka, and Aleksandrovka (Donetsk People's Republic).  ▪️ The enemy lost up to 140 troops, one U.S.-made M113 armoured personnel carrier, three armoured fighting vehicles, ten motor vehicles, three field artillery guns, and one Grad MLRS combat vehicle. Five ammunition and materiel depots were eliminated.  👉 See Part 2   🔹 Russian Defence Ministry",Udy,LOC,False,1,unknown,0.0,"In Kharkov region, units of two mechanised brigades, one airmobile brigade, and one motorised infantry brigade of the AFU have been hit near Udy, Volchanskye Khutora, and Verkhniy Saltov (Kharkov region).",no_signal,unknown,passive,,,,entity_extraction,incorrect,"Assistant draft: Location, not actor."
calibration_0027,Russian,"🎖🎖 by Russian Defence Ministry on progress of special military operation as of 14 March 2026  ❗️ Last night, in response to Ukraine's terrorist attacks on civilian facilities on the territory of Russia, the Armed Forces of the Russian Federation carried out a massive strike by ground-, air-, and sea-based long-range precision weaponry and attack UAVs against enterprises of the Ukrainian defence industry, energy infrastructure facilities used for the benefit of the Armed Forces of Ukraine, as well as the military airfields.  ✅ The goals of the strike were achieved. All the assigned targets were engaged.  📍 Units of the Sever Group of Forces took more advantageous lines and positions. Manpower and hardware of the AFU mechanised brigade and one territorial defence brigade have been hit near Miropolye, Pisarevka, Novaya Sech, and Kondratovka (Sumy region).  💥 In Kharkov region, units of two mechanised brigades, one airmobile brigade, and one motorised infantry brigade of the AFU have been hit near Udy, Volchanskye Khutora, and Verkhniy Saltov (Kharkov region).  ▪️ The AFU losses amounted to more than 225 troops, 16 motor vehicles, one field artillery gun, and one U.S.-made MLRS launcher. One counter-battery warfare station, one ammunition depot, and seven materiel depots were neutralised.  📍 The Zapad Group of Forces improved the situation along the front line. Strikes were delivered at manpower and hardware of two mechanised brigades of the AFU, one territorial defence brigade, and one border detachment of the State Border Guard Service of Ukraine close to Novoosinovo, Grushevka (Kharkov region), Yatskovka, Rubtsy, and Krasny Liman (Donetsk People's Republic).  ▪️ The enemy losses amounted to up to 190 troops, one infantry fighting vehicle, two U.S.-made M113 armoured personnel carriers, seven armoured fighting vehicles, 21 motor vehicles, and four artillery guns, including one 155-mm Polish-made Krab self-propelled artillery system. One counter-battery warfare station and four ammunition depots were neutralised.  📍 The Yuzhnaya Group of Forces took more advantageous lines and positions. Russian troops hit one mechanised brigade, one motorised infantry brigade, one assault brigade of the AFU, and one marine brigade near Konstantinovka, Druzhkovka, Alekseyevo-Druzhkovka, Novoselovka, and Aleksandrovka (Donetsk People's Republic).  ▪️ The enemy lost up to 140 troops, one U.S.-made M113 armoured personnel carrier, three armoured fighting vehicles, ten motor vehicles, three field artillery guns, and one Grad MLRS combat vehicle. Five ammunition and materiel depots were eliminated.  👉 See Part 2   🔹 Russian Defence Ministry",Volchanskye Khutora,LOC,False,1,unknown,0.0,"In Kharkov region, units of two mechanised brigades, one airmobile brigade, and one motorised infantry brigade of the AFU have been hit near Udy, Volchanskye Khutora, and Verkhniy Saltov (Kharkov region).",no_signal,unknown,unknown,,,,entity_extraction,incorrect,"Assistant draft: Location, not actor."
calibration_0027,Russian,"🎖🎖 by Russian Defence Ministry on progress of special military operation as of 14 March 2026  ❗️ Last night, in response to Ukraine's terrorist attacks on civilian facilities on the territory of Russia, the Armed Forces of the Russian Federation carried out a massive strike by ground-, air-, and sea-based long-range precision weaponry and attack UAVs against enterprises of the Ukrainian defence industry, energy infrastructure facilities used for the benefit of the Armed Forces of Ukraine, as well as the military airfields.  ✅ The goals of the strike were achieved. All the assigned targets were engaged.  📍 Units of the Sever Group of Forces took more advantageous lines and positions. Manpower and hardware of the AFU mechanised brigade and one territorial defence brigade have been hit near Miropolye, Pisarevka, Novaya Sech, and Kondratovka (Sumy region).  💥 In Kharkov region, units of two mechanised brigades, one airmobile brigade, and one motorised infantry brigade of the AFU have been hit near Udy, Volchanskye Khutora, and Verkhniy Saltov (Kharkov region).  ▪️ The AFU losses amounted to more than 225 troops, 16 motor vehicles, one field artillery gun, and one U.S.-made MLRS launcher. One counter-battery warfare station, one ammunition depot, and seven materiel depots were neutralised.  📍 The Zapad Group of Forces improved the situation along the front line. Strikes were delivered at manpower and hardware of two mechanised brigades of the AFU, one territorial defence brigade, and one border detachment of the State Border Guard Service of Ukraine close to Novoosinovo, Grushevka (Kharkov region), Yatskovka, Rubtsy, and Krasny Liman (Donetsk People's Republic).  ▪️ The enemy losses amounted to up to 190 troops, one infantry fighting vehicle, two U.S.-made M113 armoured personnel carriers, seven armoured fighting vehicles, 21 motor vehicles, and four artillery guns, including one 155-mm Polish-made Krab self-propelled artillery system. One counter-battery warfare station and four ammunition depots were neutralised.  📍 The Yuzhnaya Group of Forces took more advantageous lines and positions. Russian troops hit one mechanised brigade, one motorised infantry brigade, one assault brigade of the AFU, and one marine brigade near Konstantinovka, Druzhkovka, Alekseyevo-Druzhkovka, Novoselovka, and Aleksandrovka (Donetsk People's Republic).  ▪️ The enemy lost up to 140 troops, one U.S.-made M113 armoured personnel carrier, three armoured fighting vehicles, ten motor vehicles, three field artillery guns, and one Grad MLRS combat vehicle. Five ammunition and materiel depots were eliminated.  👉 See Part 2   🔹 Russian Defence Ministry",Verkhniysaltov,LOC,False,1,unknown,0.0,"In Kharkov region, units of two mechanised brigades, one airmobile brigade, and one motorised infantry brigade of the AFU have been hit near Udy, Volchanskye Khutora, and Verkhniy Saltov (Kharkov region).",no_signal,unknown,unknown,,,,entity_extraction,incorrect,"Assistant draft: Location, not actor."
calibration_0027,Russian,"🎖🎖 by Russian Defence Ministry on progress of special military operation as of 14 March 2026  ❗️ Last night, in response to Ukraine's terrorist attacks on civilian facilities on the territory of Russia, the Armed Forces of the Russian Federation carried out a massive strike by ground-, air-, and sea-based long-range precision weaponry and attack UAVs against enterprises of the Ukrainian defence industry, energy infrastructure facilities used for the benefit of the Armed Forces of Ukraine, as well as the military airfields.  ✅ The goals of the strike were achieved. All the assigned targets were engaged.  📍 Units of the Sever Group of Forces took more advantageous lines and positions. Manpower and hardware of the AFU mechanised brigade and one territorial defence brigade have been hit near Miropolye, Pisarevka, Novaya Sech, and Kondratovka (Sumy region).  💥 In Kharkov region, units of two mechanised brigades, one airmobile brigade, and one motorised infantry brigade of the AFU have been hit near Udy, Volchanskye Khutora, and Verkhniy Saltov (Kharkov region).  ▪️ The AFU losses amounted to more than 225 troops, 16 motor vehicles, one field artillery gun, and one U.S.-made MLRS launcher. One counter-battery warfare station, one ammunition depot, and seven materiel depots were neutralised.  📍 The Zapad Group of Forces improved the situation along the front line. Strikes were delivered at manpower and hardware of two mechanised brigades of the AFU, one territorial defence brigade, and one border detachment of the State Border Guard Service of Ukraine close to Novoosinovo, Grushevka (Kharkov region), Yatskovka, Rubtsy, and Krasny Liman (Donetsk People's Republic).  ▪️ The enemy losses amounted to up to 190 troops, one infantry fighting vehicle, two U.S.-made M113 armoured personnel carriers, seven armoured fighting vehicles, 21 motor vehicles, and four artillery guns, including one 155-mm Polish-made Krab self-propelled artillery system. One counter-battery warfare station and four ammunition depots were neutralised.  📍 The Yuzhnaya Group of Forces took more advantageous lines and positions. Russian troops hit one mechanised brigade, one motorised infantry brigade, one assault brigade of the AFU, and one marine brigade near Konstantinovka, Druzhkovka, Alekseyevo-Druzhkovka, Novoselovka, and Aleksandrovka (Donetsk People's Republic).  ▪️ The enemy lost up to 140 troops, one U.S.-made M113 armoured personnel carrier, three armoured fighting vehicles, ten motor vehicles, three field artillery guns, and one Grad MLRS combat vehicle. Five ammunition and materiel depots were eliminated.  👉 See Part 2   🔹 Russian Defence Ministry",Kharkov,LOC,False,1,unknown,0.0,"In Kharkov region, units of two mechanised brigades, one airmobile brigade, and one motorised infantry brigade of the AFU have been hit near Udy, Volchanskye Khutora, and Verkhniy Saltov (Kharkov region).",no_signal,unknown,unknown,,,,entity_extraction,incorrect,"Assistant draft: Location, not actor."
calibration_0027,Russian,"🎖🎖 by Russian Defence Ministry on progress of special military operation as of 14 March 2026  ❗️ Last night, in response to Ukraine's terrorist attacks on civilian facilities on the territory of Russia, the Armed Forces of the Russian Federation carried out a massive strike by ground-, air-, and sea-based long-range precision weaponry and attack UAVs against enterprises of the Ukrainian defence industry, energy infrastructure facilities used for the benefit of the Armed Forces of Ukraine, as well as the military airfields.  ✅ The goals of the strike were achieved. All the assigned targets were engaged.  📍 Units of the Sever Group of Forces took more advantageous lines and positions. Manpower and hardware of the AFU mechanised brigade and one territorial defence brigade have been hit near Miropolye, Pisarevka, Novaya Sech, and Kondratovka (Sumy region).  💥 In Kharkov region, units of two mechanised brigades, one airmobile brigade, and one motorised infantry brigade of the AFU have been hit near Udy, Volchanskye Khutora, and Verkhniy Saltov (Kharkov region).  ▪️ The AFU losses amounted to more than 225 troops, 16 motor vehicles, one field artillery gun, and one U.S.-made MLRS launcher. One counter-battery warfare station, one ammunition depot, and seven materiel depots were neutralised.  📍 The Zapad Group of Forces improved the situation along the front line. Strikes were delivered at manpower and hardware of two mechanised brigades of the AFU, one territorial defence brigade, and one border detachment of the State Border Guard Service of Ukraine close to Novoosinovo, Grushevka (Kharkov region), Yatskovka, Rubtsy, and Krasny Liman (Donetsk People's Republic).  ▪️ The enemy losses amounted to up to 190 troops, one infantry fighting vehicle, two U.S.-made M113 armoured personnel carriers, seven armoured fighting vehicles, 21 motor vehicles, and four artillery guns, including one 155-mm Polish-made Krab self-propelled artillery system. One counter-battery warfare station and four ammunition depots were neutralised.  📍 The Yuzhnaya Group of Forces took more advantageous lines and positions. Russian troops hit one mechanised brigade, one motorised infantry brigade, one assault brigade of the AFU, and one marine brigade near Konstantinovka, Druzhkovka, Alekseyevo-Druzhkovka, Novoselovka, and Aleksandrovka (Donetsk People's Republic).  ▪️ The enemy lost up to 140 troops, one U.S.-made M113 armoured personnel carrier, three armoured fighting vehicles, ten motor vehicles, three field artillery guns, and one Grad MLRS combat vehicle. Five ammunition and materiel depots were eliminated.  👉 See Part 2   🔹 Russian Defence Ministry",AFU,ORG,False,1,unknown,0.0,"The AFU losses amounted to more than 225 troops, 16 motor vehicles, one field artillery gun, and one U.S.-made MLRS launcher.",no_signal,unknown,unknown,Armed Forces of Ukraine,aggressor,active,normalization,incorrect,Assistant draft: duplicate/alias row that should be merged with the earlier canonical actor.
calibration_0027,Russian,"🎖🎖 by Russian Defence Ministry on progress of special military operation as of 14 March 2026  ❗️ Last night, in response to Ukraine's terrorist attacks on civilian facilities on the territory of Russia, the Armed Forces of the Russian Federation carried out a massive strike by ground-, air-, and sea-based long-range precision weaponry and attack UAVs against enterprises of the Ukrainian defence industry, energy infrastructure facilities used for the benefit of the Armed Forces of Ukraine, as well as the military airfields.  ✅ The goals of the strike were achieved. All the assigned targets were engaged.  📍 Units of the Sever Group of Forces took more advantageous lines and positions. Manpower and hardware of the AFU mechanised brigade and one territorial defence brigade have been hit near Miropolye, Pisarevka, Novaya Sech, and Kondratovka (Sumy region).  💥 In Kharkov region, units of two mechanised brigades, one airmobile brigade, and one motorised infantry brigade of the AFU have been hit near Udy, Volchanskye Khutora, and Verkhniy Saltov (Kharkov region).  ▪️ The AFU losses amounted to more than 225 troops, 16 motor vehicles, one field artillery gun, and one U.S.-made MLRS launcher. One counter-battery warfare station, one ammunition depot, and seven materiel depots were neutralised.  📍 The Zapad Group of Forces improved the situation along the front line. Strikes were delivered at manpower and hardware of two mechanised brigades of the AFU, one territorial defence brigade, and one border detachment of the State Border Guard Service of Ukraine close to Novoosinovo, Grushevka (Kharkov region), Yatskovka, Rubtsy, and Krasny Liman (Donetsk People's Republic).  ▪️ The enemy losses amounted to up to 190 troops, one infantry fighting vehicle, two U.S.-made M113 armoured personnel carriers, seven armoured fighting vehicles, 21 motor vehicles, and four artillery guns, including one 155-mm Polish-made Krab self-propelled artillery system. One counter-battery warfare station and four ammunition depots were neutralised.  📍 The Yuzhnaya Group of Forces took more advantageous lines and positions. Russian troops hit one mechanised brigade, one motorised infantry brigade, one assault brigade of the AFU, and one marine brigade near Konstantinovka, Druzhkovka, Alekseyevo-Druzhkovka, Novoselovka, and Aleksandrovka (Donetsk People's Republic).  ▪️ The enemy lost up to 140 troops, one U.S.-made M113 armoured personnel carrier, three armoured fighting vehicles, ten motor vehicles, three field artillery guns, and one Grad MLRS combat vehicle. Five ammunition and materiel depots were eliminated.  👉 See Part 2   🔹 Russian Defence Ministry",U S,MISC,True,1,unknown,0.0,"The AFU losses amounted to more than 225 troops, 16 motor vehicles, one field artillery gun, and one U.S.-made MLRS launcher.",no_signal,unknown,unknown,,,,entity_extraction,incorrect,"Assistant draft: Broken fragment, not reliable actor."
calibration_0027,Russian,"🎖🎖 by Russian Defence Ministry on progress of special military operation as of 14 March 2026  ❗️ Last night, in response to Ukraine's terrorist attacks on civilian facilities on the territory of Russia, the Armed Forces of the Russian Federation carried out a massive strike by ground-, air-, and sea-based long-range precision weaponry and attack UAVs against enterprises of the Ukrainian defence industry, energy infrastructure facilities used for the benefit of the Armed Forces of Ukraine, as well as the military airfields.  ✅ The goals of the strike were achieved. All the assigned targets were engaged.  📍 Units of the Sever Group of Forces took more advantageous lines and positions. Manpower and hardware of the AFU mechanised brigade and one territorial defence brigade have been hit near Miropolye, Pisarevka, Novaya Sech, and Kondratovka (Sumy region).  💥 In Kharkov region, units of two mechanised brigades, one airmobile brigade, and one motorised infantry brigade of the AFU have been hit near Udy, Volchanskye Khutora, and Verkhniy Saltov (Kharkov region).  ▪️ The AFU losses amounted to more than 225 troops, 16 motor vehicles, one field artillery gun, and one U.S.-made MLRS launcher. One counter-battery warfare station, one ammunition depot, and seven materiel depots were neutralised.  📍 The Zapad Group of Forces improved the situation along the front line. Strikes were delivered at manpower and hardware of two mechanised brigades of the AFU, one territorial defence brigade, and one border detachment of the State Border Guard Service of Ukraine close to Novoosinovo, Grushevka (Kharkov region), Yatskovka, Rubtsy, and Krasny Liman (Donetsk People's Republic).  ▪️ The enemy losses amounted to up to 190 troops, one infantry fighting vehicle, two U.S.-made M113 armoured personnel carriers, seven armoured fighting vehicles, 21 motor vehicles, and four artillery guns, including one 155-mm Polish-made Krab self-propelled artillery system. One counter-battery warfare station and four ammunition depots were neutralised.  📍 The Yuzhnaya Group of Forces took more advantageous lines and positions. Russian troops hit one mechanised brigade, one motorised infantry brigade, one assault brigade of the AFU, and one marine brigade near Konstantinovka, Druzhkovka, Alekseyevo-Druzhkovka, Novoselovka, and Aleksandrovka (Donetsk People's Republic).  ▪️ The enemy lost up to 140 troops, one U.S.-made M113 armoured personnel carrier, three armoured fighting vehicles, ten motor vehicles, three field artillery guns, and one Grad MLRS combat vehicle. Five ammunition and materiel depots were eliminated.  👉 See Part 2   🔹 Russian Defence Ministry",Zapadgroupofforces,ORG,False,1,unknown,0.0,📍 The Zapad Group of Forces improved the situation along the front line.,no_signal,unknown,active,Zapad Group of Forces,hero,active,role_assignment,incorrect,Assistant draft: Own-side military formation framed positively.
calibration_0027,Russian,"🎖🎖 by Russian Defence Ministry on progress of special military operation as of 14 March 2026  ❗️ Last night, in response to Ukraine's terrorist attacks on civilian facilities on the territory of Russia, the Armed Forces of the Russian Federation carried out a massive strike by ground-, air-, and sea-based long-range precision weaponry and attack UAVs against enterprises of the Ukrainian defence industry, energy infrastructure facilities used for the benefit of the Armed Forces of Ukraine, as well as the military airfields.  ✅ The goals of the strike were achieved. All the assigned targets were engaged.  📍 Units of the Sever Group of Forces took more advantageous lines and positions. Manpower and hardware of the AFU mechanised brigade and one territorial defence brigade have been hit near Miropolye, Pisarevka, Novaya Sech, and Kondratovka (Sumy region).  💥 In Kharkov region, units of two mechanised brigades, one airmobile brigade, and one motorised infantry brigade of the AFU have been hit near Udy, Volchanskye Khutora, and Verkhniy Saltov (Kharkov region).  ▪️ The AFU losses amounted to more than 225 troops, 16 motor vehicles, one field artillery gun, and one U.S.-made MLRS launcher. One counter-battery warfare station, one ammunition depot, and seven materiel depots were neutralised.  📍 The Zapad Group of Forces improved the situation along the front line. Strikes were delivered at manpower and hardware of two mechanised brigades of the AFU, one territorial defence brigade, and one border detachment of the State Border Guard Service of Ukraine close to Novoosinovo, Grushevka (Kharkov region), Yatskovka, Rubtsy, and Krasny Liman (Donetsk People's Republic).  ▪️ The enemy losses amounted to up to 190 troops, one infantry fighting vehicle, two U.S.-made M113 armoured personnel carriers, seven armoured fighting vehicles, 21 motor vehicles, and four artillery guns, including one 155-mm Polish-made Krab self-propelled artillery system. One counter-battery warfare station and four ammunition depots were neutralised.  📍 The Yuzhnaya Group of Forces took more advantageous lines and positions. Russian troops hit one mechanised brigade, one motorised infantry brigade, one assault brigade of the AFU, and one marine brigade near Konstantinovka, Druzhkovka, Alekseyevo-Druzhkovka, Novoselovka, and Aleksandrovka (Donetsk People's Republic).  ▪️ The enemy lost up to 140 troops, one U.S.-made M113 armoured personnel carrier, three armoured fighting vehicles, ten motor vehicles, three field artillery guns, and one Grad MLRS combat vehicle. Five ammunition and materiel depots were eliminated.  👉 See Part 2   🔹 Russian Defence Ministry",AFU,ORG,False,1,unknown,0.0,"Strikes were delivered at manpower and hardware of two mechanised brigades of the AFU, one territorial defence brigade, and one border detachment of the State Border Guard Service of Ukraine close to Novoosinovo, Grushevka (Kharkov region), Yatskovka, Rubtsy, and Krasny Liman (Donetsk People's Republic).",no_signal,unknown,passive,Armed Forces of Ukraine,aggressor,active,normalization,incorrect,Assistant draft: duplicate/alias row that should be merged with the earlier canonical actor.
calibration_0027,Russian,"🎖🎖 by Russian Defence Ministry on progress of special military operation as of 14 March 2026  ❗️ Last night, in response to Ukraine's terrorist attacks on civilian facilities on the territory of Russia, the Armed Forces of the Russian Federation carried out a massive strike by ground-, air-, and sea-based long-range precision weaponry and attack UAVs against enterprises of the Ukrainian defence industry, energy infrastructure facilities used for the benefit of the Armed Forces of Ukraine, as well as the military airfields.  ✅ The goals of the strike were achieved. All the assigned targets were engaged.  📍 Units of the Sever Group of Forces took more advantageous lines and positions. Manpower and hardware of the AFU mechanised brigade and one territorial defence brigade have been hit near Miropolye, Pisarevka, Novaya Sech, and Kondratovka (Sumy region).  💥 In Kharkov region, units of two mechanised brigades, one airmobile brigade, and one motorised infantry brigade of the AFU have been hit near Udy, Volchanskye Khutora, and Verkhniy Saltov (Kharkov region).  ▪️ The AFU losses amounted to more than 225 troops, 16 motor vehicles, one field artillery gun, and one U.S.-made MLRS launcher. One counter-battery warfare station, one ammunition depot, and seven materiel depots were neutralised.  📍 The Zapad Group of Forces improved the situation along the front line. Strikes were delivered at manpower and hardware of two mechanised brigades of the AFU, one territorial defence brigade, and one border detachment of the State Border Guard Service of Ukraine close to Novoosinovo, Grushevka (Kharkov region), Yatskovka, Rubtsy, and Krasny Liman (Donetsk People's Republic).  ▪️ The enemy losses amounted to up to 190 troops, one infantry fighting vehicle, two U.S.-made M113 armoured personnel carriers, seven armoured fighting vehicles, 21 motor vehicles, and four artillery guns, including one 155-mm Polish-made Krab self-propelled artillery system. One counter-battery warfare station and four ammunition depots were neutralised.  📍 The Yuzhnaya Group of Forces took more advantageous lines and positions. Russian troops hit one mechanised brigade, one motorised infantry brigade, one assault brigade of the AFU, and one marine brigade near Konstantinovka, Druzhkovka, Alekseyevo-Druzhkovka, Novoselovka, and Aleksandrovka (Donetsk People's Republic).  ▪️ The enemy lost up to 140 troops, one U.S.-made M113 armoured personnel carrier, three armoured fighting vehicles, ten motor vehicles, three field artillery guns, and one Grad MLRS combat vehicle. Five ammunition and materiel depots were eliminated.  👉 See Part 2   🔹 Russian Defence Ministry",Stateborderguardserviceofukraine,ORG,False,1,unknown,0.0,"Strikes were delivered at manpower and hardware of two mechanised brigades of the AFU, one territorial defence brigade, and one border detachment of the State Border Guard Service of Ukraine close to Novoosinovo, Grushevka (Kharkov region), Yatskovka, Rubtsy, and Krasny Liman (Donetsk People's Republic).",no_signal,unknown,passive,State Border Guard Service of Ukraine,aggressor,active,role_assignment,incorrect,Assistant draft: Enemy-side armed formation.
calibration_0027,Russian,"🎖🎖 by Russian Defence Ministry on progress of special military operation as of 14 March 2026  ❗️ Last night, in response to Ukraine's terrorist attacks on civilian facilities on the territory of Russia, the Armed Forces of the Russian Federation carried out a massive strike by ground-, air-, and sea-based long-range precision weaponry and attack UAVs against enterprises of the Ukrainian defence industry, energy infrastructure facilities used for the benefit of the Armed Forces of Ukraine, as well as the military airfields.  ✅ The goals of the strike were achieved. All the assigned targets were engaged.  📍 Units of the Sever Group of Forces took more advantageous lines and positions. Manpower and hardware of the AFU mechanised brigade and one territorial defence brigade have been hit near Miropolye, Pisarevka, Novaya Sech, and Kondratovka (Sumy region).  💥 In Kharkov region, units of two mechanised brigades, one airmobile brigade, and one motorised infantry brigade of the AFU have been hit near Udy, Volchanskye Khutora, and Verkhniy Saltov (Kharkov region).  ▪️ The AFU losses amounted to more than 225 troops, 16 motor vehicles, one field artillery gun, and one U.S.-made MLRS launcher. One counter-battery warfare station, one ammunition depot, and seven materiel depots were neutralised.  📍 The Zapad Group of Forces improved the situation along the front line. Strikes were delivered at manpower and hardware of two mechanised brigades of the AFU, one territorial defence brigade, and one border detachment of the State Border Guard Service of Ukraine close to Novoosinovo, Grushevka (Kharkov region), Yatskovka, Rubtsy, and Krasny Liman (Donetsk People's Republic).  ▪️ The enemy losses amounted to up to 190 troops, one infantry fighting vehicle, two U.S.-made M113 armoured personnel carriers, seven armoured fighting vehicles, 21 motor vehicles, and four artillery guns, including one 155-mm Polish-made Krab self-propelled artillery system. One counter-battery warfare station and four ammunition depots were neutralised.  📍 The Yuzhnaya Group of Forces took more advantageous lines and positions. Russian troops hit one mechanised brigade, one motorised infantry brigade, one assault brigade of the AFU, and one marine brigade near Konstantinovka, Druzhkovka, Alekseyevo-Druzhkovka, Novoselovka, and Aleksandrovka (Donetsk People's Republic).  ▪️ The enemy lost up to 140 troops, one U.S.-made M113 armoured personnel carrier, three armoured fighting vehicles, ten motor vehicles, three field artillery guns, and one Grad MLRS combat vehicle. Five ammunition and materiel depots were eliminated.  👉 See Part 2   🔹 Russian Defence Ministry",Novoosinovo,LOC,False,1,unknown,0.0,"Strikes were delivered at manpower and hardware of two mechanised brigades of the AFU, one territorial defence brigade, and one border detachment of the State Border Guard Service of Ukraine close to Novoosinovo, Grushevka (Kharkov region), Yatskovka, Rubtsy, and Krasny Liman (Donetsk People's Republic).",no_signal,unknown,passive,,,,entity_extraction,incorrect,"Assistant draft: Location, not actor."
calibration_0027,Russian,"🎖🎖 by Russian Defence Ministry on progress of special military operation as of 14 March 2026  ❗️ Last night, in response to Ukraine's terrorist attacks on civilian facilities on the territory of Russia, the Armed Forces of the Russian Federation carried out a massive strike by ground-, air-, and sea-based long-range precision weaponry and attack UAVs against enterprises of the Ukrainian defence industry, energy infrastructure facilities used for the benefit of the Armed Forces of Ukraine, as well as the military airfields.  ✅ The goals of the strike were achieved. All the assigned targets were engaged.  📍 Units of the Sever Group of Forces took more advantageous lines and positions. Manpower and hardware of the AFU mechanised brigade and one territorial defence brigade have been hit near Miropolye, Pisarevka, Novaya Sech, and Kondratovka (Sumy region).  💥 In Kharkov region, units of two mechanised brigades, one airmobile brigade, and one motorised infantry brigade of the AFU have been hit near Udy, Volchanskye Khutora, and Verkhniy Saltov (Kharkov region).  ▪️ The AFU losses amounted to more than 225 troops, 16 motor vehicles, one field artillery gun, and one U.S.-made MLRS launcher. One counter-battery warfare station, one ammunition depot, and seven materiel depots were neutralised.  📍 The Zapad Group of Forces improved the situation along the front line. Strikes were delivered at manpower and hardware of two mechanised brigades of the AFU, one territorial defence brigade, and one border detachment of the State Border Guard Service of Ukraine close to Novoosinovo, Grushevka (Kharkov region), Yatskovka, Rubtsy, and Krasny Liman (Donetsk People's Republic).  ▪️ The enemy losses amounted to up to 190 troops, one infantry fighting vehicle, two U.S.-made M113 armoured personnel carriers, seven armoured fighting vehicles, 21 motor vehicles, and four artillery guns, including one 155-mm Polish-made Krab self-propelled artillery system. One counter-battery warfare station and four ammunition depots were neutralised.  📍 The Yuzhnaya Group of Forces took more advantageous lines and positions. Russian troops hit one mechanised brigade, one motorised infantry brigade, one assault brigade of the AFU, and one marine brigade near Konstantinovka, Druzhkovka, Alekseyevo-Druzhkovka, Novoselovka, and Aleksandrovka (Donetsk People's Republic).  ▪️ The enemy lost up to 140 troops, one U.S.-made M113 armoured personnel carrier, three armoured fighting vehicles, ten motor vehicles, three field artillery guns, and one Grad MLRS combat vehicle. Five ammunition and materiel depots were eliminated.  👉 See Part 2   🔹 Russian Defence Ministry",Grushevka,LOC,False,1,unknown,0.0,"Strikes were delivered at manpower and hardware of two mechanised brigades of the AFU, one territorial defence brigade, and one border detachment of the State Border Guard Service of Ukraine close to Novoosinovo, Grushevka (Kharkov region), Yatskovka, Rubtsy, and Krasny Liman (Donetsk People's Republic).",no_signal,unknown,unknown,,,,entity_extraction,incorrect,"Assistant draft: Location, not actor."
calibration_0027,Russian,"🎖🎖 by Russian Defence Ministry on progress of special military operation as of 14 March 2026  ❗️ Last night, in response to Ukraine's terrorist attacks on civilian facilities on the territory of Russia, the Armed Forces of the Russian Federation carried out a massive strike by ground-, air-, and sea-based long-range precision weaponry and attack UAVs against enterprises of the Ukrainian defence industry, energy infrastructure facilities used for the benefit of the Armed Forces of Ukraine, as well as the military airfields.  ✅ The goals of the strike were achieved. All the assigned targets were engaged.  📍 Units of the Sever Group of Forces took more advantageous lines and positions. Manpower and hardware of the AFU mechanised brigade and one territorial defence brigade have been hit near Miropolye, Pisarevka, Novaya Sech, and Kondratovka (Sumy region).  💥 In Kharkov region, units of two mechanised brigades, one airmobile brigade, and one motorised infantry brigade of the AFU have been hit near Udy, Volchanskye Khutora, and Verkhniy Saltov (Kharkov region).  ▪️ The AFU losses amounted to more than 225 troops, 16 motor vehicles, one field artillery gun, and one U.S.-made MLRS launcher. One counter-battery warfare station, one ammunition depot, and seven materiel depots were neutralised.  📍 The Zapad Group of Forces improved the situation along the front line. Strikes were delivered at manpower and hardware of two mechanised brigades of the AFU, one territorial defence brigade, and one border detachment of the State Border Guard Service of Ukraine close to Novoosinovo, Grushevka (Kharkov region), Yatskovka, Rubtsy, and Krasny Liman (Donetsk People's Republic).  ▪️ The enemy losses amounted to up to 190 troops, one infantry fighting vehicle, two U.S.-made M113 armoured personnel carriers, seven armoured fighting vehicles, 21 motor vehicles, and four artillery guns, including one 155-mm Polish-made Krab self-propelled artillery system. One counter-battery warfare station and four ammunition depots were neutralised.  📍 The Yuzhnaya Group of Forces took more advantageous lines and positions. Russian troops hit one mechanised brigade, one motorised infantry brigade, one assault brigade of the AFU, and one marine brigade near Konstantinovka, Druzhkovka, Alekseyevo-Druzhkovka, Novoselovka, and Aleksandrovka (Donetsk People's Republic).  ▪️ The enemy lost up to 140 troops, one U.S.-made M113 armoured personnel carrier, three armoured fighting vehicles, ten motor vehicles, three field artillery guns, and one Grad MLRS combat vehicle. Five ammunition and materiel depots were eliminated.  👉 See Part 2   🔹 Russian Defence Ministry",Kharkov,LOC,False,1,unknown,0.0,"Strikes were delivered at manpower and hardware of two mechanised brigades of the AFU, one territorial defence brigade, and one border detachment of the State Border Guard Service of Ukraine close to Novoosinovo, Grushevka (Kharkov region), Yatskovka, Rubtsy, and Krasny Liman (Donetsk People's Republic).",no_signal,unknown,unknown,,,,entity_extraction,incorrect,"Assistant draft: Location, not actor."
calibration_0027,Russian,"🎖🎖 by Russian Defence Ministry on progress of special military operation as of 14 March 2026  ❗️ Last night, in response to Ukraine's terrorist attacks on civilian facilities on the territory of Russia, the Armed Forces of the Russian Federation carried out a massive strike by ground-, air-, and sea-based long-range precision weaponry and attack UAVs against enterprises of the Ukrainian defence industry, energy infrastructure facilities used for the benefit of the Armed Forces of Ukraine, as well as the military airfields.  ✅ The goals of the strike were achieved. All the assigned targets were engaged.  📍 Units of the Sever Group of Forces took more advantageous lines and positions. Manpower and hardware of the AFU mechanised brigade and one territorial defence brigade have been hit near Miropolye, Pisarevka, Novaya Sech, and Kondratovka (Sumy region).  💥 In Kharkov region, units of two mechanised brigades, one airmobile brigade, and one motorised infantry brigade of the AFU have been hit near Udy, Volchanskye Khutora, and Verkhniy Saltov (Kharkov region).  ▪️ The AFU losses amounted to more than 225 troops, 16 motor vehicles, one field artillery gun, and one U.S.-made MLRS launcher. One counter-battery warfare station, one ammunition depot, and seven materiel depots were neutralised.  📍 The Zapad Group of Forces improved the situation along the front line. Strikes were delivered at manpower and hardware of two mechanised brigades of the AFU, one territorial defence brigade, and one border detachment of the State Border Guard Service of Ukraine close to Novoosinovo, Grushevka (Kharkov region), Yatskovka, Rubtsy, and Krasny Liman (Donetsk People's Republic).  ▪️ The enemy losses amounted to up to 190 troops, one infantry fighting vehicle, two U.S.-made M113 armoured personnel carriers, seven armoured fighting vehicles, 21 motor vehicles, and four artillery guns, including one 155-mm Polish-made Krab self-propelled artillery system. One counter-battery warfare station and four ammunition depots were neutralised.  📍 The Yuzhnaya Group of Forces took more advantageous lines and positions. Russian troops hit one mechanised brigade, one motorised infantry brigade, one assault brigade of the AFU, and one marine brigade near Konstantinovka, Druzhkovka, Alekseyevo-Druzhkovka, Novoselovka, and Aleksandrovka (Donetsk People's Republic).  ▪️ The enemy lost up to 140 troops, one U.S.-made M113 armoured personnel carrier, three armoured fighting vehicles, ten motor vehicles, three field artillery guns, and one Grad MLRS combat vehicle. Five ammunition and materiel depots were eliminated.  👉 See Part 2   🔹 Russian Defence Ministry",Yatskovka,ORG,False,1,unknown,0.0,"Strikes were delivered at manpower and hardware of two mechanised brigades of the AFU, one territorial defence brigade, and one border detachment of the State Border Guard Service of Ukraine close to Novoosinovo, Grushevka (Kharkov region), Yatskovka, Rubtsy, and Krasny Liman (Donetsk People's Republic).",no_signal,unknown,unknown,,,,entity_extraction,incorrect,Assistant draft: Location/noisy entity.
calibration_0027,Russian,"🎖🎖 by Russian Defence Ministry on progress of special military operation as of 14 March 2026  ❗️ Last night, in response to Ukraine's terrorist attacks on civilian facilities on the territory of Russia, the Armed Forces of the Russian Federation carried out a massive strike by ground-, air-, and sea-based long-range precision weaponry and attack UAVs against enterprises of the Ukrainian defence industry, energy infrastructure facilities used for the benefit of the Armed Forces of Ukraine, as well as the military airfields.  ✅ The goals of the strike were achieved. All the assigned targets were engaged.  📍 Units of the Sever Group of Forces took more advantageous lines and positions. Manpower and hardware of the AFU mechanised brigade and one territorial defence brigade have been hit near Miropolye, Pisarevka, Novaya Sech, and Kondratovka (Sumy region).  💥 In Kharkov region, units of two mechanised brigades, one airmobile brigade, and one motorised infantry brigade of the AFU have been hit near Udy, Volchanskye Khutora, and Verkhniy Saltov (Kharkov region).  ▪️ The AFU losses amounted to more than 225 troops, 16 motor vehicles, one field artillery gun, and one U.S.-made MLRS launcher. One counter-battery warfare station, one ammunition depot, and seven materiel depots were neutralised.  📍 The Zapad Group of Forces improved the situation along the front line. Strikes were delivered at manpower and hardware of two mechanised brigades of the AFU, one territorial defence brigade, and one border detachment of the State Border Guard Service of Ukraine close to Novoosinovo, Grushevka (Kharkov region), Yatskovka, Rubtsy, and Krasny Liman (Donetsk People's Republic).  ▪️ The enemy losses amounted to up to 190 troops, one infantry fighting vehicle, two U.S.-made M113 armoured personnel carriers, seven armoured fighting vehicles, 21 motor vehicles, and four artillery guns, including one 155-mm Polish-made Krab self-propelled artillery system. One counter-battery warfare station and four ammunition depots were neutralised.  📍 The Yuzhnaya Group of Forces took more advantageous lines and positions. Russian troops hit one mechanised brigade, one motorised infantry brigade, one assault brigade of the AFU, and one marine brigade near Konstantinovka, Druzhkovka, Alekseyevo-Druzhkovka, Novoselovka, and Aleksandrovka (Donetsk People's Republic).  ▪️ The enemy lost up to 140 troops, one U.S.-made M113 armoured personnel carrier, three armoured fighting vehicles, ten motor vehicles, three field artillery guns, and one Grad MLRS combat vehicle. Five ammunition and materiel depots were eliminated.  👉 See Part 2   🔹 Russian Defence Ministry",Rubtsy,LOC,False,1,unknown,0.0,"Strikes were delivered at manpower and hardware of two mechanised brigades of the AFU, one territorial defence brigade, and one border detachment of the State Border Guard Service of Ukraine close to Novoosinovo, Grushevka (Kharkov region), Yatskovka, Rubtsy, and Krasny Liman (Donetsk People's Republic).",no_signal,unknown,unknown,,,,entity_extraction,incorrect,"Assistant draft: Location, not actor."
calibration_0027,Russian,"🎖🎖 by Russian Defence Ministry on progress of special military operation as of 14 March 2026  ❗️ Last night, in response to Ukraine's terrorist attacks on civilian facilities on the territory of Russia, the Armed Forces of the Russian Federation carried out a massive strike by ground-, air-, and sea-based long-range precision weaponry and attack UAVs against enterprises of the Ukrainian defence industry, energy infrastructure facilities used for the benefit of the Armed Forces of Ukraine, as well as the military airfields.  ✅ The goals of the strike were achieved. All the assigned targets were engaged.  📍 Units of the Sever Group of Forces took more advantageous lines and positions. Manpower and hardware of the AFU mechanised brigade and one territorial defence brigade have been hit near Miropolye, Pisarevka, Novaya Sech, and Kondratovka (Sumy region).  💥 In Kharkov region, units of two mechanised brigades, one airmobile brigade, and one motorised infantry brigade of the AFU have been hit near Udy, Volchanskye Khutora, and Verkhniy Saltov (Kharkov region).  ▪️ The AFU losses amounted to more than 225 troops, 16 motor vehicles, one field artillery gun, and one U.S.-made MLRS launcher. One counter-battery warfare station, one ammunition depot, and seven materiel depots were neutralised.  📍 The Zapad Group of Forces improved the situation along the front line. Strikes were delivered at manpower and hardware of two mechanised brigades of the AFU, one territorial defence brigade, and one border detachment of the State Border Guard Service of Ukraine close to Novoosinovo, Grushevka (Kharkov region), Yatskovka, Rubtsy, and Krasny Liman (Donetsk People's Republic).  ▪️ The enemy losses amounted to up to 190 troops, one infantry fighting vehicle, two U.S.-made M113 armoured personnel carriers, seven armoured fighting vehicles, 21 motor vehicles, and four artillery guns, including one 155-mm Polish-made Krab self-propelled artillery system. One counter-battery warfare station and four ammunition depots were neutralised.  📍 The Yuzhnaya Group of Forces took more advantageous lines and positions. Russian troops hit one mechanised brigade, one motorised infantry brigade, one assault brigade of the AFU, and one marine brigade near Konstantinovka, Druzhkovka, Alekseyevo-Druzhkovka, Novoselovka, and Aleksandrovka (Donetsk People's Republic).  ▪️ The enemy lost up to 140 troops, one U.S.-made M113 armoured personnel carrier, three armoured fighting vehicles, ten motor vehicles, three field artillery guns, and one Grad MLRS combat vehicle. Five ammunition and materiel depots were eliminated.  👉 See Part 2   🔹 Russian Defence Ministry",Polish,MISC,False,1,unknown,0.0,"The enemy losses amounted to up to 190 troops, one infantry fighting vehicle, two U.S.-made M113 armoured personnel carriers, seven armoured fighting vehicles, 21 motor vehicles, and four artillery guns, including one 155-mm Polish-made Krab self-propelled artillery system.",no_signal,unknown,unknown,,,,entity_extraction,incorrect,"Assistant draft: Adjective, not actor."
calibration_0027,Russian,"🎖🎖 by Russian Defence Ministry on progress of special military operation as of 14 March 2026  ❗️ Last night, in response to Ukraine's terrorist attacks on civilian facilities on the territory of Russia, the Armed Forces of the Russian Federation carried out a massive strike by ground-, air-, and sea-based long-range precision weaponry and attack UAVs against enterprises of the Ukrainian defence industry, energy infrastructure facilities used for the benefit of the Armed Forces of Ukraine, as well as the military airfields.  ✅ The goals of the strike were achieved. All the assigned targets were engaged.  📍 Units of the Sever Group of Forces took more advantageous lines and positions. Manpower and hardware of the AFU mechanised brigade and one territorial defence brigade have been hit near Miropolye, Pisarevka, Novaya Sech, and Kondratovka (Sumy region).  💥 In Kharkov region, units of two mechanised brigades, one airmobile brigade, and one motorised infantry brigade of the AFU have been hit near Udy, Volchanskye Khutora, and Verkhniy Saltov (Kharkov region).  ▪️ The AFU losses amounted to more than 225 troops, 16 motor vehicles, one field artillery gun, and one U.S.-made MLRS launcher. One counter-battery warfare station, one ammunition depot, and seven materiel depots were neutralised.  📍 The Zapad Group of Forces improved the situation along the front line. Strikes were delivered at manpower and hardware of two mechanised brigades of the AFU, one territorial defence brigade, and one border detachment of the State Border Guard Service of Ukraine close to Novoosinovo, Grushevka (Kharkov region), Yatskovka, Rubtsy, and Krasny Liman (Donetsk People's Republic).  ▪️ The enemy losses amounted to up to 190 troops, one infantry fighting vehicle, two U.S.-made M113 armoured personnel carriers, seven armoured fighting vehicles, 21 motor vehicles, and four artillery guns, including one 155-mm Polish-made Krab self-propelled artillery system. One counter-battery warfare station and four ammunition depots were neutralised.  📍 The Yuzhnaya Group of Forces took more advantageous lines and positions. Russian troops hit one mechanised brigade, one motorised infantry brigade, one assault brigade of the AFU, and one marine brigade near Konstantinovka, Druzhkovka, Alekseyevo-Druzhkovka, Novoselovka, and Aleksandrovka (Donetsk People's Republic).  ▪️ The enemy lost up to 140 troops, one U.S.-made M113 armoured personnel carrier, three armoured fighting vehicles, ten motor vehicles, three field artillery guns, and one Grad MLRS combat vehicle. Five ammunition and materiel depots were eliminated.  👉 See Part 2   🔹 Russian Defence Ministry",Yu,ORG,False,1,unknown,0.0,The Yuzhnaya Group of Forces took more advantageous lines and positions.,no_signal,unknown,unknown,,,,entity_extraction,incorrect,Assistant draft: NER fragment.
calibration_0027,Russian,"🎖🎖 by Russian Defence Ministry on progress of special military operation as of 14 March 2026  ❗️ Last night, in response to Ukraine's terrorist attacks on civilian facilities on the territory of Russia, the Armed Forces of the Russian Federation carried out a massive strike by ground-, air-, and sea-based long-range precision weaponry and attack UAVs against enterprises of the Ukrainian defence industry, energy infrastructure facilities used for the benefit of the Armed Forces of Ukraine, as well as the military airfields.  ✅ The goals of the strike were achieved. All the assigned targets were engaged.  📍 Units of the Sever Group of Forces took more advantageous lines and positions. Manpower and hardware of the AFU mechanised brigade and one territorial defence brigade have been hit near Miropolye, Pisarevka, Novaya Sech, and Kondratovka (Sumy region).  💥 In Kharkov region, units of two mechanised brigades, one airmobile brigade, and one motorised infantry brigade of the AFU have been hit near Udy, Volchanskye Khutora, and Verkhniy Saltov (Kharkov region).  ▪️ The AFU losses amounted to more than 225 troops, 16 motor vehicles, one field artillery gun, and one U.S.-made MLRS launcher. One counter-battery warfare station, one ammunition depot, and seven materiel depots were neutralised.  📍 The Zapad Group of Forces improved the situation along the front line. Strikes were delivered at manpower and hardware of two mechanised brigades of the AFU, one territorial defence brigade, and one border detachment of the State Border Guard Service of Ukraine close to Novoosinovo, Grushevka (Kharkov region), Yatskovka, Rubtsy, and Krasny Liman (Donetsk People's Republic).  ▪️ The enemy losses amounted to up to 190 troops, one infantry fighting vehicle, two U.S.-made M113 armoured personnel carriers, seven armoured fighting vehicles, 21 motor vehicles, and four artillery guns, including one 155-mm Polish-made Krab self-propelled artillery system. One counter-battery warfare station and four ammunition depots were neutralised.  📍 The Yuzhnaya Group of Forces took more advantageous lines and positions. Russian troops hit one mechanised brigade, one motorised infantry brigade, one assault brigade of the AFU, and one marine brigade near Konstantinovka, Druzhkovka, Alekseyevo-Druzhkovka, Novoselovka, and Aleksandrovka (Donetsk People's Republic).  ▪️ The enemy lost up to 140 troops, one U.S.-made M113 armoured personnel carrier, three armoured fighting vehicles, ten motor vehicles, three field artillery guns, and one Grad MLRS combat vehicle. Five ammunition and materiel depots were eliminated.  👉 See Part 2   🔹 Russian Defence Ministry",Russia,MISC,False,1,unknown,0.0,"Russian troops hit one mechanised brigade, one motorised infantry brigade, one assault brigade of the AFU, and one marine brigade near Konstantinovka, Druzhkovka, Alekseyevo-Druzhkovka, Novoselovka, and Aleksandrovka (Donetsk People's Republic).",no_signal,unknown,unknown,Russia,victim,passive,normalization,incorrect,Assistant draft: duplicate/alias row that should be merged with the earlier canonical actor.
calibration_0027,Russian,"🎖🎖 by Russian Defence Ministry on progress of special military operation as of 14 March 2026  ❗️ Last night, in response to Ukraine's terrorist attacks on civilian facilities on the territory of Russia, the Armed Forces of the Russian Federation carried out a massive strike by ground-, air-, and sea-based long-range precision weaponry and attack UAVs against enterprises of the Ukrainian defence industry, energy infrastructure facilities used for the benefit of the Armed Forces of Ukraine, as well as the military airfields.  ✅ The goals of the strike were achieved. All the assigned targets were engaged.  📍 Units of the Sever Group of Forces took more advantageous lines and positions. Manpower and hardware of the AFU mechanised brigade and one territorial defence brigade have been hit near Miropolye, Pisarevka, Novaya Sech, and Kondratovka (Sumy region).  💥 In Kharkov region, units of two mechanised brigades, one airmobile brigade, and one motorised infantry brigade of the AFU have been hit near Udy, Volchanskye Khutora, and Verkhniy Saltov (Kharkov region).  ▪️ The AFU losses amounted to more than 225 troops, 16 motor vehicles, one field artillery gun, and one U.S.-made MLRS launcher. One counter-battery warfare station, one ammunition depot, and seven materiel depots were neutralised.  📍 The Zapad Group of Forces improved the situation along the front line. Strikes were delivered at manpower and hardware of two mechanised brigades of the AFU, one territorial defence brigade, and one border detachment of the State Border Guard Service of Ukraine close to Novoosinovo, Grushevka (Kharkov region), Yatskovka, Rubtsy, and Krasny Liman (Donetsk People's Republic).  ▪️ The enemy losses amounted to up to 190 troops, one infantry fighting vehicle, two U.S.-made M113 armoured personnel carriers, seven armoured fighting vehicles, 21 motor vehicles, and four artillery guns, including one 155-mm Polish-made Krab self-propelled artillery system. One counter-battery warfare station and four ammunition depots were neutralised.  📍 The Yuzhnaya Group of Forces took more advantageous lines and positions. Russian troops hit one mechanised brigade, one motorised infantry brigade, one assault brigade of the AFU, and one marine brigade near Konstantinovka, Druzhkovka, Alekseyevo-Druzhkovka, Novoselovka, and Aleksandrovka (Donetsk People's Republic).  ▪️ The enemy lost up to 140 troops, one U.S.-made M113 armoured personnel carrier, three armoured fighting vehicles, ten motor vehicles, three field artillery guns, and one Grad MLRS combat vehicle. Five ammunition and materiel depots were eliminated.  👉 See Part 2   🔹 Russian Defence Ministry",goals,CONCEPT,False,1,uncertain,0.15,The goals of the strike were achieved.,agency_voice:passive_subject,victim,passive,,,,entity_extraction,incorrect,Assistant draft: Common noun incorrectly promoted to actor.
calibration_0028,Russian,"Our strength isn't just in weapons; it's in our spirit, our resilience, our, uh, our unity.",we,IN_GROUP,False,1,uncertain,0.15,"Our strength isn't just in weapons; it's in our spirit, our resilience, our, uh, our unity.","rhetoric_lexicon:גאווה, הישג והרואיות+rhetoric_lexicon:גאווה, הישג והרואיות",hero,unknown,we,hero,unknown,role_assignment,incorrect,"Assistant draft: The in-group is explicitly praised through spirit, resilience and unity."
calibration_0028,Russian,"Our strength isn't just in weapons; it's in our spirit, our resilience, our, uh, our unity.",we,IN_GROUP,False,1,uncertain,0.15,"Our strength isn't just in weapons; it's in our spirit, our resilience, our, uh, our unity.","rhetoric_lexicon:גאווה, הישג והרואיות+rhetoric_lexicon:גאווה, הישג והרואיות",hero,unknown,we,hero,unknown,normalization,incorrect,Assistant draft: duplicate/alias row that should be merged with the earlier canonical actor.
calibration_0028,Russian,"Our strength isn't just in weapons; it's in our spirit, our resilience, our, uh, our unity.",we,IN_GROUP,False,1,uncertain,0.15,"Our strength isn't just in weapons; it's in our spirit, our resilience, our, uh, our unity.","rhetoric_lexicon:גאווה, הישג והרואיות+rhetoric_lexicon:גאווה, הישג והרואיות",hero,unknown,we,hero,unknown,normalization,incorrect,Assistant draft: duplicate/alias row that should be merged with the earlier canonical actor.
calibration_0028,Russian,"Our strength isn't just in weapons; it's in our spirit, our resilience, our, uh, our unity.",we,IN_GROUP,False,1,uncertain,0.15,"Our strength isn't just in weapons; it's in our spirit, our resilience, our, uh, our unity.","rhetoric_lexicon:גאווה, הישג והרואיות+rhetoric_lexicon:גאווה, הישג והרואיות",hero,unknown,we,hero,unknown,normalization,incorrect,Assistant draft: duplicate/alias row that should be merged with the earlier canonical actor.
calibration_0028,Russian,"Our strength isn't just in weapons; it's in our spirit, our resilience, our, uh, our unity.",we,IN_GROUP,False,1,uncertain,0.15,"Our strength isn't just in weapons; it's in our spirit, our resilience, our, uh, our unity.","rhetoric_lexicon:גאווה, הישג והרואיות+rhetoric_lexicon:גאווה, הישג והרואיות",hero,unknown,we,hero,unknown,normalization,incorrect,Assistant draft: duplicate/alias row that should be merged with the earlier canonical actor.
calibration_0029,Russian,"❗️Andrei Belousov inspects Sever Group of Forces  ▫️ On 17 March 2026, during a working visit to the zone of the special military operation, the Russian Defence Minister inspected units of the Sever Group of Forces and heard reports on the progress of operations at the command post. The main focus was on the expansion of the security belt on the territory of Sumy and Kharkov regions as well as strengthening the defence of the border regions of the Russian Federation.  💬 Commander of the Sever Group of Forces Colonel General Yevgeny Nikiforov reported to the Defence Minister on the successes of the units since the beginning of the year. As a result of cooperated actions, seven U.S.-made HIMARS and MLRS multiple rocket launchers were detected and destroyed.  📈 The commander also noted the increased effectiveness of the measures against enemy drones. Thanks to improved cohesion and training of FPV-interceptor teams, the effectiveness of long-range unmanned aerial vehicle engagement has been significantly improved.  💥 The Sever Group's Unmanned Systems Forces Commander reported to Andrei Belousov that an increase in the number of modern strike and reconnaissance drones made it possible to improve fire on enemy positions and provide continuous air surveillance in all directions.  ⚙️ He also added that an analysis centre had been set up at the unmanned system command post to assess the effectiveness of drone operators in real time. Maintenance elements equipped with programming equipment and 3D printers are deployed to ensure uninterrupted support of the units with UAVs. Thus, they can quickly prepare for the deployment unmanned aerial vehicles of various types. They are as follows: fixed-wing UAVs, hexacopters, copters, and FPV drones.  🤝At the end of the visit to the command post, Andrei Belousov presented state awards to servicemen of the Sever Group, who had distinguished themselves during combat missions. Those who showed courage, heroism and high professionalism in the special military operation received the Order of Courage and the Order 'For Merit Before Fatherland' with Swords, 1st and 2nd classes.   🔹 Russian Defence Ministry",Belous,PER,False,1,unknown,0.0,❗️Andrei Belousov inspects Sever Group of Forces,no_signal,unknown,active,Andrei Belousov,unknown,active,normalization,incorrect,Assistant draft: Truncated person name.
calibration_0029,Russian,"❗️Andrei Belousov inspects Sever Group of Forces  ▫️ On 17 March 2026, during a working visit to the zone of the special military operation, the Russian Defence Minister inspected units of the Sever Group of Forces and heard reports on the progress of operations at the command post. The main focus was on the expansion of the security belt on the territory of Sumy and Kharkov regions as well as strengthening the defence of the border regions of the Russian Federation.  💬 Commander of the Sever Group of Forces Colonel General Yevgeny Nikiforov reported to the Defence Minister on the successes of the units since the beginning of the year. As a result of cooperated actions, seven U.S.-made HIMARS and MLRS multiple rocket launchers were detected and destroyed.  📈 The commander also noted the increased effectiveness of the measures against enemy drones. Thanks to improved cohesion and training of FPV-interceptor teams, the effectiveness of long-range unmanned aerial vehicle engagement has been significantly improved.  💥 The Sever Group's Unmanned Systems Forces Commander reported to Andrei Belousov that an increase in the number of modern strike and reconnaissance drones made it possible to improve fire on enemy positions and provide continuous air surveillance in all directions.  ⚙️ He also added that an analysis centre had been set up at the unmanned system command post to assess the effectiveness of drone operators in real time. Maintenance elements equipped with programming equipment and 3D printers are deployed to ensure uninterrupted support of the units with UAVs. Thus, they can quickly prepare for the deployment unmanned aerial vehicles of various types. They are as follows: fixed-wing UAVs, hexacopters, copters, and FPV drones.  🤝At the end of the visit to the command post, Andrei Belousov presented state awards to servicemen of the Sever Group, who had distinguished themselves during combat missions. Those who showed courage, heroism and high professionalism in the special military operation received the Order of Courage and the Order 'For Merit Before Fatherland' with Swords, 1st and 2nd classes.   🔹 Russian Defence Ministry",Severgroupofforces,ORG,False,1,unknown,0.0,❗️Andrei Belousov inspects Sever Group of Forces,no_signal,unknown,passive,Sever Group of Forces,hero,active,role_assignment,incorrect,Assistant draft: Own-side unit framed positively.
calibration_0029,Russian,"❗️Andrei Belousov inspects Sever Group of Forces  ▫️ On 17 March 2026, during a working visit to the zone of the special military operation, the Russian Defence Minister inspected units of the Sever Group of Forces and heard reports on the progress of operations at the command post. The main focus was on the expansion of the security belt on the territory of Sumy and Kharkov regions as well as strengthening the defence of the border regions of the Russian Federation.  💬 Commander of the Sever Group of Forces Colonel General Yevgeny Nikiforov reported to the Defence Minister on the successes of the units since the beginning of the year. As a result of cooperated actions, seven U.S.-made HIMARS and MLRS multiple rocket launchers were detected and destroyed.  📈 The commander also noted the increased effectiveness of the measures against enemy drones. Thanks to improved cohesion and training of FPV-interceptor teams, the effectiveness of long-range unmanned aerial vehicle engagement has been significantly improved.  💥 The Sever Group's Unmanned Systems Forces Commander reported to Andrei Belousov that an increase in the number of modern strike and reconnaissance drones made it possible to improve fire on enemy positions and provide continuous air surveillance in all directions.  ⚙️ He also added that an analysis centre had been set up at the unmanned system command post to assess the effectiveness of drone operators in real time. Maintenance elements equipped with programming equipment and 3D printers are deployed to ensure uninterrupted support of the units with UAVs. Thus, they can quickly prepare for the deployment unmanned aerial vehicles of various types. They are as follows: fixed-wing UAVs, hexacopters, copters, and FPV drones.  🤝At the end of the visit to the command post, Andrei Belousov presented state awards to servicemen of the Sever Group, who had distinguished themselves during combat missions. Those who showed courage, heroism and high professionalism in the special military operation received the Order of Courage and the Order 'For Merit Before Fatherland' with Swords, 1st and 2nd classes.   🔹 Russian Defence Ministry",Russia,MISC,False,1,unknown,0.0,"▫️ On 17 March 2026, during a working visit to the zone of the special military operation, the Russian Defence Minister inspected units of the Sever Group of Forces and heard reports on the progress of operations at the command post.",no_signal,unknown,unknown,Russia / Russian Federation,unknown,unknown,,correct,Assistant draft: Valid state reference; role is not always explicit in this excerpt.
calibration_0029,Russian,"❗️Andrei Belousov inspects Sever Group of Forces  ▫️ On 17 March 2026, during a working visit to the zone of the special military operation, the Russian Defence Minister inspected units of the Sever Group of Forces and heard reports on the progress of operations at the command post. The main focus was on the expansion of the security belt on the territory of Sumy and Kharkov regions as well as strengthening the defence of the border regions of the Russian Federation.  💬 Commander of the Sever Group of Forces Colonel General Yevgeny Nikiforov reported to the Defence Minister on the successes of the units since the beginning of the year. As a result of cooperated actions, seven U.S.-made HIMARS and MLRS multiple rocket launchers were detected and destroyed.  📈 The commander also noted the increased effectiveness of the measures against enemy drones. Thanks to improved cohesion and training of FPV-interceptor teams, the effectiveness of long-range unmanned aerial vehicle engagement has been significantly improved.  💥 The Sever Group's Unmanned Systems Forces Commander reported to Andrei Belousov that an increase in the number of modern strike and reconnaissance drones made it possible to improve fire on enemy positions and provide continuous air surveillance in all directions.  ⚙️ He also added that an analysis centre had been set up at the unmanned system command post to assess the effectiveness of drone operators in real time. Maintenance elements equipped with programming equipment and 3D printers are deployed to ensure uninterrupted support of the units with UAVs. Thus, they can quickly prepare for the deployment unmanned aerial vehicles of various types. They are as follows: fixed-wing UAVs, hexacopters, copters, and FPV drones.  🤝At the end of the visit to the command post, Andrei Belousov presented state awards to servicemen of the Sever Group, who had distinguished themselves during combat missions. Those who showed courage, heroism and high professionalism in the special military operation received the Order of Courage and the Order 'For Merit Before Fatherland' with Swords, 1st and 2nd classes.   🔹 Russian Defence Ministry",Sever Group Of Forces,ORG,False,1,unknown,0.0,"▫️ On 17 March 2026, during a working visit to the zone of the special military operation, the Russian Defence Minister inspected units of the Sever Group of Forces and heard reports on the progress of operations at the command post.",no_signal,unknown,passive,Sever Group of Forces,hero,active,normalization,incorrect,Assistant draft: Duplicate alias of the same military group.
calibration_0029,Russian,"❗️Andrei Belousov inspects Sever Group of Forces  ▫️ On 17 March 2026, during a working visit to the zone of the special military operation, the Russian Defence Minister inspected units of the Sever Group of Forces and heard reports on the progress of operations at the command post. The main focus was on the expansion of the security belt on the territory of Sumy and Kharkov regions as well as strengthening the defence of the border regions of the Russian Federation.  💬 Commander of the Sever Group of Forces Colonel General Yevgeny Nikiforov reported to the Defence Minister on the successes of the units since the beginning of the year. As a result of cooperated actions, seven U.S.-made HIMARS and MLRS multiple rocket launchers were detected and destroyed.  📈 The commander also noted the increased effectiveness of the measures against enemy drones. Thanks to improved cohesion and training of FPV-interceptor teams, the effectiveness of long-range unmanned aerial vehicle engagement has been significantly improved.  💥 The Sever Group's Unmanned Systems Forces Commander reported to Andrei Belousov that an increase in the number of modern strike and reconnaissance drones made it possible to improve fire on enemy positions and provide continuous air surveillance in all directions.  ⚙️ He also added that an analysis centre had been set up at the unmanned system command post to assess the effectiveness of drone operators in real time. Maintenance elements equipped with programming equipment and 3D printers are deployed to ensure uninterrupted support of the units with UAVs. Thus, they can quickly prepare for the deployment unmanned aerial vehicles of various types. They are as follows: fixed-wing UAVs, hexacopters, copters, and FPV drones.  🤝At the end of the visit to the command post, Andrei Belousov presented state awards to servicemen of the Sever Group, who had distinguished themselves during combat missions. Those who showed courage, heroism and high professionalism in the special military operation received the Order of Courage and the Order 'For Merit Before Fatherland' with Swords, 1st and 2nd classes.   🔹 Russian Defence Ministry",Sumy,LOC,False,1,unknown,0.0,The main focus was on the expansion of the security belt on the territory of Sumy and Kharkov regions as well as strengthening the defence of the border regions of the Russian Federation.,no_signal,unknown,unknown,,,,entity_extraction,incorrect,"Assistant draft: Location, not actor."
calibration_0029,Russian,"❗️Andrei Belousov inspects Sever Group of Forces  ▫️ On 17 March 2026, during a working visit to the zone of the special military operation, the Russian Defence Minister inspected units of the Sever Group of Forces and heard reports on the progress of operations at the command post. The main focus was on the expansion of the security belt on the territory of Sumy and Kharkov regions as well as strengthening the defence of the border regions of the Russian Federation.  💬 Commander of the Sever Group of Forces Colonel General Yevgeny Nikiforov reported to the Defence Minister on the successes of the units since the beginning of the year. As a result of cooperated actions, seven U.S.-made HIMARS and MLRS multiple rocket launchers were detected and destroyed.  📈 The commander also noted the increased effectiveness of the measures against enemy drones. Thanks to improved cohesion and training of FPV-interceptor teams, the effectiveness of long-range unmanned aerial vehicle engagement has been significantly improved.  💥 The Sever Group's Unmanned Systems Forces Commander reported to Andrei Belousov that an increase in the number of modern strike and reconnaissance drones made it possible to improve fire on enemy positions and provide continuous air surveillance in all directions.  ⚙️ He also added that an analysis centre had been set up at the unmanned system command post to assess the effectiveness of drone operators in real time. Maintenance elements equipped with programming equipment and 3D printers are deployed to ensure uninterrupted support of the units with UAVs. Thus, they can quickly prepare for the deployment unmanned aerial vehicles of various types. They are as follows: fixed-wing UAVs, hexacopters, copters, and FPV drones.  🤝At the end of the visit to the command post, Andrei Belousov presented state awards to servicemen of the Sever Group, who had distinguished themselves during combat missions. Those who showed courage, heroism and high professionalism in the special military operation received the Order of Courage and the Order 'For Merit Before Fatherland' with Swords, 1st and 2nd classes.   🔹 Russian Defence Ministry",Kharkov,LOC,False,1,unknown,0.0,The main focus was on the expansion of the security belt on the territory of Sumy and Kharkov regions as well as strengthening the defence of the border regions of the Russian Federation.,no_signal,unknown,unknown,,,,entity_extraction,incorrect,"Assistant draft: Location, not actor."
calibration_0029,Russian,"❗️Andrei Belousov inspects Sever Group of Forces  ▫️ On 17 March 2026, during a working visit to the zone of the special military operation, the Russian Defence Minister inspected units of the Sever Group of Forces and heard reports on the progress of operations at the command post. The main focus was on the expansion of the security belt on the territory of Sumy and Kharkov regions as well as strengthening the defence of the border regions of the Russian Federation.  💬 Commander of the Sever Group of Forces Colonel General Yevgeny Nikiforov reported to the Defence Minister on the successes of the units since the beginning of the year. As a result of cooperated actions, seven U.S.-made HIMARS and MLRS multiple rocket launchers were detected and destroyed.  📈 The commander also noted the increased effectiveness of the measures against enemy drones. Thanks to improved cohesion and training of FPV-interceptor teams, the effectiveness of long-range unmanned aerial vehicle engagement has been significantly improved.  💥 The Sever Group's Unmanned Systems Forces Commander reported to Andrei Belousov that an increase in the number of modern strike and reconnaissance drones made it possible to improve fire on enemy positions and provide continuous air surveillance in all directions.  ⚙️ He also added that an analysis centre had been set up at the unmanned system command post to assess the effectiveness of drone operators in real time. Maintenance elements equipped with programming equipment and 3D printers are deployed to ensure uninterrupted support of the units with UAVs. Thus, they can quickly prepare for the deployment unmanned aerial vehicles of various types. They are as follows: fixed-wing UAVs, hexacopters, copters, and FPV drones.  🤝At the end of the visit to the command post, Andrei Belousov presented state awards to servicemen of the Sever Group, who had distinguished themselves during combat missions. Those who showed courage, heroism and high professionalism in the special military operation received the Order of Courage and the Order 'For Merit Before Fatherland' with Swords, 1st and 2nd classes.   🔹 Russian Defence Ministry",Russianfederation,LOC,False,1,unknown,0.0,The main focus was on the expansion of the security belt on the territory of Sumy and Kharkov regions as well as strengthening the defence of the border regions of the Russian Federation.,no_signal,unknown,passive,Russian Federation,unknown,unknown,normalization,incorrect,Assistant draft: Valid state actor but normalization is poor.
calibration_0029,Russian,"❗️Andrei Belousov inspects Sever Group of Forces  ▫️ On 17 March 2026, during a working visit to the zone of the special military operation, the Russian Defence Minister inspected units of the Sever Group of Forces and heard reports on the progress of operations at the command post. The main focus was on the expansion of the security belt on the territory of Sumy and Kharkov regions as well as strengthening the defence of the border regions of the Russian Federation.  💬 Commander of the Sever Group of Forces Colonel General Yevgeny Nikiforov reported to the Defence Minister on the successes of the units since the beginning of the year. As a result of cooperated actions, seven U.S.-made HIMARS and MLRS multiple rocket launchers were detected and destroyed.  📈 The commander also noted the increased effectiveness of the measures against enemy drones. Thanks to improved cohesion and training of FPV-interceptor teams, the effectiveness of long-range unmanned aerial vehicle engagement has been significantly improved.  💥 The Sever Group's Unmanned Systems Forces Commander reported to Andrei Belousov that an increase in the number of modern strike and reconnaissance drones made it possible to improve fire on enemy positions and provide continuous air surveillance in all directions.  ⚙️ He also added that an analysis centre had been set up at the unmanned system command post to assess the effectiveness of drone operators in real time. Maintenance elements equipped with programming equipment and 3D printers are deployed to ensure uninterrupted support of the units with UAVs. Thus, they can quickly prepare for the deployment unmanned aerial vehicles of various types. They are as follows: fixed-wing UAVs, hexacopters, copters, and FPV drones.  🤝At the end of the visit to the command post, Andrei Belousov presented state awards to servicemen of the Sever Group, who had distinguished themselves during combat missions. Those who showed courage, heroism and high professionalism in the special military operation received the Order of Courage and the Order 'For Merit Before Fatherland' with Swords, 1st and 2nd classes.   🔹 Russian Defence Ministry",Severgroupofforces,ORG,False,1,uncertain,0.15,💬 Commander of the Sever Group of Forces Colonel General Yevgeny Nikiforov reported to the Defence Minister on the successes of the units since the beginning of the year.,"rhetoric_lexicon:גאווה, הישג והרואיות+rhetoric_lexicon:גאווה, הישג והרואיות",hero,passive,Sever Group of Forces,hero,active,normalization,incorrect,Assistant draft: duplicate/alias row that should be merged with the earlier canonical actor.
calibration_0029,Russian,"❗️Andrei Belousov inspects Sever Group of Forces  ▫️ On 17 March 2026, during a working visit to the zone of the special military operation, the Russian Defence Minister inspected units of the Sever Group of Forces and heard reports on the progress of operations at the command post. The main focus was on the expansion of the security belt on the territory of Sumy and Kharkov regions as well as strengthening the defence of the border regions of the Russian Federation.  💬 Commander of the Sever Group of Forces Colonel General Yevgeny Nikiforov reported to the Defence Minister on the successes of the units since the beginning of the year. As a result of cooperated actions, seven U.S.-made HIMARS and MLRS multiple rocket launchers were detected and destroyed.  📈 The commander also noted the increased effectiveness of the measures against enemy drones. Thanks to improved cohesion and training of FPV-interceptor teams, the effectiveness of long-range unmanned aerial vehicle engagement has been significantly improved.  💥 The Sever Group's Unmanned Systems Forces Commander reported to Andrei Belousov that an increase in the number of modern strike and reconnaissance drones made it possible to improve fire on enemy positions and provide continuous air surveillance in all directions.  ⚙️ He also added that an analysis centre had been set up at the unmanned system command post to assess the effectiveness of drone operators in real time. Maintenance elements equipped with programming equipment and 3D printers are deployed to ensure uninterrupted support of the units with UAVs. Thus, they can quickly prepare for the deployment unmanned aerial vehicles of various types. They are as follows: fixed-wing UAVs, hexacopters, copters, and FPV drones.  🤝At the end of the visit to the command post, Andrei Belousov presented state awards to servicemen of the Sever Group, who had distinguished themselves during combat missions. Those who showed courage, heroism and high professionalism in the special military operation received the Order of Courage and the Order 'For Merit Before Fatherland' with Swords, 1st and 2nd classes.   🔹 Russian Defence Ministry",Yevgeny Nikiforo,PER,False,1,uncertain,0.15,💬 Commander of the Sever Group of Forces Colonel General Yevgeny Nikiforov reported to the Defence Minister on the successes of the units since the beginning of the year.,"rhetoric_lexicon:גאווה, הישג והרואיות+rhetoric_lexicon:גאווה, הישג והרואיות",hero,active,Yevgeny Nikiforov,hero,active,normalization,incorrect,Assistant draft: Truncated person name; praised own-side commander.
calibration_0029,Russian,"❗️Andrei Belousov inspects Sever Group of Forces  ▫️ On 17 March 2026, during a working visit to the zone of the special military operation, the Russian Defence Minister inspected units of the Sever Group of Forces and heard reports on the progress of operations at the command post. The main focus was on the expansion of the security belt on the territory of Sumy and Kharkov regions as well as strengthening the defence of the border regions of the Russian Federation.  💬 Commander of the Sever Group of Forces Colonel General Yevgeny Nikiforov reported to the Defence Minister on the successes of the units since the beginning of the year. As a result of cooperated actions, seven U.S.-made HIMARS and MLRS multiple rocket launchers were detected and destroyed.  📈 The commander also noted the increased effectiveness of the measures against enemy drones. Thanks to improved cohesion and training of FPV-interceptor teams, the effectiveness of long-range unmanned aerial vehicle engagement has been significantly improved.  💥 The Sever Group's Unmanned Systems Forces Commander reported to Andrei Belousov that an increase in the number of modern strike and reconnaissance drones made it possible to improve fire on enemy positions and provide continuous air surveillance in all directions.  ⚙️ He also added that an analysis centre had been set up at the unmanned system command post to assess the effectiveness of drone operators in real time. Maintenance elements equipped with programming equipment and 3D printers are deployed to ensure uninterrupted support of the units with UAVs. Thus, they can quickly prepare for the deployment unmanned aerial vehicles of various types. They are as follows: fixed-wing UAVs, hexacopters, copters, and FPV drones.  🤝At the end of the visit to the command post, Andrei Belousov presented state awards to servicemen of the Sever Group, who had distinguished themselves during combat missions. Those who showed courage, heroism and high professionalism in the special military operation received the Order of Courage and the Order 'For Merit Before Fatherland' with Swords, 1st and 2nd classes.   🔹 Russian Defence Ministry",U S,MISC,True,1,unknown,0.0,"As a result of cooperated actions, seven U.S.-made HIMARS and MLRS multiple rocket launchers were detected and destroyed.",no_signal,unknown,unknown,,,,entity_extraction,incorrect,Assistant draft: Broken fragment.
calibration_0029,Russian,"❗️Andrei Belousov inspects Sever Group of Forces  ▫️ On 17 March 2026, during a working visit to the zone of the special military operation, the Russian Defence Minister inspected units of the Sever Group of Forces and heard reports on the progress of operations at the command post. The main focus was on the expansion of the security belt on the territory of Sumy and Kharkov regions as well as strengthening the defence of the border regions of the Russian Federation.  💬 Commander of the Sever Group of Forces Colonel General Yevgeny Nikiforov reported to the Defence Minister on the successes of the units since the beginning of the year. As a result of cooperated actions, seven U.S.-made HIMARS and MLRS multiple rocket launchers were detected and destroyed.  📈 The commander also noted the increased effectiveness of the measures against enemy drones. Thanks to improved cohesion and training of FPV-interceptor teams, the effectiveness of long-range unmanned aerial vehicle engagement has been significantly improved.  💥 The Sever Group's Unmanned Systems Forces Commander reported to Andrei Belousov that an increase in the number of modern strike and reconnaissance drones made it possible to improve fire on enemy positions and provide continuous air surveillance in all directions.  ⚙️ He also added that an analysis centre had been set up at the unmanned system command post to assess the effectiveness of drone operators in real time. Maintenance elements equipped with programming equipment and 3D printers are deployed to ensure uninterrupted support of the units with UAVs. Thus, they can quickly prepare for the deployment unmanned aerial vehicles of various types. They are as follows: fixed-wing UAVs, hexacopters, copters, and FPV drones.  🤝At the end of the visit to the command post, Andrei Belousov presented state awards to servicemen of the Sever Group, who had distinguished themselves during combat missions. Those who showed courage, heroism and high professionalism in the special military operation received the Order of Courage and the Order 'For Merit Before Fatherland' with Swords, 1st and 2nd classes.   🔹 Russian Defence Ministry",Severgroup,ORG,False,1,unknown,0.0,💥 The Sever Group's Unmanned Systems Forces Commander reported to Andrei Belousov that an increase in the number of modern strike and reconnaissance drones made it possible to improve fire on enemy positions and provide continuous air surveillance in all directions.,no_signal,unknown,unknown,Sever Group of Forces,hero,active,normalization,incorrect,Assistant draft: Alias should merge to the full formation name.
calibration_0029,Russian,"❗️Andrei Belousov inspects Sever Group of Forces  ▫️ On 17 March 2026, during a working visit to the zone of the special military operation, the Russian Defence Minister inspected units of the Sever Group of Forces and heard reports on the progress of operations at the command post. The main focus was on the expansion of the security belt on the territory of Sumy and Kharkov regions as well as strengthening the defence of the border regions of the Russian Federation.  💬 Commander of the Sever Group of Forces Colonel General Yevgeny Nikiforov reported to the Defence Minister on the successes of the units since the beginning of the year. As a result of cooperated actions, seven U.S.-made HIMARS and MLRS multiple rocket launchers were detected and destroyed.  📈 The commander also noted the increased effectiveness of the measures against enemy drones. Thanks to improved cohesion and training of FPV-interceptor teams, the effectiveness of long-range unmanned aerial vehicle engagement has been significantly improved.  💥 The Sever Group's Unmanned Systems Forces Commander reported to Andrei Belousov that an increase in the number of modern strike and reconnaissance drones made it possible to improve fire on enemy positions and provide continuous air surveillance in all directions.  ⚙️ He also added that an analysis centre had been set up at the unmanned system command post to assess the effectiveness of drone operators in real time. Maintenance elements equipped with programming equipment and 3D printers are deployed to ensure uninterrupted support of the units with UAVs. Thus, they can quickly prepare for the deployment unmanned aerial vehicles of various types. They are as follows: fixed-wing UAVs, hexacopters, copters, and FPV drones.  🤝At the end of the visit to the command post, Andrei Belousov presented state awards to servicemen of the Sever Group, who had distinguished themselves during combat missions. Those who showed courage, heroism and high professionalism in the special military operation received the Order of Courage and the Order 'For Merit Before Fatherland' with Swords, 1st and 2nd classes.   🔹 Russian Defence Ministry",Unmannedsystemsforces,ORG,False,1,unknown,0.0,💥 The Sever Group's Unmanned Systems Forces Commander reported to Andrei Belousov that an increase in the number of modern strike and reconnaissance drones made it possible to improve fire on enemy positions and provide continuous air surveillance in all directions.,no_signal,unknown,unknown,Unmanned Systems Forces,hero,active,role_assignment,incorrect,Assistant draft: Own-side military capability framed positively.
calibration_0029,Russian,"❗️Andrei Belousov inspects Sever Group of Forces  ▫️ On 17 March 2026, during a working visit to the zone of the special military operation, the Russian Defence Minister inspected units of the Sever Group of Forces and heard reports on the progress of operations at the command post. The main focus was on the expansion of the security belt on the territory of Sumy and Kharkov regions as well as strengthening the defence of the border regions of the Russian Federation.  💬 Commander of the Sever Group of Forces Colonel General Yevgeny Nikiforov reported to the Defence Minister on the successes of the units since the beginning of the year. As a result of cooperated actions, seven U.S.-made HIMARS and MLRS multiple rocket launchers were detected and destroyed.  📈 The commander also noted the increased effectiveness of the measures against enemy drones. Thanks to improved cohesion and training of FPV-interceptor teams, the effectiveness of long-range unmanned aerial vehicle engagement has been significantly improved.  💥 The Sever Group's Unmanned Systems Forces Commander reported to Andrei Belousov that an increase in the number of modern strike and reconnaissance drones made it possible to improve fire on enemy positions and provide continuous air surveillance in all directions.  ⚙️ He also added that an analysis centre had been set up at the unmanned system command post to assess the effectiveness of drone operators in real time. Maintenance elements equipped with programming equipment and 3D printers are deployed to ensure uninterrupted support of the units with UAVs. Thus, they can quickly prepare for the deployment unmanned aerial vehicles of various types. They are as follows: fixed-wing UAVs, hexacopters, copters, and FPV drones.  🤝At the end of the visit to the command post, Andrei Belousov presented state awards to servicemen of the Sever Group, who had distinguished themselves during combat missions. Those who showed courage, heroism and high professionalism in the special military operation received the Order of Courage and the Order 'For Merit Before Fatherland' with Swords, 1st and 2nd classes.   🔹 Russian Defence Ministry",Andreibelousov,PER,False,1,unknown,0.0,💥 The Sever Group's Unmanned Systems Forces Commander reported to Andrei Belousov that an increase in the number of modern strike and reconnaissance drones made it possible to improve fire on enemy positions and provide continuous air surveillance in all directions.,no_signal,unknown,passive,Andrei Belousov,unknown,active,normalization,incorrect,Assistant draft: duplicate/alias row that should be merged with the earlier canonical actor.
calibration_0029,Russian,"❗️Andrei Belousov inspects Sever Group of Forces  ▫️ On 17 March 2026, during a working visit to the zone of the special military operation, the Russian Defence Minister inspected units of the Sever Group of Forces and heard reports on the progress of operations at the command post. The main focus was on the expansion of the security belt on the territory of Sumy and Kharkov regions as well as strengthening the defence of the border regions of the Russian Federation.  💬 Commander of the Sever Group of Forces Colonel General Yevgeny Nikiforov reported to the Defence Minister on the successes of the units since the beginning of the year. As a result of cooperated actions, seven U.S.-made HIMARS and MLRS multiple rocket launchers were detected and destroyed.  📈 The commander also noted the increased effectiveness of the measures against enemy drones. Thanks to improved cohesion and training of FPV-interceptor teams, the effectiveness of long-range unmanned aerial vehicle engagement has been significantly improved.  💥 The Sever Group's Unmanned Systems Forces Commander reported to Andrei Belousov that an increase in the number of modern strike and reconnaissance drones made it possible to improve fire on enemy positions and provide continuous air surveillance in all directions.  ⚙️ He also added that an analysis centre had been set up at the unmanned system command post to assess the effectiveness of drone operators in real time. Maintenance elements equipped with programming equipment and 3D printers are deployed to ensure uninterrupted support of the units with UAVs. Thus, they can quickly prepare for the deployment unmanned aerial vehicles of various types. They are as follows: fixed-wing UAVs, hexacopters, copters, and FPV drones.  🤝At the end of the visit to the command post, Andrei Belousov presented state awards to servicemen of the Sever Group, who had distinguished themselves during combat missions. Those who showed courage, heroism and high professionalism in the special military operation received the Order of Courage and the Order 'For Merit Before Fatherland' with Swords, 1st and 2nd classes.   🔹 Russian Defence Ministry",Andreibelousov,PER,False,1,unknown,0.0,"🤝At the end of the visit to the command post, Andrei Belousov presented state awards to servicemen of the Sever Group, who had distinguished themselves during combat missions.",no_signal,unknown,active,Andrei Belousov,unknown,active,normalization,incorrect,Assistant draft: duplicate/alias row that should be merged with the earlier canonical actor.
calibration_0029,Russian,"❗️Andrei Belousov inspects Sever Group of Forces  ▫️ On 17 March 2026, during a working visit to the zone of the special military operation, the Russian Defence Minister inspected units of the Sever Group of Forces and heard reports on the progress of operations at the command post. The main focus was on the expansion of the security belt on the territory of Sumy and Kharkov regions as well as strengthening the defence of the border regions of the Russian Federation.  💬 Commander of the Sever Group of Forces Colonel General Yevgeny Nikiforov reported to the Defence Minister on the successes of the units since the beginning of the year. As a result of cooperated actions, seven U.S.-made HIMARS and MLRS multiple rocket launchers were detected and destroyed.  📈 The commander also noted the increased effectiveness of the measures against enemy drones. Thanks to improved cohesion and training of FPV-interceptor teams, the effectiveness of long-range unmanned aerial vehicle engagement has been significantly improved.  💥 The Sever Group's Unmanned Systems Forces Commander reported to Andrei Belousov that an increase in the number of modern strike and reconnaissance drones made it possible to improve fire on enemy positions and provide continuous air surveillance in all directions.  ⚙️ He also added that an analysis centre had been set up at the unmanned system command post to assess the effectiveness of drone operators in real time. Maintenance elements equipped with programming equipment and 3D printers are deployed to ensure uninterrupted support of the units with UAVs. Thus, they can quickly prepare for the deployment unmanned aerial vehicles of various types. They are as follows: fixed-wing UAVs, hexacopters, copters, and FPV drones.  🤝At the end of the visit to the command post, Andrei Belousov presented state awards to servicemen of the Sever Group, who had distinguished themselves during combat missions. Those who showed courage, heroism and high professionalism in the special military operation received the Order of Courage and the Order 'For Merit Before Fatherland' with Swords, 1st and 2nd classes.   🔹 Russian Defence Ministry",Se,ORG,False,1,unknown,0.0,"🤝At the end of the visit to the command post, Andrei Belousov presented state awards to servicemen of the Sever Group, who had distinguished themselves during combat missions.",no_signal,unknown,unknown,,,,entity_extraction,incorrect,Assistant draft: NER fragment.
calibration_0029,Russian,"❗️Andrei Belousov inspects Sever Group of Forces  ▫️ On 17 March 2026, during a working visit to the zone of the special military operation, the Russian Defence Minister inspected units of the Sever Group of Forces and heard reports on the progress of operations at the command post. The main focus was on the expansion of the security belt on the territory of Sumy and Kharkov regions as well as strengthening the defence of the border regions of the Russian Federation.  💬 Commander of the Sever Group of Forces Colonel General Yevgeny Nikiforov reported to the Defence Minister on the successes of the units since the beginning of the year. As a result of cooperated actions, seven U.S.-made HIMARS and MLRS multiple rocket launchers were detected and destroyed.  📈 The commander also noted the increased effectiveness of the measures against enemy drones. Thanks to improved cohesion and training of FPV-interceptor teams, the effectiveness of long-range unmanned aerial vehicle engagement has been significantly improved.  💥 The Sever Group's Unmanned Systems Forces Commander reported to Andrei Belousov that an increase in the number of modern strike and reconnaissance drones made it possible to improve fire on enemy positions and provide continuous air surveillance in all directions.  ⚙️ He also added that an analysis centre had been set up at the unmanned system command post to assess the effectiveness of drone operators in real time. Maintenance elements equipped with programming equipment and 3D printers are deployed to ensure uninterrupted support of the units with UAVs. Thus, they can quickly prepare for the deployment unmanned aerial vehicles of various types. They are as follows: fixed-wing UAVs, hexacopters, copters, and FPV drones.  🤝At the end of the visit to the command post, Andrei Belousov presented state awards to servicemen of the Sever Group, who had distinguished themselves during combat missions. Those who showed courage, heroism and high professionalism in the special military operation received the Order of Courage and the Order 'For Merit Before Fatherland' with Swords, 1st and 2nd classes.   🔹 Russian Defence Ministry",Russia,MISC,False,1,unknown,0.0,🔹 Russian Defence Ministry,no_signal,unknown,unknown,Russia / Russian Federation,unknown,unknown,normalization,incorrect,Assistant draft: duplicate/alias row that should be merged with the earlier canonical actor.
calibration_0029,Russian,"❗️Andrei Belousov inspects Sever Group of Forces  ▫️ On 17 March 2026, during a working visit to the zone of the special military operation, the Russian Defence Minister inspected units of the Sever Group of Forces and heard reports on the progress of operations at the command post. The main focus was on the expansion of the security belt on the territory of Sumy and Kharkov regions as well as strengthening the defence of the border regions of the Russian Federation.  💬 Commander of the Sever Group of Forces Colonel General Yevgeny Nikiforov reported to the Defence Minister on the successes of the units since the beginning of the year. As a result of cooperated actions, seven U.S.-made HIMARS and MLRS multiple rocket launchers were detected and destroyed.  📈 The commander also noted the increased effectiveness of the measures against enemy drones. Thanks to improved cohesion and training of FPV-interceptor teams, the effectiveness of long-range unmanned aerial vehicle engagement has been significantly improved.  💥 The Sever Group's Unmanned Systems Forces Commander reported to Andrei Belousov that an increase in the number of modern strike and reconnaissance drones made it possible to improve fire on enemy positions and provide continuous air surveillance in all directions.  ⚙️ He also added that an analysis centre had been set up at the unmanned system command post to assess the effectiveness of drone operators in real time. Maintenance elements equipped with programming equipment and 3D printers are deployed to ensure uninterrupted support of the units with UAVs. Thus, they can quickly prepare for the deployment unmanned aerial vehicles of various types. They are as follows: fixed-wing UAVs, hexacopters, copters, and FPV drones.  🤝At the end of the visit to the command post, Andrei Belousov presented state awards to servicemen of the Sever Group, who had distinguished themselves during combat missions. Those who showed courage, heroism and high professionalism in the special military operation received the Order of Courage and the Order 'For Merit Before Fatherland' with Swords, 1st and 2nd classes.   🔹 Russian Defence Ministry",Ministry,ORG,False,1,unknown,0.0,🔹 Russian Defence Ministry,no_signal,unknown,unknown,,,,entity_extraction,incorrect,Assistant draft: Source/header fragment rather than a distinct narrative actor.
calibration_0033,Ukrainian,"Today is the first day of the holy month of Ramadan. This is a time of sincere prayer and deep faith. But, unfortunately, thousands of Ukrainian Muslims meet this day on the battlefield, and part of the Crimean Tatar people - under Russian occupation and in Russian captivity.   We remember about",Ramadan,MISC,False,1,unknown,0.0,Today is the first day of the holy month of Ramadan.,no_signal,unknown,passive,,,,entity_extraction,incorrect,"Assistant draft: Religious period/concept, not actor."
calibration_0033,Ukrainian,"Today is the first day of the holy month of Ramadan. This is a time of sincere prayer and deep faith. But, unfortunately, thousands of Ukrainian Muslims meet this day on the battlefield, and part of the Crimean Tatar people - under Russian occupation and in Russian captivity.   We remember about",Ukrainianmuslims,MISC,False,1,unknown,0.0,"But, unfortunately, thousands of Ukrainian Muslims meet this day on the battlefield, and part of the Crimean Tatar people - under Russian occupation and in Russian captivity.",no_signal,unknown,passive,Ukrainian Muslims,victim,passive,normalization,incorrect,Assistant draft: Affected group; normalization/role missing.
calibration_0033,Ukrainian,"Today is the first day of the holy month of Ramadan. This is a time of sincere prayer and deep faith. But, unfortunately, thousands of Ukrainian Muslims meet this day on the battlefield, and part of the Crimean Tatar people - under Russian occupation and in Russian captivity.   We remember about",Crimeantatar,MISC,False,1,unknown,0.0,"But, unfortunately, thousands of Ukrainian Muslims meet this day on the battlefield, and part of the Crimean Tatar people - under Russian occupation and in Russian captivity.",no_signal,unknown,unknown,Crimean Tatars,victim,passive,normalization,incorrect,Assistant draft: Affected group under occupation/captivity.
calibration_0033,Ukrainian,"Today is the first day of the holy month of Ramadan. This is a time of sincere prayer and deep faith. But, unfortunately, thousands of Ukrainian Muslims meet this day on the battlefield, and part of the Crimean Tatar people - under Russian occupation and in Russian captivity.   We remember about",Russia,MISC,False,1,unknown,0.0,"But, unfortunately, thousands of Ukrainian Muslims meet this day on the battlefield, and part of the Crimean Tatar people - under Russian occupation and in Russian captivity.",no_signal,unknown,unknown,Russia,aggressor,active,role_assignment,incorrect,Assistant draft: Framed as occupier/captor.
calibration_0033,Ukrainian,"Today is the first day of the holy month of Ramadan. This is a time of sincere prayer and deep faith. But, unfortunately, thousands of Ukrainian Muslims meet this day on the battlefield, and part of the Crimean Tatar people - under Russian occupation and in Russian captivity.   We remember about",Russia,MISC,False,1,unknown,0.0,"But, unfortunately, thousands of Ukrainian Muslims meet this day on the battlefield, and part of the Crimean Tatar people - under Russian occupation and in Russian captivity.",no_signal,unknown,unknown,Russia,aggressor,active,normalization,incorrect,Assistant draft: duplicate/alias row that should be merged with the earlier canonical actor.
calibration_0033,Ukrainian,"Today is the first day of the holy month of Ramadan. This is a time of sincere prayer and deep faith. But, unfortunately, thousands of Ukrainian Muslims meet this day on the battlefield, and part of the Crimean Tatar people - under Russian occupation and in Russian captivity.   We remember about",we,IN_GROUP,False,1,unknown,0.0,We remember about,no_signal,unknown,active,we,hero,active,role_assignment,incorrect,Assistant draft: Positive in-group expressing solidarity/remembrance.
calibration_0034,Ukrainian,"Air defense neutralized 109 out of 133 drones that the Russian army used to attack Ukraine at night, the Air Force of the Ukrainian Armed Forces reports. However, 20 drones were hit at 11 locations, and debris fell at seven.",Russia,MISC,False,1,unknown,0.0,"Air defense neutralized 109 out of 133 drones that the Russian army used to attack Ukraine at night, the Air Force of the Ukrainian Armed Forces reports.",no_signal,unknown,unknown,Russian army,aggressor,active,normalization,incorrect,Assistant draft: The attacking actor is specifically the Russian army.
calibration_0034,Ukrainian,"Air defense neutralized 109 out of 133 drones that the Russian army used to attack Ukraine at night, the Air Force of the Ukrainian Armed Forces reports. However, 20 drones were hit at 11 locations, and debris fell at seven.",Ukraine,LOC,False,1,victim,0.7,"Air defense neutralized 109 out of 133 drones that the Russian army used to attack Ukraine at night, the Air Force of the Ukrainian Armed Forces reports.",dependency:dobj+verb_lexicon:victim(attack),victim,passive,Ukraine,victim,passive,,correct,Assistant draft: Correctly framed as attack target.
calibration_0034,Ukrainian,"Air defense neutralized 109 out of 133 drones that the Russian army used to attack Ukraine at night, the Air Force of the Ukrainian Armed Forces reports. However, 20 drones were hit at 11 locations, and debris fell at seven.",Airforceoftheukrainianarmedforces,ORG,False,1,unknown,0.0,"Air defense neutralized 109 out of 133 drones that the Russian army used to attack Ukraine at night, the Air Force of the Ukrainian Armed Forces reports.",no_signal,unknown,active,Air Force of the Ukrainian Armed Forces,savior,active,role_assignment,incorrect,Assistant draft: Framed as defending/neutralizing attacking drones.
calibration_0035,Ukrainian,"❗️British Prime Minister Keir Starmer and Ukrainian President Volodymyr Zelenskyy signed a declaration on enhanced cooperation in the field of security and defense in London.  The declaration states that the two countries will work to develop a joint defense-industrial and technological ecosystem. This cooperation may include the creation of joint production lines, joint research and development, the integration of defense supply chains, and the development of industrial partnerships.",Keir Starmer,PER,False,1,unknown,0.0,❗️British Prime Minister Keir Starmer and Ukrainian President Volodymyr Zelenskyy signed a declaration on enhanced cooperation in the field of security and defense in London.,no_signal,unknown,active,Keir Starmer,unknown,active,,correct,Assistant draft: Partner/leader; no forced moral role.
calibration_0035,Ukrainian,"❗️British Prime Minister Keir Starmer and Ukrainian President Volodymyr Zelenskyy signed a declaration on enhanced cooperation in the field of security and defense in London.  The declaration states that the two countries will work to develop a joint defense-industrial and technological ecosystem. This cooperation may include the creation of joint production lines, joint research and development, the integration of defense supply chains, and the development of industrial partnerships.",Ukraine,MISC,False,1,unknown,0.0,❗️British Prime Minister Keir Starmer and Ukrainian President Volodymyr Zelenskyy signed a declaration on enhanced cooperation in the field of security and defense in London.,no_signal,unknown,unknown,Ukraine,unknown,active,,correct,Assistant draft: State partner in the cooperation agreement.
calibration_0035,Ukrainian,"❗️British Prime Minister Keir Starmer and Ukrainian President Volodymyr Zelenskyy signed a declaration on enhanced cooperation in the field of security and defense in London.  The declaration states that the two countries will work to develop a joint defense-industrial and technological ecosystem. This cooperation may include the creation of joint production lines, joint research and development, the integration of defense supply chains, and the development of industrial partnerships.",Volodymyr Zelensky,PER,False,1,unknown,0.0,❗️British Prime Minister Keir Starmer and Ukrainian President Volodymyr Zelenskyy signed a declaration on enhanced cooperation in the field of security and defense in London.,no_signal,unknown,unknown,Volodymyr Zelenskyy,unknown,active,normalization,incorrect,Assistant draft: Minor canonical-name normalization.
calibration_0035,Ukrainian,"❗️British Prime Minister Keir Starmer and Ukrainian President Volodymyr Zelenskyy signed a declaration on enhanced cooperation in the field of security and defense in London.  The declaration states that the two countries will work to develop a joint defense-industrial and technological ecosystem. This cooperation may include the creation of joint production lines, joint research and development, the integration of defense supply chains, and the development of industrial partnerships.",United Kingdom,LOC,False,1,unknown,0.0,❗️British Prime Minister Keir Starmer and Ukrainian President Volodymyr Zelenskyy signed a declaration on enhanced cooperation in the field of security and defense in London.,no_signal,unknown,passive,United Kingdom,unknown,active,role_assignment,incorrect,Assistant draft: State partner; agency should be active rather than passive.
calibration_0036,Ukrainian,May the New 2022 be full of joy and breathtaking visits to Ukraine   ig: Olya_flydji,Ukraine,LOC,False,1,unknown,0.0,May the New 2022 be full of joy and breathtaking visits to Ukraine,no_signal,unknown,passive,,,,entity_extraction,incorrect,Assistant draft: Travel destination/location; not a narrative actor in this non-political post.
calibration_0037,Ukrainian,Just saw another video from the front... those guys are literally superheroes in camouflage.,(none detected),,,,,,,,,,,,,entity_extraction,missing,Assistant draft: no actor prediction; see added missing-gold rows.
calibration_0041,Western,Universal education is like the best investment a country can make in its future.,(none detected),,,,,,,,,,,,,entity_extraction,missing,Assistant draft: no actor prediction; see added missing-gold rows.
calibration_0042,Western,"We absolutely have to stand firm against authoritarian regimes, otherwise, what's next?",we,IN_GROUP,False,1,unknown,0.0,"We absolutely have to stand firm against authoritarian regimes, otherwise, what's next?",no_signal,unknown,active,we,hero,active,role_assignment,incorrect,Assistant draft: Positive in-group framed as standing firm against authoritarianism.
calibration_0043,Western,It's about strategic patience and resolve. We can't back down when our principles are challenged.,we,IN_GROUP,False,1,unknown,0.0,We can't back down when our principles are challenged.,no_signal,unknown,active,we,hero,active,role_assignment,incorrect,Assistant draft: Positive in-group framed as defending principles.
calibration_0043,Western,It's about strategic patience and resolve. We can't back down when our principles are challenged.,we,IN_GROUP,False,1,unknown,0.0,We can't back down when our principles are challenged.,no_signal,unknown,unknown,we,hero,active,normalization,incorrect,Assistant draft: duplicate/alias row that should be merged with the earlier canonical actor.
calibration_0044,Western,"Buildings, cars, bridges; none exist without welding.  For one Kazakh family, the craft has shaped three generations, proving that human skill and creativity can’t be automated.  As demand for skilled workers grows in Kazakhstan, their story shows why craftsmanship still powers the country’s future.  Find out more on #VoicesfromCentralAsia: https://www.euronews.com/culture/2025/12/31/how-one-family-of-welders-shows-why-skilled-trades-still-matter-in-kazakhstan  In partnership with @media.damytu.qory",Kazakh,MISC,False,1,unknown,0.0,"For one Kazakh family, the craft has shaped three generations, proving that human skill and creativity can’t be automated.",no_signal,unknown,unknown,Kazakh family / skilled workers,hero,active,normalization,incorrect,Assistant draft: Adjectival span should resolve to the praised people.
calibration_0044,Western,"Buildings, cars, bridges; none exist without welding.  For one Kazakh family, the craft has shaped three generations, proving that human skill and creativity can’t be automated.  As demand for skilled workers grows in Kazakhstan, their story shows why craftsmanship still powers the country’s future.  Find out more on #VoicesfromCentralAsia: https://www.euronews.com/culture/2025/12/31/how-one-family-of-welders-shows-why-skilled-trades-still-matter-in-kazakhstan  In partnership with @media.damytu.qory",Kazakhstancralas,LOC,False,1,unknown,0.0,"As demand for skilled workers grows in Kazakhstan, their story shows why craftsmanship still powers the country’s future.",no_signal,unknown,unknown,,,,entity_extraction,incorrect,Assistant draft: Malformed NER fragment.
calibration_0044,Western,"Buildings, cars, bridges; none exist without welding.  For one Kazakh family, the craft has shaped three generations, proving that human skill and creativity can’t be automated.  As demand for skilled workers grows in Kazakhstan, their story shows why craftsmanship still powers the country’s future.  Find out more on #VoicesfromCentralAsia: https://www.euronews.com/culture/2025/12/31/how-one-family-of-welders-shows-why-skilled-trades-still-matter-in-kazakhstan  In partnership with @media.damytu.qory",Kazak,LOC,False,1,unknown,0.0,Find out more on #VoicesfromCentralAsia: https://www.euronews.com/culture/2025/12/31/how-one-family-of-welders-shows-why-skilled-trades-still-matter-in-kazakhstan  In partnership with @media.damytu.qory,no_signal,unknown,passive,,,,entity_extraction,incorrect,Assistant draft: Malformed location/adjective fragment.
calibration_0045,Western,"Five European nations have determined that Russia poisoned Alexei Navalny.   This was a cowardly act from a frightened leader.  Russia has long acted as a terrorist state, relying on terrorist methods.  Poisoning political opponents. Silencing journalists. Invading peaceful",European,MISC,False,1,unknown,0.0,Five European nations have determined that Russia poisoned Alexei Navalny.,no_signal,unknown,unknown,European nations,unknown,active,normalization,incorrect,Assistant draft: Adjective should resolve to the nations making the determination.
calibration_0045,Western,"Five European nations have determined that Russia poisoned Alexei Navalny.   This was a cowardly act from a frightened leader.  Russia has long acted as a terrorist state, relying on terrorist methods.  Poisoning political opponents. Silencing journalists. Invading peaceful",Russia,LOC,False,1,unknown,0.0,Five European nations have determined that Russia poisoned Alexei Navalny.,no_signal,unknown,active,Russia,aggressor,active,role_assignment,incorrect,"Assistant draft: Explicitly framed as poisoning, invading and silencing."
calibration_0045,Western,"Five European nations have determined that Russia poisoned Alexei Navalny.   This was a cowardly act from a frightened leader.  Russia has long acted as a terrorist state, relying on terrorist methods.  Poisoning political opponents. Silencing journalists. Invading peaceful",Alexeinavalny,PER,False,1,unknown,0.0,Five European nations have determined that Russia poisoned Alexei Navalny.,no_signal,unknown,passive,Alexei Navalny,victim,passive,normalization,incorrect,Assistant draft: Victim of poisoning; name normalization needed.
calibration_0045,Western,"Five European nations have determined that Russia poisoned Alexei Navalny.   This was a cowardly act from a frightened leader.  Russia has long acted as a terrorist state, relying on terrorist methods.  Poisoning political opponents. Silencing journalists. Invading peaceful",Russia,LOC,False,1,uncertain,0.15,"Russia has long acted as a terrorist state, relying on terrorist methods.  Poisoning political opponents.",rhetoric_lexicon:דה-לגיטימציה של היריב+rhetoric_lexicon:דה-לגיטימציה של היריב,aggressor,active,Russia,aggressor,active,normalization,incorrect,Assistant draft: duplicate/alias row that should be merged with the earlier canonical actor.
calibration_0049,Zionist,INTELLIGENCE REVEALS: BROTHER OF TERRORIST BEHIND U.S. SYNAGOGUE ATTACK WAS A HEZBOLLAH TERRORIST  Hezbollah commander Ibrahim Muhammad Ghazali was responsible for managing weapons operations within a specialized branch of the Badr Unit. The unit is responsible for launching,United States,LOC,False,1,unknown,0.0,INTELLIGENCE REVEALS: BROTHER OF TERRORIST BEHIND U.S. SYNAGOGUE ATTACK WAS A HEZBOLLAH TERRORIST  Hezbollah commander Ibrahim Muhammad Ghazali was responsible for managing weapons operations within a specialized branch of the Badr Unit.,no_signal,unknown,unknown,,,,entity_extraction,incorrect,"Assistant draft: Location modifier of the synagogue attack, not an actor."
calibration_0049,Zionist,INTELLIGENCE REVEALS: BROTHER OF TERRORIST BEHIND U.S. SYNAGOGUE ATTACK WAS A HEZBOLLAH TERRORIST  Hezbollah commander Ibrahim Muhammad Ghazali was responsible for managing weapons operations within a specialized branch of the Badr Unit. The unit is responsible for launching,Hezbollah,ORG,False,1,unknown,0.0,INTELLIGENCE REVEALS: BROTHER OF TERRORIST BEHIND U.S. SYNAGOGUE ATTACK WAS A HEZBOLLAH TERRORIST  Hezbollah commander Ibrahim Muhammad Ghazali was responsible for managing weapons operations within a specialized branch of the Badr Unit.,no_signal,unknown,unknown,Hezbollah,aggressor,active,role_assignment,incorrect,Assistant draft: Framed as terrorist organization.
calibration_0049,Zionist,INTELLIGENCE REVEALS: BROTHER OF TERRORIST BEHIND U.S. SYNAGOGUE ATTACK WAS A HEZBOLLAH TERRORIST  Hezbollah commander Ibrahim Muhammad Ghazali was responsible for managing weapons operations within a specialized branch of the Badr Unit. The unit is responsible for launching,Ibrahimmuhammadghazal,PER,False,1,unknown,0.0,INTELLIGENCE REVEALS: BROTHER OF TERRORIST BEHIND U.S. SYNAGOGUE ATTACK WAS A HEZBOLLAH TERRORIST  Hezbollah commander Ibrahim Muhammad Ghazali was responsible for managing weapons operations within a specialized branch of the Badr Unit.,no_signal,unknown,unknown,Ibrahim Muhammad Ghazali,aggressor,active,normalization,incorrect,Assistant draft: Named Hezbollah commander managing weapons operations.
calibration_0049,Zionist,INTELLIGENCE REVEALS: BROTHER OF TERRORIST BEHIND U.S. SYNAGOGUE ATTACK WAS A HEZBOLLAH TERRORIST  Hezbollah commander Ibrahim Muhammad Ghazali was responsible for managing weapons operations within a specialized branch of the Badr Unit. The unit is responsible for launching,Badrunit,ORG,False,1,unknown,0.0,INTELLIGENCE REVEALS: BROTHER OF TERRORIST BEHIND U.S. SYNAGOGUE ATTACK WAS A HEZBOLLAH TERRORIST  Hezbollah commander Ibrahim Muhammad Ghazali was responsible for managing weapons operations within a specialized branch of the Badr Unit.,no_signal,unknown,passive,Badr Unit,aggressor,active,normalization,incorrect,Assistant draft: Military/terrorist unit in the narrative.
calibration_0050,Zionist,"ANOTHER CEASEFIRE VIOLATION: A terrorist crossed the Yellow Line in southern Gaza and approached IDF troops, posing an imminent threat.  The IAF struck and eliminated the terrorist in order to remove the threat.",Yellowline,LOC,False,1,unknown,0.0,"A terrorist crossed the Yellow Line in southern Gaza and approached IDF troops, posing an imminent threat.",no_signal,unknown,passive,,,,entity_extraction,incorrect,"Assistant draft: Boundary/location, not actor."
calibration_0050,Zionist,"ANOTHER CEASEFIRE VIOLATION: A terrorist crossed the Yellow Line in southern Gaza and approached IDF troops, posing an imminent threat.  The IAF struck and eliminated the terrorist in order to remove the threat.",Gaza,LOC,False,1,unknown,0.0,"A terrorist crossed the Yellow Line in southern Gaza and approached IDF troops, posing an imminent threat.",no_signal,unknown,passive,,,,entity_extraction,incorrect,"Assistant draft: Location, not actor."
calibration_0050,Zionist,"ANOTHER CEASEFIRE VIOLATION: A terrorist crossed the Yellow Line in southern Gaza and approached IDF troops, posing an imminent threat.  The IAF struck and eliminated the terrorist in order to remove the threat.",IDF,ORG,False,1,unknown,0.0,"A terrorist crossed the Yellow Line in southern Gaza and approached IDF troops, posing an imminent threat.",no_signal,unknown,unknown,IDF troops,victim,passive,normalization,incorrect,Assistant draft: The troops are the threatened target in this sentence.
calibration_0050,Zionist,"ANOTHER CEASEFIRE VIOLATION: A terrorist crossed the Yellow Line in southern Gaza and approached IDF troops, posing an imminent threat.  The IAF struck and eliminated the terrorist in order to remove the threat.",IAF,ORG,False,1,savior,0.85,The IAF struck and eliminated the terrorist in order to remove the threat.,dependency:nsubj+verb_lexicon:aggressor_defensive_override(strike)+agency_voice:active_subject,savior,active,IAF,savior,active,,correct,Assistant draft: Correctly framed as removing the threat.
calibration_0051,Zionist,This morning we will continue to post videos and images that depict Hamas warcrimes and the sophistication of their premeditated attacks on civilian communities.,Hamas,ORG,False,1,unknown,0.0,This morning we will continue to post videos and images that depict Hamas warcrimes and the sophistication of their premeditated attacks on civilian communities.,no_signal,unknown,unknown,Hamas,aggressor,active,role_assignment,incorrect,Assistant draft: Explicitly framed as perpetrator of war crimes/attacks.
calibration_0051,Zionist,This morning we will continue to post videos and images that depict Hamas warcrimes and the sophistication of their premeditated attacks on civilian communities.,we,IN_GROUP,False,1,unknown,0.0,This morning we will continue to post videos and images that depict Hamas warcrimes and the sophistication of their premeditated attacks on civilian communities.,no_signal,unknown,active,we,unknown,active,,correct,"Assistant draft: Publisher/in-group subject of posting action, not a moral actor role."
calibration_0052,Zionist,"🎙 Today's podcast is one of the most powerful channels for creating alternative communication, building personal branding and strengthening the image of you and your business.  The new videocast studios offer members of the Abu Ali Express group a particularly worthwhile promotion for those who want to start a high-level podcast - or for those who already have and want to level up.  🎥 4 sessions in the studio, each session lasting an hour and a half + full editing for the episode 💰 only 3,000 NIS instead of 4,500 NIS 👇 To leave details https://videocast.fillout.com/telegram",Abualiexpress,ORG,False,1,unknown,0.0,The new videocast studios offer members of the Abu Ali Express group a particularly worthwhile promotion for those who want to start a high-level podcast - or for those who already have and want to level up.,no_signal,unknown,unknown,Abu Ali Express group,unknown,unknown,normalization,incorrect,Assistant draft: Commercial/community actor; post itself is off-topic promotional content.
calibration_0053,Zionist,"We've always extended a hand for peace, but it takes two to tango, unfortunately.",we,IN_GROUP,False,1,unknown,0.0,"We've always extended a hand for peace, but it takes two to tango, unfortunately.",no_signal,unknown,active,we,savior,active,role_assignment,incorrect,Assistant draft: In-group is framed as the side extending a hand for peace.
calibration_0001,Left-wing,"unions are the backbone of the middle class, we need to make it easier to organize, not harder.",(missing),,,,(missing),,,,,(missing),unions,hero,unknown,entity_extraction,missing,Assistant draft: Praised as the backbone of the middle class.
calibration_0001,Left-wing,"unions are the backbone of the middle class, we need to make it easier to organize, not harder.",(missing),,,,(missing),,,,,(missing),middle class,unknown,unknown,entity_extraction,missing,Assistant draft: Beneficiary/central group; role taxonomy has no beneficiary label.
calibration_0002,Left-wing,"Pray for simple people from Israel and Gaza 🙏 Life is more matters, instead of politics",(missing),,,,(missing),,,,,(missing),people from Israel and Gaza,victim,passive,entity_extraction,missing,Assistant draft: Human lives are centered above politics.
calibration_0004,Left-wing,"the climate crisis is literally happening right now and politicians are still taking money from fossil fuel lobbyists, ugh.",(missing),,,,(missing),,,,,(missing),politicians,betrayer,active,entity_extraction,missing,Assistant draft: Blamed for taking fossil-fuel money during climate crisis.
calibration_0004,Left-wing,"the climate crisis is literally happening right now and politicians are still taking money from fossil fuel lobbyists, ugh.",(missing),,,,(missing),,,,,(missing),fossil fuel lobbyists,aggressor,active,entity_extraction,missing,Assistant draft: Negative influence actor funding politicians.
calibration_0005,Left-wing,LA Gave More Money to Cops While Cutting Fire Budgets. Now It’s Burning.  https://theintercept.com/2025/01/08/la-police-budget-palisades-fires/,(missing),,,,(missing),,,,,(missing),fire services,victim,passive,entity_extraction,missing,Assistant draft: Budget cuts frame fire services/public safety as harmed.
calibration_0012,Resistance,"Wallah, I just want to see the sea once without having to go through three different checkpoints.",(missing),,,,(missing),,,,,(missing),speaker,victim,passive,entity_extraction,missing,Assistant draft: Speaker is constrained by checkpoints.
calibration_0012,Resistance,"Wallah, I just want to see the sea once without having to go through three different checkpoints.",(missing),,,,(missing),,,,,(missing),checkpoints,aggressor,active,entity_extraction,missing,Assistant draft: Presented as restricting access/movement.
calibration_0013,Resistance,"decisive and severe dealing with people who cooperate with the enemy  🔹First Deputy of the Judiciary: The judicial system will deal hard with people who are infiltrators, mercenaries and traitors and who cooperate and accompany the enemy under these conditions, and these people will not be included in any friendship. @TasnimNews",(missing),,,,(missing),,,,,(missing),collaborators / infiltrators / mercenaries / traitors,betrayer,active,entity_extraction,missing,Assistant draft: Explicitly condemned as cooperating with the enemy.
calibration_0013,Resistance,"decisive and severe dealing with people who cooperate with the enemy  🔹First Deputy of the Judiciary: The judicial system will deal hard with people who are infiltrators, mercenaries and traitors and who cooperate and accompany the enemy under these conditions, and these people will not be included in any friendship. @TasnimNews",(missing),,,,(missing),,,,,(missing),enemy,aggressor,unknown,entity_extraction,missing,Assistant draft: Out-group adversary.
calibration_0018,Right-wing,"Bombshell Whistleblower Report: Mueller's Anti-Trump Witch Hunters Drank on the Job, Tried to Doctor Records, Violated Security Rules  The startling whistleblower report uncovers numerous allegations against the Mueller team that many people haven’t heard of even to this day.  https://w-j.co/s/47c18",(missing),,,,(missing),,,,,(missing),Trump,victim,passive,entity_extraction,missing,Assistant draft: Target of the 'anti-Trump' investigators.
calibration_0019,Right-wing,Very cool!  https://1819news.com/news/item/poll-charlie-kirk-turning-point-usa-second-most-watched-conservative-platform-in-alabama-behind-fox-news,(missing),,,,(missing),,,,,(missing),Charlie Kirk,hero,unknown,entity_extraction,missing,Assistant draft: Positively endorsed in the linked claim.
calibration_0019,Right-wing,Very cool!  https://1819news.com/news/item/poll-charlie-kirk-turning-point-usa-second-most-watched-conservative-platform-in-alabama-behind-fox-news,(missing),,,,(missing),,,,,(missing),Turning Point USA,hero,unknown,entity_extraction,missing,Assistant draft: Positively endorsed conservative platform.
calibration_0019,Right-wing,Very cool!  https://1819news.com/news/item/poll-charlie-kirk-turning-point-usa-second-most-watched-conservative-platform-in-alabama-behind-fox-news,(missing),,,,(missing),,,,,(missing),Fox News,unknown,unknown,entity_extraction,missing,"Assistant draft: Comparison reference, not strongly morally framed."
calibration_0020,Right-wing,“The assassination of political figures is not the same thing as just being shot in the throat for the crime of debating issues in the public square.” @benshapiro  discusses the terrifying reality of Charlie Kirk's assassination with  @billmaher  - and what it means for our nation.,(missing),,,,(missing),,,,,(missing),unnamed assassin / attacker,aggressor,active,entity_extraction,missing,Assistant draft: Assassin is the clear attacker.
calibration_0021,Right-wing,"SECRETARY HEGSETH on the media’s coverage of Operation Epic Fury:  “TDS is in their DNA. They want President Trump to fail. But you, the American people, know better.”",(missing),,,,(missing),,,,,(missing),media,aggressor,active,entity_extraction,missing,Assistant draft: Framed as wanting Trump to fail.
calibration_0025,Russian,"Our traditional values are, well, they're under attack from these modern liberal agendas that don't fit our culture.",(missing),,,,(missing),,,,,(missing),modern liberal agendas,aggressor,active,entity_extraction,missing,Assistant draft: Explicitly framed as attacking traditional values.
calibration_0027,Russian,"🎖🎖 by Russian Defence Ministry on progress of special military operation as of 14 March 2026  ❗️ Last night, in response to Ukraine's terrorist attacks on civilian facilities on the territory of Russia, the Armed Forces of the Russian Federation carried out a massive strike by ground-, air-, and sea-based long-range precision weaponry and attack UAVs against enterprises of the Ukrainian defence industry, energy infrastructure facilities used for the benefit of the Armed Forces of Ukraine, as well as the military airfields.  ✅ The goals of the strike were achieved. All the assigned targets were engaged.  📍 Units of the Sever Group of Forces took more advantageous lines and positions. Manpower and hardware of the AFU mechanised brigade and one territorial defence brigade have been hit near Miropolye, Pisarevka, Novaya Sech, and Kondratovka (Sumy region).  💥 In Kharkov region, units of two mechanised brigades, one airmobile brigade, and one motorised infantry brigade of the AFU have been hit near Udy, Volchanskye Khutora, and Verkhniy Saltov (Kharkov region).  ▪️ The AFU losses amounted to more than 225 troops, 16 motor vehicles, one field artillery gun, and one U.S.-made MLRS launcher. One counter-battery warfare station, one ammunition depot, and seven materiel depots were neutralised.  📍 The Zapad Group of Forces improved the situation along the front line. Strikes were delivered at manpower and hardware of two mechanised brigades of the AFU, one territorial defence brigade, and one border detachment of the State Border Guard Service of Ukraine close to Novoosinovo, Grushevka (Kharkov region), Yatskovka, Rubtsy, and Krasny Liman (Donetsk People's Republic).  ▪️ The enemy losses amounted to up to 190 troops, one infantry fighting vehicle, two U.S.-made M113 armoured personnel carriers, seven armoured fighting vehicles, 21 motor vehicles, and four artillery guns, including one 155-mm Polish-made Krab self-propelled artillery system. One counter-battery warfare station and four ammunition depots were neutralised.  📍 The Yuzhnaya Group of Forces took more advantageous lines and positions. Russian troops hit one mechanised brigade, one motorised infantry brigade, one assault brigade of the AFU, and one marine brigade near Konstantinovka, Druzhkovka, Alekseyevo-Druzhkovka, Novoselovka, and Aleksandrovka (Donetsk People's Republic).  ▪️ The enemy lost up to 140 troops, one U.S.-made M113 armoured personnel carrier, three armoured fighting vehicles, ten motor vehicles, three field artillery guns, and one Grad MLRS combat vehicle. Five ammunition and materiel depots were eliminated.  👉 See Part 2   🔹 Russian Defence Ministry",(missing),,,,(missing),,,,,(missing),Russian civilian facilities,victim,passive,entity_extraction,missing,Assistant draft: Explicit target of Ukrainian attacks.
calibration_0037,Ukrainian,Just saw another video from the front... those guys are literally superheroes in camouflage.,(missing),,,,(missing),,,,,(missing),soldiers / those guys,hero,active,entity_extraction,missing,Assistant draft: Explicitly called superheroes at the front.
calibration_0041,Western,Universal education is like the best investment a country can make in its future.,(missing),,,,(missing),,,,,(missing),country / society,unknown,passive,entity_extraction,missing,Assistant draft: Beneficiary of universal education investment.
calibration_0042,Western,"We absolutely have to stand firm against authoritarian regimes, otherwise, what's next?",(missing),,,,(missing),,,,,(missing),authoritarian regimes,aggressor,active,entity_extraction,missing,Assistant draft: Explicit adversary the in-group must stand against.
calibration_0044,Western,"Buildings, cars, bridges; none exist without welding.  For one Kazakh family, the craft has shaped three generations, proving that human skill and creativity can’t be automated.  As demand for skilled workers grows in Kazakhstan, their story shows why craftsmanship still powers the country’s future.  Find out more on #VoicesfromCentralAsia: https://www.euronews.com/culture/2025/12/31/how-one-family-of-welders-shows-why-skilled-trades-still-matter-in-kazakhstan  In partnership with @media.damytu.qory",(missing),,,,(missing),,,,,(missing),skilled workers,hero,active,entity_extraction,missing,Assistant draft: Praised as essential to the future.
calibration_0045,Western,"Five European nations have determined that Russia poisoned Alexei Navalny.   This was a cowardly act from a frightened leader.  Russia has long acted as a terrorist state, relying on terrorist methods.  Poisoning political opponents. Silencing journalists. Invading peaceful",(missing),,,,(missing),,,,,(missing),political opponents,victim,passive,entity_extraction,missing,Assistant draft: Framed as targets of poisoning/repression.
calibration_0045,Western,"Five European nations have determined that Russia poisoned Alexei Navalny.   This was a cowardly act from a frightened leader.  Russia has long acted as a terrorist state, relying on terrorist methods.  Poisoning political opponents. Silencing journalists. Invading peaceful",(missing),,,,(missing),,,,,(missing),journalists,victim,passive,entity_extraction,missing,Assistant draft: Framed as being silenced.
calibration_0049,Zionist,INTELLIGENCE REVEALS: BROTHER OF TERRORIST BEHIND U.S. SYNAGOGUE ATTACK WAS A HEZBOLLAH TERRORIST  Hezbollah commander Ibrahim Muhammad Ghazali was responsible for managing weapons operations within a specialized branch of the Badr Unit. The unit is responsible for launching,(missing),,,,(missing),,,,,(missing),synagogue attack victims / community,victim,passive,entity_extraction,missing,Assistant draft: Implied victims of the synagogue attack.
calibration_0050,Zionist,"ANOTHER CEASEFIRE VIOLATION: A terrorist crossed the Yellow Line in southern Gaza and approached IDF troops, posing an imminent threat.  The IAF struck and eliminated the terrorist in order to remove the threat.",(missing),,,,(missing),,,,,(missing),terrorist,aggressor,active,entity_extraction,missing,Assistant draft: Explicitly poses an imminent threat to IDF troops.
calibration_0051,Zionist,This morning we will continue to post videos and images that depict Hamas warcrimes and the sophistication of their premeditated attacks on civilian communities.,(missing),,,,(missing),,,,,(missing),civilian communities,victim,passive,entity_extraction,missing,Assistant draft: Explicit target of premeditated attacks.
