narrative_name,text,hard_topic_id,hard_topic_label,soft_top1_id,soft_top1_label,soft_top1_score_norm,soft_top2_id,soft_top2_label,soft_top2_score_norm,soft_top3_id,soft_top3_label,soft_top3_score_norm,raw_top1_score,raw_top2_score,raw_top3_score,row_sum,dominance_ratio,case,hard_soft_agree
Left-wing,We have to actively listen to and uplift the voices of trans and non-binary individuals. Their rights are under attack.,61,trans,61.0,trans,0.41358164428372973,251.0,voices,0.3422112854904168,25.0,rights,0.24420707022585358,0.3238390698927182,0.26795527783138545,0.1912168771903045,1.0,0.3238390698927182,spread_multi_topic,True
Left-wing,"Pray for simple people from Israel and Gaza 🙏 Life is more matters, instead of politics",4,gaza,4.0,gaza,0.5704617292599425,9.0,israel,0.2600317658273952,303.0,outsiders,0.16950650491266228,0.2747565838190972,0.12524142461908602,0.08164093371405841,1.0,0.2747565838190972,spread_multi_topic,True
Left-wing,"🎥 In an exclusive interview with Ayman Mohyeldin on MS NOW, Iranian foreign minister Abbas Araghchi says his country’s armed forces will attack US-linked energy infrastructure in the region in retaliation for attacks on Iran’s oil and energy assets.  His comments came a day after the US said it struck military targets on Kharg island, from which the majority of Iran’s oil exports flow, with Trump threatening to hit the island’s oil infrastructure.",94,plants,88.0,oil,0.35900462676582295,94.0,plants,0.3456869243887159,107.0,energy,0.2953084488454611,0.1121050986717145,0.10794642708991348,0.09221491960883833,1.0,0.1121050986717145,spread_multi_topic,False
Left-wing,tax the rich. it's not that complicated. they have more than they could spend in a thousand lifetimes.,8,tax,8.0,tax,0.43717158914210735,85.0,unity,0.28830360118699105,241.0,wall,0.27452480967090154,0.2212679678986397,0.1459206260353963,0.13894669343184574,1.0,0.2212679678986397,spread_multi_topic,True
Left-wing,LA Gave More Money to Cops While Cutting Fire Budgets. Now It’s Burning.  https://theintercept.com/2025/01/08/la-police-budget-palisades-fires/,267,wildfires,267.0,wildfires,0.4904036507305073,237.0,odysee,0.3073813899198417,245.0,crumbling,0.20221495934965106,0.3987238563363143,0.24991717123697849,0.16441135436222837,1.0,0.3987238563363143,spread_multi_topic,True
Left-wing,Support for migrant workers and asylum seekers is essential. They deserve dignity and respect.,25,rights,272.0,refugee,0.44383936371317684,52.0,grow,0.28843753060903665,278.0,veterans,0.2677231056777866,0.2661095418271669,0.17293639409084124,0.16051679687091008,1.0,0.2661095418271669,spread_multi_topic,False
Left-wing,Four ambulances run by a Jewish volunteer organisation were set on fire in the early hours of Monday morning in London.  No injuries were reported and the fires have since been contained. The Metropolitan Police force is treating the arson as a suspected antisemitic hate crime,122,synagogue,30.0,jewish,0.387722244783301,229.0,movement,0.3352608134431179,77.0,injured,0.277016941773581,0.14497242402350383,0.12535667854730692,0.10357883274646594,1.0,0.14497242402350383,spread_multi_topic,False
Left-wing,"We need to dismantle the patriarchy because it hurts everyone, including men.",67,gender,191.0,racism,0.5550496646522156,67.0,gender,0.4449503353477844,,,,0.5550496646522156,0.4449503353477844,0.0,1.0,0.5550496646522156,dominant_single_topic,False
Left-wing,"“Strange beings,” locals said, visiting an isolated Indigenous community in rural Peru at night, harassing its inhabitants and attempting to kidnap a 15-year-old girl. https://t.co/tB2XO1zU9d",20,terrorists,201.0,indigenous,0.4447895003250678,266.0,isolated,0.3594508173882334,289.0,captives,0.19575968228669882,0.4297783728765552,0.3473197710677978,0.18915302107293733,1.0,0.4297783728765552,spread_multi_topic,False
Left-wing,"Let's be real, capitalism is clearly failing the majority of people on this planet right now.",157,capitalism,157.0,capitalism,0.7730946753633974,58.0,climate,0.1256167696802235,193.0,fossil,0.10128855495637924,0.6105974870599197,0.09921331286271676,0.07999865876093952,0.9999999999999999,0.6105974870599198,dominant_single_topic,True
Left-wing,"Palestinians in Jerusalem prayed Eid prayers in the streets on Friday morning as Israeli authorities maintained the closure of Al-Aqsa Mosque.  Israeli authorities closed Al-Aqsa Mosque to Muslim worshippers following the onset of the US-Israeli war on Iran, citing security concerns.  It is the first time in history since Israel seized East Jerusalem in 1967 that access to the site has been completely restricted, with Palestinians unable to perform Friday prayers during the last week of Ramadan.",120,alaqsa,120.0,alaqsa,0.5284422876487124,60.0,jerusalem,0.2743456551858154,109.0,eid,0.1972120571654723,0.23844721832977478,0.12379205803340979,0.08898732662261796,1.0,0.23844721832977478,spread_multi_topic,True
Left-wing,Healthcare debates continue to highlight systemic gaps.,45,healthcare,191.0,racism,0.48126861595955195,45.0,healthcare,0.2994331049980195,239.0,mental,0.21929827904242855,0.48126861595955195,0.2994331049980195,0.21929827904242855,1.0,0.48126861595955195,spread_multi_topic,False
Left-wing,"An internal autopsy by the US Democratic party found Kamala Harris lost significant support in the 2024 election because of the Biden administration’s policy of arming and funding Israel’s genocide in Gaza, according to a report by American news website Axios.  The autopsy, which",156,proisrael,4.0,gaza,0.6128246345905987,74.0,correspondents,0.20537807123545015,240.0,mamdani,0.18179729417395124,0.34695383052409945,0.11627585527529306,0.10292547660833962,1.0,0.34695383052409945,spread_multi_topic,False
Left-wing,e-register.vote.nyc,173,voting,240.0,mamdani,0.6373435619284143,173.0,voting,0.3626564380715857,,,,0.6373435619284143,0.3626564380715857,0.0,1.0,0.6373435619284143,dominant_single_topic,False
Left-wing,"My new book, Fight Oligarchy, is out today.   I hope you enjoy it.",46,working,46.0,working,0.8849991180657919,175.0,grandparents,0.11500088193420817,,,,0.8849991180657919,0.11500088193420817,0.0,1.0,0.8849991180657919,dominant_single_topic,True
Left-wing,"🔁 RT @LeahFeiger: ‘It Is A Huge, Vast, Opportunity’: How OceanGate went from disruptive startup to catastrophic deepsea failure  read @timmarchman @josephfcox @neuwaves @mjgault:   https://t.co/hpb3Yp1QHo",147,submarine,40.0,ai,0.39815442497828557,226.0,abortion,0.3086689463412436,12.0,china,0.29317662868047084,0.21988029782491186,0.17046205088519578,0.1619064372650919,1.0,0.21988029782491186,spread_multi_topic,False
Left-wing,Gavin Newsom’s Cynical Embrace of the Anti-Trans Agenda   https://theintercept.com/2025/03/07/gavin-newsom-trans-democrats/,61,trans,61.0,trans,0.6135027266546355,237.0,odysee,0.3422342633970469,33.0,texas,0.04426300994831768,0.6135027266546355,0.3422342633970469,0.04426300994831768,1.0,0.6135027266546355,dominant_single_topic,True
Left-wing,"🎥 Recep Erdogan condemned a “bloodthirsty network” striking schools and hospitals across Gaza, Iran and Lebanon.  Erdogan said the Gaza genocide has seen children sent to school “with smiles and roses” killed by bombs, and such attacks have also claimed the lives of babies in incubators.  He said doctors, nurses and other healthcare workers have been mercilessly killed, noting that nearly 1,700 medical workers in Gaza have fallen victim to Israel’s state terror.",271,hamas,4.0,gaza,0.5152128267652688,45.0,healthcare,0.2720565639014886,239.0,mental,0.21273060933324256,0.2518602009907265,0.13299401199942015,0.10399270212261334,1.0,0.2518602009907265,spread_multi_topic,False
Left-wing,"The poll put the Greens in second place among voters of all ages, just two points behind Reform.",106,labour,106.0,labour,0.5059293528686064,156.0,proisrael,0.2723516428898038,221.0,globalist,0.22171900424158986,0.42808492558597655,0.2304464686989199,0.18760438170585417,0.9999999999999999,0.4280849255859766,spread_multi_topic,True
Left-wing,cancel student debt. imagine what the economy would look like if an entire generation wasn't drowning in interest.,198,debt,198.0,debt,0.7241301539093138,279.0,expansion,0.1621607208855053,243.0,perfect,0.11370912520518096,0.5484677094525713,0.12282311220862265,0.0861251021083036,1.0000000000000002,0.5484677094525712,dominant_single_topic,True
Left-wing,LGBTQ+ youth deserve to feel safe in their schools and homes.,61,trans,63.0,kids,0.3452532179265839,245.0,crumbling,0.3429353801008477,52.0,grow,0.3118114019725683,0.2021727311755787,0.20081545605308931,0.18258993537284104,1.0,0.2021727311755787,spread_multi_topic,False
Left-wing,"Former Miss California and Trump supporter Carrie Prejean Boller said she no longer recognises US President Donald Trump, whom she has known for over 15 years, and called the US an “occupied nation”, referring to Israel’s influence on the American government.  Prejean, who made the comments on Piers Morgan Uncensored, added that “MAGA is dead” and that “Americans are furious”.",156,proisrael,146.0,empire,0.481193634533105,6.0,missile,0.275624247062338,253.0,borders,0.24318211840455695,0.15269504172950132,0.08746261979895462,0.07716790300786432,1.0,0.15269504172950132,spread_multi_topic,False
Left-wing,"On Labor Day 2025, we thank the trade union movement in America for protecting the needs of working families.  When labor unions do well, we all do well.  Let’s grow the trade union movement.",96,unions,96.0,unions,0.4649795655016277,95.0,trade,0.3192234157468042,229.0,movement,0.21579701875156806,0.18514930118682882,0.12711094579872761,0.0859277916373595,1.0,0.18514930118682882,spread_multi_topic,True
Left-wing,"Israel has been facing an unexpected challenge in its assaults on countries in the region: migrating birds.  Israeli media is reporting that the country’s air force is concerned about “threats” posed by the millions of birds crossing Palestine and Israel’s skies as part of their annual Spring migration.  The reports highlight that high-speed collisions in the air with birds could damage Israeli aircraft.  On radar screens, large birds have even occasionally shown up as “suspicious objects”, leading soldiers to shoot them down, mistaking them for drones.  The effects on the birds is only a part of the massive ecological damage caused by Israel’s genocide in Gaza, and wars on Lebanon and Iran.  MEE takes a look 👉",98,southern,4.0,gaza,0.37808905362568007,72.0,drones,0.3437738339564952,150.0,palestine,0.2781371124178247,0.10077482731794966,0.09162854206219283,0.07413390894508477,1.0,0.10077482731794966,spread_multi_topic,False
Left-wing,"We need to end the failed war on drugs and treat addiction as a health issue, not a reason to lock people up.",167,pharma,218.0,socialism,0.465018237552308,167.0,pharma,0.28900204984837036,163.0,care,0.24597971259932164,0.31428366851666484,0.19532271446658034,0.1662459667459681,1.0,0.31428366851666484,spread_multi_topic,False
Left-wing,Nearly $1 Trillion: The Staggering Combined Net Worth Cheering at Trump’s Inauguration  https://theintercept.com/2025/01/20/trump-inauguration-billionaires-oligarchy-wealth-musk-bezos-zuckerberg/,181,billion,168.0,wealth,0.34825107172832404,46.0,working,0.33937074282470997,195.0,musk,0.3123781854469661,0.22504623621198305,0.2193076046374566,0.2018645184943187,1.0,0.22504623621198305,spread_multi_topic,False
Left-wing,"“And I Was Surprised”: On Federal Death Row, They Feared Biden Would Set Up Another Trump Killing Spree  https://theintercept.com/2024/12/24/biden-commutations-death-row-trump/",22,james,93.0,february,0.6879213023132403,22.0,james,0.20667580940955774,271.0,hamas,0.10540288827720193,0.6248527457767276,0.18772779177055612,0.09573956196928145,1.0,0.6248527457767276,dominant_single_topic,False
Left-wing,We need to stop the school-to-prison pipeline once and for all by investing in counselors instead of more cops in hallways.,68,defund,206.0,pipeline,0.36045555236354837,68.0,defund,0.35131929703132136,214.0,slavery,0.2882251506051304,0.20439953937155436,0.1992187442104227,0.16344064512999082,1.0,0.20439953937155436,spread_multi_topic,False
Left-wing,"The oligarchs are panicking. They will spend as much as it takes to try to defeat Zohran Mamdani.  They’ve got the money. We’ve got the people. Together, let’s elect Zohran and stop billionaires from buying elections.",46,working,46.0,working,0.4251143873405513,240.0,mamdani,0.41961839495805253,8.0,tax,0.15526721770139618,0.3687510543573441,0.3639837422029266,0.13468128094346343,1.0,0.3687510543573441,spread_multi_topic,True
Left-wing,Stop policing black and brown bodies and start policing the big polluters destroying the Earth.,68,defund,68.0,defund,0.6877855423480141,180.0,woke,0.23893684859685366,231.0,children,0.07327760905513223,0.6877855423480141,0.23893684859685366,0.07327760905513223,1.0,0.6877855423480141,dominant_single_topic,True
Left-wing,🔁 RT @MackLamoureux: Going live with the Twitch pals at 12:30 ET to chat  about chasing a QAnon cult across a continent and how a town pushed her out with only the power of Slayer and being ceaselessly annoying.   https://t.co/cVExAy2w13,24,tiktok,172.0,balance,0.3456497146020426,94.0,plants,0.3307859127128361,285.0,home,0.3235643726851213,0.21479316796670822,0.2055565247382074,0.20106892531421502,1.0,0.21479316796670822,spread_multi_topic,False
Left-wing,it's not 'radical' to want everyone to have a roof over their head and food on their plate.,180,woke,258.0,legally,0.3539411700294631,52.0,grow,0.3363417609802493,27.0,peace,0.3097170689902876,0.19758108226052784,0.18775653913998627,0.1728937994994072,1.0,0.19758108226052784,spread_multi_topic,False
Left-wing,Trump’s EPA Kills Grant to Climate Nonprofit Over Its Support for Palestine  https://theintercept.com/2025/02/14/trump-epa-grant-nonprofit-palestine/,236,prize,58.0,climate,0.39202889042992084,150.0,palestine,0.39195751773643184,237.0,odysee,0.21601359183364738,0.2159132620863406,0.2158739529653771,0.11897133197668634,0.9999999999999999,0.21591326208634062,spread_multi_topic,False
Left-wing,"A wealth tax isn't some crazy idea, it's a way to fund public services that everyone benefits from.",8,tax,8.0,tax,0.3644368880362697,275.0,invasions,0.33110407260541375,220.0,transit,0.3044590393583166,0.21931742892308584,0.1992578037340585,0.18322287319557276,1.0,0.21931742892308584,spread_multi_topic,True
Left-wing,"June 2023: Sixty-nine percent of Americans—a record high—also believe that abortion should be legal in the first trimester of pregnancy, when most abortions are performed. But in the last year, tens of thousands of people have been denied abortions.",226,abortion,226.0,abortion,0.7668261473385127,252.0,gerber,0.1466805379030013,49.0,forum,0.08649331475848593,0.5935841582714289,0.11354235106372543,0.0669526744950147,1.0,0.5935841582714289,dominant_single_topic,True
Left-wing,"Palestinian protester Leqaa Kordia has been released from ICE detention after more than a year in custody.  Kordia, a New Jersey resident originally from the West Bank, was the last protester still being held following the Trump administration’s crackdown on pro-Palestinian campus demonstrations.  She had been detained since March 2025 at a detention center in Texas after immigration officials accused her of overstaying her visa.  While in detention, Kordia was hospitalized for three days after suffering a seizure and hitting her head at the facility.  Her arrest followed a 2024 Gaza solidarity protest outside Columbia University, where around 100 demonstrators were detained",289,captives,37.0,ice,0.3890008669390996,34.0,bank,0.31374977531876513,250.0,solidarity,0.29724935774213535,0.13748233922671496,0.11088677869047814,0.10505513100161111,0.9999999999999999,0.137482339226715,spread_multi_topic,False
Left-wing,"Fifa has accused the Israel Football Association (IFA) of bringing “football into disrepute” and said that it is practising a “de facto system of segregation” by excluding Palestinians from football infrastructure in Israeli settlements.  In a report released on Thursday, world football’s governing body found that the IFA had “failed to take meaningful action against Beitar Jerusalem” for “persistent and well-documented racist behaviour”.  🔗 https://www.middleeasteye.net/news/israel-has-brought-football-disrepute-says-fifa?utm_source=telegram&utm_medium=social&utm_campaign=social_traffic",49,forum,60.0,jerusalem,0.4066792461240178,218.0,socialism,0.37328804967076007,24.0,tiktok,0.22003270420522206,0.21952683715885118,0.20150215599747678,0.11877440042994304,1.0,0.21952683715885118,spread_multi_topic,False
Left-wing,Trump Wants Immigrants on U.S. Soil to Hand Over Social Media Accounts to Apply for Citizenship  https://theintercept.com/2025/03/23/trump-immigrants-social-media-citizenship-green-card/,217,citizenship,217.0,citizenship,0.701870220303587,73.0,media,0.1898392302339317,237.0,odysee,0.10829054946248123,0.6043365370119599,0.1634586846254376,0.09324221737883556,1.0,0.6043365370119599,dominant_single_topic,True
Left-wing,Rep. Lloyd Doggett made a courageous decision by choosing not to compete against Rep. Greg Casar as a result of the disgraceful gerrymandering of Texas by Trump’s Republican Party.  Lloyd is an outstanding congressman and friend. I look forward to continuing to work with him.,33,texas,33.0,texas,0.6874248873337052,166.0,hard,0.21313592443028195,163.0,care,0.09943918823601278,0.501520350240149,0.1554962664846654,0.0725472374227729,0.9999999999999999,0.5015203502401491,dominant_single_topic,True
Left-wing,"Jeff Bezos, worth $234 billion, plans to replace 600,000 Amazon workers with robots.  Now, he wants to spend $100 billion to fully automate not just his warehouses, but factories in the U.S & other countries.  Oligarchs are waging all out war against workers. FIGHT BACK.",40,ai,40.0,ai,0.3477124879437003,44.0,billion,0.3386145359934788,96.0,unions,0.3136729760628209,0.20175931511546033,0.19648025089408191,0.18200797214654518,1.0,0.20175931511546033,spread_multi_topic,True
Resistance,"The flags of resistance flying high, from Yemen to Lebanon – it's a powerful message to the oppressors.",117,sanaa,117.0,sanaa,0.5538549153628445,39.0,resistance,0.3168482112437605,17.0,hezbollah,0.129296873393395,0.36479549680272716,0.2086914775433572,0.08516114212633212,0.9999999999999999,0.3647954968027272,spread_multi_topic,True
Resistance,"Netanyahu to turn to centrists if Ben-Gvir, Smotrich quit over ceasefire deal: Ex-Israeli official @aljazeeraenglish",270,netanyahu,4.0,gaza,0.42642367954287724,58.0,climate,0.32165006879376273,105.0,idf,0.25192625166336,0.296412486203502,0.22358302587907775,0.17511711984549194,1.0,0.296412486203502,spread_multi_topic,False
Resistance,"Enough with the empty words, it's actions that speak volumes, and our actions are clear: resistance.",39,resistance,124.0,cancel,0.4277185491286987,39.0,resistance,0.3197792377412994,133.0,housing,0.25250221313000176,0.3585296211113568,0.2680508693864683,0.2116567611755333,0.9999999999999999,0.35852962111135683,spread_multi_topic,False
Resistance,Right now; The siren sounded in Tel Aviv  @TasnimNews,47,sirens,80.0,tel,0.4229432879280198,6.0,missile,0.2946209458731466,47.0,sirens,0.28243576619883376,0.4014706050083269,0.2796631434140359,0.26809660105336347,0.9999999999999999,0.40147060500832693,spread_multi_topic,False
Resistance,"The global south is waking up to the realities of Western imperialism, and that's a good thing, really.",130,imperialism,130.0,imperialism,0.7962978201726333,186.0,sirens,0.10206900486034522,249.0,values,0.10163317496702157,0.6674529787575258,0.08555374585614761,0.08518843534899669,1.0,0.6674529787575258,dominant_single_topic,True
Resistance,IRGC Spokesman Brigadier General Ali Mohammad Naeini martyred in US-Israeli aggression  Follow:  T.me/presstv,99,larijani,41.0,aggression,0.4342340181111684,26.0,martyr,0.4029163078648769,99.0,larijani,0.16284967402395467,0.3276273062328311,0.30399825687828236,0.12286923132702086,0.9999999999999998,0.32762730623283115,spread_multi_topic,False
Resistance,"It’s like, we are living in an open-air prison sometimes, and people expect us to just be okay with it.",214,slavery,260.0,silent,0.3356531933890355,214.0,slavery,0.33534979126681563,95.0,trade,0.328997015344149,0.16176912559253728,0.16162289997341278,0.15856115938420892,0.9999999999999999,0.1617691255925373,spread_multi_topic,False
Resistance,"The Americans should know if they start a war, this time it will be a regional war.",102,war,102.0,war,0.7068805283117154,258.0,legally,0.17609560347921172,163.0,care,0.11702386820907283,0.5257808544094462,0.13098068647636915,0.08704286926705687,1.0,0.5257808544094462,dominant_single_topic,True
Resistance,"We're building a new regional order, one based on mutual respect and sovereignty, not dictated by Washington.",48,sovereignty,48.0,sovereignty,0.46267428545456135,103.0,rulesbased,0.3115985721719977,205.0,nonnegotiable,0.22572714237344094,0.2963457109683861,0.19958079216856175,0.14457961592959323,1.0,0.2963457109683861,spread_multi_topic,True
Resistance,"Massive fires erupt in Arad, southern occupied Palestine, following the latest Iranian missile strikes",6,missile,265.0,settlers,0.37436267373891313,6.0,missile,0.34215632287312014,47.0,sirens,0.2834810033879667,0.2055729684882115,0.1878875644239394,0.1556673126475311,1.0,0.2055729684882115,spread_multi_topic,False
Resistance,"Honestly, the hypocrisy of the West, it's just mind-boggling, they talk about democracy but arm every dictator who serves their interests.",114,democracy,114.0,democracy,0.5726419335188029,54.0,democracy,0.24252334118467622,292.0,west,0.18483472529652095,0.36776758918091274,0.15575566385701944,0.1187063282311751,1.0,0.36776758918091274,spread_multi_topic,True
Resistance,"The West's double standards on human rights are just, like, glaringly obvious to anyone paying attention.",25,rights,298.0,standards,0.45776581590335164,25.0,rights,0.4075537920129134,61.0,trans,0.13468039208373508,0.3242071974316211,0.2886451284056421,0.09538578668285384,1.0,0.3242071974316211,spread_multi_topic,False
Resistance,"The true face of imperialism is revealed in their support for the ongoing occupation, it's just so clear.",130,imperialism,130.0,imperialism,0.48710176698543495,102.0,war,0.3273607952032634,84.0,fullscale,0.18553743781130164,0.3989917814805896,0.2681457463671202,0.15197627654241067,1.0,0.3989917814805896,spread_multi_topic,True
Resistance,"I mean, the media always paints us as terrorists, but they never show the daily oppression, the suffering our people endure.",73,media,20.0,terrorists,0.37188647681007697,73.0,media,0.3182069204421244,151.0,mariupol,0.30990660274779863,0.14019932461218967,0.11996240281599223,0.11683322494216118,1.0,0.14019932461218967,spread_multi_topic,False
Resistance,"Israeli settler gangs are gathering at the entrance to the village of Umm Safa, in the central West Bank, amid calls by settler groups on the social media to carry out terror attacks on Palestinian towns and villages.",34,bank,34.0,bank,0.6478192980306824,126.0,palestinian,0.18259079620934304,73.0,media,0.16958990575997454,0.3504478063662578,0.098775297662099,0.0917422661475401,1.0,0.3504478063662578,spread_multi_topic,True
Resistance,"The US President who judges arrogantly about the whole world should know that tyrants & arrogant rulers of the world, such as Pharaoh, Nimrod, Mohammad Reza [Pahlavi] & other such rulers saw their downfall when they were at the peak of their hubris. He too will fall.",42,enemies,0.0,maria,0.4583473732317306,64.0,multipolar,0.32405964732378534,294.0,misconduct,0.2175929794444841,0.20465201468625835,0.14469257069310468,0.09715522380093457,1.0,0.20465201468625835,spread_multi_topic,False
Resistance,"Former US Middle East negotiator Aaron David Miller told The Times that there is “no simple option for a diplomatic solution” to the ongoing war, underscoring the lack of a clear political pathway to de-escalation.  Turning to Iran, Miller said leadership within the Islamic Republic “appears cohesive and unified,” adding that it seems determined to continue imposing as many costs as possible. His remarks highlight concerns that Tehran is prepared for a long-term confrontation rather than a rapid settlement.  He also commented on US President Donald Trump’s position, saying Trump had put himself in a situation where the continued survival of the IR and its ability to keep launching missiles and drones would deny him even a “semblance of a tactical victory.”",50,trump,50.0,trump,0.49087725849134184,274.0,concerns,0.3044381360991299,259.0,islamic,0.2046846054095282,0.15080929055662703,0.09353071165813938,0.06288402975632768,1.0,0.15080929055662703,spread_multi_topic,True
Resistance,"The effective presence of the Iranian people on the scene must be maintained – both in the manner you’ve shown in these days & nights of the war & in various instrumental forms such as participation in various social, political, educational, cultural, & even security spheres.",42,enemies,6.0,missile,0.3448824222193703,1.0,iran,0.3319153549749998,77.0,injured,0.32320222280563005,0.09961412338453811,0.09586878018002212,0.09335212242344529,1.0,0.09961412338453811,spread_multi_topic,False
Resistance,Any attack on Iran's power plants will cause blackout in entire region: VP,94,plants,94.0,plants,0.5106410205754975,113.0,electricity,0.2959201061762249,172.0,balance,0.19343887324827747,0.31861553539752274,0.18463997067444723,0.12069659052700638,1.0000000000000002,0.3186155353975227,spread_multi_topic,True
Resistance,Israel and Hamas agreed to timeline of Gaza deal: Qatar FM spokesman @aljazeeraenglish,174,qatar,4.0,gaza,0.3993448329480016,174.0,qatar,0.35089458045104943,283.0,gas,0.249760586600949,0.2566411517810948,0.22550433072068124,0.16051001371823356,1.0,0.2566411517810948,spread_multi_topic,False
Resistance,"A pro-Israeli account on X has posted a $1 million bounty for Professor Mohammad Marandi, even calling for his kidnapping alive, in a paid partnership post on the platform.  Marandi condemned the threat against his life and Elon Musk for allowing such content to be posted in the first place. He further criticized the Western media's silence over a platform that is supporting attempts to silence him.",99,larijani,195.0,musk,0.547022630875798,260.0,silent,0.24269722715577066,127.0,uzbekistan,0.21028014196843134,0.2551692606269639,0.1132108042959804,0.09808922944323395,1.0,0.2551692606269639,spread_multi_topic,False
Resistance,"The Zionists, they're not just an occupation force; they're an outpost of Western imperialism in our region.",19,zionism,130.0,imperialism,0.6062985509931278,102.0,war,0.24834741718217335,249.0,values,0.14535403182469883,0.5451304072379918,0.22329218574457077,0.13068957930460273,1.0,0.5451304072379918,dominant_single_topic,False
Resistance,"Switzerland announces its plans to halt weapons exports to the United States following the war on Iran, citing neutrality.  Follow Press TV on Telegram:  t.me/PressTV",1,iran,1.0,iran,0.41936135627723337,47.0,sirens,0.325435109242307,102.0,war,0.2552035344804596,0.20414090029453147,0.1584185457094307,0.12423051983060329,1.0,0.20414090029453147,spread_multi_topic,True
Resistance,The audacity of those who lecture us on 'terrorism' while funding state terror? Unbelievable.,211,call,211.0,call,1.0,,,,,,,1.0,0.0,0.0,1.0,1.0,dominant_single_topic,True
Resistance,"Funeral processions are being held in Tehran as Iranians bid farewell to several fallen senior figures, including Ali Larijani, along with his son and aides, as well as Gholamreza Soleimani, and martyrs of the frigate “Dena.”  The Secretary of Iran’s Supreme National Security Council, Ali Larijani, was announced as a martyr on March 17 by the Council’s Secretariat after he was killed in a US-Israeli aggression carried out overnight on Monday.  The martyrdom of General Soleimani, the commander of Basij, was also announced on March 17 in an IRGC statement.",26,martyr,99.0,larijani,0.5589493130994533,26.0,martyr,0.3281986735843346,41.0,aggression,0.11285201331621209,0.3395054039541553,0.19934763428654878,0.06854623034690652,0.9999999999999998,0.33950540395415535,spread_multi_topic,False
Resistance,"Our unity is our strength, from Hezbollah to Ansar Allah. That's what scares them the most, honestly.",85,unity,85.0,unity,0.547807481259108,17.0,hezbollah,0.24851053383760255,144.0,identity,0.20368198490328943,0.47556665793892083,0.2157387916063638,0.17682190214011903,1.0,0.47556665793892083,spread_multi_topic,True
Resistance,Houthi: Zionist plan to create ‘Greater Israel’ behind war on Iran,1,iran,257.0,donate,0.7553438023503327,1.0,iran,0.24465619764966723,,,,0.7553438023503327,0.24465619764966723,0.0,1.0,0.7553438023503327,dominant_single_topic,False
Resistance,"This isn't just a conflict; it's an occupation, and we have every right to fight back, you know?",131,conflict,131.0,conflict,0.4684059139903477,185.0,every,0.27776688403959054,102.0,war,0.25382720197006176,0.18970423755115925,0.1124954945696472,0.10279993138700406,1.0,0.18970423755115925,spread_multi_topic,True
Resistance,"Breaking | Six Israeli settlers killed and over 100 injured following the latest Iranian missile strikes on Arad, southern occupied Palestine",265,settlers,265.0,settlers,0.5656943993418367,6.0,missile,0.22497686444109333,77.0,injured,0.20932873621706988,0.2706912222057682,0.1076539956457672,0.10016618781326668,0.9999999999999998,0.27069122220576824,spread_multi_topic,True
Resistance,"Benjamin Netanyahu proposes developing oil and gas pipelines linking Gulf states to Israeli ports, bypassing the Strait of Hormuz and Bab El-Mandeb.  This statement comes amid Gulf crises caused by the ongoing US Israeli war on Iran, the closure of the Strait of Hormuz, and the",15,strait,15.0,strait,0.7604383302874286,270.0,netanyahu,0.12098058740411047,102.0,war,0.11858108230846089,0.36855333157718,0.05863433860191654,0.05747139670128429,1.0,0.36855333157718,spread_multi_topic,True
Resistance,WATCH: Iran and Resistance Groups' Operations Against US-Israeli Assets on March 21  Follow  t.me/presstv,1,iran,39.0,resistance,0.5993919061974325,117.0,sanaa,0.20221333554268786,21.0,groups,0.1983947582598796,0.38967428810948374,0.13146213146876587,0.12897961315498133,1.0,0.38967428810948374,spread_multi_topic,False
Resistance,"The General Secretariat of the Arab National Congress mourned the martyrdom of Ali Larijani, Secretary of Iran's Supreme National Security Council, who, along with his son and several companions, were ""killed in a cowardly operation carried out by the Zionist enemy.""  The statement emphasized that the ""enemy mistakenly believed that assassinating senior leaders would achieve its aggressive objectives, not realizing that such crimes would only strengthen the resolve of the struggling Iranian people in defending their land, sovereignty, and dignity.""  The Arab National Congress also extended its ""deepest condolences to the Islamic Republic of Iran and its people,"" praising Larijani as an ""eminent leader"" who dedicated his life to defending his nation, supporting freedom worldwide, and standing steadfast with ""the Palestinian people, their just cause, and their heroic Resistance.""",99,larijani,99.0,larijani,0.37752631887813476,126.0,palestinian,0.3347879238281681,234.0,borders,0.28768575729369705,0.07820632717457801,0.06935287050399026,0.05959543833986241,1.0000000000000002,0.078206327174578,spread_multi_topic,True
Resistance,This how the Gaza ceasefire announcement unfolded in Gaza and Israel | Al Jazeera Newsfeed @aljazeeraenglish,4,gaza,4.0,gaza,0.6657823954119666,105.0,idf,0.21835190031757454,174.0,qatar,0.11586570427045892,0.5733241148857778,0.18802901795824647,0.09977524609279295,1.0,0.5733241148857778,dominant_single_topic,True
Resistance,"Breaking | Israeli warplanes strike the Qaaqaaiyet Al-Jisr Bridge again in southern Lebanon, days after previously targeting it.",118,bridge,118.0,bridge,0.48892897662414037,98.0,southern,0.3313660088543923,17.0,hezbollah,0.17970501452146723,0.31799296018382084,0.2155160833122603,0.11687777215030458,1.0,0.31799296018382084,spread_multi_topic,True
Resistance,"We don't need their 'aid' if it comes with strings attached, forcing us to abandon our principles. No thanks.",176,aid,176.0,aid,0.861575814815526,4.0,gaza,0.08703262147827617,44.0,billion,0.05139156370619789,0.8368641148147268,0.08453635359880375,0.049917551921000045,1.0,0.8368641148147268,dominant_single_topic,True
Resistance,"You see the images from Gaza, the destruction? And they still ask why there's resistance? Unbelievable.",4,gaza,4.0,gaza,0.5232975135473634,39.0,resistance,0.2763145761924159,268.0,footage,0.20038791026022068,0.37037401380139107,0.1955670264176645,0.14182844886312154,1.0,0.37037401380139107,spread_multi_topic,True
Resistance,Footage showing Islamic Resistance in Iraq launching drones against Israeli bases  Follow  t.me/presstv,32,base,39.0,resistance,0.504724332071271,32.0,base,0.2617677996672965,117.0,sanaa,0.2335078682614327,0.25620178207934985,0.13287525982853046,0.11853031085824756,0.9999999999999999,0.2562017820793499,spread_multi_topic,False
Resistance,"Breaking | Hezbollah announces targeting the Israeli air defense system in Ma’alot-Tarshiha, northern occupied Palestine.",98,southern,233.0,system,0.44588038733458113,101.0,drones,0.28293118295056924,55.0,fighter,0.2711884297148496,0.14974262485164963,0.09501843810772767,0.0910748004361689,1.0,0.14974262485164963,spread_multi_topic,False
Resistance,"It's like, they bomb us, then send ""aid."" What kind of twisted, sick logic is that, honestly?",176,aid,176.0,aid,0.4452076822970691,187.0,resolve,0.38041921539831774,303.0,outsiders,0.17437310230461314,0.39282516995816547,0.33565962333166127,0.15385660731531625,0.9999999999999999,0.3928251699581655,spread_multi_topic,True
Resistance,"💬 Netizens Speak - ‘Maniacal tyrant’: Trump’s threat to attack Iran’s power plants sparks fierce backlash  Trump’s new threat to target Iranian power plants has drawn fierce condemnation from lawmakers, legal experts, and military analysts, describing it as an illegal and strategically incoherent move, indicative of a leader losing control of a war he started.   @PressTV",50,trump,94.0,plants,0.47927001521643786,50.0,trump,0.3709265789182045,172.0,balance,0.14980340586535765,0.29309213829503994,0.2268359394787186,0.09161057265209759,0.9999999999999998,0.29309213829504,spread_multi_topic,False
Right-wing,NEW: Trump's Approval Rating Hits New High Amid Aggressive Crime Crackdown. https://thenationalpulse.com/2025/09/04/trumps-approval-rating-hits-new-high-amid-aggressive-crime-crackdown/?feed_id=65135&_unique_id=68b9984147f8e,256,crime,256.0,crime,0.4549410953801925,237.0,odysee,0.3035099621632686,41.0,aggression,0.24154894245653888,0.4549410953801925,0.3035099621632686,0.24154894245653888,1.0,0.4549410953801925,spread_multi_topic,True
Right-wing,The reaction to cultural shifts fuels political engagement.,179,politics,,,,,,,,,,0.0,0.0,0.0,0.0,,no_soft_signal,
Right-wing,"Our military needs to be the strongest in the world, no compromises.",69,alliances,239.0,mental,0.41812330341423526,302.0,atrocities,0.30434060620866876,119.0,broken,0.27753609037709603,0.30578860929031426,0.2225752307111223,0.20297212427838532,0.9999999999999999,0.3057886092903143,spread_multi_topic,False
Right-wing,"They talk about compassion, but what about the compassion for our own citizens? Our resources are stretched.",293,compassion,293.0,compassion,0.7872058850746885,204.0,first,0.16284588387227655,114.0,democracy,0.04994823105303497,0.6425616142523339,0.1329239478505553,0.0407705488271872,0.9999999999999999,0.642561614252334,dominant_single_topic,True
Right-wing,"If you don't like it here, you're free to leave, but don't try to ruin it for the rest of us.",243,perfect,243.0,perfect,0.5522803256332216,295.0,saudi,0.2763363185217961,23.0,innovation,0.1713833558449825,0.3597572967841338,0.1800064248906509,0.11163970532879568,1.0,0.3597572967841338,spread_multi_topic,True
Right-wing,"On Tuesday's “The Right Squad,” the panel looks at President Trump’s St. Patrick’s Day celebrations at the White House, including his meeting with Irish Taoiseach Micheal Martin.  https://youtu.be/Ij9BdvO4_8E",207,patricks,207.0,patricks,0.5847083065120825,97.0,white,0.3160377274452706,294.0,misconduct,0.09925396604264707,0.5259481924763172,0.2842775956026687,0.08927946371693501,1.0,0.5259481924763172,dominant_single_topic,True
Right-wing,Why Charlie Kirk’s Approach Matters Now More Than Ever | Pastor Jackson Lahmeyer  https://www.youtube.com/watch?v=xDIq1ERRVXs,71,charlie,71.0,charlie,0.8145099536136217,85.0,unity,0.10726668686145481,187.0,resolve,0.07822335952492357,0.6438119597522324,0.08478665678426071,0.061829980309895956,1.0,0.6438119597522324,dominant_single_topic,True
Right-wing,Cancel culture has gone too far. You can't even speak your mind anymore without getting attacked.,124,cancel,124.0,cancel,0.7753910163737207,251.0,voices,0.11259723945640024,290.0,culture,0.11201174416987919,0.6981431980058714,0.10137981377235408,0.10085264806741617,1.0,0.6981431980058714,dominant_single_topic,True
Right-wing,"A new study by Forum Kehalat reveals: a sharp increase in the number of parking tags for the disabled in Israel from 74 thousand in 2006 to 365 thousand in 2023.  With the option of two vehicles per tag, this is about 650,000 vehicles, that is, about 21% of the private vehicles. Crazy figure.  Why is this happening? Who are the main victims? How do you handle it? Our regulatory department at Kehalat investigated, tested - and offered solutions.  It's time to stop the promiscuity, and give to those who really need it.  Go to the article in Israel Hayom and our research and you will understand the magnitude of the default and the horizon for a solution.  Ecclesiastical Forum https://www.israelhayom.co.il/news/transportation/article/18077769 For the full study: https://tinyurl.com/72f3bh9d",202,disability,202.0,disability,0.46169843803753985,183.0,forum,0.29944304569595936,213.0,figure,0.23885851626650084,0.16688954013833554,0.10823929231001204,0.08633988043641655,1.0,0.16688954013833554,spread_multi_topic,True
Right-wing,Putting America's interests first doesn't make you a xenophobe; it makes you a patriot. Come on.,129,patriotism,204.0,first,0.6096414651715955,221.0,globalist,0.2177504856144428,258.0,legally,0.17260804921396186,0.39926294558098185,0.14260791835024014,0.11304348883282693,1.0,0.39926294558098185,spread_multi_topic,False
Right-wing,"“We have found hundreds of thousands of people who shouldn't be on the voter rolls. People who are dead, people who moved, duplicate registrations.”  — Harmeet Dhillon on the federal government's efforts to audit voter records  https://youtu.be/132KPr2_FBk",173,voting,173.0,voting,0.3856785738996999,116.0,connection,0.34533215612218104,22.0,james,0.268989269978119,0.3271587757526079,0.2929342023918667,0.22817497836816603,1.0,0.3271587757526079,spread_multi_topic,True
Right-wing,"America first, always. Why are we apologizing for loving our own country, seriously?",132,apologizing,132.0,apologizing,0.5794327758379904,204.0,first,0.3074691794059669,243.0,perfect,0.11309804475604274,0.3734780908098984,0.19818175100873825,0.07289826118091308,1.0000000000000002,0.37347809080989836,spread_multi_topic,True
Right-wing,What to Know About Senate Failing to Reach Deal on Trump Nominees https://www.theepochtimes.com/us/what-to-know-about-senate-failing-to-reach-deal-on-trump-nominees-5896222,208,markwayne,78.0,save,0.40385940014644917,58.0,climate,0.3027821777511503,208.0,markwayne,0.29335842210240054,0.2240487020580572,0.16797418583511367,0.16274617771929656,1.0,0.2240487020580572,spread_multi_topic,False
Right-wing,Stop calling everything 'systemic racism' – it's just an excuse for failure sometimes.,191,racism,191.0,racism,0.8469377263448142,216.0,justice,0.1530622736551857,,,,0.8469377263448142,0.1530622736551857,0.0,1.0,0.8469377263448142,dominant_single_topic,True
Right-wing,On the show today:   Steve Bannon acted as a key advisor to Jeffrey Epstein in the years leading up to his arrest;   MTG and Thomas Massie continue their campaign to seize control of MAGA;   and the UN greenlights Trump’s big Gaza plan.  Watch here:,178,epstein,178.0,epstein,0.7580111816403846,4.0,gaza,0.2137012893718524,12.0,china,0.028287528987763,0.7395551668407786,0.20849810206423702,0.0275987857788401,1.0,0.7395551668407786,dominant_single_topic,True
Right-wing,"Our veterans deserve way better treatment than what they're getting right now, it's a disgrace.",278,veterans,278.0,veterans,0.7326134146330433,52.0,grow,0.14713740228377425,96.0,unions,0.12024918308318253,0.7015881227158544,0.1409063112791446,0.1151567756368516,1.0,0.7015881227158544,dominant_single_topic,True
Right-wing,Oklahoma Republican Sen. Markwayne Mullin's nomination to lead the Department of Homeland Security is moving quickly through the Senate as bipartisan support builds for President Donald Trump's pick to safeguard the nation. https://bit.ly/4upzm62,208,markwayne,208.0,markwayne,0.7347907218339338,78.0,save,0.1455703326657379,50.0,trump,0.11963894550032828,0.4477313823503473,0.08870063861307292,0.07289981876486737,1.0000000000000002,0.4477313823503472,spread_multi_topic,True
Right-wing,"Thune Announces He's Bringing SAVE America Act to Senate Floor, Forcing Dems to Go on Record Opposing 83 Percent of Americans  Senate Majority Leader John Thune said the SAVE America Act contains “the kind of common sense policies that should get an automatic yes vote from literally every member of this body.”  https://w-j.co/s/2c257",78,save,78.0,save,0.6699104729650909,200.0,common,0.1723219920488542,204.0,first,0.15776753498605486,0.43754929711508467,0.11255140730181783,0.10304522294626829,1.0,0.43754929711508467,spread_multi_topic,True
Right-wing,"They just walk right in, no vetting, and then expect us to pay for everything? That's just not right.",278,veterans,278.0,veterans,0.4971852252410859,260.0,silent,0.3157462975964726,38.0,freedom,0.18706847716244154,0.21213214395694496,0.13471828134701436,0.0798158012599571,0.9999999999999999,0.212132143956945,spread_multi_topic,True
Right-wing,"DHS Says Boycotts Targeting Israel Will Still Result in FEMA Cuts, Carveouts for Sanctuary Cities Remain https://www.theepochtimes.com/us/dhs-says-boycotts-targeting-israel-will-still-result-in-fema-cuts-carveouts-for-sanctuary-cities-remain-5896657",4,gaza,92.0,victory,0.3818541385149051,152.0,tsa,0.33277043435265485,35.0,oblast,0.2853754271324402,0.3096662869676349,0.26986164198550755,0.23142645318863336,1.0,0.3096662869676349,spread_multi_topic,False
Right-wing,"Oil prices are down, and stocks are up Monday, though such moves have been quick to change since the war in Iran began. https://bit.ly/4dosCiE",88,oil,138.0,change,0.5015190529668464,88.0,oil,0.32703837735371794,1.0,iran,0.17144256967943558,0.2211639344792322,0.14422003278514225,0.07560413312959505,1.0,0.2211639344792322,spread_multi_topic,False
Right-wing,​Jury finds Utah author of children's grief book Kouri Richins guilty of murdering husband with fentanyl  https://postmillennialnews.com/wngqdu,22,james,231.0,children,1.0,,,,,,,1.0,0.0,0.0,1.0,1.0,dominant_single_topic,False
Right-wing,"We need to secure our borders, period. No more open doors, it's just common sense folks.",43,border,43.0,border,0.4479707195084447,253.0,borders,0.28981307268320483,234.0,borders,0.26221620780835037,0.31152030015136095,0.2015369564535975,0.18234600656632668,1.0,0.31152030015136095,spread_multi_topic,True
Right-wing,"“Yesterday's attack was antisemitism. It was hate. Plain and simple.”  — Michigan Gov. Gretchen Whitmer on Thursday’s attack at Temple Israel in West Bloomfield, Michigan  https://youtu.be/h1VoLzutzc4",122,synagogue,122.0,synagogue,0.6017058291809279,291.0,hate,0.2937808321404636,43.0,border,0.10451333867860862,0.4605602323457102,0.22486697277556755,0.07999704375569909,0.9999999999999999,0.46056023234571025,spread_multi_topic,True
Right-wing,"We need more accountability and way less bureaucracy in D.C., the swamp is real.",68,defund,219.0,transparency,0.578844898817376,87.0,regulations,0.42115510118262406,,,,0.578844898817376,0.42115510118262406,0.0,1.0,0.578844898817376,dominant_single_topic,False
Right-wing,"Kudos to the Minister of Culture and Sports Miki Zohar. This is an important step in the diversification and democratization of the field of Israeli cinema, which until now has been a closed circle. Opening the field will allow more creators to be part of this important world of Israeli creation. In 2016, the policy paper, which is the basis of the research and conceptual knowledge for Minister Zohar's important reform, was written in the Kehelat forum. The paper, ""The Budgeting of the Israeli Cinema - Analysis and Policy Proposal"", was written by Attorney Ziv Maor, who was a researcher at the Kohalat Forum. We are happy to have been part of the thinking process and policy formulation over the years and congratulate Minister Zohar. We hope that the reform will pass in its entirety. Link to the policy paper: https://bit.ly/3E4bIqn Kohalat Forum",49,forum,49.0,forum,0.37538003509910106,290.0,culture,0.35093197130481596,252.0,gerber,0.273687993596083,0.1328306707001065,0.12417956406824596,0.09684627937747566,1.0,0.1328306707001065,spread_multi_topic,True
Right-wing,​Trans 'youth advocate' for homeless teens charged with raping infant girl in Washington state  https://postmillennialnews.com/3a7cpk,61,trans,61.0,trans,0.49802208960862004,52.0,grow,0.3572968437334511,288.0,manhunt,0.14468106665792888,0.49802208960862004,0.3572968437334511,0.14468106665792888,1.0,0.49802208960862004,spread_multi_topic,True
Right-wing,"A nation without secure borders isn't really a nation at all, if you think about it.",253,borders,253.0,borders,0.5371472670269579,234.0,borders,0.24639672954253053,43.0,border,0.21645600343051155,0.31590132016206207,0.14490821591054195,0.12729979549029466,1.0,0.31590132016206207,spread_multi_topic,True
Right-wing,"America First, always. We need to prioritize our citizens and our interests, not some globalist agenda.",204,first,204.0,first,0.5572796076709082,221.0,globalist,0.3513353694443522,16.0,russia,0.09138502288473967,0.3833693506011602,0.24169413445797489,0.06286649716901835,0.9999999999999998,0.3833693506011603,spread_multi_topic,True
Right-wing,תגובה: change everything fast? bad idea.,29,slow,138.0,change,0.5025177657938918,29.0,slow,0.4974822342061081,,,,0.5025177657938918,0.4974822342061081,0.0,1.0,0.5025177657938918,dominant_single_topic,False
Right-wing,Georgia city cuts off water to planned ICE detention facility  https://postmillennialnews.com/rj11cq,37,ice,37.0,ice,0.48189549492037276,160.0,water,0.401918447217543,113.0,electricity,0.11618605786208418,0.4443401927725212,0.37059595326780337,0.10713139237055612,1.0,0.4443401927725212,spread_multi_topic,True
Right-wing,Trump DOJ Secures Terror Convictions on 8 Antifa Members in First-of-Its-Kind Crackdown on Blue City Leftism  “Antifa is a domestic terrorist organization that has been allowed to flourish in Democrat-led cities — not under President Trump.”  https://w-j.co/s/f3386,22,james,261.0,seeing,0.39560072708908467,204.0,first,0.3472699802284317,303.0,outsiders,0.2571292926824836,0.18508013945741494,0.1624688024286123,0.12029686016614403,1.0,0.18508013945741494,spread_multi_topic,False
Right-wing,"You earn what you work for. That's the American dream, not expecting handouts from the government.",166,hard,166.0,hard,0.835946196751955,139.0,equal,0.11021926906152883,263.0,anthem,0.053834534186516195,0.8080548019693659,0.10654179656630353,0.05203834173804639,1.0,0.8080548019693659,dominant_single_topic,True
Right-wing,There’s a revival happening in this country!,46,working,243.0,perfect,0.581051982119034,102.0,war,0.41894801788096603,,,,0.581051982119034,0.41894801788096603,0.0,1.0,0.581051982119034,dominant_single_topic,False
Right-wing,LIVE NOW: State Department Spokesperson Holds Press Briefing (Aug. 5) https://www.theepochtimes.com/epochtv/live-now-state-department-spokesperson-holds-press-briefing-aug-5-post-5896890,97,white,244.0,khatam,0.5108325556230155,97.0,white,0.3805180797120679,252.0,gerber,0.10864936466491654,0.4590003425237305,0.3419083748710908,0.09762513185041705,0.9999999999999999,0.45900034252373056,spread_multi_topic,False
Right-wing,CBS News Accused Of Deceptively Editing Hegseth Interview To Reframe Israeli Influence Question  CBS News has a lot of work left to do to earn back the public’s trust. This won’t help.  https://w-j.co/s/8562c,154,cbs,154.0,cbs,0.5190985118295445,166.0,hard,0.32126367609604484,146.0,empire,0.1596378120744108,0.3297257209604291,0.20406318801767218,0.10140019953681705,1.0,0.3297257209604291,spread_multi_topic,True
Right-wing,"OPINION: ""Real fiscal problems require honesty. Contrary to what you are told by eminent economists, this wealth tax isn't one."" — Veronique de Rugy https://bit.ly/4btGAyI",8,tax,8.0,tax,0.5048975609155717,168.0,wealth,0.45207125692299704,166.0,hard,0.04303118216143133,0.46891536092229547,0.4198537941404127,0.03996450740928564,1.0,0.46891536092229547,spread_multi_topic,True
Right-wing,Parents' rights are being trampled on by schools and government agencies.,63,kids,63.0,kids,0.4972604404726933,245.0,crumbling,0.3399173791426836,25.0,rights,0.16282218038462318,0.41716051273611504,0.2851626564869786,0.13659438540796523,1.0,0.41716051273611504,spread_multi_topic,True
Right-wing,Gender ideology pushed on kids? Absolutely not. Parents need to wake up and protect their children.,67,gender,63.0,kids,0.5562855081570396,67.0,gender,0.24028971015494294,52.0,grow,0.20342478168801753,0.37493245160236377,0.1619535450809929,0.13710684710742607,1.0,0.37493245160236377,spread_multi_topic,False
Right-wing,"Small businesses are the backbone of this country, but they're being crushed by bureaucracy.",87,regulations,87.0,regulations,0.5850722786767213,243.0,perfect,0.2504410843603874,96.0,unions,0.16448663696289137,0.5247996861552586,0.22464130888234363,0.14754166040834835,1.0,0.5247996861552586,dominant_single_topic,True
Russian,"🇷🇺🇺🇦⚡Kharkov, tank plant, warehouses. destroyed",286,refinery,161.0,kharkov,0.5329681835407101,286.0,refinery,0.46703181645929,,,,0.5329681835407101,0.46703181645929,0.0,1.0,0.5329681835407101,dominant_single_topic,False
Russian,@MariaVladimirovnaZakharova It’s not for nothing that Lavrov is called #RussianRibbentrop.  He divides all other people's lands.  #Maria Lying to the Whole World Again #russianstatterrorist,0,maria,0.0,maria,0.6403262942539479,57.0,sergey,0.2203044207920441,175.0,grandparents,0.13936928495400788,0.557758615054947,0.19189699022842396,0.1213981372539371,1.0,0.557758615054947,dominant_single_topic,True
Russian,🤝 Artillery fire supports assault troops  A Msta-B crew of the Yug Group of Forces hit an AFU pick-up truck in Konstantinovka direction with the first shot. A D-30 crew of the Tsentr Group of Forces hit an enemy infantry fighting vehicle with troops in Dobropolye direction.  🔹 Russian Defence Ministry,21,groups,21.0,groups,0.5686243833398243,31.0,direction,0.23845897083422848,235.0,brigade,0.1929166458259472,0.3478786700649396,0.14588679639734997,0.11802446069783101,1.0,0.3478786700649396,spread_multi_topic,True
Russian,"▫️ The Vostok Group's servicemen thwarted the rotation of AFU units in Dnepropetrovsk region.  Russian scouts spotted the movement in time: the enemy attempted to deliver reserves, using armoured and civilian vehicles. The information was immediately transmitted to the attack groups of the Unmanned Systems Forces.  🎮 Drone operators started the mission. A UAV operator with the call sign 'Psikholog' spoke more about the operation.  🔹 Russian Defence Ministry",21,groups,21.0,groups,0.46274353931990914,196.0,vehicles,0.2958162815938216,299.0,unmanned,0.24144017908626927,0.24563417570254126,0.15702561422139116,0.1281616150891944,1.0,0.24563417570254126,spread_multi_topic,True
Russian,"Every time we tried to negotiate in good faith, they just laughed or ignored us... so what other choice was left, really?",205,nonnegotiable,189.0,faith,0.4267742226480984,218.0,socialism,0.3594278282358597,292.0,west,0.21379794911604183,0.2618993967400698,0.22057079924479017,0.1312018180252785,1.0000000000000002,0.26189939674006973,spread_multi_topic,False
Russian,"Multipolarity is not just a dream, it's, like, the only way for true global balance, you know?",64,multipolar,166.0,hard,0.384469818108009,172.0,balance,0.35691967321379,135.0,wave,0.25861050867820096,0.18676460723047908,0.1733815229206826,0.12562570013074445,1.0,0.18676460723047908,spread_multi_topic,False
Russian,"We want a world where international law is applied universally, not selectively by a few powerful nations.",121,law,121.0,law,0.764913239444767,49.0,forum,0.13073293841927947,64.0,multipolar,0.10435382213595353,0.5593005562029821,0.0955912401582023,0.07630296843196466,1.0,0.5593005562029821,dominant_single_topic,True
Russian,🇷🇺🇺🇦 Kharkiv,161,kharkov,161.0,kharkov,0.6233675134435496,35.0,oblast,0.3766324865564505,,,,0.6233675134435495,0.37663248655645043,0.0,0.9999999999999999,0.6233675134435496,dominant_single_topic,True
Russian,"Iran Confirms Introduction of Tariffs for Ships Passing Through the Strait of Hormuz, Euronews Reports  Transit fees could reach $2 million per vessel. ▪️Tehran has reportedly already prepared a bill providing for the official collection of fees for ""safe transit.""  ▪️The Iranian Parliament noted that such a practice is common along a number of key shipping routes.  ➖""A report from Marine Insight states that in at least one case, a tanker owner paid approximately $2 million to obtain permission to safely pass through the strait,"" the report states.  ▪️Previously, Trump threatened to strike Iran's power plants if the country did not open the Strait of Hormuz within 48 hours.  @Slavyangrad",15,strait,15.0,strait,0.5998852298029557,220.0,transit,0.22431411406592328,94.0,plants,0.17580065613112114,0.3312783049176647,0.12387436093613356,0.09708347609368682,1.0,0.3312783049176647,spread_multi_topic,True
Russian,Our youth are patriotic and they see through the fake promises of the globalists.,52,grow,215.0,sacrifices,0.46943409983066586,279.0,expansion,0.28989713915181703,205.0,nonnegotiable,0.240668761017517,0.32150626653678593,0.19854490102448083,0.16482934421399528,1.0,0.32150626653678593,spread_multi_topic,False
Russian,Tsentr Group's Giatsint-B howitzers neutralised an AFU stronghold in Krasnoarmeysk direction.  🔹 Russian Defence Ministry,21,groups,21.0,groups,0.7505785028207383,213.0,figure,0.13407798943425567,299.0,unmanned,0.11534350774500599,0.6051632354923345,0.10810204340973478,0.0929971349801285,1.0,0.6051632354923345,dominant_single_topic,True
Russian,"Army strikes reduced enemy facilities in Kharkov to rubble.  The Ukrainian Armed Forces stationed mercenaries and drone production facilities in the Cosmopolit Hotel and business center, which were heavily damaged by the strikes.  @Slavyangrad",35,oblast,161.0,kharkov,0.5640771323268061,299.0,unmanned,0.2483772547067911,35.0,oblast,0.1875456129664028,0.2991273123349865,0.1317132292513147,0.09945451061886927,0.9999999999999999,0.2991273123349866,spread_multi_topic,False
Russian,@MariaVladimirovnaZakharova I remember #MadamSorryGodThe diplomat said that the Russian army took control of the Zaporozhye Nuclear Power Plant so that “everything would be fine.”  As usual #MariaIsLyingToTheWorldAgain See what Russian “good” looks like in the next post.  #Masha Is Lying Again,0,maria,0.0,maria,0.4599495457111102,94.0,plants,0.34625753289795586,172.0,balance,0.19379292139093404,0.2089296689634111,0.15728566839349717,0.08802941820729833,1.0,0.2089296689634111,spread_multi_topic,True
Russian,"General Radan, Commander of the Internal Security Forces in Iran, during a public gathering in Wali Asr Square, addressing the European Union: “If you don't have the ability to protect Greenland, then ask us to come.”  @Slavyangrad",238,alinejad,238.0,alinejad,0.43222978350046987,111.0,greenland,0.3345631256971652,155.0,security,0.2332070908023649,0.23363635220887657,0.1808438734564911,0.12605714849876734,1.0,0.23363635220887657,spread_multi_topic,True
Russian,"We didn't start this conflict, we're just finally finishing what they forced upon us by ignoring our red lines for decades.",131,conflict,131.0,conflict,0.5017569554626814,145.0,alert,0.3336908980113008,102.0,war,0.16455214652601774,0.4133765220128868,0.2749139425881419,0.135567615516073,0.9999999999999999,0.4133765220128869,spread_multi_topic,True
Russian,"📝Russian oil will flow like a river📝 but as usual there are nuances. The key event of the day can rightfully be considered the news about the easing of sanctions pressure on the purchase of Russian oil for 30 days. The move is aimed at stabilizing global energy markets due to the war over Iran.  However, this only applies to oil that has already been loaded onto tankers and is at sea. Now, according to the special representative of the Russian President Kirill Dmitriev, there are about 100 million barrels of Russian oil in the sea.  🖍From the point of view of the general situation for the Russian economy, such a relaxation couldn’t come at a better time. Due to problems with the export of resources, a large hole appeared in the Russian budget, and to some extent, the crisis in the Middle East turned out to be beneficial for us.  ➡️However, this relaxation must be viewed with cautious optimism. It is unknown on what terms the interested countries want to purchase oil located at sea - due to sanctions and pressure, the discount for “partners” has reached unimaginable values.  ➡️The second problem is that the safety of our tankers and cargo ships is still in question. Even turning to the morning situation, one can see that the seizure of our tankers is proceeding without any doubt at all. Who guarantees that tankers will reach their destination?  ❗️There are enough pitfalls in this situation to talk about some immediate benefits for Russia. The price of oil and the unstable position on the market must last a long time for there to be a tangible profit.  However, even under such conditions, this is a good indicator that it is impossible to cope with the flaring crisis without Russia’s participation. The main thing is to take advantage of it in time and skillfully. #Russia #USA ✈ RU | ✈ EN | ✉ MAX ✉ VK | ✉ RuTube | ✉ OK | ✉Zen 💸Support us",62,oil,62.0,oil,0.4434514303431554,88.0,oil,0.350873428554149,150.0,palestine,0.20567514110269566,0.12176130610502704,0.09634156982026632,0.056473543888720244,0.9999999999999999,0.12176130610502706,spread_multi_topic,True
Russian,"The United Kingdom has become vulnerable to Iranian ballistic missile strikes following an attempted attack on the Diego Garcia airbase, The Telegraph reports, citing sources.  According to the newspaper, a senior defense official called the situation for the country ""dire"" and noted that the level of preparedness to intercept ballistic missiles in the UK is ""very low.""  According to the newspaper, the only line of defense is six Type 45 destroyers with Sea Viper systems, while the country has very few land-based assets to intercept ballistic and hypersonic missiles.  As a result, sources estimate, Britain will be dependent on its NATO allies in the event of such attacks. British officials called the attempted strike on the Diego Garcia airbase a ""warning shot.""  @Slavyangrad",79,diego,79.0,diego,0.7116236163960361,5.0,nato,0.14602751666884933,6.0,missile,0.14234886693511445,0.317995080401844,0.06525364087713126,0.06360980487886356,1.0,0.317995080401844,spread_multi_topic,True
Russian,"@margaritasimonyan Yes, yes, Margarita.  There are no glitches in Russian software at all.🤣.  It makes sense to once again rethink the Russian proverb “Don’t judge others, look at yourself” #MargotAgain Lying to the Whole World",0,maria,0.0,maria,0.5941237200041456,200.0,common,0.28842976605930803,193.0,fossil,0.11744651393654643,0.4466723568581845,0.21684642281723235,0.08829829447719872,1.0,0.4466723568581845,spread_multi_topic,True
Russian,A severe accident near Roslavl was captured on video Instant View,13,smolensk,13.0,smolensk,0.3708137828082649,162.0,instant,0.3493917068093327,212.0,smolyan,0.2797945103824024,0.33313395975450655,0.3138886637742968,0.25136350772985777,0.9999999999999999,0.3331339597545066,spread_multi_topic,True
Russian,"The West just doesn't want to see a strong Russia, independent and sovereign. That's the core issue.",16,russia,16.0,russia,0.4934602768955933,48.0,sovereignty,0.2897752057161832,292.0,west,0.21676451738822355,0.18822028335547655,0.11052879812822596,0.08268037123656247,1.0,0.18822028335547655,spread_multi_topic,True
Russian,"It's about security for *all*, not just for those within a certain military bloc.",155,security,155.0,security,0.5753192541160462,274.0,concerns,0.23671237312144866,179.0,politics,0.18796837276250503,0.25690852145031196,0.1057037902912935,0.08393718162628304,0.9999999999999998,0.256908521450312,spread_multi_topic,True
Russian,"🇮🇷👊🇸🇦Saudi Arabia: The Kingdom will not hesitate to take the necessary measures to preserve its sovereignty, maintain its security, and protect its territories.  🔴 @DDGeopolitics | Socials | Donate | Advertising",295,saudi,295.0,saudi,0.49770203000575747,128.0,advertising,0.2689880628508597,257.0,donate,0.2333099071433829,0.22597672088348475,0.12213138933577346,0.10593207298206536,0.9999999999999999,0.22597672088348478,spread_multi_topic,True
Russian,"The unipolar moment is gone. The world is evolving, and we are part of that change.",64,multipolar,64.0,multipolar,0.44587351220839155,124.0,cancel,0.34378143773032444,138.0,change,0.21034505006128396,0.38236716929740283,0.29481620146230686,0.18038533163652667,0.9999999999999998,0.38236716929740294,spread_multi_topic,True
Russian,"The Warmongers Will Never Admit They Were Wrong And Will Never Learn From Their Mistakes  Trump’s former national security advisor John Bolton has a tweet that’s got me absolutely fuming right now.  “In 2018–2019, I made the case for regime change in Iran as often as I could. Voices in Trump’s orbit often cited Iran’s capacity to close the Strait of Hormuz as a reason against regime change. Trump has been fully aware this is a possibility, and yet did not prepare,” Bolton posted.  Can you believe this shit? Dude’s like “Hey, Trump should have known this war would be hard because people tried to warn him not to listen to me!”  Motherfucker THIS WAS YOUR WAR. You were THE “bomb Iran” guy! You made it your entire personality for DECADES. Over the years I’ve used your name God knows how many times whenever I needed an example of a Beltway swamp monster who’s got a throbbing hard-on for war with Iran. Now you’ve finally got it and it’s going exactly as badly as everyone said it would, and you’re like “Yeah well he should’ve known better, people tried to warn him about the Strait of Hormuz”? Fuck you.  These professional warmongers never, ever learn from their errors. Many years after the Iraq invasion turned out to be a disaster, John Bolton was still out there telling the media he believed it was a “resounding success,” conceding only “mistakes that were made subsequently” to the ousting of Saddam Hussein.  They never admit they were wrong. They never admit that their war was a bad idea. They only ever acknowledge that it didn’t happen in exactly the way they imagined it happening in their minds. They live in this fantasy world where all their war agendas would unfold beautifully so long as they could personally control every molecule of matter involved in how it happens, completely ignoring that this is impossible and any war is always going to have an unfathomable number of moving parts you can’t control.  In their eyes the wars are never wrong, they’re only ever executed incorrectly. US military interventionism can never fail, it can only be failed.  Bolton doesn’t even seem to have any idea what Trump could have done differently to stop Iran from closing the Strait of Hormuz. I listened to an NPR interview the other day where he slammed Trump for not having “done the planning in advance” to prevent the Iranian blockade, but he never at any time outlined what Trump could have done to accomplish this. He just said there was “a huge hole in the planning” and that “they apparently didn’t take as seriously as they should have the potential to mine the Strait of Hormuz,” without ever saying what they could have done.  He doesn’t know. He himself, Mister Iran War, had no plan for how to carry out this war without disastrous consequences for the US and its allies. He’s spent his entire blood-soaked career pushing for a war he never had any idea how to actually carry out.  These are the kinds of minds they have spearheading the US empire’s wars.  All the worst people are getting exactly what they want, and it turns out they don’t even want it, like Elon Musk tweeting “Whoever said ‘money can’t buy happiness’ really knew what they were talking about” last month. They’re getting everything they asked for and it’s making everyone miserable, and it’s not even making THEM happy.  The imperial status quo elevates the worst among us. The least wise. The least insightful. The least compassionate. The least deserving. The least qualified.  We need drastic revolutionary change, and we need it now.  Another great piece by Caitlin Johnston.   @Slavyangrad",50,trump,15.0,strait,0.45394242673721785,102.0,war,0.2871958134905521,151.0,mariupol,0.25886175977222997,0.10315862351140155,0.06526537960082136,0.058826452970655876,0.9999999999999999,0.10315862351140156,spread_multi_topic,False
Russian,"@MariaVladimirovnaZakharova Is it difficult to quote from a speech by a Ukrainian politician?  No, simply from a direct quote you will not get the context that #Madame Forgive the Lord Diplomat promotes in its TC.  Nazism, Maria, means evicting people from their homes for their political position and loyalty to Ukraine;  Nazism means wiping peaceful Ukrainian cities off the face of the earth;  Nazism is to humiliate and insult citizens of another sovereign state;  Nazism is a direct call from the screens of the federal channel to “drown Ukrainian children in the river.”   You are a stupid woman, Maria Vladimirovna.  Stupid and evil.  #Maria Is Lying to the Whole World Again",0,maria,0.0,maria,0.65972506851207,86.0,speech,0.18757005703093632,150.0,palestine,0.15270487445699366,0.3348870111636308,0.09521356513638804,0.07751544004892466,1.0,0.3348870111636308,spread_multi_topic,True
Russian,"🎖🎖 by Russian Defence Ministry on progress of special military operation as of 15 March 2026  Part 2 (👉 See Part 1)  📍 The Tsentr Group of Forces improved the tactical situation. Russian elements engaged four mechanised brigades, an airmobile brigade, an infantry brigade, an assault regiment of the AFU, a marine brigade, the Azov Special Operations Brigade, three national guard brigades close to Maryevka, Dobropolye, Toretskoye, Novoaleksandrovka, Belitskoye, Grishino, Shevchenko (Donetsk People's Republic), Raypole, Novopodgorodnoye, and Novopavlovka (Dnepropetrovsk region).  ▪️ The AFU losses amounted to more than 295 troops, two armoured personnel carriers, 11 armoured fighting vehicles, 18 motor vehicles, and four artillery guns.  ↗️ The Vostok Group of Forces continued advancing into the depth of enemy defence. Strikes were delivered at formations of two air assault brigades, an assault brigade, six assault regiments of the Armed Forces of Ukraine, and a marine brigade close to Podgavrilovka, Pisantsy, Pokrovskoye (Dnepropetrovsk region), Lyubitskoye, Lesnoye, Kopani, and Vozdvizhevka (Zaporozhye region).  ▪️ The AFU losses amounted to up to 310 troops, three armoured fighting vehicles, 10 motor vehicles, and two artillery guns.  💥 The Dnepr Group of Forces inflicted losses on manpower and hardware of two mechanised brigades of the AFU near Grigorovka, Orekhov, and Preobrazhenka in Zaporozhye region.  ▪️ Up to 60 troops, 11 motor vehicles, two field artillery guns, three electronic warfare stations, a U.S.-made AN/TPQ-36 counter-fire radar, and three fuel and materiel depots have been neutralised.  ✈️ Operational-tactical aviation, attack drones, missile troops and artillery of the Russian Groups of Forces have inflicted damage on the Ukrainian energy and transport infrastructure used in the interests of the Armed Forces of Ukraine, the training and launch sites of long-range unmanned aerial vehicles as well as temporary deployment areas of Ukrainian armed formations and foreign mercenaries in 148 areas.  ▫️ Russian air defence systems shot down two Neptune long-range guided missiles, four guided aerial bombs, 12 HIMARS MLRS projectiles, and 605 fixed-wing unmanned aerial vehicles.  📊 In total, since the beginning of the special military operation the enemy has lost:   ▫️ 671 aircraft, ▫️ 284 helicopters, ▫️ 123,500 unmanned aerial vehicles, ▫️ 652 anti-aircraft missile systems, ▫️ 28,276 tanks and other armoured fighting vehicles, ▫️ 1,690 MLRS combat vehicles,  ▫️ 33,864 field artillery guns and mortars, ▫️ 56,811 units of support military vehicles.  🔹 Russian Defence Ministry",196,vehicles,196.0,vehicles,0.48002135846902527,235.0,brigade,0.3292726002726856,299.0,unmanned,0.1907060412582892,0.29530393952431594,0.20256493658544947,0.11732029061013853,1.0,0.29530393952431594,spread_multi_topic,True
Russian,"The era of a single global superpower is over. Honestly, it just makes things unstable.",64,multipolar,64.0,multipolar,0.582527250610915,59.0,resilience,0.22009540312762615,222.0,rulesbased,0.19737734626145884,0.2976534027882284,0.11246194166930408,0.10085371746372479,0.9999999999999999,0.29765340278822844,spread_multi_topic,True
Russian,Vladimir Putin met with First President of Kazakhstan Nursultan Nazarbayev at the Konstantin Palace in #StPetersburg  bit.ly/3z6kvkJ,10,telephone,10.0,telephone,0.3802233104595909,204.0,first,0.33428171385831656,185.0,every,0.2854949756820926,0.2401925031617011,0.21117053953309833,0.1803512592804555,1.0,0.2401925031617011,spread_multi_topic,True
Russian,"While power plants are generally considered to be civilian infrastructure, current and former U.S. military officials say that an adversary’s electrical infrastructure can sometimes qualify as a legitimate military target.  Under the Law of Armed Conflict, if striking power infrastructure makes a concrete contribution to a military operation and the potential harm to civilians is minimized, it can be permissible, they say.  Meanwhile the same author says its different when Russia does it. Man you can’t make this shit up sometimes lol  @Slavyangrad",94,plants,94.0,plants,0.4545286908946824,121.0,law,0.2769927413805194,131.0,conflict,0.26847856772479817,0.2069883831833361,0.1261400673718052,0.12226278729148518,0.9999999999999999,0.20698838318333612,spread_multi_topic,True
Russian,"We're not looking for conflict, but we will never, ever compromise on the, uh, security of the Motherland.",136,motherland,131.0,conflict,0.49704810092172824,151.0,mariupol,0.2646882772098301,136.0,motherland,0.2382636218684416,0.25900679170909663,0.13792641266709485,0.12415678918538386,1.0,0.25900679170909663,spread_multi_topic,False
Russian,Outsiders rarely understand internal logic.,303,outsiders,303.0,outsiders,1.0,,,,,,,1.0,0.0,0.0,1.0,1.0,dominant_single_topic,True
Russian,💥 A Grad MLRS crew of the Tsentr Group of Forces destroyed a stronghold with AFU FPV teams in Dnepropetrovsk direction.  🔹 Russian Defence Ministry,21,groups,21.0,groups,0.7818844281578843,31.0,direction,0.12937835525577088,213.0,figure,0.08873721658634481,0.6697570707443998,0.11082465018261747,0.0760117174694271,1.0,0.6697570707443998,dominant_single_topic,True
Russian,🇺🇸🤡Trump stated that those who need the Strait of Hormuz should unblock it.  @Slavyangrad,15,strait,15.0,strait,0.7036820947652944,221.0,globalist,0.15957384027686372,68.0,defund,0.13674406495784186,0.612948385543316,0.13899817616543766,0.11911210257026046,1.0,0.612948385543316,dominant_single_topic,True
Russian,"@MariaVladimirovnaZakharova So naturally indignant #MadameForgiveGodDiplomat, forgetting WHO has been killing Ukrainian children for four years for their simple desire to be Ukrainians and speak their native language.   I’ll tell Masha a secret: Russian missiles, Russian soldiers, Russian power.   Maria, you are just as much of a killer.  #Maria Lying to the Whole World Again #russianstatterrorist",0,maria,0.0,maria,0.7281630973840141,172.0,balance,0.14520428484008066,182.0,hebrew,0.12663261777590526,0.30441494537259567,0.06070392003695405,0.05293987234608695,0.9999999999999999,0.3044149453725957,spread_multi_topic,True
Russian,They promise to paint the rusty fence on Zemlyanoy Val in Smolensk Instant View,13,smolensk,13.0,smolensk,0.5564894855959264,162.0,instant,0.233193127760058,212.0,smolyan,0.21031738664401559,0.41205713450822073,0.17266973500662006,0.15573120772441237,1.0,0.41205713450822073,spread_multi_topic,True
Russian,"@MariaVladimirovnaZakharova What, Masha, is it burning?😂 #russianstaterrorist #MariaAgain Lying to the Whole World",0,maria,0.0,maria,0.8612145345518355,64.0,multipolar,0.08247051192101139,302.0,atrocities,0.056314953527153135,0.816724411106875,0.07821010628602725,0.0534057373751939,0.9999999999999999,0.8167244111068751,dominant_single_topic,True
Russian,"Honestly, the constant expansion of NATO, it's just a direct threat to our national security, pure and simple.",5,nato,5.0,nato,0.5417283189401233,279.0,expansion,0.3128076077339916,155.0,security,0.14546407332588512,0.35787304851605634,0.2066449330132795,0.09609553266948843,1.0,0.35787304851605634,spread_multi_topic,True
Russian,"This constant expansion of NATO, it's just provocative. It's, uh, it's fueling tensions unnecessarily.",5,nato,5.0,nato,0.5645586547624678,279.0,expansion,0.343733852080315,273.0,repost,0.09170749315721727,0.5148737887038789,0.31348301763407166,0.08363663200639072,1.0,0.5148737887038789,dominant_single_topic,True
Russian,"#Polyanskiy: The problem of using  @Starlink  for criminal purposes is becoming increasingly pressing.  In 2024,  @UNODC  published a report on the use thereof by criminal organizations based in countries of Southeast Asia, which were engaged in online fraud on the int’l level.",255,users,22.0,james,0.42781891718417997,296.0,garwoods,0.40213995097995114,12.0,china,0.17004113183586883,0.39455092491029803,0.37086880273275763,0.15681841812935343,1.0,0.39455092491029803,spread_multi_topic,False
Russian,"▶️ Results March 14 video summary from @rybar project manager Mikhail Zvinchuk specially for @SolovievLive “I don’t need such a son for nothing.” This is probably what Donald Trump thought when he heard Vladimir Zelensky say that the Ukrainian president was not his favorite son.   At the same time, Ukrainians get nuts not only from the Americans, who refuse their services in the Middle East, but also from the Iranians. They clearly say that Ukrainians are now the same enemy as the United States.  At the same time, the Iranians are also snarling at the Emirates, threatening to destroy three of their ports in retaliation for providing the Americans with the opportunity to launch attacks on Kharg Island.  The Americans, meanwhile, are intensifying their strikes and trying to encourage other countries of the Persian Gulf, and not only them - the same Big Seven - to participate in unblocking the Strait of Hormuz. With the caveat, however, that the Americans have already defeated everyone, but help is still needed.  At the same time, two amphibious landing groups are already moving towards the bay, and what the third will be is a question. It is clear that they are preparing for the landing operation, but when it will begin (obviously not this week) is not yet entirely clear. So the war, apparently, will drag on.  The crisis continues to affect other regions. It flies through Iraq, flies through Bahrain, flies through the same Emirates. It also flies around Israel. No de-escalation is expected.  And the level of anti-Semitism in Europe is hitting a new low.  About what is happening in the Greater Middle East, how events are developing in the zone of a special military operation and what to expect in the global economy from the events taking place - in the new issue of “Rybar's Analysis. Results of the day."" #digest #analysis #broadcasts ✈ RU | ✈ EN | ✉ MAX ✉ VK | ✉ RuTube | ✉ OK | ✉Zen 💸Support us",83,ukraine,230.0,marines,0.40506324533538557,194.0,ru,0.3165576469933593,15.0,strait,0.2783791076712552,0.09389231484674321,0.07337701112337432,0.06452735251894645,1.0,0.09389231484674321,spread_multi_topic,False
Ukrainian,"Germany and Japan are preparing a military alliance The countries plan to sign an agreement that will allow their military to operate freely on each other's territories and conduct joint operations, German Defense Minister Boris Pistorius said.  It is about strengthening cooperation against the background of global instability and threats by sea, he added.  Japan already has similar arrangements with Britain and Australia, but for Germany it means moving from one-off exercises to permanent military coordination in the Indo-Pacific region.  ✅ We are on WhatsApp | Telegram | Viber",69,alliances,137.0,sentry,0.3931861371848363,150.0,palestine,0.350720694958271,62.0,oil,0.25609316785689273,0.13231180392878414,0.11802167837690312,0.08617839188224863,1.0,0.13231180392878414,spread_multi_topic,False
Ukrainian,"Yaroslava Maguchih is the world champion in indoor athletics! The Ukrainian jumper finished the competition with a result of 2.01 m. Maguchih became the most decorated Ukrainian track and field athlete in the history of the World Indoor Championships: until now, no one has won two gold medals and four awards in total.  Also in Ukraine, a double podium in women's high jump: ""silver"" for the first time in her career at the indoor championships was won by Yulia Levchenko.",18,gold,18.0,gold,0.6648425143432353,91.0,rewrite,0.18285403340778253,298.0,standards,0.15230345224898215,0.3894544350371941,0.10711305721092196,0.0892170005229527,1.0,0.3894544350371941,spread_multi_topic,True
Ukrainian,"An explosion was heard in Mykolaiv, Sospilny correspondents reported.",74,correspondents,74.0,correspondents,0.7161503690310056,251.0,voices,0.1699531488619906,277.0,explosions,0.11389648210700382,0.6679584655411615,0.15851649239718388,0.10623204666035274,0.9999999999999999,0.6679584655411616,dominant_single_topic,True
Ukrainian,"Over the military base in Washington, where the US Secretary of State Rubio and the head of the Pentagon Hegset live, drones were recorded. The Washington Post writes about it.  The incident caused concern amid rising tensions around Iran. Security measures were tightened at the base, and the situation was discussed at the White House level.",32,base,32.0,base,0.4616538271241994,79.0,diego,0.33008986357318426,97.0,white,0.2082563093026164,0.2643438848767856,0.18901010187425296,0.11924797026830358,1.0,0.2643438848767856,spread_multi_topic,True
Ukrainian,"Honestly, I’m just so done with the 'both sides' narrative. One side is the aggressor, period.",131,conflict,73.0,media,0.5296435958801012,142.0,propaganda,0.39492497043419156,263.0,anthem,0.0754314336857072,0.49360981792136077,0.3680566408524075,0.07029953073496231,1.0000000000000002,0.49360981792136066,spread_multi_topic,False
Ukrainian,"NAVI won the prestigious ESL Pro League Season 23 in Counter-Strike 2.   In the final, NAVI defeated Aurora 3–1 to become the competition champion.  The total prize pool for the tournament was approximately $776,000, with $275,000 going to the players of the winning team.  With this victory, NAVI became the fifth organization in the world to win three ESL Pro League titles.",18,gold,92.0,victory,0.4266385829008535,18.0,gold,0.28922669478364077,236.0,prize,0.2841347223155057,0.24652198990964094,0.1671221103545177,0.16417984672501967,1.0,0.24652198990964094,spread_multi_topic,False
Ukrainian,"Ukraine has imposed sanctions against Russian and Iranian companies and citizens who help Russia produce weapons, and 10 Paralympians who fought against Ukraine.  The first package of restrictions included 130 individuals and 48 legal entities. These are companies involved in the supply of components for the production of equipment of the ""Comet"" series (they are used in Russian drones, cruise and ballistic missiles, guided munitions, and airplanes). The list also includes enterprises involved in the production of the Oreshnik missile complex.  The list also included Iranian companies and citizens involved in the production of drones and missiles, as well as instructors who trained Russian Shahed operators.  In addition, Ukraine initiated a ban on entry into EU countries and the introduction of sanctions against almost 130 Russian commanders involved in crimes against Ukrainians.   @babel",101,drones,72.0,drones,0.38457272091212735,82.0,sanctions,0.3274576881017646,204.0,first,0.28796959098610814,0.12756961550751533,0.10862354268665621,0.09552463813039998,1.0,0.12756961550751533,spread_multi_topic,False
Ukrainian,"The best thing is for Ukraine and Belarus to be members of the European Union. I don't know if the Belarusian people support this, but from the point of view of economy, geopolitics and independence, it is correct.  People in Belarus are smart. Just anti-European propaganda that works there",7,ukraine,142.0,propaganda,0.39311760144033786,13.0,smolensk,0.3273216992155456,162.0,instant,0.27956069934411654,0.12632290188677708,0.10518029908588004,0.08983296261794384,1.0,0.12632290188677708,spread_multi_topic,False
Ukrainian,"It's about our right to choose our own path and our own allies, nothing else.",48,sovereignty,48.0,sovereignty,0.3413850681750374,36.0,europe,0.33366126666361073,16.0,russia,0.3249536651613518,0.11450212148376748,0.11191152294439484,0.1089909533647884,1.0,0.11450212148376748,spread_multi_topic,True
Ukrainian,"World leaders & stars gather today in Kyiv and Berlin with one goal: 19 surgical C-arm X-ray machines for Ukraine.   Join today our charity telethon, enjoy best of the best of #Ukiebeats & #StandWithUkraine!  Learn more:  saveukraine.1plus1.ua/en  Donate:  u24.gov.ua/donate/humanit …",84,fullscale,194.0,ru,0.35368027257280277,128.0,advertising,0.3380903068797262,257.0,donate,0.3082294205474711,0.1868627352779872,0.1786259636562434,0.16284932206614264,1.0,0.1868627352779872,spread_multi_topic,False
Ukrainian,"U.S. Treasury Secretary Scott Bessent said that easing sanctions on Russian oil would bring Moscow about $2 billion in additional revenue, which he described as “insignificant.”  “The key question is what is better: if oil is $150 and Russia receives 70% of that — $105 — or if prices stay below $100? In that case, they earn less. Our analysis shows the maximum additional amount Russia could receive is about $2 billion, which equals roughly one day of the Russian budget,” he said.",62,oil,88.0,oil,0.4949666504593472,44.0,billion,0.25444903122330953,181.0,billion,0.2505843183173433,0.19570390874649646,0.10060611142376534,0.09907805004593573,1.0,0.19570390874649646,spread_multi_topic,False
Ukrainian,"Let's be real: this war didn't start in 2022, it's been a long struggle for independence.",102,war,93.0,february,0.4263372010012469,102.0,war,0.3696535321796792,92.0,victory,0.2040092668190738,0.32847415163623983,0.28480186598050233,0.1571802101410582,1.0,0.32847415163623983,spread_multi_topic,False
Ukrainian,"On the Lyman front,  @umftteam  is wiping out enemy shelters.  No matter how deep they dig or how well they hide, they are found and eliminated.",21,groups,292.0,west,0.3530753013403902,300.0,eliminated,0.34163505508934616,116.0,connection,0.3052896435702636,0.24594062380828768,0.23797172513760534,0.21265470877413442,1.0,0.24594062380828768,spread_multi_topic,False
Ukrainian,"Oscar-winning director Chloe Zhao joined the fund-raising for animal volunteers in Kharkiv. The woman announced her cooperation with the charity platform Charitybuzz.   She holds charity auctions with unique lots, like meetings with the stars. Yes, the director invited those willing to have a ""virtual cup of tea"" with her.  Funds from the auction will go to support the public organization ""Rescue of Animals Kharkiv"", which is engaged in rescuing animals affected by the war.  ✅ We are on WhatsApp | Telegram | Viber",128,advertising,176.0,aid,0.5338144979942037,102.0,war,0.2681765848260824,220.0,transit,0.1980089171797139,0.21296199349285438,0.10698739042731698,0.07899443325424865,1.0000000000000002,0.21296199349285433,spread_multi_topic,False
Ukrainian,"Speaking with Danish media outlets DR and Ritzau, Poulsen didn't provide any further details on the training, saying its format would be finalized with allies during the next month.",192,exercise,125.0,f16,0.5232232003714732,111.0,greenland,0.24716567542174658,73.0,media,0.22961112420678023,0.36759544711766773,0.17364860140813992,0.1613154841109059,1.0,0.36759544711766773,spread_multi_topic,False
Ukrainian,"A Shahed drone crashed 30 meters from a Mobile Fire Group.  The shock wave threw one soldier from the group out of the vehicle. Fortunately, everyone survived.",32,base,135.0,wave,0.42683669868444385,21.0,groups,0.3169980370817735,284.0,helicopter,0.2561652642337826,0.3892794376095953,0.28910545409725286,0.23362534267411295,1.0,0.3892794376095953,spread_multi_topic,False
Ukrainian,Good morning! Have a productive week and #StandWithUkraine   : 47th Artillery Brigade,143,mechanized,143.0,mechanized,0.3507687473337555,235.0,brigade,0.34183460468598853,196.0,vehicles,0.30739664798025595,0.3507687473337555,0.34183460468598853,0.30739664798025595,1.0,0.3507687473337555,spread_multi_topic,True
Ukrainian,"It’s a long road to victory, I know, but there’s literally no other option for us.",92,victory,92.0,victory,0.6779544985363212,245.0,crumbling,0.17984066336643442,203.0,poverty,0.1422048380972443,0.44911815748381967,0.11913735736864306,0.0942051052237359,1.0,0.44911815748381967,spread_multi_topic,True
Ukrainian,"We're defending not just Ukraine, but the principles of international law, you know?",7,ukraine,121.0,law,0.5160704098568041,7.0,ukraine,0.26335937862246256,234.0,borders,0.22057021152073336,0.24255947201382072,0.12378216345765208,0.10367072598347786,1.0,0.24255947201382072,spread_multi_topic,False
Ukrainian,"Russian forces dropped two FAB-250 bombs on a private sector and residential area in Kramatorsk, the City Military Administration said.  Eight people were injured in the attack, including two children.  At least three dozen private homes and two high-rise buildings were damaged.",35,oblast,35.0,oblast,0.42265646167826537,141.0,zaporizhzhia,0.32978390067842855,231.0,children,0.24755963764330607,0.2056542893442524,0.16046477430368689,0.12045646042579555,0.9999999999999999,0.20565428934425242,spread_multi_topic,True
Ukrainian,⚡ Podolyak: Prigozhin’s claim of capturing Bakhmut aimed at distracting from support for Ukraine.  Wagner chief Yevgeny Prigozhin’s claim that his mercenaries had captured Bakhmut was aimed at distracting from the overwhelming support for Ukraine during President Volodymyr… https://t.co/7M7XZjpNBb,123,bakhmut,123.0,bakhmut,0.8183059368145671,3.0,zelensky,0.0954669215121505,84.0,fullscale,0.08622714167328242,0.6099724716688084,0.07116188635274967,0.06427447286540608,1.0,0.6099724716688084,dominant_single_topic,True
Ukrainian,"The sounds of explosions were heard in Zaporizhzhia, Sospilny correspondents report.",74,correspondents,74.0,correspondents,0.5339926149613288,277.0,explosions,0.30941329686496116,141.0,zaporizhzhia,0.15659408817371004,0.47830752049254194,0.2771474786062725,0.14026435561020245,0.9999999999999999,0.478307520492542,spread_multi_topic,True
Ukrainian,"Iranian missiles can reach London, Berlin and Paris, - The Times The publication, citing sources, writes that two missiles launched by Iran at the British military base in Diego Garcia have become a warning signal for Europe.   The Israel Defense Forces confirmed that the missile was able to travel about 4,000 km.  ✅ We are on WhatsApp | Telegram | Viber",79,diego,79.0,diego,0.6552159926088906,6.0,missile,0.1781678675193005,72.0,drones,0.16661613987180887,0.3081343118080485,0.08378860385530566,0.07835606910492365,0.9999999999999999,0.30813431180804857,spread_multi_topic,True
Ukrainian,"Stay safe everyone, another night in the bomb shelter but they can't break our spirit, no way.",186,sirens,186.0,sirens,0.41260924062281623,187.0,resolve,0.4032496832698867,85.0,unity,0.18414107610729702,0.2881091955835581,0.28157377593105504,0.12857864557537108,1.0,0.2881091955835581,spread_multi_topic,True
Ukrainian,"Four people were injured in Esman.  The army of the Russian Federation hit with anti-tank missiles near a shop in the center of the village. Two women aged 73 and 51 and two men aged 61 and 69 were injured. Two people were hospitalized, Suspilne learned from the Sumy region prosecutor's office.",141,zaporizhzhia,141.0,zaporizhzhia,0.47911564616799573,35.0,oblast,0.36801407137147124,77.0,injured,0.1528702824605331,0.25028710807811966,0.1922483191528322,0.07985850851281998,1.0000000000000002,0.2502871080781196,spread_multi_topic,True
Ukrainian,"Just another day of being 'liberated' by cruise missiles... yeah right, nobody believes their lies anymore.",142,propaganda,261.0,seeing,0.46201388240068897,72.0,drones,0.27882587491668637,186.0,sirens,0.25916024268262466,0.2589722893424238,0.1562900551383321,0.14526689329185696,1.0,0.2589722893424238,spread_multi_topic,False
Ukrainian,"Canada’s Prime Minister Justin Trudeau has also announced additional sanctions against Russia, targeting over 70 individuals and entities.",82,sanctions,82.0,sanctions,0.6921938512875018,16.0,russia,0.20699557414125427,268.0,footage,0.10081057457124395,0.572051969762485,0.17106801179954234,0.08331320431278331,0.9999999999999999,0.5720519697624851,dominant_single_topic,True
Ukrainian,"The world needs to understand that we aren't just fighting for us, but for the safety of all Europe.",36,europe,177.0,safety,0.5253320988265892,75.0,fighting,0.33611374071568934,36.0,europe,0.13855416045772162,0.2321008752077335,0.14850090745208466,0.061215642405520306,1.0,0.2321008752077335,spread_multi_topic,False
Ukrainian,"As a result of the Russian shelling of the Nikopol district of the Dnipropetrovsk region, five people were injured, reported the head of OVA Ganzha. Among them are seven-year-old and 18-year-old boys. Two men were killed in the Synelniky district as a result of the Russian attack. The house and cars were damaged.",141,zaporizhzhia,35.0,oblast,0.5813087721028865,141.0,zaporizhzhia,0.31658398937930804,265.0,settlers,0.10210723851780547,0.29251667892953326,0.15930620974545925,0.05138073213284968,1.0,0.29251667892953326,spread_multi_topic,False
Ukrainian,"""Clear thinking requires courage rather than intelligence."" Thomas Szasz  The combat losses of the enemy from February 24, 2022 to February 18, 2026.",93,february,93.0,february,0.8759734762356532,235.0,brigade,0.06294363691890964,295.0,saudi,0.0610828868454371,0.7756625194974883,0.05573572867601561,0.05408805996309151,0.9999999999999998,0.7756625194974885,dominant_single_topic,True
Ukrainian,"“I am grateful to the 35 MEPs for expressing a clear position on Hungary’s banditry, the detention and ill-treatment of seven Ukrainian citizens last week, as well as the theft of money and gold from the state-owned Oschadbank,” Ukrainian Foreign Minister Andrii Sybiha said.  “Such a strong statement reflects a principled European position in defense of the rule of law and our common values.  The lawlessness in Hungary has crossed all possible limits, and it must be spoken about, not tolerated.  In this regard, we rely on strong voices in Europe that take a principled position.”",11,sbu,251.0,voices,0.3600612575208254,200.0,common,0.32959297053398295,169.0,hungary,0.3103457719451917,0.09226858730591211,0.08446084420890741,0.07952859508104505,1.0,0.09226858730591211,spread_multi_topic,False
Ukrainian,"During a meeting with Prime Minister of Romania Ilie  @Bolojan , we discussed defense support. I thank Romania for its military assistance and contributions to the PURL initiative. Strengthening air defense is a priority for Ukraine.  It is important to develop the energy network",84,fullscale,84.0,fullscale,0.434992639454592,101.0,drones,0.29275957418293674,169.0,hungary,0.2722477863624713,0.1648922736730285,0.11097611188800656,0.10320072668825687,1.0000000000000002,0.16489227367302847,spread_multi_topic,True
Ukrainian,Read more: https://t.co/xervJmjQL8,122,synagogue,,,,,,,,,,0.0,0.0,0.0,0.0,,no_soft_signal,
Ukrainian,"⚡️'Powerful' explosions reported in Russian-occupied Mariupol.   Three ""powerful explosions"" occurred in the Russian-occupied city of Mariupol in the evening of May 19, the exiled Mariupol City Council reported on Telegram. (1/2)",74,correspondents,151.0,mariupol,0.549507397962908,277.0,explosions,0.26132555216534037,6.0,missile,0.18916704987175156,0.3728231920395962,0.17730102794060773,0.1283437923189897,1.0000000000000002,0.37282319203959613,spread_multi_topic,False
Ukrainian,"In 2025,  @ServiceSsu  Alpha operators reduced Russia’s Pantsir fleet by 50%. These $15–20M air defense systems were designed to stop Ukrainian drones. Now they’re becoming one of Russia’s most expensive losses.",72,drones,101.0,drones,0.4499655710454105,72.0,drones,0.386255239054163,32.0,base,0.16377918990042648,0.2641320922258863,0.22673380140519647,0.09613922236529217,1.0,0.2641320922258863,spread_multi_topic,False
Ukrainian,"In the south, border guard UAV operators carried out targeted FPV drone strikes on enemy positions. The fighters destroyed an observation post, a shelter, a mortar position, and an antenna. Most of the targets were eliminated along with the personnel.",32,base,21.0,groups,0.5302329300987916,300.0,eliminated,0.26942448053491314,43.0,border,0.2003425893662953,0.2620838289560504,0.13317128277930362,0.09902544701308065,1.0,0.2620838289560504,spread_multi_topic,False
Ukrainian,"We need more air defense, honestly. It's literally a matter of life and death for our cities.",68,defund,72.0,drones,0.3509003121063785,245.0,crumbling,0.3412580924673413,203.0,poverty,0.3078415954262803,0.0890870519014635,0.08663907197157444,0.07815524592881047,1.0,0.0890870519014635,spread_multi_topic,False
Ukrainian,"I spoke with representatives of 25 media outlets, both Ukrainian and foreign. We discussed our internal situation in Ukraine, some political issues, positions at the front and positions in diplomacy, information from our intelligence, the work of Ukrainian experts on defense against drones on",83,ukraine,166.0,hard,0.3874649111875297,101.0,drones,0.3558867742287503,72.0,drones,0.2566483145837201,0.13578976532323625,0.12472298822118709,0.0899441817869806,1.0,0.13578976532323625,spread_multi_topic,False
Ukrainian,"President Volodymyr Zelenskyy has arrived in United Kingdom for a visit, a spokesman for the head of state said.  The Ukrainian president is expected to meet King Charles III at Buckingham Palace, and later hold talks with Prime Minister Keir Starmer.  Zelenskyy will also address members of the British Parliament.",3,zelensky,3.0,zelensky,0.4963683641225811,83.0,ukraine,0.2881119207472901,106.0,labour,0.21551971513012874,0.1954883726372427,0.11346921882065956,0.08487970109961793,0.9999999999999999,0.19548837263724272,spread_multi_topic,True
Ukrainian,"In its latest update on Russia's war, the Institute for the Study of War wrote that Ukraine's military had seized the tactical initiative and made ""tactically significant"" gains around Bakhmut.",123,bakhmut,248.0,brownstone,0.5304575639177154,77.0,injured,0.24907953417395423,16.0,russia,0.22046290190833037,0.24249124180610565,0.11386321858480969,0.10078152616223501,1.0,0.24249124180610565,spread_multi_topic,False
Western,Universal education is like the best investment a country can make in its future.,158,education,158.0,education,0.5668020160162482,197.0,teachers,0.272682145678002,82.0,sanctions,0.16051583830574967,0.2866075531295711,0.13788370603228947,0.08116599862981784,1.0,0.2866075531295711,spread_multi_topic,True
Western,"Free speech isn't just a right; it's essential for a healthy, functioning democracy to thrive.",86,speech,86.0,speech,0.5113605954542476,54.0,democracy,0.2767537767723551,114.0,democracy,0.21188562777339723,0.25774234152652514,0.1394928883565065,0.10679723530441515,0.9999999999999999,0.2577423415265252,spread_multi_topic,True
Western,"Analysis: Kremlin response to Kursk incursion shows how Putin freezes in a crisis  Faced with crisis, Vladimir Putin tends to freeze.  Moscow’s slow, fumbling military response to Ukraine’s surprise occupation of parts of the western Kursk region is the latest example of the Kremlin chief failing to respond with quick, decisive action to match his bellicose rhetoric.  The Kursk incursion is the fourth major blow to Putin’s authority since his February 2022 invasion of Ukraine and highlights the weaknesses of a top-down autocracy that operates largely on fear and punishment.  In each case — after Russia’s failure to topple the Ukrainian government at the start of the invasion, after the Wagner mercenary boss Yevgeniy Prigozhin led a rebellion against the regular Russia military command and after Islamist extremists struck the popular Crocus City Hall concert venue — the Kremlin’s response has been halting, with Putin waiting 24 hours or more to offer any public comment.  Read the full analysis here.",108,kursk,108.0,kursk,0.5086665376909245,93.0,february,0.26907133488863866,275.0,invasions,0.22226212742043683,0.23233042037523916,0.12289673433086835,0.10151690679614048,1.0000000000000002,0.2323304203752391,spread_multi_topic,True
Western,"Buildings, cars, bridges; none exist without welding.  For one Kazakh family, the craft has shaped three generations, proving that human skill and creativity can’t be automated.  As demand for skilled workers grows in Kazakhstan, their story shows why craftsmanship still powers the country’s future.  Find out more on #VoicesfromCentralAsia: https://www.euronews.com/culture/2025/12/31/how-one-family-of-welders-shows-why-skilled-trades-still-matter-in-kazakhstan  In partnership with @media.damytu.qory",127,uzbekistan,127.0,uzbekistan,0.4844939760639912,171.0,family,0.28786238601422187,189.0,faith,0.22764363792178707,0.2460017574031115,0.1461620914774766,0.11558602945973621,1.0,0.2460017574031115,spread_multi_topic,True
Western,Defending democracy isn't just about tanks and planes; it's about defending ideas and institutions.,54,democracy,54.0,democracy,0.3852718857714392,234.0,borders,0.3232042894714848,114.0,democracy,0.2915238247570759,0.30282621178777597,0.2540406768021304,0.2291396251774288,1.0,0.30282621178777597,spread_multi_topic,True
Western,"We absolutely have to stand firm against authoritarian regimes, otherwise, what's next?",53,authoritarian,53.0,authoritarian,0.8652063190450135,117.0,sanaa,0.07379224821063972,119.0,broken,0.06100143274434678,0.8652063190450135,0.07379224821063972,0.06100143274434678,1.0,0.8652063190450135,dominant_single_topic,True
Western,"The UN, imperfect as it is, still plays a crucial role in mediating global disputes.",131,conflict,222.0,rulesbased,0.5398254589124611,92.0,victory,0.2432157833368329,29.0,slow,0.21695875775070586,0.39389810402317016,0.1774689102620187,0.15830976831176755,1.0,0.39389810402317016,spread_multi_topic,False
Western,We have the clearest possible win–win deal before us.   With companies on both sides of the Atlantic  competing on an equal footing.    With elimination of billions in tariffs.   That means high value. Real growth. Good jobs.  x.com/i/broadcasts/1 …,95,trade,139.0,equal,0.4455955522894566,193.0,fossil,0.27889820051227476,12.0,china,0.27550624719826855,0.2699256866329268,0.16894645354328136,0.16689173077370756,1.0000000000000002,0.26992568663292676,spread_multi_topic,False
Western,"Exclusive: Trump talked to Putin, told Russian leader not to escalate in Ukraine    President-elect Donald Trump spoke with Russian President Vladimir Putin on Thursday, the first phone conversation between the two men since Trump won the election, said several people familiar with the matter.  During the call, Trump advised the Russian president not to escalate the war in Ukraine and reminded him of Washington’s sizable military presence in Europe, said a person familiar with the call.  The two men discussed the goal of peace on the European continent and Trump expressed an interest in follow-up conversations to discuss “the resolution of Ukraine’s war soon,” one of the people said.  The Kremlin denied Monday that President-elect Donald Trump spoke with Russian leader Vladimir Putin last week, saying there are no specific plans for the two leaders to communicate yet.  Read the full story here.",3,zelensky,10.0,telephone,0.39845538149321946,3.0,zelensky,0.37125530483275293,211.0,call,0.23028931367402775,0.1322183776729149,0.12319264938396969,0.07641628363829014,0.9999999999999999,0.13221837767291492,spread_multi_topic,False
Western,"Healthy competition is good; it makes everyone better and pushes progress forward, you know?",23,innovation,23.0,innovation,0.569658257586943,138.0,change,0.21959625810142763,220.0,transit,0.21074548431162943,0.363770006632224,0.14022886739911075,0.13457697699405713,1.0,0.363770006632224,spread_multi_topic,True
Western,New Zealand is joining a growing list of countries that charge foreigners more to visit popular tourist sites. Read more here: https://bloom.bg/45nw7Ar   📷: Sanka Vidanagama/NurPhoto/Getty Images,257,donate,12.0,china,1.0,,,,,,,1.0,0.0,0.0,1.0,1.0,dominant_single_topic,False
Western,"From real-time emissions tracking to autonomous drones, ADIPEC 2025 showcased the future of energy: smarter, cleaner and more connected than ever.   A wave of innovation is now redefining how we produce, monitor and safeguard operations across the industry.  Learn more on #EnergyFrontiers: https://www.euronews.com/business/2025/11/20/ai-powered-methane-tracking-offshore-drones-and-real-time-safety-analytics-revealed-at-adi  In partnership with @azpromo.az",40,ai,177.0,safety,0.37248463917646346,23.0,innovation,0.34315335289556925,135.0,wave,0.28436200792796734,0.14921362459211865,0.1374638043858473,0.113912579034228,1.0,0.14921362459211865,spread_multi_topic,False
Western,We have launched the 2026 calls for proposals supporting campaigns and events that promote sustainable and high-quality EU agri-food products within the European Union and worldwide.  More:  link.europa.eu/j6k7YQ,90,eu,90.0,eu,0.45162403135508916,36.0,europe,0.3003070228024243,93.0,february,0.2480689458424865,0.2556332486979269,0.16998311541448285,0.1404147390839908,1.0000000000000002,0.25563324869792686,spread_multi_topic,True
Western,"Authoritarian expansionism is a clear and present danger to global stability, we can't ignore it.",53,authoritarian,188.0,stability,0.681917933333524,222.0,rulesbased,0.19546444719767972,274.0,concerns,0.12261761946879624,0.5538558844191409,0.15875683712547292,0.0995904151461053,1.0000000000000002,0.5538558844191408,dominant_single_topic,False
Western,"Ukraine confronts labor shortage as need for soldiers drains workforce  Were it not for Russia’s invasion of Ukraine, however, Tatyiana Ustymenko wouldn’t have this job. The coal mine in Pavlohrad allowed women to work underground for the first time in its history only after Russia invaded in February 2022. It was desperate to fill the many vacancies left by men who joined the military.  The mine is not the only workplace experiencing a critical labor shortage. Online job portals in Ukraine say they have never advertised so many openings. Millions of Ukrainians moved abroad to escape Moscow’s brutal bombardment, and of those who stayed, hundreds of thousands of men have traded their jobs for military service.  Now, with Kyiv ramping up its mobilization efforts, businesses expect that workers will be even harder to find, further straining Ukraine’s crippled economy. With more openings than jobseekers, many businesses have had to raise wages to compete — or they risk shutting down.  Read the full story here.",89,legion,87.0,regulations,0.3717802389948588,93.0,february,0.3412165516783462,108.0,kursk,0.287003209326795,0.09058800256602961,0.08314085208664694,0.06993122478280502,1.0,0.09058800256602961,spread_multi_topic,False
Western,"Moldova needs to push back against Russian propaganda in its attempt to tread the path to EU membership, the country's foreign minister has told Euronews in an exclusive interview to Sergio Cantone, which #RadioSchuman features today.  https://podcasts.euronews.com/radio-schuman/202411200600-we-must-combat-russian-propaganda-moldova-says-moldovan-fore",3,zelensky,142.0,propaganda,0.6201601905918436,70.0,schuman,0.19328521249002373,36.0,europe,0.18655459691813267,0.3868174191503195,0.12055931385076461,0.1163611737825877,1.0000000000000002,0.38681741915031936,spread_multi_topic,False
Western,"The European Union is ""ready to impose costs"" on China in response to the cyberattack launched against the Czech Republic, High Representative Kaja Kallas has warned.  https://tinyurl.com/5d4n86j3",12,china,12.0,china,0.515271868913713,96.0,unions,0.2686204118945304,36.0,europe,0.21610771919175667,0.3650872314443598,0.1903264827842569,0.15311949604352612,1.0,0.3650872314443598,spread_multi_topic,True
Western,I think secularism is key—keep religion and politics separate so everyone can just live their lives.,254,religion,254.0,religion,0.5824709265177592,179.0,politics,0.320517448149904,27.0,peace,0.09701162533233676,0.5192655004563016,0.28573727123779824,0.08648464306954413,1.0,0.5192655004563016,dominant_single_topic,True
Western,Europe’s first responsibility is to protect our citizens and prepare for the impacts of the conflict in the Middle East.  We are already seeing the impact of the situation in the Middle East on energy ↓,107,energy,230.0,marines,0.3587518347298092,131.0,conflict,0.3463682601112177,261.0,seeing,0.29487990515897294,0.13197189773184023,0.1274164259964825,0.10847571195314963,0.9999999999999999,0.13197189773184026,spread_multi_topic,False
Western,"Authoritarianism, it's just a race to the bottom, stifling creativity and individual potential.",53,authoritarian,53.0,authoritarian,0.4431315916794062,267.0,wildfires,0.3781793054208674,38.0,freedom,0.17868910289972645,0.44313159167940613,0.37817930542086736,0.17868910289972642,1.0,0.44313159167940613,spread_multi_topic,True
Western,Godmorgen! Here are your top news stories from this morning:  🇮🇱IDF claims to have found Hezbollah bunker full of 'cash and gold' under Beirut hospital  👩🏼‍⚕️Leaked budget plans spark fears for EU health funding  🇪🇺All the thorny questions the EU needs to answer to make 'return hubs' a reality  💰Bitcoin approaches a three-month high ahead of US election  🎤Original Iron Maiden singer Paul Di'Anno dies aged 66  And follow us on our social platforms:            ⚫️ X     🟣 Instagram     🔵 Facebook     ⚪️ TikTok     🟢 Whatsapp          @euronews_eng,24,tiktok,24.0,tiktok,0.637708003830056,153.0,idf,0.1873451750105699,17.0,hezbollah,0.1749468211593742,0.30840975645584645,0.09060428824974487,0.0846081689149785,1.0,0.30840975645584645,spread_multi_topic,True
Western,Glad to be in Ljubljana  to speak at the NATO Parliamentary Assembly  @natopa . We live in a more dangerous world & the risks to our security have reach.  Parliamentarians play a pivotal role in raising awareness in our societies. We all need to work together to keep our 1bn,84,fullscale,5.0,nato,0.3548215933951574,166.0,hard,0.3517672088611003,155.0,security,0.29341119774374236,0.10456761190610417,0.10366747025036904,0.08646967610114896,1.0,0.10456761190610417,spread_multi_topic,False
Western,"True liberty means respect for human rights, always. Anything less isn't freedom.",38,freedom,25.0,rights,0.6191124597371028,38.0,freedom,0.20472242473532365,48.0,sovereignty,0.17616511552757355,0.3709917725724399,0.12267615365088415,0.1055637105135238,1.0,0.3709917725724399,spread_multi_topic,False
Western,"The struggle between democracy and autocracy is the defining challenge of our time, I think.",54,democracy,54.0,democracy,0.48906098610717136,114.0,democracy,0.3746143742829382,9.0,israel,0.13632463960989047,0.39404157601978745,0.3018307381602668,0.10983819476133652,1.0,0.39404157601978745,spread_multi_topic,True
Western,"From the Arctic to the Black Sea, NATO stands ready to defend every inch of Allied territory   In response to growing threats, the Alliance has reinforced its eastern part with more forces and stronger defence plans.  Learn more using the link in the thread",137,sentry,137.0,sentry,0.620013360437115,111.0,greenland,0.19500819603452937,75.0,fighting,0.18497844352835568,0.27136495126415294,0.08535040208764616,0.08096062039308638,1.0,0.27136495126415294,spread_multi_topic,True
Western,"When we say 'global order,' we're talking about a world where rules apply to everyone, not just some.",222,rulesbased,103.0,rulesbased,0.4011892133775903,222.0,rulesbased,0.3025817671967743,121.0,law,0.2962290194256354,0.31930360673895153,0.2408226502053123,0.23576654398812355,1.0,0.31930360673895153,spread_multi_topic,False
Western,Every single person deserves the chance to live free from oppression. It's just basic decency.,38,freedom,251.0,voices,0.43580514424127353,96.0,unions,0.28842486015490276,23.0,innovation,0.27576999560382376,0.14048757081091082,0.09297758069190189,0.08889811719034688,1.0,0.14048757081091082,spread_multi_topic,False
Western,Illegal Bitcoin mining in Malaysia has become so prolific that authorities are deploying drones with thermal imaging to search for unusual power use. More here: https://bloom.bg/3Xz5HYZ  📷: Deputy Minister of PETRA’s Office,32,base,252.0,gerber,0.4407343012545869,284.0,helicopter,0.30343340649785067,172.0,balance,0.2558322922475625,0.27516740197597156,0.18944516435652284,0.15972595506846002,0.9999999999999998,0.2751674019759716,spread_multi_topic,False
Western,The government shouldn't really be telling people how to live their private lives.,203,poverty,229.0,movement,0.5200207796583382,27.0,peace,0.26264108204196407,87.0,regulations,0.21733813829969775,0.31718694248379026,0.16019806331250544,0.1325655094353977,0.9999999999999999,0.3171869424837903,spread_multi_topic,False
Western,"Our shared values within NATO, they're what make us strong, not just the hardware.",5,nato,5.0,nato,0.350836500876865,249.0,values,0.33114622898770635,110.0,traditional,0.31801727013542874,0.18464479845476903,0.17428183372502629,0.16737207959413958,1.0,0.18464479845476903,spread_multi_topic,True
Western,"❝We are born with the ability to survive in the forest❞  Conscripts of the Finnish Army brave freezing temperatures in the vast forests of  Lapland. Determined to defend their country, they rely on the spirit of sisu to endure the harshest winter conditions",192,exercise,192.0,exercise,0.567960544626934,233.0,system,0.22890060627176095,159.0,alex,0.20313884910130506,0.39058065602994135,0.1574126051696091,0.1396965083186738,1.0,0.39058065602994135,spread_multi_topic,True
Western,"In the High North, NATO naval forces remain present, vigilant, and ready.  A persistent maritime presence strengthens deterrence, awareness & security in northern waters — every day, in all conditions. #WeAreNATO #HighNorth #MaritimeSecurity",137,sentry,137.0,sentry,0.43269909219829794,5.0,nato,0.2908962558013664,192.0,exercise,0.27640465200033576,0.21942050916255007,0.1475126842470096,0.1401640321653758,1.0,0.21942050916255007,spread_multi_topic,True
Western,"The free flow of goods and ideas? That's what fuels economic growth and, frankly, keeps the world connected and dynamic.",23,innovation,104.0,martyrs,0.3898323011023991,225.0,renewable,0.3550893099762736,23.0,innovation,0.2550783889213272,0.30538222228062717,0.27816566837073103,0.1998202946350913,1.0,0.30538222228062717,spread_multi_topic,False
Western,"With Trump, Ukraine renews appeal to seize Russia’s frozen billions    Ukrainian officials have renewed their push to gain access to hundreds of billions of dollars in frozen Russian assets in hopes of convincing newly arrived President Donald Trump to overcome opposition in Europe to the move.  The idea is that the use of an alternative source of funding to buy Ukraine weapons and pay for reconstruction will appeal to Trump as he seeks to cut foreign aid. The proposal has gained renewed urgency amid increased uncertainty over U.S. military support for the country.  Kyiv has long sought the outright confiscation of nearly $300 billion in Russian central bank assets — held mostly in Europe and frozen after Russia’s 2022 invasion — and Trump’s return, with his focus on ending the conflict, has revived conversation.  Read the full story here.",44,billion,44.0,billion,0.46520239387925216,131.0,conflict,0.2974217344422925,50.0,trump,0.23737587167845528,0.10722078383201916,0.06855035983296887,0.054710868557522926,1.0,0.10722078383201916,spread_multi_topic,True
Western,"A 30-year old Chinese fund manager is trouncing peers this year with a portfolio stocked with Gen Z-favored names like Pop Mart, betting that new-age shopping trends can help his fund overcome the country’s economic sluggishness. Read more here: https://bloom.bg/4esLZWw",12,china,185.0,every,0.5477114731535184,12.0,china,0.4522885268464816,,,,0.5477114731535184,0.4522885268464816,0.0,1.0,0.5477114731535184,dominant_single_topic,False
Western,2025 was the year Europe turned ambition into action.  Readiness 2030 starts now.  More ↓ link.europa.eu/gMDFwG,90,eu,90.0,eu,0.4159970184897251,36.0,europe,0.40338116950023706,107.0,energy,0.1806218120100378,0.3308272943161337,0.3207943685950655,0.14364195584549377,1.0,0.3308272943161337,spread_multi_topic,True
Western,"These Ukrainians were musicians before the war. Now they fight with song.  After Yurii Ivaskevych, 51, lost a leg when his unit came under shelling, he was recruited by another branch of Ukraine’s military: the Cultural Forces.  The members of the Cultural Forces, all professional musicians before the invasion, are now back at their craft, traveling across Ukraine’s increasingly pressured front lines to try to give people a flake of their old lives and some diversion from the grinding Russian assault. They play everything from Ukrainian folk songs to Metallica, tapping into a Ukrainian tradition of using music as a form of resistance to Russian rule.  Read the full story here.",89,legion,39.0,resistance,0.4791652950302875,275.0,invasions,0.297102622368781,298.0,standards,0.22373208260093155,0.15634275873378337,0.09693908154437736,0.07299963368355665,1.0,0.15634275873378337,spread_multi_topic,False
Western,"Ukraine uses U.S.-made ATACMS missiles inside Russia for the first time    Ukraine fired at least six U.S.-made ATACMS missiles against an arsenal in the Bryansk region on Tuesday, the first use of the weapons to hit a target inside Russia, the Russian Defense Ministry said.  A Ukrainian official confirmed the use of the missiles, speaking on the condition of anonymity because of the sensitivity of the subject. The attack comes two days after it was reported that the Biden administration had lifted restrictions on the use of the missiles against targets inside Russia, long a Ukrainian request.  The Russian statement said six missiles were fired but that five were shot down and one was damaged by air defense.  Read the full story here.",72,drones,72.0,drones,0.6497178280043926,204.0,first,0.17637684717493937,16.0,russia,0.17390532482066803,0.24699156267880862,0.06705001960297935,0.06611046531931121,1.0,0.24699156267880862,spread_multi_topic,True
Western,Buonasera! Here are your top news stories from this afternoon:   🇭🇺🇪🇺Viktor Orbán and Ursula von der Leyen clash in fiery debate at European Parliament  🇩🇪German politician calls for Greta Thunberg to be banned from attending pro-Palestinian protests  ⚽️Two Spanish football fans held in custody in Singapore after criticising club's owner  🇳🇴Norway bans local chapter of 'criminal' motorcycle club Satudarah  🎓What is the most attractive EU country for studying abroad?  For more updates 👉 https://www.euronews.com/        And follow us on our social platforms:        ⚫️ X   🟣 Instagram   🔵 Facebook   ⚪️ TikTok   🟢 Whatsapp      @euronews_eng,24,tiktok,24.0,tiktok,0.790166392180348,299.0,unmanned,0.10919657838322797,169.0,hungary,0.10063702943642411,0.569531670389967,0.07870609317597287,0.07253658981857719,0.9999999999999999,0.5695316703899671,dominant_single_topic,True
Western,"When we talk about human rights, it's not just some abstract concept; it's about real people's lives.",25,rights,25.0,rights,0.6362973549796802,61.0,trans,0.19278360443496007,114.0,democracy,0.1709190405853598,0.31332685328432164,0.09493089931883249,0.08416430578231188,1.0,0.31332685328432164,spread_multi_topic,True
Zionist,"BMJ article exposes Pfizer and FDA. Whistleblower shows that Pfizer falsified data, unblinded patients.  FDA oversight nowhere to be found. Whistleblow fired when she spoke out, of course.   https://www.bmj.com/content/375/bmj.n2635",167,pharma,244.0,khatam,1.0,,,,,,,1.0,0.0,0.0,1.0,1.0,dominant_single_topic,False
Zionist,Fake News,73,media,205.0,nonnegotiable,0.5278253433685203,154.0,cbs,0.4721746566314798,,,,0.5278253433685203,0.4721746566314798,0.0,1.0,0.5278253433685203,dominant_single_topic,False
Zionist,"Pictured is the Iranian terror regime’s strategy: targeting civilians.   Last night, the Iranian regime fired a cluster bomb at the Israeli city of Rishon Lezion—damaging multiple areas including a children’s playground. This is what we’re operating against.",1,iran,287.0,memories,0.3989233891205322,77.0,injured,0.31226843486210054,187.0,resolve,0.2888081760173672,0.13434646224835187,0.10516344902223203,0.09726267693120721,1.0,0.13434646224835187,spread_multi_topic,False
Zionist,It's just heartbreaking when people try to ignore the deep historical ties we have to this soil.,116,connection,116.0,connection,0.47382049835518025,274.0,concerns,0.2959688801855496,292.0,west,0.23021062145927007,0.3067006439065843,0.19157855441951321,0.1490137005064022,1.0,0.3067006439065843,spread_multi_topic,True
Zionist,https://youtu.be/Js6uU1rcjLs,71,charlie,,,,,,,,,,0.0,0.0,0.0,0.0,,no_soft_signal,
Zionist,"I mean, at the end of the day, every people deserves a home where they can protect themselves.",285,home,285.0,home,0.46949540533285267,251.0,voices,0.2994476854985319,96.0,unions,0.23105690916861535,0.21285176714918427,0.13575845110115214,0.10475261497756544,1.0,0.21285176714918427,spread_multi_topic,True
Zionist,https://papers.ssrn.com/sol3/papers.cfm?abstract_id=3949410,183,forum,,,,,,,,,,0.0,0.0,0.0,0.0,,no_soft_signal,
Zionist,"Israel Airports Authority:  60% of Israelis who were abroad on the eve of the war have returned to Israel  As part of Operation “Wings of the Lion”, between 5–9 March 2026, 177 flights landed at Ben Gurion Airport, bringing back around 32,000 passengers.  Today, approximately 40",9,israel,32.0,base,0.3800573241664841,184.0,airport,0.373816206898258,2.0,home,0.24612646893525794,0.16559548300471447,0.16287615420138837,0.10724022117706933,1.0000000000000002,0.16559548300471444,spread_multi_topic,False
Zionist,"Hamas terrorists chase down and execute Israeli party-goer as she begs for her life:   This coming footage, from the security cameras at Kibbutz Alumim on the 7th of October, will show how party-goers from the Nova Music Festival arrived to the area thinking they were safe from the Hamas massacre — only to be ambushed by terrorists who had penetrated the Kibbutz.",20,terrorists,20.0,terrorists,0.4245414745366024,271.0,hamas,0.3018099231526236,268.0,footage,0.2736486023107739,0.24858435044470864,0.176720599057028,0.16023112966707634,1.0,0.24858435044470864,spread_multi_topic,True
Zionist,"Um, the IDF isn't just an army; it's literally what keeps the country from being wiped off the map.",153,idf,153.0,idf,0.62645606453125,105.0,idf,0.21887189811922153,243.0,perfect,0.15467203734952845,0.33037108384873193,0.11542540698330074,0.08156863906887157,0.9999999999999999,0.330371083848732,spread_multi_topic,True
Zionist,"Honestly, the cultural scene in Israel, from music to food, is just such a cool mix.",9,israel,80.0,tel,1.0,,,,,,,1.0,0.0,0.0,1.0,1.0,dominant_single_topic,False
Zionist,"Against the background of the declaration of the transition to Phase B and the opening of the Rafah Crossing, even though Phase A was not completed and the last abductee, Ran Gueli, was not returned, members of Kibbutz Ein Tzurim showed up today for the Shabbat reception at the Kidnapped Square to continue reminding that the return of Magan Alumim is essential and necessary before proceeding to Phase B.   They were joined, in addition to the general public that shows up every Friday, by the residents of Ha'Otaf community, captivity survivors Segev Kalfon and Eitan Horn, family members of abductees and returnees, police officers, Rani's friends from the unit and Mithar, and members of Ran's family.  Photo credit: Paulina Fatimer and Uriel Ibn Sapir Bring Them Home Now by @BringThemHomeNow A @grttme project - Other backups: @Hallotme",2,home,2.0,home,0.6285026587014526,209.0,families,0.22675882210348858,171.0,family,0.14473851919505884,0.3408079759873754,0.12296084054448034,0.07848501687517821,1.0,0.3408079759873754,spread_multi_topic,True
Zionist,"Introducing the Foreign Ministry’s new cadets - Israels next generation of diplomats  Foreign Minister  @gidonsaar  emphasized to them the core mission ahead: While our enemies attempt to isolate Israel politically, we continue to take the initiative, strengthen alliances and",49,forum,266.0,isolated,0.4147267288365901,69.0,alliances,0.2961505662951164,57.0,sergey,0.2891227048682935,0.1821562478693196,0.13007523318312134,0.12698845632731856,1.0,0.1821562478693196,spread_multi_topic,False
Zionist,"Big win for Israel’s cyber ecosystem    Palo Alto Networks acquires  startup Koi - founded in 2024 - for $400M.  Koi protects 500,000+ endpoints worldwide, securing enterprises against rogue AI agents, risky plugins & next-gen supply chain threats.  Israeli innovation",40,ai,40.0,ai,0.7387698693513557,92.0,victory,0.14606104494583438,23.0,innovation,0.11516908570281,0.6661804917790365,0.13170951170113168,0.10385290647898725,1.0,0.6661804917790365,dominant_single_topic,True
Zionist,"A 99% risk exclusion in 4 minutes.   startup AccuLine completed a multi-center clinical trial showing its AI-based CORA system can detect early coronary blockages with 94% sensitivity.  Non-invasive, no radiation. A potential game-changer for heart care.",14,vaccine,40.0,ai,0.5588501957525599,119.0,broken,0.3004304586210825,60.0,jerusalem,0.14071934562635766,0.4475692635210312,0.24060730429422525,0.11269863438150517,1.0,0.4475692635210312,spread_multi_topic,False
Zionist,"On Nov. 30, Israel marks the Day of Departure & Expulsion of Jews from Arab Countries & Iran. Almost a million Jews expelled from their countries of birth after 1948 (>850,000 from the Arab world & 100,000 from Iran).  Stripped of rights. Subject to state sanctioned violence,",9,israel,9.0,israel,0.5765163806015239,30.0,jewish,0.23454090448183076,25.0,rights,0.18894271491664524,0.43317997745106895,0.17622816477267708,0.14196682651365378,1.0,0.43317997745106895,spread_multi_topic,True
Zionist,https://www.biorxiv.org/content/10.1101/2021.06.25.449905v1,14,vaccine,237.0,odysee,1.0,,,,,,,1.0,0.0,0.0,1.0,1.0,dominant_single_topic,False
Zionist,https://docs.google.com/document/d/1AD0lL3Rm4lDExo4q7McBxeeHOqO8bCWWerlGu7YJubQ/edit,29,slow,,,,,,,,,,0.0,0.0,0.0,0.0,,no_soft_signal,
Zionist,"Iranian opposition sources: Reza Ebrahimi, Khamenei's representative in the Iranian missile system was killed in the attack.  One response",99,larijani,233.0,system,0.3867382402117516,6.0,missile,0.3540683577882704,77.0,injured,0.25919340199997787,0.13052799095775006,0.11950158168612475,0.08748034332999365,1.0,0.13052799095775006,spread_multi_topic,False
Zionist,"We, the families of the abductees, have been there since October 7 because we had no choice. We had to return our loved ones.   You, the employees and volunteers of the headquarters and all the citizens of the country, had a choice and despite the difficulty you chose to be by our side, shoulder to shoulder, for 27 long, painful and difficult months.   The people of Israel en masse chose to join the struggle for the return of the abductees. To keep them in mind, to go out on the streets with us and call for an agreement that will bring them home. You were with us in joy and sadness, in hugs and tears.   After 843 days, with the return of the last abductee, we say thank you and to you.   We returned. Bring Them Home Now by @BringThemHomeNow A @grttme project - Other backups: @Hallotme",2,home,2.0,home,0.4550716071513927,209.0,families,0.3854818482144984,285.0,home,0.15944654463410887,0.2046656761047344,0.17336810702117975,0.07171010967785388,1.0,0.2046656761047344,spread_multi_topic,True
Zionist,"Look, at the end of the day, the Jewish people just need a place where they can actually be safe, you know?",30,jewish,30.0,jewish,0.4335356865931203,9.0,israel,0.38034554836019807,285.0,home,0.18611876504668165,0.23525296454719694,0.2063899710476239,0.10099512586650783,1.0,0.23525296454719694,spread_multi_topic,True
Zionist,"The U.S. Department of Justice filed a federal lawsuit against Harvard University on Friday, seeking to recover billions of dollars for allegedly failing to protect Jewish and Israeli students from harassment and discrimination.   The complaint accuses Harvard of remaining",280,harvard,280.0,harvard,0.6849195460467026,30.0,jewish,0.20053231663809049,216.0,justice,0.11454813731520692,0.49780012697991444,0.1457470636693015,0.08325368669933464,1.0,0.49780012697991444,spread_multi_topic,True
Zionist,It's the only place in the world where the Jewish calendar is the national calendar.,30,jewish,30.0,jewish,0.5080180043358525,9.0,israel,0.31387244163755673,64.0,multipolar,0.17810955402659073,0.39567983355139325,0.2444657362604287,0.1387241359354726,0.9999999999999999,0.3956798335513933,spread_multi_topic,True
Zionist,"The Semmelweis Reflex: Pandemic Perspectives  May 10, 2021 OMA D11 Doctors' Lounge Event, featuring:  2:39 Steve Kirsch, CEO of the COVID-19 Early Treatment Fund, advocate for fluvoxamine.  19:01 Dr. Pierre Kory, ivermectin advocate, President and Chief Medical Officer of FLCCC.  36:46 Dr. Richard Neel MD, MPH, COL (Retd.) USAF, community physician, advocate for high dose melatonin, recently recognized by the Castroville, Texas COC as “Citizen of the Year” for helping to keep his fellow citizens out of hospitals during the pandemic. He has treated over 2000 COVID patients successfully in the community over the past year.  [source]",14,vaccine,14.0,vaccine,0.4593154580826785,33.0,texas,0.27211737105364475,204.0,first,0.26856717086367676,0.27400666968824533,0.16233282223501455,0.1602149345966573,1.0,0.27400666968824533,spread_multi_topic,True
Zionist,"People forget that we've been connected to this land for thousands of years, like, it's not a new thing.",116,connection,116.0,connection,0.5590528818351381,223.0,ancestors,0.2758485963327949,30.0,jewish,0.16509852183206683,0.2656962848841916,0.13110020468109504,0.0784649633620664,1.0,0.2656962848841916,spread_multi_topic,True
Zionist,BREAKING: Red alert sirens sound in northern Israel as Hezbollah in Lebanon continues to fire rockets at Israel.,145,alert,145.0,alert,0.5312078246041877,47.0,sirens,0.25461570997807803,17.0,hezbollah,0.2141764654177344,0.34378087547720093,0.16477922129956274,0.13860822333101744,1.0,0.34378087547720093,spread_multi_topic,True
Zionist,"Honestly, the Abraham Accords showed that peace is actually possible with our neighbors.",27,peace,27.0,peace,0.7739273123276704,229.0,movement,0.1603747400257796,236.0,prize,0.06569794764655001,0.733984295411802,0.15209766948996734,0.06230722323046565,1.0,0.733984295411802,dominant_single_topic,True
Zionist,"Today, with the ascension of the family of the late Rani Goili to the grave at the end of the seven days, one of the most terrible and painful periods the people of Israel have known ends. The family, friends, comrades-in-arms and Israeli police officers and many others gathered this morning at the fresh grave of Rani Goili, a hero of Israel and defender of the unknown.   Rani, the last remaining abductee in Gaza, was finally laid to rest - not as we had hoped, but as it had to happen: at home, on his land, surrounded by the love of his family and people.  This is a moment of deep mourning, but also of closing a painful national circle. 255 abductees were returned to Israel. 87 were placed as victims, each one a world and full, each of them an open wound in the hearts of the families and in the heart of the entire country.  The headquarters of the families for the return of the abductees ends its activity with a sense of unrelenting pain for all those who could be with us here today and are not, but also with a clear knowledge: the struggle was waged in the name of the values ​​of the State of Israel and the people of Israel. The values ​​of mutual guarantee, social solidarity and the duty to return home every abductee regardless of religion, race and gender, soldiers and civilians, living or dead.   This historic struggle for their return will be engraved in the national memory as a reminder of the unimaginable human cost of October 7, and of the deep commitment of Israeli society to the families, the missing and the missing. It was also the beautiful hour of the people of Israel who took to the streets en masse, all over the country in the name of these values.  On this day, we will also cherish the soldiers and women of the IDF and all the security forces for a very long and bloody fight. We will send a blessing of recovery to all those wounded in body and soul and we will forever be grateful to all the bereaved families who lost the most precious to them of all. We bow our heads to the Goyili family and to all the families of the martyrs, and pray that we will never have to fight like this again. This is the time for restoration, for all the people of Israel. Photography: Uriel Ibn Sapir Bring Them Home Now by @BringThemHomeNow A @grttme project - Other backups: @Hallotme",2,home,209.0,families,0.3921365671511065,2.0,home,0.35046884437011266,171.0,family,0.25739458847878094,0.0923520757045866,0.08253891108016831,0.06061899479010681,1.0000000000000002,0.09235207570458659,spread_multi_topic,False
Zionist,"One year since the deal that brought home 33 Israeli hostages alongside 5 Thai hostages.  Mothers of returned hostages stood beside Talik Gvili and joined her call: “A mother never gives up.”  Together, they dedicated this call to Ran Gvili, the last hostage still in Gaza.  “We cannot move on to healing while part of our family remains captive in Gaza. Ran must come home,” said Ayelet, the mother of the late Yonatan Samerano.  These mothers know exactly what Talik is living through. And they continue to stand with her, raising a mother’s cry for her son’s return.  Photo credit: Yahav Trudler  #UntilTheLastHostage  Bring Them Home Now by @BringThemHomeNow A @grttme project - Other backups: @Hallotme",2,home,2.0,home,0.5812194294701406,285.0,home,0.2233623884519895,4.0,gaza,0.19541818207786993,0.2876565381166406,0.11054628966230119,0.09671617102135312,1.0000000000000002,0.28765653811664055,spread_multi_topic,True
Zionist,"A large plume of smoke rises following an Israeli airstrike close to a pro-government rally in Naqsh-e Jahan Square in Isfahan, Iran, on March 9, according to Iranian state media.  ©️Source🔗",6,missile,98.0,southern,0.4544592888815481,73.0,media,0.27355386457937797,247.0,lebanon,0.27198684653907385,0.19760377015681105,0.11894415254418966,0.11826279630339218,1.0,0.19760377015681105,spread_multi_topic,False
Zionist,"Join StandWithUs for an exclusive Research Colloquium led by Dr. Alexandra Fishman on Sunday, March 15, 2026 in Las Vegas. Connect with researchers and data professionals focused on Israel education and combating antisemitism, share insights, and explore opportunities for",282,standwithus,282.0,standwithus,0.554366920562579,158.0,education,0.2614622043553109,197.0,teachers,0.1841708750821102,0.45485319744509817,0.21452744608456836,0.15111058813240144,1.0,0.45485319744509817,spread_multi_topic,True
Zionist,"Yeah, it’s a tough neighborhood, but the resilience of the people there is just incredible.",59,resilience,59.0,resilience,0.8313240977672262,155.0,security,0.13818413973376875,56.0,desert,0.030491762499004985,0.8098149491957183,0.13460885158833613,0.02970283811733516,1.0,0.8098149491957183,dominant_single_topic,True
Zionist,"In these first clips, we can see the partygoers as they begin to arrive at Kibbutz Alumim, thinking they are safe.  From another camera we can see them attempting to calm each-other down.",20,terrorists,20.0,terrorists,0.6220968730662227,229.0,movement,0.21244046298802632,177.0,safety,0.16546266394575093,0.5452967948882639,0.1862139299961053,0.14503570782887895,1.0,0.5452967948882639,dominant_single_topic,True
Zionist,"IDF Spokesman: Commander of the Northern Command, Major General Rafi Milo in the investigation of the shooting at Meshgav with which Ofer (Fushko) Moskovitz was killed: ""This is a very serious incident, Ofer (Fushko) Moskovitz was killed by fire from our forces during a campaign whose entire purpose is to protect the civilians"" Yesterday (Sun), Ofer (Fushko) Moskovitz was killed as a result of gunfire in the area of Mashgav with the evening. General Rafi, and other senior commanders. The findings of the initial investigation show that Ofer (Poshko) was killed by artillery fire that was carried out in order to assist the forces operating in southern Lebanon Thus, five shells hit the Mashgav people's ridge, instead of enemy targets. The conclusions of the investigation will be produced and studied by all the relevant parties.  The IDF will carry out an in-depth follow-up investigation and with full transparency, they will present it to the family and then to the public. 4 comments",21,groups,219.0,transparency,0.3975534975263269,153.0,idf,0.32441268105668125,99.0,larijani,0.27803382141699184,0.08442444687875741,0.06889226564244058,0.05904325262579869,0.9999999999999999,0.08442444687875743,spread_multi_topic,False
Zionist,"One for all and now all for one!  Major Ran Goili, the last abductee still being held in Gaza, went out on the morning of October 7 to save lives. Rani, a young and honorable man, a YSM policeman who, like many young people his age, is an avid football fan.   In a joint initiative of the Hapoel IBI Tel Aviv football club, the Israel Police and the headquarters of the families of the abductees, there will be an exhibition game of the Hapoel veterans against the police officers' course team.   📌 The game will be held on Wednesday, 1/28, at 19:30, at the Khodorov complex in Tel Aviv.  💛 Entry is free 💛 Join us in the important call for Rani's return 🎗️ Bring Them Home Now by @BringThemHomeNow A @grttme project - Other backups: @Hallotme",2,home,2.0,home,0.4983243223795572,209.0,families,0.33790758263029436,80.0,tel,0.16376809499014844,0.21533398465976225,0.14601532164249448,0.0707668377212121,1.0,0.21533398465976225,spread_multi_topic,True
Zionist,"Unofficial Lebanese sources identified with Hezbollah report an advance by the IDF in the area of ​​Alma al-Sha'ab and Nakura in the western sector of southern Lebanon. Following this, it was reported that the Lebanese army evacuated its positions in Tirharfa, so as not to clash with IDF forces.  To respond to the article click here",17,hezbollah,17.0,hezbollah,0.42599647269079477,153.0,idf,0.3700465490879798,105.0,idf,0.20395697822122555,0.21195226827328292,0.18411468280590032,0.10147770447745176,1.0,0.21195226827328292,spread_multi_topic,True
Zionist,Being a Zionist means believing that we have the right to be masters of our own fate.,19,zionism,48.0,sovereignty,0.5145098389064575,262.0,selfdetermination,0.24587143761042962,133.0,housing,0.23961872348311283,0.2583619000358872,0.12346471725516389,0.12032490732315498,1.0000000000000002,0.25836190003588716,spread_multi_topic,False
Zionist,"Our friend  @HillelNeuer  says it so well. The Arab world & Iran threw out almost 1,000,000 Jews. Today there are no Jewish refugees. Meantime, the Palestinians’ claimed number of refugees just increases as they turn it into a hereditary status.  Today, Nov. 30, we remember the",9,israel,30.0,jewish,0.3664886070040494,9.0,israel,0.32340309988048677,272.0,refugee,0.31010829311546384,0.3301132917643818,0.29130417652293633,0.27932892724997704,1.0,0.3301132917643818,spread_multi_topic,False
Zionist,"The connection to the Western Wall... it’s hard to describe, but it’s very powerful when you're there.",116,connection,116.0,connection,0.4365148847762989,241.0,wall,0.3847778449062748,166.0,hard,0.17870727031742625,0.31393780971928875,0.2767289686359462,0.12852475592697551,1.0,0.31393780971928875,spread_multi_topic,True
Zionist,https://www.thegatewaypundit.com/2021/10/wasnt-just-beagles-monkeys-faucis-nih-also-funded-medical-experiments-aids-orphans-ny-city/,14,vaccine,188.0,stability,1.0,,,,,,,1.0,0.0,0.0,1.0,1.0,dominant_single_topic,False
